,Accordion,Acorn,Apple,Backpack,Barstool,Baseball,Basket,Beanie,Bed,Bell,Belt,Bench,Bike,Binder,Binoculars,Birdfeeder,Boat,Bonzai,Book,Bookend,Boomerang,Car,Cellphone,Cheese,Cheesegrater,Christmasstreeornament,Clock,Coatrack,Coffeemaker,Coffeemug,Compass,Computertower,Controller,Couch,Cushion,Desk,Door,Doorknob,Drill,Dryingrack,Dumbbell,Dustpan,Fan,Faucet,Flower,Flute,Fossils,Frisbee,Fryingpan,Glasses,Glove,Goggles,Grill,Hairbrush,Hairclip,Handbag,Hat,Headphones,Hourglass,Kayak,Key,Kite,Ladder,Lamp,Lantern,Lawnmower,Lightbulb,Lipstick,Lock,Lollipop,Mask,Microscope,Minerals,Mushroom,Necklace,Necktie,Orifan,Oven,Paintbrush,Pen,Pictureframe,Pinecone,Pizza,Plug,Pogostick,Pot,Razor,Recordplayer,Remotecontrol,Ring,Rollerskates,Rug,Saltpeppershaker,Saxophone,Scale,Scarf,Scissors,Scooter,Scrunchie,Seashell,Shirt,Shoe,Skiis,Snowglobe,Spoon,Stapler,Stapleremover,Storagebin,Stroller,Suit,Suitcase,Teddy Bear,Tennisracket,Tent,Toothbrush,Train,Trashbin,Tree,Trophy,Truck,Umbrella,Vase,Wallet,Waterbottle,Watergun,Wateringcan,Windchime,Wishbone,Wrap,Yarn
Accordion,1.0,0.681488,0.655238,0.750328,0.730781,0.682852,0.694095,0.661961,0.736712,0.736702,0.643467,0.677977,0.721324,0.676343,0.675882,0.709434,0.738664,0.652852,0.690986,0.7561,0.650985,0.73152,0.723727,0.605168,0.669669,0.646733,0.69736,0.642473,0.763227,0.721307,0.752427,0.766067,0.758924,0.690872,0.647308,0.737989,0.723594,0.719564,0.724431,0.639332,0.711345,0.641381,0.681151,0.708215,0.627781,0.549291,0.673492,0.602145,0.677633,0.64764,0.703541,0.681744,0.761904,0.6787,0.631747,0.759779,0.702256,0.721392,0.736806,0.618729,0.655811,0.692799,0.662925,0.676452,0.752455,0.720541,0.689443,0.663276,0.769754,0.640454,0.696107,0.741035,0.696645,0.644479,0.653163,0.635351,0.70972,0.746842,0.588483,0.567258,0.682225,0.61611,0.564212,0.689039,0.635757,0.664115,0.667256,0.730848,0.65314,0.670567,0.701148,0.561585,0.716556,0.673679,0.715388,0.693747,0.64559,0.725359,0.67252,0.644369,0.628832,0.676762,0.652833,0.754027,0.588656,0.689582,0.67187,0.655327,0.735408,0.782381,0.740596,0.669267,0.601502,0.739436,0.584163,0.699155,0.692017,0.629277,0.736746,0.744281,0.663414,0.673891,0.717014,0.632776,0.674924,0.682143,0.666131,0.58829,0.660761,0.641289
Acorn,0.681488,1.0,0.82021,0.764538,0.790555,0.70154,0.669895,0.664586,0.76635,0.869525,0.750336,0.778836,0.734326,0.751963,0.74511,0.85024,0.787382,0.767832,0.755301,0.822725,0.822819,0.764072,0.79472,0.78728,0.777686,0.799787,0.717364,0.837042,0.783426,0.813276,0.744884,0.731925,0.806554,0.797161,0.652105,0.773175,0.741897,0.831901,0.804671,0.737324,0.805863,0.824487,0.763439,0.828502,0.778203,0.789046,0.775704,0.698207,0.796439,0.831167,0.80094,0.774781,0.759623,0.805397,0.746986,0.820894,0.81765,0.754351,0.814008,0.784652,0.832456,0.742393,0.763295,0.84185,0.746081,0.776061,0.842288,0.837845,0.781076,0.828579,0.766657,0.804349,0.788625,0.863487,0.803697,0.800921,0.771377,0.643698,0.813855,0.752681,0.716417,0.77096,0.652284,0.798031,0.801407,0.716886,0.809169,0.796506,0.7974,0.813893,0.781849,0.61556,0.807453,0.858261,0.777978,0.721547,0.762239,0.809704,0.716795,0.803871,0.697235,0.795909,0.769156,0.84648,0.818431,0.730265,0.757344,0.713529,0.768,0.764826,0.793894,0.757137,0.689158,0.80992,0.784992,0.775799,0.736625,0.731432,0.864402,0.771529,0.821931,0.781237,0.768534,0.810059,0.780855,0.811343,0.818335,0.847794,0.859882,0.644791
Apple,0.655238,0.82021,1.0,0.727872,0.678416,0.709581,0.631248,0.652605,0.683063,0.748,0.623269,0.646332,0.663033,0.664256,0.704687,0.72382,0.678573,0.701301,0.685235,0.739393,0.755524,0.675647,0.674102,0.730019,0.646043,0.708696,0.670784,0.665571,0.676482,0.735238,0.706885,0.648411,0.745778,0.692485,0.615109,0.67421,0.651646,0.728624,0.703055,0.613156,0.723872,0.729568,0.633659,0.680365,0.72254,0.608631,0.697248,0.692578,0.713637,0.684614,0.738832,0.708591,0.674984,0.693422,0.661281,0.754439,0.741639,0.709155,0.70381,0.658064,0.679825,0.703974,0.628886,0.725241,0.650914,0.700963,0.703228,0.685134,0.728042,0.728954,0.696129,0.683532,0.744766,0.740523,0.686159,0.665929,0.725584,0.602738,0.628169,0.570308,0.623146,0.674734,0.672784,0.717367,0.638486,0.65106,0.652802,0.700641,0.642141,0.700017,0.722198,0.572851,0.701691,0.674073,0.675184,0.672499,0.65506,0.688428,0.71415,0.758484,0.678428,0.719537,0.633174,0.733942,0.642372,0.638838,0.697844,0.63265,0.691958,0.731531,0.696338,0.715397,0.618923,0.765678,0.62867,0.675693,0.66619,0.629159,0.746108,0.693228,0.710061,0.701402,0.71292,0.668102,0.729159,0.743432,0.680124,0.693391,0.792468,0.63176
Backpack,0.750328,0.764538,0.727872,1.0,0.776379,0.697345,0.6384,0.656941,0.73676,0.796978,0.642728,0.682935,0.748915,0.699948,0.725358,0.757488,0.730371,0.710378,0.727754,0.809101,0.704607,0.733602,0.758456,0.677552,0.684504,0.704866,0.728388,0.69934,0.795157,0.763044,0.772268,0.765484,0.8101,0.697087,0.641464,0.740632,0.755598,0.75087,0.784732,0.630802,0.753797,0.716604,0.702603,0.755009,0.694816,0.578745,0.713532,0.642073,0.705572,0.688814,0.776183,0.708024,0.769752,0.708207,0.659598,0.809673,0.729204,0.773395,0.798989,0.641817,0.714054,0.739472,0.71093,0.728641,0.77005,0.771785,0.731092,0.733565,0.809833,0.709338,0.746796,0.789521,0.752024,0.711288,0.711506,0.703582,0.714469,0.708733,0.655935,0.574224,0.697041,0.694667,0.619897,0.739374,0.694331,0.677727,0.707716,0.746356,0.705215,0.703537,0.768916,0.592037,0.761305,0.740717,0.733302,0.732836,0.687644,0.773521,0.732153,0.709703,0.692462,0.71076,0.708246,0.793107,0.653791,0.666199,0.698057,0.637696,0.796984,0.830301,0.783084,0.746203,0.616906,0.765596,0.635309,0.704882,0.706971,0.662261,0.809804,0.766915,0.71336,0.730903,0.727014,0.707354,0.74075,0.740759,0.721424,0.674011,0.7236,0.625424
Barstool,0.730781,0.790555,0.678416,0.776379,1.0,0.613041,0.634889,0.640128,0.787117,0.851887,0.721382,0.781196,0.761404,0.779365,0.682241,0.799419,0.802691,0.700987,0.74603,0.828537,0.710906,0.771471,0.845335,0.687267,0.76514,0.738229,0.715564,0.832013,0.8713,0.798544,0.736523,0.835998,0.788848,0.771719,0.643469,0.828169,0.834331,0.793483,0.803553,0.743992,0.76945,0.770398,0.801651,0.857787,0.692253,0.72189,0.652614,0.630709,0.744358,0.790546,0.773885,0.747916,0.81385,0.741303,0.706463,0.816721,0.761561,0.748847,0.867536,0.744291,0.799825,0.724515,0.824211,0.802693,0.845808,0.775706,0.813394,0.855843,0.806137,0.775758,0.742867,0.83461,0.710297,0.757466,0.752924,0.763832,0.701618,0.757998,0.824427,0.738633,0.761384,0.645137,0.499155,0.767916,0.834402,0.690964,0.817806,0.797146,0.814348,0.763132,0.745194,0.55279,0.822567,0.813362,0.805409,0.721137,0.749353,0.825775,0.648775,0.67225,0.668734,0.74334,0.812945,0.813312,0.791351,0.7497,0.710141,0.704397,0.775801,0.816389,0.834145,0.669487,0.652287,0.765068,0.751767,0.755462,0.755744,0.684953,0.851063,0.777399,0.789792,0.7408,0.768907,0.806226,0.735276,0.767835,0.791805,0.802042,0.721552,0.557206
Baseball,0.682852,0.70154,0.709581,0.697345,0.613041,1.0,0.616406,0.617505,0.6534,0.672437,0.591533,0.601291,0.698705,0.580488,0.708484,0.679986,0.645533,0.670196,0.632115,0.672452,0.695576,0.666732,0.602296,0.63731,0.622873,0.664157,0.666369,0.587621,0.634322,0.670371,0.714511,0.592652,0.731202,0.626961,0.602247,0.625073,0.566097,0.682209,0.686021,0.576504,0.683305,0.628752,0.57979,0.634797,0.674199,0.531155,0.706482,0.64079,0.673591,0.633035,0.667435,0.657407,0.652338,0.667347,0.624488,0.709694,0.672572,0.696648,0.642956,0.578371,0.636335,0.692141,0.559364,0.637151,0.611102,0.696207,0.643597,0.575254,0.696514,0.639937,0.673125,0.666169,0.715974,0.660207,0.650698,0.598795,0.753392,0.566608,0.507,0.491178,0.571867,0.66599,0.655963,0.665426,0.546585,0.619923,0.586573,0.661834,0.56481,0.658499,0.71154,0.581187,0.635429,0.628739,0.621861,0.639574,0.634552,0.666887,0.693096,0.710694,0.633668,0.669628,0.552004,0.710272,0.544145,0.584116,0.668221,0.570375,0.705727,0.67028,0.632059,0.696187,0.613809,0.719286,0.550537,0.652756,0.596086,0.627753,0.70238,0.685523,0.642614,0.641944,0.630755,0.567239,0.681771,0.67685,0.637111,0.564073,0.723753,0.698073
Basket,0.694095,0.669895,0.631248,0.6384,0.634889,0.616406,1.0,0.5969,0.695894,0.68831,0.612561,0.645242,0.64639,0.603326,0.633844,0.675575,0.683443,0.619428,0.635694,0.678505,0.642855,0.677276,0.619329,0.599819,0.605467,0.595453,0.637754,0.582511,0.646773,0.662005,0.686808,0.651749,0.655905,0.659371,0.595263,0.677675,0.625084,0.667803,0.646472,0.615714,0.636411,0.586811,0.590493,0.624853,0.577377,0.544754,0.688277,0.557001,0.643771,0.613078,0.614456,0.640112,0.67752,0.613943,0.589423,0.673607,0.672201,0.618077,0.6393,0.598726,0.60339,0.611666,0.588427,0.623703,0.652244,0.640276,0.61949,0.576536,0.676032,0.579364,0.623119,0.646267,0.638758,0.628896,0.586932,0.561141,0.664874,0.668765,0.523423,0.54091,0.629427,0.626375,0.579054,0.6307,0.550823,0.632622,0.585751,0.675945,0.562837,0.632023,0.63402,0.551179,0.643283,0.605961,0.654133,0.591622,0.586831,0.635014,0.605899,0.646939,0.562706,0.659407,0.555157,0.691515,0.528633,0.661154,0.649819,0.635014,0.624482,0.639695,0.649643,0.60882,0.555381,0.687078,0.535271,0.661482,0.618573,0.578942,0.656916,0.676374,0.60877,0.601855,0.668528,0.550532,0.616184,0.627369,0.603384,0.535645,0.670164,0.603209
Beanie,0.661961,0.664586,0.652605,0.656941,0.640128,0.617505,0.5969,1.0,0.648996,0.675948,0.593635,0.614047,0.645581,0.620162,0.618984,0.652777,0.652669,0.62074,0.633535,0.682782,0.622629,0.653581,0.649035,0.597447,0.62552,0.60524,0.613011,0.59937,0.6769,0.661846,0.658321,0.667528,0.685568,0.639383,0.595447,0.643121,0.630327,0.659597,0.655515,0.582616,0.665644,0.614325,0.61134,0.640966,0.593204,0.536157,0.629999,0.574258,0.648094,0.613521,0.642236,0.623297,0.672801,0.63134,0.579724,0.680172,0.670166,0.648589,0.647714,0.583583,0.619437,0.612564,0.583246,0.636068,0.637737,0.649461,0.637237,0.614278,0.684533,0.606832,0.640285,0.665332,0.660416,0.622409,0.599606,0.604625,0.641882,0.627912,0.544503,0.541062,0.59536,0.564086,0.499049,0.631195,0.588937,0.609186,0.610209,0.663057,0.605824,0.63071,0.639837,0.540069,0.652204,0.610865,0.639847,0.625833,0.597306,0.653442,0.626115,0.605723,0.595751,0.635143,0.571823,0.686515,0.566623,0.615852,0.628073,0.602243,0.663312,0.682278,0.671592,0.618114,0.571524,0.676404,0.561874,0.629945,0.632374,0.591493,0.671127,0.656865,0.625738,0.61756,0.665384,0.593576,0.617533,0.638868,0.604608,0.55947,0.634698,0.587542
Bed,0.736712,0.76635,0.683063,0.73676,0.787117,0.6534,0.695894,0.648996,1.0,0.818026,0.780909,0.799007,0.776848,0.75085,0.72013,0.786733,0.829531,0.725213,0.738669,0.791401,0.735897,0.838314,0.773176,0.688354,0.744244,0.707166,0.711174,0.752977,0.805104,0.786544,0.741401,0.780158,0.795793,0.838809,0.663101,0.829363,0.741574,0.782564,0.801529,0.744814,0.776981,0.732016,0.722364,0.788932,0.686216,0.721044,0.698442,0.652938,0.777952,0.791583,0.723417,0.801025,0.8265,0.715873,0.712636,0.791623,0.796093,0.719552,0.775113,0.775587,0.757763,0.721357,0.732216,0.761523,0.759674,0.786267,0.754017,0.731558,0.763583,0.719139,0.739229,0.807841,0.739172,0.747794,0.709005,0.682363,0.756618,0.790677,0.688664,0.741186,0.726119,0.665465,0.562016,0.773966,0.735947,0.685645,0.75394,0.82123,0.726107,0.762937,0.767746,0.5793,0.76358,0.743018,0.790049,0.668459,0.731959,0.795198,0.675377,0.701077,0.659503,0.795683,0.69047,0.80615,0.704223,0.823368,0.789978,0.736503,0.762788,0.715554,0.787427,0.668902,0.632836,0.808628,0.70882,0.821158,0.710061,0.676765,0.802879,0.833469,0.753775,0.69107,0.802789,0.710382,0.768972,0.757789,0.744683,0.6712,0.753651,0.588652
Bell,0.736702,0.869525,0.748,0.796978,0.851887,0.672437,0.68831,0.675948,0.818026,1.0,0.773425,0.814311,0.795182,0.788607,0.759702,0.849622,0.837049,0.764655,0.778246,0.857856,0.791414,0.82283,0.847559,0.746771,0.801258,0.779648,0.74023,0.844602,0.866456,0.833029,0.785779,0.819038,0.840905,0.822613,0.670592,0.831387,0.806259,0.848054,0.844228,0.770666,0.825978,0.813935,0.80694,0.868475,0.746098,0.774261,0.75304,0.68387,0.812868,0.841652,0.80513,0.800256,0.838352,0.792283,0.74706,0.845098,0.824799,0.791641,0.857966,0.795458,0.8428,0.75701,0.804103,0.842544,0.819271,0.816888,0.854378,0.851741,0.831282,0.803071,0.793057,0.865529,0.782803,0.823868,0.792554,0.79448,0.766104,0.757533,0.806534,0.776371,0.75727,0.735635,0.582287,0.809657,0.829629,0.730696,0.838366,0.842695,0.823121,0.819141,0.801009,0.604548,0.841101,0.854494,0.8249,0.745413,0.789985,0.856309,0.718834,0.748163,0.698598,0.8085,0.788113,0.86705,0.817595,0.794703,0.781701,0.73503,0.817573,0.810857,0.845954,0.737816,0.689341,0.826636,0.786565,0.809775,0.769728,0.728579,0.889415,0.820612,0.822081,0.780393,0.798564,0.818843,0.78425,0.81786,0.814287,0.821807,0.803724,0.631154
Belt,0.643467,0.750336,0.623269,0.642728,0.721382,0.591533,0.612561,0.593635,0.780909,0.773425,1.0,0.788787,0.715025,0.723874,0.665365,0.7454,0.801528,0.679366,0.689747,0.720185,0.713305,0.80843,0.742635,0.640911,0.738954,0.685368,0.627876,0.770567,0.740786,0.732837,0.651519,0.699805,0.744633,0.832956,0.603698,0.776022,0.666177,0.742056,0.762721,0.725251,0.748342,0.728666,0.702883,0.764659,0.659242,0.787106,0.644666,0.623588,0.759031,0.811815,0.67214,0.782289,0.76482,0.707909,0.693622,0.722353,0.770043,0.653111,0.711629,0.806054,0.759514,0.670472,0.687972,0.747154,0.671506,0.74249,0.740411,0.730981,0.676757,0.720766,0.690118,0.762972,0.687303,0.74019,0.695791,0.686265,0.713266,0.696502,0.717893,0.811591,0.659366,0.636678,0.489868,0.738711,0.757222,0.627979,0.767242,0.781627,0.730784,0.742222,0.721691,0.53931,0.708044,0.74523,0.743748,0.599774,0.721399,0.765017,0.602987,0.637693,0.612405,0.773045,0.675558,0.755346,0.75212,0.804085,0.749734,0.708323,0.702782,0.604991,0.729788,0.606774,0.62167,0.754005,0.74925,0.813572,0.654525,0.647524,0.765537,0.792171,0.740449,0.657647,0.762793,0.716665,0.742371,0.726008,0.727837,0.681243,0.709428,0.527541
Bench,0.677977,0.778836,0.646332,0.682935,0.781196,0.601291,0.645242,0.614047,0.799007,0.814311,0.788787,1.0,0.745612,0.749168,0.673617,0.778893,0.82026,0.712712,0.709868,0.762767,0.718861,0.812101,0.7805,0.671512,0.766555,0.71252,0.666309,0.803134,0.795132,0.76663,0.686994,0.75509,0.758555,0.824959,0.628297,0.809511,0.724864,0.774401,0.785161,0.76305,0.763228,0.742893,0.745488,0.809757,0.681462,0.786681,0.658449,0.627702,0.76774,0.819742,0.707783,0.775894,0.797217,0.730997,0.712103,0.758765,0.776537,0.684517,0.767372,0.799935,0.791498,0.683075,0.746734,0.77979,0.737201,0.760011,0.779783,0.777947,0.722935,0.743346,0.714658,0.802626,0.702058,0.761122,0.721903,0.715309,0.719435,0.733251,0.760289,0.80731,0.706621,0.648616,0.500001,0.755071,0.789305,0.661328,0.792314,0.803297,0.768298,0.769528,0.734579,0.546645,0.758498,0.783751,0.779269,0.643312,0.737638,0.799283,0.616909,0.664023,0.623982,0.773879,0.726439,0.791812,0.774597,0.810116,0.750476,0.723347,0.735575,0.668302,0.774748,0.626759,0.635761,0.764364,0.760825,0.802494,0.698596,0.688535,0.802754,0.796925,0.767867,0.684691,0.772139,0.749717,0.740863,0.746669,0.761943,0.728397,0.734229,0.544188
Bike,0.721324,0.734326,0.663033,0.748915,0.761404,0.698705,0.64639,0.645581,0.776848,0.795182,0.715025,0.745612,1.0,0.687197,0.821407,0.784105,0.793793,0.751009,0.701055,0.763452,0.791644,0.837071,0.724508,0.662832,0.787708,0.724061,0.734623,0.726669,0.822834,0.765713,0.799206,0.720278,0.855485,0.75105,0.653862,0.764414,0.645356,0.792006,0.846052,0.73711,0.821619,0.724206,0.733218,0.810712,0.708763,0.665611,0.726242,0.672563,0.844393,0.80764,0.732641,0.787212,0.827086,0.750354,0.706208,0.801997,0.782871,0.832744,0.766928,0.709305,0.802091,0.762774,0.705212,0.734554,0.731983,0.846533,0.782992,0.678425,0.791212,0.703325,0.805731,0.855497,0.794045,0.725586,0.744828,0.681192,0.818123,0.691721,0.606087,0.664353,0.637524,0.702784,0.598668,0.761085,0.6943,0.662838,0.736908,0.814615,0.700543,0.80364,0.819071,0.603641,0.75096,0.74763,0.751489,0.689651,0.819441,0.849842,0.768643,0.722932,0.667382,0.790768,0.632636,0.819139,0.682527,0.743335,0.821006,0.649012,0.887449,0.71767,0.754173,0.719943,0.749821,0.813846,0.681041,0.78405,0.684837,0.736926,0.8384,0.813542,0.763205,0.692645,0.706418,0.673982,0.758105,0.78752,0.726709,0.657149,0.75486,0.687601
Binder,0.676343,0.751963,0.664256,0.699948,0.779365,0.580488,0.603326,0.620162,0.75085,0.788607,0.723874,0.749168,0.687197,1.0,0.642344,0.741873,0.77012,0.662733,0.728192,0.763644,0.679834,0.750755,0.806922,0.653616,0.734909,0.68621,0.643501,0.765261,0.799142,0.756077,0.676749,0.784756,0.747283,0.771611,0.611573,0.768651,0.765976,0.74776,0.756309,0.705499,0.738552,0.746257,0.741779,0.785873,0.661441,0.713433,0.605874,0.631489,0.7298,0.762715,0.719055,0.745762,0.765675,0.7037,0.674746,0.750873,0.74768,0.684155,0.766004,0.749347,0.741373,0.680537,0.718947,0.758713,0.738876,0.724197,0.766057,0.790254,0.73642,0.738175,0.6965,0.769604,0.682528,0.716766,0.701164,0.73198,0.667664,0.727111,0.757148,0.743168,0.70035,0.60207,0.446121,0.747976,0.800135,0.663534,0.78654,0.767464,0.772761,0.728485,0.706992,0.521638,0.762574,0.749385,0.755273,0.664695,0.702877,0.767956,0.611049,0.60583,0.647264,0.732767,0.741429,0.768094,0.756474,0.75763,0.713788,0.695375,0.706062,0.724874,0.790974,0.620334,0.614784,0.739638,0.735176,0.750457,0.727757,0.634046,0.775304,0.746467,0.743723,0.703125,0.758046,0.772777,0.721636,0.732685,0.732042,0.717978,0.680864,0.524345
Binoculars,0.675882,0.74511,0.704687,0.725358,0.682241,0.708484,0.633844,0.618984,0.72013,0.759702,0.665365,0.673617,0.821407,0.642344,1.0,0.738873,0.723028,0.714389,0.689094,0.735869,0.813247,0.775799,0.677221,0.660884,0.705695,0.704579,0.705472,0.663568,0.725305,0.726532,0.786689,0.65732,0.822357,0.706668,0.61075,0.696385,0.60391,0.762043,0.785979,0.652545,0.781592,0.7167,0.664298,0.729195,0.700967,0.611315,0.734622,0.676816,0.810913,0.74923,0.716397,0.759637,0.740799,0.724492,0.681156,0.755506,0.757081,0.799538,0.710677,0.669116,0.741294,0.758235,0.615268,0.695161,0.664509,0.78783,0.734942,0.633169,0.756688,0.685854,0.767125,0.765279,0.785718,0.709605,0.714104,0.662788,0.80351,0.628066,0.564972,0.596237,0.590849,0.725033,0.63329,0.736146,0.631,0.635883,0.683446,0.755605,0.644179,0.757873,0.787311,0.589127,0.697276,0.703943,0.692762,0.665584,0.76031,0.772828,0.770466,0.735773,0.659212,0.767572,0.590874,0.764219,0.63513,0.682917,0.785321,0.603141,0.810183,0.696239,0.701283,0.724662,0.714132,0.797169,0.643402,0.742302,0.644828,0.664246,0.786278,0.760279,0.718211,0.686504,0.673431,0.636544,0.736796,0.762243,0.68479,0.624716,0.767644,0.706826
Birdfeeder,0.709434,0.85024,0.72382,0.757488,0.799419,0.679986,0.675575,0.652777,0.786733,0.849622,0.7454,0.778893,0.784105,0.741873,0.738873,1.0,0.80219,0.767375,0.741355,0.808953,0.774774,0.786419,0.791129,0.735353,0.782789,0.765972,0.722454,0.805927,0.810396,0.796307,0.758482,0.758543,0.806901,0.788266,0.662743,0.786134,0.740098,0.815199,0.811052,0.748108,0.793606,0.769902,0.761085,0.83108,0.740351,0.748429,0.762254,0.661848,0.781062,0.814444,0.763517,0.760891,0.79286,0.774387,0.722988,0.812073,0.793815,0.751407,0.812361,0.754539,0.817287,0.733136,0.765831,0.805982,0.769062,0.792048,0.823003,0.797103,0.78469,0.773362,0.764524,0.828919,0.769228,0.809765,0.777011,0.761251,0.762225,0.689024,0.755127,0.727617,0.72411,0.735066,0.600506,0.780047,0.77723,0.707861,0.789975,0.806589,0.778465,0.79842,0.782382,0.618605,0.802961,0.838635,0.784535,0.705844,0.762371,0.820907,0.70359,0.754349,0.678684,0.781485,0.745245,0.856858,0.770637,0.740317,0.75675,0.708935,0.790938,0.752182,0.798153,0.729417,0.685266,0.7993,0.744999,0.781641,0.726994,0.744124,0.850242,0.792551,0.795949,0.742595,0.756206,0.769233,0.758422,0.784807,0.800188,0.774125,0.80458,0.641146
Boat,0.738664,0.787382,0.678573,0.730371,0.802691,0.645533,0.683443,0.652669,0.829531,0.837049,0.801528,0.82026,0.793793,0.77012,0.723028,0.80219,1.0,0.726434,0.743194,0.797149,0.751527,0.851152,0.80984,0.681534,0.791723,0.733217,0.704055,0.802452,0.835102,0.79532,0.73915,0.795919,0.806881,0.842755,0.661905,0.830835,0.753096,0.804055,0.818765,0.778355,0.79775,0.75931,0.772819,0.828327,0.698063,0.775656,0.686891,0.659006,0.802923,0.833025,0.740094,0.805209,0.838644,0.753812,0.730391,0.798355,0.805736,0.737356,0.792623,0.806922,0.801387,0.730019,0.755821,0.794648,0.773116,0.799057,0.805284,0.782594,0.771091,0.754855,0.754074,0.835112,0.741305,0.766801,0.745034,0.731165,0.759248,0.783974,0.742621,0.80136,0.727006,0.673897,0.536528,0.78223,0.786872,0.692708,0.807365,0.838775,0.780612,0.795527,0.773081,0.575614,0.786557,0.790144,0.807335,0.685961,0.768386,0.830925,0.671762,0.691412,0.661433,0.804498,0.73071,0.832277,0.769429,0.834729,0.786357,0.742279,0.781755,0.71891,0.806465,0.667869,0.67653,0.808127,0.761301,0.835404,0.731112,0.700925,0.833326,0.836023,0.785785,0.717249,0.799228,0.758199,0.766011,0.773665,0.773359,0.723595,0.745437,0.598239
Bonzai,0.652852,0.767832,0.701301,0.710378,0.700987,0.670196,0.619428,0.62074,0.725213,0.764655,0.679366,0.712712,0.751009,0.662733,0.714389,0.767375,0.726434,1.0,0.669674,0.735786,0.710398,0.744414,0.68977,0.679615,0.70102,0.705657,0.68232,0.692539,0.721876,0.726386,0.721734,0.672977,0.755832,0.716875,0.635623,0.705542,0.638356,0.733691,0.760889,0.655847,0.735436,0.6802,0.656275,0.738705,0.729808,0.643836,0.726192,0.621888,0.71768,0.722723,0.6978,0.701851,0.734471,0.706861,0.668003,0.746349,0.726474,0.697422,0.72261,0.6781,0.746869,0.68537,0.664768,0.725102,0.673223,0.760053,0.719276,0.678786,0.713774,0.690972,0.713704,0.775046,0.751407,0.735044,0.701562,0.667303,0.726978,0.625241,0.611556,0.623534,0.646099,0.697164,0.607869,0.706878,0.679322,0.637743,0.681236,0.736525,0.674789,0.724903,0.761207,0.594349,0.71286,0.757613,0.705222,0.646905,0.68661,0.762464,0.697772,0.711155,0.639766,0.725841,0.648644,0.79943,0.659298,0.679609,0.716447,0.628526,0.766324,0.669581,0.719319,0.694739,0.622371,0.743549,0.651644,0.72273,0.646402,0.777979,0.77026,0.75888,0.712297,0.660812,0.691157,0.662199,0.722408,0.728555,0.728168,0.639907,0.774055,0.608341
Book,0.690986,0.755301,0.685235,0.727754,0.74603,0.632115,0.635694,0.633535,0.738669,0.778246,0.689747,0.709868,0.701055,0.728192,0.689094,0.741355,0.743194,0.669674,1.0,0.770286,0.709592,0.738348,0.762743,0.658228,0.703797,0.682078,0.670865,0.713935,0.765538,0.744964,0.716701,0.752899,0.757465,0.738632,0.61869,0.742678,0.73583,0.742766,0.752315,0.665714,0.735664,0.722952,0.702755,0.747276,0.660229,0.651926,0.669438,0.634144,0.732206,0.728403,0.720733,0.728537,0.749372,0.702413,0.661909,0.755005,0.744621,0.706872,0.74983,0.700732,0.716059,0.696925,0.678647,0.728786,0.722164,0.727904,0.734635,0.734973,0.75102,0.7076,0.70794,0.753112,0.708974,0.709712,0.691268,0.70764,0.700741,0.704188,0.685784,0.662513,0.683319,0.655477,0.528086,0.735956,0.723466,0.67183,0.733303,0.750937,0.719864,0.713772,0.72158,0.559044,0.740637,0.728667,0.730823,0.675972,0.688895,0.746087,0.663058,0.656231,0.653896,0.732229,0.692401,0.767949,0.691788,0.716605,0.717576,0.669405,0.721168,0.737791,0.765555,0.663431,0.621939,0.749678,0.679602,0.732941,0.706241,0.629598,0.767328,0.740677,0.716634,0.704957,0.73892,0.716848,0.711989,0.723476,0.704659,0.670073,0.703656,0.588404
Bookend,0.7561,0.822725,0.739393,0.809101,0.828537,0.672452,0.678505,0.682782,0.791401,0.857856,0.720185,0.762767,0.763452,0.763644,0.735869,0.808953,0.797149,0.735786,0.770286,1.0,0.746546,0.789322,0.826621,0.707038,0.753458,0.728414,0.738104,0.774688,0.853082,0.807932,0.781595,0.83277,0.820363,0.77765,0.667154,0.806714,0.81505,0.805386,0.815011,0.704124,0.796651,0.760646,0.766186,0.817349,0.698387,0.680782,0.738727,0.6467,0.770775,0.766113,0.791146,0.752798,0.819997,0.75792,0.700183,0.825116,0.789057,0.772989,0.838683,0.72417,0.78229,0.729709,0.754529,0.784872,0.812903,0.787383,0.792739,0.808985,0.832179,0.748384,0.770724,0.837181,0.764803,0.767911,0.736321,0.751685,0.732928,0.767871,0.739211,0.686885,0.750895,0.712334,0.583018,0.780091,0.771523,0.721398,0.783475,0.808013,0.778441,0.759848,0.775292,0.596796,0.821318,0.795783,0.792463,0.741877,0.732581,0.811964,0.722963,0.719477,0.685949,0.763535,0.753498,0.834069,0.739333,0.749391,0.743293,0.709315,0.801479,0.835764,0.83651,0.726882,0.644778,0.791186,0.711729,0.761549,0.764627,0.696996,0.844761,0.796936,0.765469,0.756195,0.790819,0.767951,0.742489,0.772593,0.760774,0.729358,0.750379,0.620726
Boomerang,0.650985,0.822819,0.755524,0.704607,0.710906,0.695576,0.642855,0.622629,0.735897,0.791414,0.713305,0.718861,0.791644,0.679834,0.813247,0.774774,0.751527,0.710398,0.709592,0.746546,1.0,0.767279,0.705793,0.705664,0.738165,0.748193,0.699763,0.746154,0.720972,0.746372,0.759151,0.654714,0.798413,0.755481,0.60889,0.727505,0.628307,0.789958,0.784829,0.698613,0.788856,0.783868,0.703485,0.766184,0.729865,0.725561,0.728244,0.712798,0.837871,0.813381,0.736286,0.791386,0.729311,0.764094,0.72039,0.76562,0.795386,0.77906,0.731805,0.74669,0.790829,0.771143,0.664859,0.755727,0.67574,0.78099,0.779152,0.706749,0.738637,0.757066,0.758308,0.759748,0.769406,0.775004,0.759963,0.71442,0.815099,0.608603,0.683052,0.691648,0.617731,0.727824,0.648542,0.765551,0.701532,0.640515,0.738575,0.768473,0.698886,0.790631,0.77013,0.582414,0.711925,0.759486,0.720537,0.663704,0.79017,0.777367,0.738975,0.770069,0.66609,0.803076,0.654609,0.769396,0.725371,0.713326,0.792884,0.64693,0.767428,0.682572,0.710567,0.714792,0.747297,0.819013,0.725342,0.776086,0.661771,0.661966,0.811782,0.751716,0.775188,0.713064,0.702642,0.699528,0.763264,0.79361,0.731197,0.733429,0.821247,0.680712
Car,0.73152,0.764072,0.675647,0.733602,0.771471,0.666732,0.677276,0.653581,0.838314,0.82283,0.80843,0.812101,0.837071,0.750755,0.775799,0.786419,0.851152,0.744414,0.738348,0.789322,0.767279,1.0,0.782024,0.674326,0.784581,0.715453,0.710232,0.758442,0.827406,0.792263,0.756555,0.777456,0.841345,0.852546,0.658844,0.821368,0.706684,0.797722,0.842966,0.75497,0.822679,0.747593,0.739768,0.807007,0.698047,0.742407,0.700375,0.668791,0.835376,0.832303,0.731506,0.829893,0.854523,0.74446,0.72599,0.792619,0.819417,0.760169,0.762539,0.799496,0.789753,0.737693,0.708731,0.765058,0.733723,0.829151,0.779325,0.726116,0.77416,0.729214,0.77671,0.845022,0.778775,0.75115,0.725614,0.6956,0.785623,0.784888,0.669691,0.772235,0.689849,0.683631,0.560341,0.792315,0.745358,0.681465,0.780285,0.849946,0.742933,0.796096,0.810528,0.580387,0.766683,0.755474,0.792764,0.671645,0.776398,0.840205,0.713951,0.693639,0.664399,0.823209,0.670015,0.822382,0.727259,0.8464,0.832586,0.724673,0.8217,0.696348,0.793257,0.681641,0.663991,0.823327,0.731641,0.852671,0.711747,0.704058,0.822762,0.870009,0.76637,0.697173,0.798655,0.718162,0.786545,0.776882,0.741339,0.657017,0.749483,0.609915
Cellphone,0.723727,0.79472,0.674102,0.758456,0.845335,0.602296,0.619329,0.649035,0.773176,0.847559,0.742635,0.7805,0.724508,0.806922,0.677221,0.791129,0.80984,0.68977,0.762743,0.826621,0.705793,0.782024,1.0,0.671737,0.786574,0.729599,0.686181,0.826207,0.872656,0.798471,0.723577,0.857442,0.794642,0.782616,0.635394,0.806763,0.836868,0.795213,0.802568,0.736581,0.781386,0.782892,0.81084,0.849589,0.687785,0.744218,0.63753,0.635174,0.755946,0.800369,0.772169,0.75469,0.815659,0.760875,0.700674,0.796735,0.77142,0.736639,0.838768,0.766543,0.798166,0.715352,0.781826,0.806771,0.810952,0.768317,0.828884,0.869221,0.80174,0.783176,0.743784,0.833802,0.714574,0.754026,0.75022,0.797565,0.683654,0.767037,0.824826,0.775998,0.748396,0.642092,0.456536,0.77691,0.854557,0.70243,0.848435,0.806869,0.847047,0.7657,0.74682,0.542847,0.82594,0.822737,0.803266,0.724118,0.744875,0.826406,0.64485,0.631951,0.673432,0.748331,0.810146,0.824925,0.816402,0.766581,0.712519,0.712811,0.766177,0.800267,0.854043,0.662474,0.649862,0.759129,0.777456,0.770714,0.777347,0.675675,0.839975,0.781035,0.785434,0.756472,0.78074,0.834824,0.733658,0.763514,0.781295,0.77787,0.695276,0.554482
Cheese,0.605168,0.78728,0.730019,0.677552,0.687267,0.63731,0.599819,0.597447,0.688354,0.746771,0.640911,0.671512,0.662832,0.653616,0.660884,0.735353,0.681534,0.679615,0.658228,0.707038,0.705664,0.674326,0.671737,1.0,0.669134,0.690924,0.642889,0.699873,0.683335,0.71591,0.667205,0.637925,0.711864,0.696306,0.595433,0.67813,0.636729,0.724287,0.701102,0.645636,0.699164,0.706366,0.642833,0.707587,0.694126,0.650866,0.680671,0.635993,0.692724,0.704274,0.687916,0.683734,0.670707,0.675536,0.652961,0.721517,0.715625,0.664367,0.703487,0.669931,0.702345,0.65466,0.658635,0.721892,0.651199,0.686376,0.717769,0.689189,0.685393,0.706197,0.672129,0.69805,0.701301,0.741859,0.685188,0.665351,0.6906,0.582778,0.669139,0.617431,0.628348,0.649959,0.575502,0.703568,0.66462,0.63132,0.671934,0.698857,0.662122,0.707279,0.692421,0.560765,0.703881,0.704965,0.679271,0.63159,0.656378,0.699006,0.633273,0.712311,0.627844,0.700424,0.64402,0.738779,0.667704,0.644227,0.682798,0.627446,0.677426,0.673387,0.684127,0.670851,0.591706,0.722419,0.653415,0.677748,0.640077,0.63844,0.741323,0.684556,0.710018,0.669227,0.675705,0.677742,0.698453,0.710161,0.701652,0.721036,0.770727,0.579326
Cheesegrater,0.669669,0.777686,0.646043,0.684504,0.76514,0.622873,0.605467,0.62552,0.744244,0.801258,0.738954,0.766555,0.787708,0.734909,0.705695,0.782789,0.791723,0.70102,0.703797,0.753458,0.738165,0.784581,0.786574,0.669134,1.0,0.726932,0.666506,0.796331,0.813705,0.759991,0.705738,0.745798,0.780558,0.764743,0.623999,0.752499,0.698096,0.784188,0.792586,0.754243,0.783292,0.754903,0.769681,0.824825,0.696113,0.757686,0.660206,0.64092,0.795128,0.820628,0.718205,0.751988,0.783555,0.766838,0.701765,0.757436,0.766877,0.736335,0.765756,0.758473,0.810532,0.698934,0.72718,0.777107,0.722426,0.771689,0.821003,0.782466,0.743159,0.753969,0.745129,0.81893,0.726302,0.755151,0.749536,0.751505,0.733012,0.671071,0.745717,0.768816,0.665978,0.655439,0.48918,0.753818,0.789447,0.668516,0.804738,0.795479,0.789259,0.795867,0.746455,0.557336,0.771301,0.801525,0.758373,0.672698,0.773011,0.819916,0.651967,0.658813,0.641107,0.757853,0.719904,0.814483,0.786801,0.744538,0.749506,0.680093,0.781881,0.687207,0.774527,0.656665,0.703718,0.755424,0.760682,0.768064,0.71404,0.709952,0.817454,0.760628,0.778602,0.707986,0.717318,0.766353,0.718832,0.75561,0.759257,0.739189,0.723438,0.601448
Christmasstreeornament,0.646733,0.799787,0.708696,0.704866,0.738229,0.664157,0.595453,0.60524,0.707166,0.779648,0.685368,0.71252,0.724061,0.68621,0.704579,0.765972,0.733217,0.705657,0.682078,0.728414,0.748193,0.715453,0.729599,0.690924,0.726932,1.0,0.673953,0.773822,0.730104,0.738049,0.696828,0.668275,0.755739,0.716532,0.603954,0.713541,0.666212,0.757393,0.75366,0.700316,0.738107,0.750087,0.713838,0.777461,0.730608,0.715064,0.670402,0.659172,0.73526,0.775363,0.727246,0.727972,0.707958,0.738263,0.700352,0.758316,0.735033,0.718013,0.752067,0.71709,0.773328,0.725724,0.720905,0.767141,0.69935,0.739266,0.778575,0.760114,0.718279,0.770095,0.714852,0.7542,0.720286,0.762668,0.75645,0.736774,0.741465,0.596174,0.735943,0.693323,0.646637,0.689913,0.579651,0.730049,0.741673,0.641629,0.748673,0.733273,0.736484,0.757003,0.742156,0.566938,0.726375,0.785893,0.719191,0.672668,0.732989,0.768337,0.658664,0.723078,0.66294,0.736554,0.724011,0.778852,0.749587,0.671561,0.702981,0.637682,0.732702,0.693394,0.720075,0.687012,0.679597,0.748085,0.726237,0.727961,0.662358,0.681738,0.80471,0.721043,0.763955,0.709381,0.680515,0.736083,0.731418,0.751704,0.768831,0.770291,0.772034,0.620979
Clock,0.69736,0.717364,0.670784,0.728388,0.715564,0.666369,0.637754,0.613011,0.711174,0.74023,0.627876,0.666309,0.734623,0.643501,0.705472,0.722454,0.704055,0.68232,0.670865,0.738104,0.699763,0.710232,0.686181,0.642889,0.666506,0.673953,1.0,0.665555,0.726432,0.712727,0.732749,0.693539,0.741759,0.671673,0.610841,0.709084,0.672899,0.713764,0.732362,0.632561,0.706422,0.664592,0.653925,0.712367,0.658741,0.581376,0.686898,0.612563,0.698262,0.676016,0.696064,0.687055,0.720637,0.680854,0.641484,0.742609,0.697371,0.711167,0.732119,0.628102,0.693703,0.696678,0.664032,0.68061,0.714594,0.727388,0.689265,0.668774,0.737821,0.665399,0.698384,0.737092,0.700226,0.679664,0.669904,0.639594,0.716201,0.66074,0.608003,0.569155,0.652911,0.669313,0.607423,0.693284,0.63968,0.639044,0.657435,0.712855,0.646973,0.687056,0.721967,0.569988,0.701085,0.694029,0.6934,0.65644,0.67068,0.722192,0.677363,0.693836,0.632816,0.696158,0.648149,0.742541,0.612907,0.652273,0.683272,0.614393,0.737824,0.718606,0.707867,0.681538,0.627773,0.72586,0.606531,0.686349,0.651707,0.645733,0.753537,0.723619,0.681279,0.662987,0.679034,0.636929,0.688039,0.698826,0.683877,0.623415,0.713503,0.616572
Coatrack,0.642473,0.837042,0.665571,0.69934,0.832013,0.587621,0.582511,0.59937,0.752977,0.844602,0.770567,0.803134,0.726669,0.765261,0.663568,0.805927,0.802452,0.692539,0.713935,0.774688,0.746154,0.758442,0.826207,0.699873,0.796331,0.773822,0.665555,1.0,0.814483,0.775538,0.672173,0.748303,0.759216,0.794883,0.605513,0.79474,0.760474,0.797461,0.790362,0.77584,0.765353,0.810546,0.809041,0.872818,0.72141,0.846168,0.638194,0.643693,0.762914,0.860833,0.753145,0.758087,0.760998,0.775228,0.733306,0.780152,0.768214,0.711229,0.830127,0.814087,0.852484,0.71185,0.823851,0.835303,0.77546,0.758733,0.850884,0.890599,0.734507,0.829581,0.720722,0.81188,0.690945,0.80907,0.795436,0.807014,0.70908,0.651923,0.90662,0.847128,0.713591,0.660201,0.476624,0.767338,0.883794,0.653869,0.861371,0.783693,0.850384,0.797389,0.725936,0.535647,0.791168,0.869685,0.787188,0.676275,0.778892,0.829003,0.59944,0.679118,0.644669,0.76134,0.833344,0.800656,0.886822,0.749635,0.706489,0.6974,0.737202,0.717772,0.787432,0.646845,0.690692,0.750853,0.840167,0.774965,0.713954,0.694318,0.858474,0.750517,0.827136,0.737271,0.737531,0.843846,0.741773,0.776425,0.829675,0.887917,0.756383,0.537474
Coffeemaker,0.763227,0.783426,0.676482,0.795157,0.8713,0.634322,0.646773,0.6769,0.805104,0.866456,0.740786,0.795132,0.822834,0.799142,0.725305,0.810396,0.835102,0.721876,0.765538,0.853082,0.720972,0.827406,0.872656,0.683335,0.813705,0.730104,0.726432,0.814483,1.0,0.821795,0.771531,0.882262,0.839636,0.789878,0.669685,0.832436,0.837935,0.818555,0.844933,0.756995,0.820634,0.770295,0.825715,0.874521,0.692867,0.715087,0.674642,0.64101,0.797962,0.805729,0.786659,0.768292,0.869605,0.766255,0.711887,0.829707,0.789965,0.79763,0.86405,0.749155,0.818049,0.730772,0.797581,0.804519,0.848672,0.816399,0.842019,0.842911,0.844471,0.760872,0.789248,0.887184,0.757882,0.752505,0.752761,0.769986,0.720351,0.80831,0.775001,0.748006,0.756221,0.653372,0.490777,0.791378,0.832135,0.720337,0.837646,0.843562,0.830717,0.795329,0.780561,0.569859,0.854317,0.809747,0.822426,0.747619,0.779533,0.865488,0.69731,0.66227,0.682469,0.764057,0.781134,0.85152,0.784997,0.784749,0.755943,0.718983,0.843374,0.832134,0.871492,0.692134,0.674475,0.788716,0.752266,0.78145,0.791569,0.714212,0.87018,0.818513,0.793386,0.755476,0.789851,0.810515,0.744394,0.785595,0.780336,0.753192,0.710294,0.593687
Coffeemug,0.721307,0.813276,0.735238,0.763044,0.798544,0.670371,0.662005,0.661846,0.786544,0.833029,0.732837,0.76663,0.765713,0.756077,0.726532,0.796307,0.79532,0.726386,0.744964,0.807932,0.746372,0.792263,0.798471,0.71591,0.759991,0.738049,0.712727,0.775538,0.821795,1.0,0.746569,0.782166,0.809429,0.786529,0.655493,0.791715,0.759856,0.797673,0.801675,0.726364,0.788485,0.7637,0.749115,0.808945,0.716275,0.712497,0.700483,0.666099,0.777782,0.790662,0.762858,0.77262,0.802299,0.748985,0.712655,0.806502,0.788653,0.752721,0.80036,0.748301,0.778578,0.730155,0.74341,0.786783,0.766039,0.779657,0.795987,0.783984,0.790941,0.760098,0.756958,0.812278,0.757215,0.769906,0.741645,0.736948,0.743478,0.734743,0.732139,0.716834,0.716985,0.682894,0.563429,0.776847,0.7663,0.705045,0.778025,0.80325,0.764373,0.774893,0.773515,0.583974,0.797152,0.775618,0.779838,0.710363,0.744002,0.806746,0.696447,0.716734,0.682786,0.772869,0.729433,0.821664,0.744815,0.758138,0.756946,0.708391,0.780256,0.768817,0.803231,0.705339,0.655682,0.792836,0.726083,0.774632,0.740245,0.68952,0.830515,0.793075,0.7733,0.738608,0.775994,0.761202,0.759,0.779018,0.76177,0.742933,0.763956,0.61413
Compass,0.752427,0.744884,0.706885,0.772268,0.736523,0.714511,0.686808,0.658321,0.741401,0.785779,0.651519,0.686994,0.799206,0.676749,0.786689,0.758482,0.73915,0.721734,0.716701,0.781595,0.759151,0.756555,0.723577,0.667205,0.705738,0.696828,0.732749,0.672173,0.771531,0.746569,1.0,0.734741,0.810595,0.698169,0.64869,0.731358,0.6954,0.773217,0.776776,0.659599,0.765135,0.701125,0.694758,0.74276,0.686564,0.583154,0.762745,0.656557,0.761965,0.70946,0.736472,0.726245,0.768722,0.721823,0.667636,0.782262,0.74459,0.79186,0.760627,0.647612,0.726186,0.742597,0.664695,0.710421,0.741793,0.778054,0.740086,0.672513,0.80221,0.677031,0.760219,0.782009,0.765914,0.703322,0.705142,0.675974,0.76783,0.70061,0.596754,0.576447,0.66469,0.714014,0.635279,0.731193,0.652315,0.6821,0.692826,0.761046,0.669017,0.735798,0.765226,0.605896,0.738135,0.719666,0.72481,0.706314,0.72689,0.771764,0.750592,0.719381,0.665928,0.738078,0.640561,0.793433,0.62976,0.686504,0.743788,0.637864,0.801283,0.776984,0.747741,0.73359,0.683559,0.787648,0.625112,0.722936,0.69273,0.677122,0.794568,0.760191,0.71022,0.71329,0.703267,0.65771,0.716958,0.749013,0.695323,0.637854,0.747984,0.712608
Computertower,0.766067,0.731925,0.648411,0.765484,0.835998,0.592652,0.651749,0.667528,0.780158,0.819038,0.699805,0.75509,0.720278,0.784756,0.65732,0.758543,0.795919,0.672977,0.752899,0.83277,0.654714,0.777456,0.857442,0.637925,0.745798,0.668275,0.693539,0.748303,0.882262,0.782166,0.734741,1.0,0.773174,0.755074,0.64973,0.8109,0.856006,0.763451,0.778595,0.700647,0.757092,0.713014,0.778383,0.80413,0.628997,0.650623,0.631555,0.596525,0.723983,0.725299,0.743911,0.715606,0.833483,0.711451,0.657796,0.781556,0.746954,0.719056,0.821533,0.701127,0.736786,0.679494,0.749127,0.752548,0.832431,0.74846,0.766775,0.80504,0.811886,0.703975,0.725222,0.819874,0.69726,0.692149,0.681001,0.728419,0.653601,0.8353,0.732771,0.695889,0.761382,0.597336,0.448334,0.742347,0.783071,0.702905,0.785109,0.796421,0.790485,0.717065,0.716198,0.541605,0.813237,0.750708,0.792636,0.719764,0.689465,0.790575,0.642971,0.60171,0.649024,0.710987,0.754816,0.799586,0.716219,0.762351,0.688775,0.711166,0.758338,0.820838,0.856703,0.639116,0.598361,0.740786,0.691652,0.739257,0.779764,0.651751,0.795898,0.779674,0.728571,0.715189,0.789736,0.764412,0.689002,0.717967,0.721538,0.668807,0.648868,0.544682
Controller,0.758924,0.806554,0.745778,0.8101,0.788848,0.731202,0.655905,0.685568,0.795793,0.840905,0.744633,0.758555,0.855485,0.747283,0.822357,0.806901,0.806881,0.755832,0.757465,0.820363,0.798413,0.841345,0.794642,0.711864,0.780558,0.755739,0.741759,0.759216,0.839636,0.809429,0.810595,0.773174,1.0,0.794017,0.672779,0.785082,0.720897,0.825678,0.854488,0.720906,0.848249,0.781574,0.756382,0.820418,0.749717,0.685095,0.74571,0.706388,0.829523,0.811612,0.7974,0.808341,0.835869,0.779846,0.727783,0.840612,0.815805,0.844162,0.804006,0.74156,0.799309,0.78946,0.719149,0.782699,0.75593,0.846296,0.814469,0.749196,0.833338,0.761062,0.81893,0.854415,0.829171,0.769815,0.774094,0.747175,0.804352,0.729982,0.671596,0.689393,0.68106,0.718582,0.598002,0.804552,0.744107,0.704432,0.783371,0.830119,0.754141,0.804764,0.840588,0.615233,0.795739,0.779065,0.780274,0.743564,0.798855,0.854644,0.791642,0.740138,0.719316,0.803571,0.692902,0.847635,0.732033,0.761865,0.812331,0.687724,0.873237,0.803412,0.808884,0.768789,0.714411,0.845683,0.721725,0.80111,0.734835,0.717448,0.864894,0.83713,0.787068,0.760394,0.771515,0.746687,0.804157,0.817488,0.76235,0.718875,0.780153,0.691103
Couch,0.690872,0.797161,0.692485,0.697087,0.771719,0.626961,0.659371,0.639383,0.838809,0.822613,0.832956,0.824959,0.75105,0.771611,0.706668,0.788266,0.842755,0.716875,0.738632,0.77765,0.755481,0.852546,0.782616,0.696306,0.764743,0.716532,0.671673,0.794883,0.789878,0.786529,0.698169,0.755074,0.794017,1.0,0.648755,0.828687,0.717961,0.790688,0.802666,0.764207,0.7944,0.767236,0.732306,0.799737,0.692843,0.801585,0.67696,0.66517,0.804769,0.844818,0.722111,0.826332,0.814973,0.729908,0.729631,0.778339,0.822725,0.698844,0.755348,0.835369,0.783483,0.707137,0.726498,0.78807,0.717885,0.778462,0.775999,0.760498,0.729395,0.751994,0.732558,0.800238,0.737448,0.779458,0.723918,0.707658,0.754585,0.758219,0.735542,0.822381,0.702832,0.648343,0.523232,0.789665,0.779627,0.667012,0.791369,0.828673,0.756824,0.781421,0.75835,0.559834,0.7583,0.761464,0.790803,0.646795,0.7502,0.800361,0.656026,0.689516,0.651279,0.819326,0.697126,0.797196,0.767791,0.852818,0.807597,0.754528,0.738084,0.673002,0.779492,0.647746,0.632747,0.816121,0.768119,0.847479,0.703388,0.669083,0.804133,0.834743,0.778319,0.691885,0.821727,0.746248,0.784702,0.771515,0.757576,0.714787,0.761184,0.553832
Cushion,0.647308,0.652105,0.615109,0.641464,0.643469,0.602247,0.595263,0.595447,0.663101,0.670592,0.603698,0.628297,0.653862,0.611573,0.61075,0.662743,0.661905,0.635623,0.61869,0.667154,0.60889,0.658844,0.635394,0.595433,0.623999,0.603954,0.610841,0.605513,0.669685,0.655493,0.64869,0.64973,0.672779,0.648755,1.0,0.653006,0.617773,0.656151,0.654347,0.599306,0.651347,0.597105,0.603798,0.646261,0.593149,0.549899,0.629029,0.556306,0.63306,0.620819,0.623597,0.621474,0.669319,0.615831,0.58495,0.672931,0.652819,0.628181,0.651343,0.590024,0.625379,0.605255,0.595869,0.632528,0.639397,0.649473,0.635576,0.603263,0.661908,0.596926,0.629409,0.666162,0.646513,0.625796,0.600532,0.587114,0.640491,0.624285,0.546612,0.550303,0.605743,0.569956,0.502001,0.627275,0.591488,0.599317,0.606815,0.662891,0.598725,0.633139,0.637928,0.539524,0.650638,0.618421,0.64085,0.600833,0.600805,0.655099,0.603961,0.611412,0.577619,0.633925,0.572645,0.691425,0.563114,0.622679,0.626474,0.602575,0.654534,0.647402,0.657501,0.603873,0.562325,0.669385,0.562317,0.636453,0.611429,0.608542,0.669229,0.66447,0.624529,0.599948,0.654449,0.585335,0.619874,0.632655,0.622173,0.557254,0.641696,0.573041
Desk,0.737989,0.773175,0.67421,0.740632,0.828169,0.625073,0.677675,0.643121,0.829363,0.831387,0.776022,0.809511,0.764414,0.768651,0.696385,0.786134,0.830835,0.705542,0.742678,0.806714,0.727505,0.821368,0.806763,0.67813,0.752499,0.713541,0.709084,0.79474,0.832436,0.791715,0.731358,0.8109,0.785082,0.828687,0.653006,1.0,0.786588,0.787652,0.797657,0.753866,0.771271,0.74536,0.757556,0.818055,0.677174,0.741126,0.668374,0.638437,0.769862,0.801422,0.737683,0.785564,0.827859,0.723558,0.71442,0.797166,0.788275,0.718524,0.812385,0.780286,0.775831,0.714639,0.772883,0.778448,0.798048,0.777105,0.772747,0.785826,0.77377,0.740461,0.732655,0.812636,0.714,0.74979,0.719361,0.709176,0.731808,0.796423,0.755551,0.76742,0.748881,0.646387,0.526915,0.770317,0.780807,0.683223,0.784542,0.816084,0.764932,0.760783,0.746621,0.557584,0.784278,0.767059,0.803082,0.678145,0.737838,0.805437,0.646647,0.68102,0.64989,0.779395,0.741869,0.796292,0.74646,0.817227,0.755139,0.738798,0.754579,0.746833,0.806075,0.646946,0.636154,0.791398,0.735026,0.802016,0.727785,0.668485,0.817884,0.816599,0.769398,0.70487,0.806633,0.74665,0.750476,0.759082,0.759147,0.722888,0.737138,0.560048
Door,0.723594,0.741897,0.651646,0.755598,0.834331,0.566097,0.625084,0.630327,0.741574,0.806259,0.666177,0.724864,0.645356,0.765976,0.60391,0.740098,0.753096,0.638356,0.73583,0.81505,0.628307,0.706684,0.836868,0.636729,0.698096,0.666212,0.672899,0.760474,0.837935,0.759856,0.6954,0.856006,0.720897,0.717961,0.617773,0.786588,1.0,0.735058,0.734636,0.667303,0.703356,0.711423,0.75792,0.786543,0.620209,0.645596,0.613477,0.574068,0.661283,0.693977,0.737107,0.679719,0.770225,0.6883,0.643292,0.764862,0.703977,0.677529,0.826519,0.68295,0.7157,0.664082,0.761881,0.747528,0.830392,0.699104,0.7456,0.830793,0.782212,0.715266,0.678792,0.769968,0.648558,0.69169,0.676408,0.731303,0.613496,0.779288,0.785197,0.678835,0.768117,0.596076,0.45503,0.717093,0.797232,0.6851,0.770614,0.744608,0.78254,0.681051,0.673656,0.519776,0.796486,0.752618,0.765779,0.699443,0.652165,0.747104,0.594432,0.599419,0.635398,0.673985,0.79436,0.763883,0.727011,0.709388,0.626984,0.68594,0.694085,0.813996,0.824317,0.624231,0.574526,0.701874,0.690927,0.69544,0.754812,0.612638,0.778569,0.725518,0.716186,0.715161,0.761252,0.775278,0.670122,0.698069,0.726832,0.717189,0.641508,0.510451
Doorknob,0.719564,0.831901,0.728624,0.75087,0.793483,0.682209,0.667803,0.659597,0.782564,0.848054,0.742056,0.774401,0.792006,0.74776,0.762043,0.815199,0.804055,0.733691,0.742766,0.805386,0.789958,0.797722,0.795213,0.724287,0.784188,0.757393,0.713764,0.797461,0.818555,0.797673,0.773217,0.763451,0.825678,0.790688,0.656151,0.787652,0.735058,1.0,0.805965,0.752153,0.806693,0.779606,0.769712,0.829212,0.729901,0.742098,0.739492,0.680033,0.811603,0.823127,0.765763,0.778559,0.79932,0.775056,0.729736,0.810428,0.80294,0.785026,0.802044,0.761226,0.811565,0.742028,0.742004,0.802636,0.764816,0.790143,0.833153,0.78681,0.797867,0.768265,0.776235,0.819125,0.775104,0.791336,0.769449,0.756364,0.774708,0.708218,0.741262,0.738939,0.700572,0.705642,0.569058,0.784043,0.769176,0.702299,0.796854,0.812814,0.773665,0.811402,0.771636,0.589104,0.799073,0.802769,0.780994,0.714939,0.783006,0.825259,0.709598,0.736586,0.673919,0.787866,0.722389,0.833268,0.772315,0.759578,0.774566,0.705647,0.794466,0.766792,0.793094,0.715249,0.70045,0.815449,0.750425,0.780122,0.73361,0.70723,0.849695,0.785443,0.796966,0.751341,0.756992,0.764136,0.751561,0.798953,0.775174,0.778001,0.79277,0.666604
Drill,0.724431,0.804671,0.703055,0.784732,0.803553,0.686021,0.646472,0.655515,0.801529,0.844228,0.762721,0.785161,0.846052,0.756309,0.785979,0.811052,0.818765,0.760889,0.752315,0.815011,0.784829,0.842966,0.802568,0.701102,0.792586,0.75366,0.732362,0.790362,0.844933,0.801675,0.776776,0.778595,0.854488,0.802666,0.654347,0.797657,0.734636,0.805965,1.0,0.736437,0.828352,0.783688,0.766842,0.837926,0.736739,0.729739,0.719363,0.685703,0.824039,0.825129,0.779214,0.808262,0.833488,0.775019,0.730988,0.820833,0.806182,0.802014,0.810391,0.772019,0.821403,0.77174,0.746976,0.789732,0.763925,0.842621,0.812057,0.778978,0.802977,0.771042,0.797573,0.868395,0.792999,0.777022,0.773987,0.755758,0.785043,0.727603,0.724406,0.736286,0.700219,0.722892,0.583086,0.801954,0.786825,0.689957,0.80433,0.830893,0.78049,0.802463,0.827342,0.600016,0.791776,0.815094,0.790193,0.720496,0.793251,0.859529,0.741122,0.719539,0.698367,0.806056,0.735813,0.845212,0.763024,0.78068,0.807837,0.691646,0.855877,0.75687,0.810824,0.73334,0.696167,0.813173,0.752228,0.820278,0.728573,0.728616,0.863761,0.838961,0.790273,0.740998,0.763175,0.768584,0.801201,0.79824,0.781643,0.726834,0.772208,0.625996
Dryingrack,0.639332,0.737324,0.613156,0.630802,0.743992,0.576504,0.615714,0.582616,0.744814,0.770666,0.725251,0.76305,0.73711,0.705499,0.652545,0.748108,0.778355,0.655847,0.665714,0.704124,0.698613,0.75497,0.736581,0.645636,0.754243,0.700316,0.632561,0.77584,0.756995,0.726364,0.659599,0.700647,0.720906,0.764207,0.599306,0.753866,0.667303,0.752153,0.736437,1.0,0.724938,0.712059,0.726496,0.784862,0.659323,0.75541,0.614427,0.608448,0.747452,0.801224,0.66912,0.731091,0.749448,0.704864,0.687185,0.72474,0.735099,0.672386,0.725602,0.75149,0.764149,0.659054,0.727874,0.753494,0.701004,0.71858,0.775157,0.741425,0.68991,0.717858,0.686733,0.757206,0.668573,0.727244,0.709371,0.69119,0.708148,0.671851,0.726186,0.76604,0.653446,0.613729,0.458349,0.713409,0.74332,0.636254,0.759647,0.762199,0.734308,0.761679,0.690719,0.520025,0.722784,0.744538,0.740065,0.622954,0.731276,0.766005,0.586565,0.645947,0.596309,0.738853,0.68355,0.759647,0.748124,0.753961,0.721951,0.679568,0.70082,0.634797,0.725684,0.592186,0.657109,0.738162,0.729057,0.7464,0.668854,0.654354,0.772367,0.726079,0.752019,0.658016,0.702616,0.716311,0.688132,0.720106,0.734989,0.729301,0.706446,0.559086
Dumbbell,0.711345,0.805863,0.723872,0.753797,0.76945,0.683305,0.636411,0.665644,0.776981,0.825978,0.748342,0.763228,0.821619,0.738552,0.781592,0.793606,0.79775,0.735436,0.735664,0.796651,0.788856,0.822679,0.781386,0.699164,0.783292,0.738107,0.706422,0.765353,0.820634,0.788485,0.765135,0.757092,0.848249,0.7944,0.651347,0.771271,0.703356,0.806693,0.828352,0.724938,1.0,0.775824,0.752067,0.810523,0.72061,0.717958,0.716688,0.683197,0.828626,0.814934,0.765961,0.792806,0.812613,0.770728,0.717294,0.800822,0.807632,0.796636,0.779363,0.752826,0.801129,0.744733,0.708787,0.778244,0.731139,0.811262,0.807955,0.752371,0.791235,0.752637,0.790627,0.834714,0.794936,0.769289,0.752919,0.736334,0.776004,0.704766,0.692663,0.720789,0.665815,0.690516,0.56435,0.784939,0.754327,0.681639,0.783699,0.817751,0.757183,0.799401,0.799341,0.589382,0.779848,0.773892,0.76767,0.707745,0.785779,0.830159,0.744453,0.716584,0.68607,0.792208,0.685521,0.822683,0.74686,0.760511,0.797863,0.688788,0.828646,0.748385,0.792037,0.721808,0.69649,0.814734,0.734892,0.790987,0.721324,0.706431,0.839,0.808057,0.780071,0.730964,0.758867,0.747459,0.773645,0.795761,0.750821,0.717272,0.765313,0.647988
Dustpan,0.641381,0.824487,0.729568,0.716604,0.770398,0.628752,0.586811,0.614325,0.732016,0.813935,0.728666,0.742893,0.724206,0.746257,0.7167,0.769902,0.75931,0.6802,0.722952,0.760646,0.783868,0.747593,0.782892,0.706366,0.754903,0.750087,0.664592,0.810546,0.770295,0.7637,0.701125,0.713014,0.781574,0.767236,0.597105,0.74536,0.711423,0.779606,0.783688,0.712059,0.775824,1.0,0.753623,0.808161,0.729418,0.761007,0.64602,0.69498,0.781891,0.814971,0.758317,0.784534,0.738712,0.754397,0.71503,0.772283,0.777339,0.743927,0.779714,0.780736,0.794767,0.745533,0.734008,0.796594,0.714039,0.76046,0.810088,0.810442,0.741018,0.80459,0.7361,0.777336,0.730129,0.780391,0.770201,0.771716,0.733274,0.634595,0.805547,0.757808,0.661317,0.666497,0.54236,0.775716,0.811379,0.648817,0.807159,0.770645,0.78439,0.777528,0.750498,0.541462,0.75307,0.799124,0.748994,0.680627,0.766448,0.794677,0.665695,0.691566,0.679256,0.7737,0.756629,0.779054,0.810112,0.727281,0.749692,0.666641,0.743074,0.722318,0.76321,0.682777,0.687698,0.779413,0.78408,0.769415,0.701367,0.650735,0.822836,0.742252,0.792356,0.738596,0.725171,0.800269,0.77413,0.785058,0.768008,0.814237,0.765872,0.580461
Fan,0.681151,0.763439,0.633659,0.702603,0.801651,0.57979,0.590493,0.61134,0.722364,0.80694,0.702883,0.745488,0.733218,0.741779,0.664298,0.761085,0.772819,0.656275,0.702755,0.766186,0.703485,0.739768,0.81084,0.642833,0.769681,0.713838,0.653925,0.809041,0.825715,0.749115,0.694758,0.778383,0.756382,0.732306,0.603798,0.757556,0.75792,0.769712,0.766842,0.726496,0.752067,0.753623,1.0,0.827218,0.66561,0.731992,0.620891,0.615119,0.743841,0.785497,0.731338,0.718517,0.765857,0.738749,0.681824,0.75699,0.735938,0.727818,0.799923,0.732448,0.789722,0.69195,0.758974,0.77804,0.772906,0.738844,0.814879,0.822061,0.753933,0.75491,0.71965,0.79806,0.68524,0.731607,0.740355,0.761566,0.67763,0.68533,0.797181,0.751713,0.689596,0.618599,0.446583,0.73195,0.815006,0.65508,0.814091,0.767836,0.803517,0.75927,0.705114,0.523992,0.779042,0.798465,0.759266,0.687479,0.747242,0.801559,0.620718,0.625152,0.631978,0.716926,0.768754,0.784949,0.797484,0.716582,0.686616,0.667641,0.745688,0.74507,0.786426,0.634688,0.669679,0.72837,0.757085,0.732161,0.721183,0.663395,0.816025,0.727188,0.768705,0.716894,0.708714,0.788805,0.69244,0.74046,0.759683,0.781812,0.684603,0.561238
Faucet,0.708215,0.828502,0.680365,0.755009,0.857787,0.634797,0.624853,0.640966,0.788932,0.868475,0.764659,0.809757,0.810712,0.785873,0.729195,0.83108,0.828327,0.738705,0.747276,0.817349,0.766184,0.807007,0.849589,0.707587,0.824825,0.777461,0.712367,0.872818,0.874521,0.808945,0.74276,0.80413,0.820418,0.799737,0.646261,0.818055,0.786543,0.829212,0.837926,0.784862,0.810523,0.808161,0.827218,1.0,0.736996,0.796741,0.680293,0.663396,0.806717,0.859111,0.780764,0.783462,0.822063,0.791047,0.743302,0.820913,0.794744,0.78181,0.856016,0.793256,0.862026,0.74699,0.819213,0.834425,0.813924,0.810731,0.869537,0.869674,0.80067,0.81244,0.776574,0.866976,0.750285,0.801602,0.802302,0.803352,0.749112,0.713009,0.843284,0.804612,0.731896,0.684026,0.506514,0.7978,0.867008,0.69198,0.860621,0.826717,0.84758,0.824662,0.778591,0.567217,0.831096,0.865548,0.812518,0.721046,0.810175,0.870229,0.672161,0.698478,0.677087,0.784225,0.81506,0.848317,0.850752,0.770137,0.759456,0.709447,0.815374,0.774634,0.83205,0.690899,0.714083,0.791466,0.811216,0.795669,0.753695,0.737316,0.88357,0.796507,0.831921,0.757931,0.75723,0.834421,0.762874,0.805692,0.827307,0.839827,0.765459,0.597661
Flower,0.627781,0.778203,0.72254,0.694816,0.692253,0.674199,0.577377,0.593204,0.686216,0.746098,0.659242,0.681462,0.708763,0.661441,0.700967,0.740351,0.698063,0.729808,0.660229,0.698387,0.729865,0.698047,0.687785,0.694126,0.696113,0.730608,0.658741,0.72141,0.692867,0.716275,0.686564,0.628997,0.749717,0.692843,0.593149,0.677174,0.620209,0.729901,0.736739,0.659323,0.72061,0.729418,0.66561,0.736996,1.0,0.669076,0.662756,0.663797,0.712031,0.737685,0.708732,0.717955,0.683839,0.711601,0.681757,0.735032,0.716405,0.703283,0.713417,0.692306,0.737136,0.716197,0.670314,0.736446,0.651475,0.735986,0.743333,0.709387,0.695563,0.746889,0.70033,0.730553,0.731095,0.742541,0.729568,0.70134,0.732729,0.566115,0.676881,0.641492,0.612186,0.678423,0.600465,0.72008,0.699595,0.619814,0.705023,0.71004,0.689806,0.730846,0.744192,0.561893,0.696713,0.747455,0.686729,0.650065,0.700352,0.742957,0.66619,0.713548,0.66175,0.721135,0.682186,0.760993,0.702388,0.649184,0.701875,0.609523,0.727567,0.666663,0.692618,0.691714,0.645527,0.741039,0.688295,0.707081,0.634124,0.687813,0.772111,0.711684,0.734349,0.686022,0.659445,0.700586,0.743672,0.737918,0.73716,0.71566,0.782089,0.605391
Flute,0.549291,0.789046,0.608631,0.578745,0.72189,0.531155,0.544754,0.536157,0.721044,0.774261,0.787106,0.786681,0.665611,0.713433,0.611315,0.748429,0.775656,0.643836,0.651926,0.680782,0.725561,0.742407,0.744218,0.650866,0.757686,0.715064,0.581376,0.846168,0.715087,0.712497,0.583154,0.650623,0.685095,0.801585,0.549899,0.741126,0.645596,0.742098,0.729739,0.75541,0.717958,0.761007,0.731992,0.796741,0.669076,1.0,0.583296,0.615418,0.74732,0.856916,0.660696,0.751879,0.702242,0.724857,0.705103,0.688025,0.744212,0.614477,0.707947,0.833023,0.807614,0.645452,0.724066,0.782423,0.652321,0.697956,0.788521,0.800969,0.623408,0.774227,0.655555,0.737123,0.63582,0.775311,0.731741,0.731745,0.679332,0.596781,0.834684,0.880341,0.634779,0.609796,0.438216,0.724432,0.819666,0.590078,0.81022,0.747515,0.782148,0.760892,0.671693,0.486893,0.703107,0.797585,0.728366,0.574783,0.74118,0.757341,0.528835,0.633205,0.574788,0.751261,0.731323,0.732612,0.845907,0.758575,0.696851,0.680934,0.64479,0.555504,0.702017,0.564159,0.645212,0.711969,0.821549,0.780794,0.637181,0.637036,0.776052,0.719422,0.777561,0.656022,0.703129,0.773491,0.712722,0.726108,0.76451,0.805418,0.724901,0.478961
Fossils,0.673492,0.775704,0.697248,0.713532,0.652614,0.706482,0.688277,0.629999,0.698442,0.75304,0.644666,0.658449,0.726242,0.605874,0.734622,0.762254,0.686891,0.726192,0.669438,0.738727,0.728244,0.700375,0.63753,0.680671,0.660206,0.670402,0.686898,0.638194,0.674642,0.700483,0.762745,0.631555,0.74571,0.67696,0.629029,0.668374,0.613477,0.739492,0.719363,0.614427,0.716688,0.64602,0.620891,0.680293,0.662756,0.583296,1.0,0.602466,0.706712,0.670577,0.683258,0.66253,0.691142,0.693208,0.631911,0.73176,0.716091,0.708332,0.694131,0.613885,0.697351,0.662103,0.608166,0.675695,0.660428,0.715352,0.689744,0.619764,0.730778,0.63505,0.70992,0.719805,0.745138,0.725499,0.669941,0.637777,0.735061,0.594724,0.547582,0.544764,0.627171,0.770328,0.691426,0.682651,0.585947,0.670027,0.628573,0.706576,0.607831,0.701717,0.717186,0.640065,0.692669,0.712981,0.664381,0.645299,0.658608,0.703281,0.717872,0.75227,0.619887,0.700199,0.573056,0.772488,0.591584,0.62591,0.698419,0.623478,0.733687,0.689252,0.675955,0.732583,0.622321,0.736365,0.583373,0.682027,0.628159,0.687235,0.745281,0.713961,0.667792,0.671988,0.665759,0.597987,0.667081,0.698912,0.670387,0.605069,0.768243,0.709443
Frisbee,0.602145,0.698207,0.692578,0.642073,0.630709,0.64079,0.557001,0.574258,0.652938,0.68387,0.623588,0.627702,0.672563,0.631489,0.676816,0.661848,0.659006,0.621888,0.634144,0.6467,0.712798,0.668791,0.635174,0.635993,0.64092,0.659172,0.612563,0.643693,0.64101,0.666099,0.656557,0.596525,0.706388,0.66517,0.556306,0.638437,0.574068,0.680033,0.685703,0.608448,0.683197,0.69498,0.615119,0.663396,0.663797,0.615418,0.602466,1.0,0.697117,0.689978,0.657999,0.709948,0.647525,0.64856,0.633452,0.682585,0.692523,0.674038,0.640803,0.662478,0.662908,0.695549,0.587188,0.671824,0.598376,0.687613,0.676068,0.626051,0.654175,0.682357,0.655558,0.661775,0.675507,0.666049,0.662304,0.627611,0.704889,0.566798,0.602704,0.601418,0.561446,0.595867,0.560234,0.68179,0.638958,0.578705,0.646678,0.675975,0.622942,0.676055,0.686871,0.518974,0.630156,0.646284,0.638592,0.606013,0.667236,0.677816,0.631683,0.646996,0.626364,0.698273,0.599755,0.680918,0.631288,0.639216,0.687572,0.583019,0.666025,0.620848,0.637625,0.629248,0.618892,0.722764,0.637264,0.687281,0.598389,0.574747,0.700032,0.669815,0.675773,0.636521,0.636981,0.633861,0.709183,0.696152,0.643331,0.642204,0.708608,0.588101
Fryingpan,0.677633,0.796439,0.713637,0.705572,0.744358,0.673591,0.643771,0.648094,0.777952,0.812868,0.759031,0.76774,0.844393,0.7298,0.810913,0.781062,0.802923,0.71768,0.732206,0.770775,0.837871,0.835376,0.755946,0.692724,0.795128,0.73526,0.698262,0.762914,0.797962,0.777782,0.761965,0.723983,0.829523,0.804769,0.63306,0.769862,0.661283,0.811603,0.824039,0.747452,0.828626,0.781891,0.743841,0.806717,0.712031,0.74732,0.706712,0.697117,1.0,0.84958,0.735761,0.819185,0.802783,0.770997,0.730502,0.780424,0.825693,0.794579,0.748045,0.778073,0.81081,0.74831,0.683561,0.768848,0.699,0.807027,0.80855,0.725374,0.765158,0.746453,0.788759,0.81774,0.78604,0.765098,0.749501,0.721327,0.814543,0.686957,0.67935,0.748658,0.63315,0.697579,0.561676,0.788888,0.73524,0.669585,0.779913,0.823758,0.737566,0.823278,0.78817,0.574726,0.75435,0.758864,0.759834,0.678518,0.814373,0.825188,0.738361,0.724355,0.664999,0.825241,0.653888,0.800229,0.748547,0.784332,0.843421,0.687096,0.814643,0.694282,0.763002,0.687951,0.732983,0.826402,0.745145,0.811545,0.706239,0.687659,0.828107,0.795708,0.787269,0.713756,0.746077,0.72223,0.759141,0.800829,0.731542,0.708936,0.77998,0.660883
Glasses,0.64764,0.831167,0.684614,0.688814,0.790546,0.633035,0.613078,0.613521,0.791583,0.841652,0.811815,0.819742,0.80764,0.762715,0.74923,0.814444,0.833025,0.722723,0.728403,0.766113,0.813381,0.832303,0.800369,0.704274,0.820628,0.775363,0.676016,0.860833,0.805729,0.790662,0.70946,0.725299,0.811612,0.844818,0.620819,0.801422,0.693977,0.823127,0.825129,0.801224,0.814934,0.814971,0.785497,0.859111,0.737685,0.856916,0.670577,0.689978,0.84958,1.0,0.742891,0.830144,0.797339,0.787698,0.756897,0.783751,0.822256,0.748477,0.779381,0.847157,0.85804,0.744851,0.762448,0.826925,0.722123,0.803912,0.853106,0.816532,0.737331,0.811565,0.765356,0.82923,0.74953,0.813804,0.795382,0.775253,0.785087,0.672019,0.808542,0.856943,0.67044,0.686784,0.509495,0.801232,0.83215,0.663967,0.847623,0.827645,0.811945,0.835666,0.781714,0.556347,0.775236,0.834652,0.789969,0.666143,0.829468,0.849279,0.665896,0.710968,0.658434,0.828705,0.744281,0.817365,0.852542,0.805189,0.806543,0.714132,0.779701,0.669919,0.776818,0.664867,0.720081,0.813955,0.82833,0.837595,0.707051,0.703745,0.858413,0.803569,0.833127,0.727503,0.75667,0.800292,0.781639,0.809814,0.803422,0.815396,0.787282,0.596721
Glove,0.703541,0.80094,0.738832,0.776183,0.773885,0.667435,0.614456,0.642236,0.723417,0.80513,0.67214,0.707783,0.732641,0.719055,0.716397,0.763517,0.740094,0.6978,0.720733,0.791146,0.736286,0.731506,0.772169,0.687916,0.718205,0.727246,0.696064,0.753145,0.786659,0.762858,0.736472,0.743911,0.7974,0.722111,0.623597,0.737683,0.737107,0.765763,0.779214,0.66912,0.765961,0.758317,0.731338,0.780764,0.708732,0.660696,0.683258,0.657999,0.735761,0.742891,1.0,0.726882,0.751555,0.73529,0.683377,0.792993,0.747983,0.762357,0.791198,0.695634,0.753018,0.732579,0.721695,0.762343,0.744852,0.75876,0.77293,0.776649,0.781581,0.753947,0.740921,0.782841,0.743024,0.745344,0.740003,0.739829,0.717247,0.667173,0.725362,0.653486,0.679759,0.679386,0.580637,0.748278,0.749067,0.667743,0.75492,0.752606,0.745625,0.737945,0.754002,0.567648,0.764513,0.768942,0.738199,0.715561,0.71908,0.781975,0.704386,0.702652,0.680936,0.72857,0.732569,0.787265,0.729717,0.683469,0.707444,0.6497,0.771329,0.794855,0.775065,0.716855,0.650482,0.764206,0.702562,0.717846,0.709808,0.663663,0.816592,0.744498,0.750518,0.736859,0.723918,0.751873,0.742323,0.759546,0.745542,0.745968,0.742336,0.607254
Goggles,0.681744,0.774781,0.708591,0.708024,0.747916,0.657407,0.640112,0.623297,0.801025,0.800256,0.782289,0.775894,0.787212,0.745762,0.759637,0.760891,0.805209,0.701851,0.728537,0.752798,0.791386,0.829893,0.75469,0.683734,0.751988,0.727972,0.687055,0.758087,0.768292,0.77262,0.726245,0.715606,0.808341,0.826332,0.621474,0.785564,0.679719,0.778559,0.808262,0.731091,0.792806,0.784534,0.718517,0.783462,0.717955,0.751879,0.66253,0.709948,0.819185,0.830144,0.726882,1.0,0.7881,0.733016,0.729524,0.772365,0.805742,0.743924,0.741817,0.811283,0.773629,0.766959,0.692383,0.765291,0.698086,0.793656,0.770786,0.731528,0.736924,0.763584,0.753086,0.790521,0.754494,0.754056,0.736625,0.704613,0.785223,0.71488,0.702309,0.768277,0.661576,0.673705,0.570346,0.79031,0.75822,0.656633,0.775516,0.811318,0.730834,0.782759,0.791116,0.556326,0.731552,0.743138,0.76107,0.656732,0.779405,0.797643,0.695512,0.699046,0.68442,0.823791,0.687896,0.780198,0.744628,0.811253,0.821913,0.701623,0.764518,0.668969,0.751591,0.674079,0.679799,0.817948,0.750254,0.840065,0.687097,0.651288,0.803914,0.813369,0.771222,0.702006,0.766167,0.733518,0.809552,0.788687,0.73936,0.701558,0.764585,0.601008
Grill,0.761904,0.759623,0.674984,0.769752,0.81385,0.652338,0.67752,0.672801,0.8265,0.838352,0.76482,0.797217,0.827086,0.765675,0.740799,0.79286,0.838644,0.734471,0.749372,0.819997,0.729311,0.854523,0.815659,0.670707,0.783555,0.707958,0.720637,0.760998,0.869605,0.802299,0.768722,0.833483,0.835869,0.814973,0.669319,0.827859,0.770225,0.79932,0.833488,0.749448,0.812613,0.738712,0.765857,0.822063,0.683839,0.702242,0.691142,0.647525,0.802783,0.797339,0.751555,0.7881,1.0,0.743872,0.704866,0.813258,0.800149,0.772226,0.804302,0.755009,0.782162,0.725648,0.745354,0.77169,0.789124,0.817533,0.788633,0.758104,0.812016,0.719819,0.776885,0.858767,0.762477,0.735631,0.721451,0.711648,0.746503,0.81553,0.686083,0.734278,0.724735,0.658702,0.522913,0.777338,0.757991,0.703055,0.783519,0.842732,0.763866,0.77881,0.78979,0.579623,0.798638,0.76385,0.804781,0.709746,0.759198,0.839067,0.708179,0.673978,0.668296,0.784235,0.702822,0.833642,0.721677,0.815393,0.786345,0.723565,0.830848,0.767131,0.832845,0.684918,0.656449,0.808647,0.712597,0.806937,0.74836,0.703466,0.834583,0.842378,0.763354,0.714988,0.800096,0.737623,0.757368,0.769804,0.741201,0.672782,0.717824,0.602617
Hairbrush,0.6787,0.805397,0.693422,0.708207,0.741303,0.667347,0.613943,0.63134,0.715873,0.792283,0.707909,0.730997,0.750354,0.7037,0.724492,0.774387,0.753812,0.706861,0.702413,0.75792,0.764094,0.74446,0.760875,0.675536,0.766838,0.738263,0.680854,0.775228,0.766255,0.748985,0.721823,0.711451,0.779846,0.729908,0.615831,0.723558,0.6883,0.775056,0.775019,0.704864,0.770728,0.754397,0.738749,0.791047,0.711601,0.724857,0.693208,0.64856,0.770997,0.787698,0.73529,0.733016,0.743872,1.0,0.695468,0.760252,0.752997,0.741879,0.759734,0.725203,0.793897,0.71918,0.701257,0.764897,0.707901,0.757516,0.794957,0.770307,0.746074,0.758779,0.739542,0.788529,0.733468,0.760283,0.755296,0.755903,0.742461,0.630213,0.736391,0.71421,0.65691,0.698005,0.548601,0.739752,0.757417,0.667187,0.775718,0.760257,0.759101,0.76852,0.748854,0.573929,0.747177,0.800387,0.732836,0.683464,0.753051,0.787783,0.683705,0.698472,0.649749,0.742734,0.720791,0.797634,0.762539,0.693331,0.716027,0.653226,0.768758,0.704097,0.752232,0.6962,0.716419,0.752757,0.737333,0.7412,0.69917,0.69909,0.812753,0.737638,0.765112,0.72264,0.702895,0.747928,0.72128,0.755716,0.754358,0.740157,0.743643,0.64074
Hairclip,0.631747,0.746986,0.661281,0.659598,0.706463,0.624488,0.589423,0.579724,0.712636,0.74706,0.693622,0.712103,0.706208,0.674746,0.681156,0.722988,0.730391,0.668003,0.661909,0.700183,0.72039,0.72599,0.700674,0.652961,0.701765,0.700352,0.641484,0.733306,0.711887,0.712655,0.667636,0.657796,0.727783,0.729631,0.58495,0.71442,0.643292,0.729736,0.730988,0.687185,0.717294,0.71503,0.681824,0.743302,0.681757,0.705103,0.631911,0.633452,0.730502,0.756897,0.683377,0.729524,0.704866,0.695468,1.0,0.719522,0.721283,0.683209,0.709467,0.720585,0.736382,0.690348,0.675514,0.725987,0.671456,0.715963,0.736555,0.711866,0.684286,0.720394,0.684805,0.726708,0.691115,0.720672,0.702846,0.67767,0.71959,0.620938,0.693043,0.698672,0.627001,0.6391,0.538113,0.713051,0.711459,0.612763,0.720053,0.727405,0.695387,0.731326,0.708062,0.527267,0.69653,0.722669,0.701653,0.625814,0.707484,0.73702,0.624263,0.674718,0.620211,0.727584,0.674172,0.734652,0.709298,0.700705,0.707955,0.637691,0.697775,0.645194,0.694928,0.631908,0.637755,0.73218,0.702149,0.73127,0.639026,0.637953,0.758906,0.71887,0.727297,0.663355,0.683631,0.693175,0.71391,0.72166,0.719473,0.704404,0.733498,0.576538
Handbag,0.759779,0.820894,0.754439,0.809673,0.816721,0.709694,0.673607,0.680172,0.791623,0.845098,0.722353,0.758765,0.801997,0.750873,0.755506,0.812073,0.798355,0.746349,0.755005,0.825116,0.76562,0.792619,0.796735,0.721517,0.757436,0.758316,0.742609,0.780152,0.829707,0.806502,0.782262,0.781556,0.840612,0.778339,0.672931,0.797166,0.764862,0.810428,0.820833,0.72474,0.800822,0.772283,0.75699,0.820913,0.735032,0.688025,0.73176,0.682585,0.780424,0.783751,0.792993,0.772365,0.813258,0.760252,0.719522,1.0,0.792234,0.798735,0.827918,0.731434,0.785403,0.765347,0.764858,0.792829,0.791714,0.806562,0.79935,0.78467,0.822521,0.767325,0.776684,0.826881,0.779328,0.774079,0.768369,0.746147,0.773605,0.73237,0.724247,0.684447,0.724858,0.709163,0.602282,0.781512,0.757547,0.70895,0.772245,0.804381,0.758518,0.782182,0.794702,0.605513,0.799474,0.795478,0.785367,0.740482,0.758586,0.825325,0.739071,0.745834,0.70435,0.777186,0.740812,0.836155,0.735904,0.744941,0.762651,0.697525,0.818586,0.820108,0.809101,0.742971,0.685576,0.819832,0.716555,0.770343,0.738983,0.709598,0.85589,0.800869,0.784336,0.75593,0.775513,0.755687,0.774932,0.795124,0.775257,0.760427,0.777707,0.653628
Hat,0.702256,0.81765,0.741639,0.729204,0.761561,0.672572,0.672201,0.670166,0.796093,0.824799,0.770043,0.776537,0.782871,0.74768,0.757081,0.793815,0.805736,0.726474,0.744621,0.789057,0.795386,0.819417,0.77142,0.715625,0.766877,0.735033,0.697371,0.768214,0.789965,0.788653,0.74459,0.746954,0.815805,0.822725,0.652819,0.788275,0.703977,0.80294,0.806182,0.735099,0.807632,0.777339,0.735938,0.794744,0.716405,0.744212,0.716091,0.692523,0.825693,0.822256,0.747983,0.805742,0.800149,0.752997,0.721283,0.792234,1.0,0.753571,0.760771,0.782297,0.784055,0.734099,0.706441,0.783168,0.718281,0.788204,0.788643,0.746954,0.766698,0.755339,0.763668,0.801675,0.772166,0.77944,0.739768,0.726599,0.779407,0.714722,0.703633,0.746096,0.677425,0.686073,0.568886,0.78649,0.742991,0.684503,0.772879,0.815348,0.743931,0.79105,0.777311,0.592416,0.7647,0.76245,0.772677,0.687875,0.762966,0.803994,0.709686,0.72397,0.678633,0.811377,0.682895,0.807869,0.745036,0.78998,0.806018,0.721443,0.776695,0.725376,0.779248,0.696069,0.675291,0.822746,0.738309,0.809404,0.716898,0.682055,0.817251,0.80397,0.780244,0.720534,0.785306,0.735066,0.770484,0.786071,0.743465,0.721261,0.786334,0.625812
Headphones,0.721392,0.754351,0.709155,0.773395,0.748847,0.696648,0.618077,0.648589,0.719552,0.791641,0.653111,0.684517,0.832744,0.684155,0.799538,0.751407,0.737356,0.697422,0.706872,0.772989,0.77906,0.760169,0.736639,0.664367,0.736335,0.718013,0.711167,0.711229,0.79763,0.752721,0.79186,0.719056,0.844162,0.698844,0.628181,0.718524,0.677529,0.785026,0.802014,0.672386,0.796636,0.743927,0.727818,0.78181,0.703283,0.614477,0.708332,0.674038,0.794579,0.748477,0.762357,0.743924,0.772226,0.741879,0.683209,0.798735,0.753571,1.0,0.772636,0.664192,0.760459,0.765143,0.682579,0.733572,0.732416,0.797887,0.781783,0.705692,0.806847,0.714906,0.783812,0.80294,0.781367,0.713113,0.742729,0.709523,0.771433,0.659114,0.633453,0.611979,0.628405,0.682417,0.581149,0.744511,0.695348,0.658226,0.731691,0.767883,0.704262,0.769001,0.776361,0.574608,0.748216,0.735488,0.722703,0.721604,0.774673,0.807342,0.7644,0.707896,0.679079,0.742495,0.660102,0.788906,0.68506,0.67812,0.758883,0.616428,0.83988,0.788169,0.751422,0.735344,0.721833,0.7962,0.671384,0.723459,0.693101,0.67149,0.826088,0.750452,0.745051,0.728545,0.68633,0.6988,0.737489,0.781377,0.712296,0.703488,0.738901,0.693163
Hourglass,0.736806,0.814008,0.70381,0.798989,0.867536,0.642956,0.6393,0.647714,0.775113,0.857966,0.711629,0.767372,0.766928,0.766004,0.710677,0.812361,0.792623,0.72261,0.74983,0.838683,0.731805,0.762539,0.838768,0.703487,0.765756,0.752067,0.732119,0.830127,0.86405,0.80036,0.760627,0.821533,0.804006,0.755348,0.651343,0.812385,0.826519,0.802044,0.810391,0.725602,0.779363,0.779714,0.799923,0.856016,0.713417,0.707947,0.694131,0.640803,0.748045,0.779381,0.791198,0.741817,0.804302,0.759734,0.709467,0.827918,0.760771,0.772636,1.0,0.730868,0.80851,0.742152,0.816113,0.802715,0.844739,0.785619,0.82061,0.855285,0.820543,0.783929,0.759147,0.839109,0.73445,0.771444,0.770139,0.777626,0.714944,0.732546,0.822035,0.714043,0.761361,0.683193,0.550298,0.769489,0.827203,0.69789,0.813665,0.793748,0.811716,0.769877,0.761328,0.578003,0.827494,0.833912,0.79896,0.734895,0.755556,0.829965,0.682437,0.704147,0.683636,0.743262,0.816918,0.829346,0.790508,0.725329,0.708398,0.691386,0.79717,0.831946,0.830933,0.709113,0.675981,0.770457,0.749493,0.74623,0.7537,0.705714,0.864536,0.775578,0.792447,0.759735,0.760345,0.807412,0.744467,0.779178,0.80098,0.810794,0.745836,0.593761
Kayak,0.618729,0.784652,0.658064,0.641817,0.744291,0.578371,0.598726,0.583583,0.775587,0.795458,0.806054,0.799935,0.709305,0.749347,0.669116,0.754539,0.806922,0.6781,0.700732,0.72417,0.74669,0.799496,0.766543,0.669931,0.758473,0.71709,0.628102,0.814087,0.749155,0.748301,0.647612,0.701127,0.74156,0.835369,0.590024,0.780286,0.68295,0.761226,0.772019,0.75149,0.752826,0.780736,0.732448,0.793256,0.692306,0.833023,0.613885,0.662478,0.778073,0.847157,0.695634,0.811283,0.755009,0.725203,0.720585,0.731434,0.782297,0.664192,0.730868,1.0,0.788126,0.701086,0.71843,0.784351,0.679777,0.747174,0.779476,0.783417,0.677055,0.776331,0.696094,0.76649,0.689864,0.768966,0.732551,0.727033,0.720122,0.681377,0.793216,0.854259,0.668371,0.633848,0.49477,0.762187,0.809699,0.628996,0.807384,0.788851,0.773017,0.770671,0.727688,0.516007,0.72227,0.779459,0.758161,0.614212,0.74918,0.782368,0.591978,0.648627,0.627248,0.796061,0.728311,0.760235,0.811067,0.815581,0.762318,0.708082,0.694154,0.61325,0.737912,0.605803,0.646003,0.766145,0.802752,0.825306,0.670858,0.64266,0.786252,0.778496,0.775876,0.682782,0.757733,0.769253,0.768616,0.752106,0.754879,0.759398,0.743174,0.516824
Key,0.655811,0.832456,0.679825,0.714054,0.799825,0.636335,0.60339,0.619437,0.757763,0.8428,0.759514,0.791498,0.802091,0.741373,0.741294,0.817287,0.801387,0.746869,0.716059,0.78229,0.790829,0.789753,0.798166,0.702345,0.810532,0.773328,0.693703,0.852484,0.818049,0.778578,0.726186,0.736786,0.799309,0.783483,0.625379,0.775831,0.7157,0.811565,0.821403,0.764149,0.801129,0.794767,0.789722,0.862026,0.737136,0.807614,0.697351,0.662908,0.81081,0.85804,0.753018,0.773629,0.782162,0.793897,0.736382,0.785403,0.784055,0.760459,0.80851,0.788126,1.0,0.733902,0.773231,0.81441,0.754055,0.798162,0.848614,0.827942,0.756581,0.798784,0.76501,0.843607,0.746763,0.806153,0.79394,0.784419,0.756885,0.649803,0.808927,0.798302,0.686257,0.71135,0.536673,0.77659,0.831536,0.664591,0.833114,0.802806,0.815263,0.818139,0.773778,0.574035,0.787868,0.858269,0.777055,0.686394,0.809508,0.845472,0.675898,0.716967,0.656523,0.783259,0.770621,0.826826,0.835726,0.744651,0.754607,0.681855,0.802368,0.705398,0.784298,0.690582,0.731206,0.777417,0.805433,0.786115,0.711373,0.73936,0.865568,0.775568,0.818244,0.733036,0.723371,0.799518,0.753689,0.794932,0.812155,0.813914,0.780704,0.609208
Kite,0.692799,0.742393,0.703974,0.739472,0.724515,0.692141,0.611666,0.612564,0.721357,0.75701,0.670472,0.683075,0.762774,0.680537,0.758235,0.733136,0.730019,0.68537,0.696925,0.729709,0.771143,0.737693,0.715352,0.65466,0.698934,0.725724,0.696678,0.71185,0.730772,0.730155,0.742597,0.679494,0.78946,0.707137,0.605255,0.714639,0.664082,0.742028,0.77174,0.659054,0.744733,0.745533,0.69195,0.74699,0.716197,0.645452,0.662103,0.695549,0.74831,0.744851,0.732579,0.766959,0.725648,0.71918,0.690348,0.765347,0.734099,0.765143,0.742152,0.701086,0.733902,1.0,0.674175,0.724772,0.701301,0.772222,0.741332,0.705182,0.742755,0.742619,0.732785,0.750503,0.739487,0.709286,0.740387,0.7006,0.769002,0.638132,0.666932,0.637271,0.637354,0.671802,0.616896,0.737357,0.707448,0.631686,0.719264,0.739376,0.693664,0.73488,0.768295,0.564524,0.701936,0.733175,0.7097,0.680885,0.741911,0.765136,0.709742,0.703858,0.689134,0.750138,0.695113,0.760082,0.685747,0.682788,0.734462,0.619171,0.763129,0.716127,0.715156,0.705578,0.704728,0.780389,0.687357,0.752417,0.657786,0.640443,0.788359,0.748377,0.736482,0.704808,0.685007,0.698101,0.769946,0.757373,0.723299,0.691614,0.748338,0.649429
Ladder,0.662925,0.763295,0.628886,0.71093,0.824211,0.559364,0.588427,0.583246,0.732216,0.804103,0.687972,0.746734,0.705212,0.718947,0.615268,0.765831,0.755821,0.664768,0.678647,0.754529,0.664859,0.708731,0.781826,0.658635,0.72718,0.720905,0.664032,0.823851,0.797581,0.74341,0.664695,0.749127,0.719149,0.726498,0.595869,0.772883,0.761881,0.742004,0.746976,0.727874,0.708787,0.734008,0.758974,0.819213,0.670314,0.724066,0.608166,0.587188,0.683561,0.762448,0.721695,0.692383,0.745354,0.701257,0.675514,0.764858,0.706441,0.682579,0.816113,0.71843,0.773231,0.674175,1.0,0.776842,0.787728,0.722705,0.779456,0.825567,0.729187,0.752937,0.683364,0.779244,0.650445,0.738023,0.733099,0.73262,0.655152,0.670929,0.820996,0.729857,0.712244,0.622881,0.478104,0.710889,0.805538,0.635217,0.778479,0.738016,0.780474,0.729242,0.689564,0.519887,0.761409,0.801916,0.758236,0.664308,0.707461,0.781038,0.57907,0.650014,0.619932,0.695609,0.791194,0.764612,0.779227,0.696366,0.650095,0.659609,0.713459,0.735888,0.765665,0.624594,0.619808,0.709048,0.735847,0.707247,0.686552,0.658638,0.812137,0.717592,0.760078,0.691898,0.704791,0.772866,0.694095,0.721111,0.778409,0.811312,0.702035,0.505336
Lamp,0.676452,0.84185,0.725241,0.728641,0.802693,0.637151,0.623703,0.636068,0.761523,0.842544,0.747154,0.77979,0.734554,0.758713,0.695161,0.805982,0.794648,0.725102,0.728786,0.784872,0.755727,0.765058,0.806771,0.721892,0.777107,0.767141,0.68061,0.835303,0.804519,0.786783,0.710421,0.752548,0.782699,0.78807,0.632528,0.778448,0.747528,0.802636,0.789732,0.753494,0.778244,0.796594,0.77804,0.834425,0.736446,0.782423,0.675695,0.671824,0.768848,0.826925,0.762343,0.765291,0.77169,0.764897,0.725987,0.792829,0.783168,0.733572,0.802715,0.784351,0.81441,0.724772,0.776842,1.0,0.7554,0.765486,0.833587,0.833299,0.75752,0.802415,0.739569,0.805559,0.733492,0.802149,0.778357,0.780683,0.729344,0.677206,0.813339,0.780218,0.70648,0.681563,0.531282,0.771406,0.821621,0.682209,0.819349,0.791092,0.807645,0.792592,0.750776,0.565858,0.789675,0.830848,0.780175,0.700959,0.760612,0.813341,0.65394,0.708702,0.67211,0.770198,0.77604,0.819838,0.820309,0.748012,0.733676,0.701573,0.752144,0.741426,0.790858,0.684467,0.670574,0.781833,0.786935,0.774296,0.724072,0.701517,0.843537,0.762676,0.80564,0.745727,0.749221,0.807716,0.756508,0.783617,0.80112,0.828081,0.777417,0.588419
Lantern,0.752455,0.746081,0.650914,0.77005,0.845808,0.611102,0.652244,0.637737,0.759674,0.819271,0.671506,0.737201,0.731983,0.738876,0.664509,0.769062,0.773116,0.673223,0.722164,0.812903,0.67574,0.733723,0.810952,0.651199,0.722426,0.69935,0.714594,0.77546,0.848672,0.766039,0.741793,0.832431,0.75593,0.717885,0.639397,0.798048,0.830392,0.764816,0.763925,0.701004,0.731139,0.714039,0.772906,0.813924,0.651475,0.652321,0.660428,0.598376,0.699,0.722123,0.744852,0.698086,0.789124,0.707901,0.671456,0.791714,0.718281,0.732416,0.844739,0.679777,0.754055,0.701301,0.787728,0.7554,1.0,0.744096,0.770579,0.812863,0.802582,0.719439,0.713963,0.800055,0.681656,0.708789,0.709971,0.719436,0.674327,0.765979,0.764523,0.669545,0.757642,0.630323,0.509537,0.72456,0.777962,0.679834,0.765109,0.763361,0.765905,0.72078,0.70485,0.551919,0.80045,0.770323,0.776277,0.712125,0.704885,0.781493,0.639192,0.6555,0.64331,0.69724,0.783702,0.786311,0.722821,0.710994,0.660094,0.679862,0.749211,0.816195,0.809749,0.6607,0.631268,0.73582,0.691122,0.710793,0.738376,0.657514,0.817758,0.74734,0.741112,0.715489,0.739994,0.751482,0.688692,0.729031,0.754321,0.736774,0.68874,0.572279
Lawnmower,0.720541,0.776061,0.700963,0.771785,0.775706,0.696207,0.640276,0.649461,0.786267,0.816888,0.74249,0.760011,0.846533,0.724197,0.78783,0.792048,0.799057,0.760053,0.727904,0.787383,0.78099,0.829151,0.768317,0.686376,0.771689,0.739266,0.727388,0.758733,0.816399,0.779657,0.778054,0.74846,0.846296,0.778462,0.649473,0.777105,0.699104,0.790143,0.842621,0.71858,0.811262,0.76046,0.738844,0.810731,0.735986,0.697956,0.715352,0.687613,0.807027,0.803912,0.75876,0.793656,0.817533,0.757516,0.715963,0.806562,0.788204,0.797887,0.785619,0.747174,0.798162,0.772222,0.722705,0.765486,0.744096,1.0,0.7874,0.737696,0.789748,0.747788,0.78457,0.845482,0.788836,0.753794,0.758223,0.720427,0.786867,0.710608,0.680583,0.700155,0.675524,0.707763,0.608795,0.780912,0.747469,0.669765,0.766847,0.811985,0.742094,0.784968,0.819689,0.59814,0.762259,0.784241,0.768481,0.700939,0.783184,0.841492,0.741244,0.719056,0.689284,0.791866,0.700719,0.825511,0.725374,0.757646,0.793233,0.669398,0.849137,0.736837,0.783561,0.728757,0.699302,0.813396,0.71931,0.800846,0.70085,0.720109,0.844142,0.828607,0.771701,0.719616,0.74299,0.728684,0.793027,0.787521,0.75732,0.693781,0.772392,0.640598
Lightbulb,0.689443,0.842288,0.703228,0.731092,0.813394,0.643597,0.61949,0.637237,0.754017,0.854378,0.740411,0.779783,0.782992,0.766057,0.734942,0.823003,0.805284,0.719276,0.734635,0.792739,0.779152,0.779325,0.828884,0.717769,0.821003,0.778575,0.689265,0.850884,0.842019,0.795987,0.740086,0.766775,0.814469,0.775999,0.635576,0.772747,0.7456,0.833153,0.812057,0.775157,0.807955,0.810088,0.814879,0.869537,0.743333,0.788521,0.689744,0.676068,0.80855,0.853106,0.77293,0.770786,0.788633,0.794957,0.736555,0.79935,0.788643,0.781783,0.82061,0.779476,0.848614,0.741332,0.779456,0.833587,0.770579,0.7874,1.0,0.848257,0.785125,0.810963,0.774563,0.837158,0.758913,0.805751,0.804626,0.806239,0.747356,0.668365,0.822373,0.787085,0.696348,0.68824,0.511906,0.787393,0.840686,0.695559,0.851219,0.811587,0.834669,0.830547,0.7652,0.565929,0.819761,0.852419,0.788001,0.719896,0.807754,0.848379,0.677982,0.705768,0.675985,0.775468,0.782036,0.84681,0.845653,0.740769,0.752483,0.692565,0.796356,0.757859,0.80711,0.700157,0.720686,0.790705,0.80517,0.775471,0.746295,0.720757,0.870331,0.763365,0.826271,0.766842,0.727067,0.830229,0.750104,0.804292,0.81313,0.849505,0.775403,0.634941
Lipstick,0.663276,0.837845,0.685134,0.733565,0.855843,0.575254,0.576536,0.614278,0.731558,0.851741,0.730981,0.777947,0.678425,0.790254,0.633169,0.797103,0.782594,0.678786,0.734973,0.808985,0.706749,0.726116,0.869221,0.689189,0.782466,0.760114,0.668774,0.890599,0.842911,0.783984,0.672513,0.80504,0.749196,0.760498,0.603263,0.785826,0.830793,0.78681,0.778978,0.741425,0.752371,0.810442,0.822061,0.869674,0.709387,0.800969,0.619764,0.626051,0.725374,0.816532,0.776649,0.731528,0.758104,0.770307,0.711866,0.78467,0.746954,0.705692,0.855285,0.783417,0.827942,0.705182,0.825567,0.833299,0.812863,0.737696,0.848257,1.0,0.766993,0.835699,0.713049,0.80981,0.68132,0.789715,0.780149,0.831201,0.663447,0.678697,0.930508,0.810694,0.745691,0.646333,0.470419,0.763806,0.906576,0.676564,0.870489,0.770858,0.876076,0.766674,0.715308,0.525144,0.824574,0.871417,0.789018,0.709351,0.741395,0.813026,0.597713,0.648262,0.662406,0.728891,0.882708,0.803465,0.887006,0.721189,0.664772,0.691541,0.723596,0.78138,0.825782,0.651166,0.656911,0.725013,0.825212,0.74213,0.756877,0.680564,0.850612,0.731647,0.810877,0.761059,0.744797,0.879593,0.725335,0.761567,0.820906,0.880278,0.719211,0.51202
Lock,0.769754,0.781076,0.728042,0.809833,0.806137,0.696514,0.676032,0.684533,0.763583,0.831282,0.676757,0.722935,0.791212,0.73642,0.756688,0.78469,0.771091,0.713774,0.75102,0.832179,0.738637,0.77416,0.80174,0.685393,0.743159,0.718279,0.737821,0.734507,0.844471,0.790941,0.80221,0.811886,0.833338,0.729395,0.661908,0.77377,0.782212,0.797867,0.802977,0.68991,0.791235,0.741018,0.753933,0.80067,0.695563,0.623408,0.730778,0.654175,0.765158,0.737331,0.781581,0.736924,0.812016,0.746074,0.684286,0.822521,0.766698,0.806847,0.820543,0.677055,0.756581,0.742755,0.729187,0.75752,0.802582,0.789748,0.785125,0.766993,1.0,0.726742,0.776258,0.821031,0.770525,0.729588,0.728922,0.730699,0.74078,0.751009,0.684007,0.630356,0.716765,0.692756,0.581173,0.760618,0.730755,0.714803,0.754053,0.791786,0.744373,0.754843,0.774903,0.594818,0.802679,0.758495,0.769486,0.746146,0.737433,0.806698,0.741248,0.704808,0.690808,0.741116,0.716238,0.821624,0.697981,0.713925,0.734643,0.674971,0.819037,0.842289,0.81749,0.735004,0.669356,0.791679,0.67294,0.732052,0.752469,0.683998,0.833683,0.778758,0.747545,0.751264,0.753487,0.736115,0.730957,0.770427,0.731093,0.705308,0.730305,0.666527
Lollipop,0.640454,0.828579,0.728954,0.709338,0.775758,0.639937,0.579364,0.606832,0.719139,0.803071,0.720766,0.743346,0.703325,0.738175,0.685854,0.773362,0.754855,0.690972,0.7076,0.748384,0.757066,0.729214,0.783176,0.706197,0.753969,0.770095,0.665399,0.829581,0.760872,0.760098,0.677031,0.703975,0.761062,0.751994,0.596926,0.740461,0.715266,0.768265,0.771042,0.717858,0.752637,0.80459,0.75491,0.81244,0.746889,0.774227,0.63505,0.682357,0.746453,0.811565,0.753947,0.763584,0.719819,0.758779,0.720394,0.767325,0.755339,0.714906,0.783929,0.776331,0.798784,0.742619,0.752937,0.802415,0.719439,0.747788,0.810963,0.835699,0.726742,1.0,0.717499,0.767066,0.716136,0.787701,0.780543,0.784109,0.725789,0.613906,0.833968,0.763483,0.674655,0.669652,0.55311,0.76275,0.824777,0.649562,0.808736,0.752442,0.797222,0.770402,0.747103,0.544998,0.754625,0.817285,0.745821,0.680866,0.74938,0.788427,0.639958,0.699468,0.681879,0.755062,0.792102,0.782201,0.824335,0.70543,0.708863,0.662483,0.724146,0.710504,0.753339,0.678194,0.68328,0.753528,0.790077,0.756436,0.69607,0.671778,0.821381,0.733787,0.796317,0.735975,0.713377,0.809504,0.76641,0.771222,0.792304,0.832244,0.770534,0.572943
Mask,0.696107,0.766657,0.696129,0.746796,0.742867,0.673125,0.623119,0.640285,0.739229,0.793057,0.690118,0.714658,0.805731,0.6965,0.767125,0.764524,0.754074,0.713704,0.70794,0.770724,0.758308,0.77671,0.743784,0.672129,0.745129,0.714852,0.698384,0.720722,0.789248,0.756958,0.760219,0.725222,0.81893,0.732558,0.629409,0.732655,0.678792,0.776235,0.797573,0.686733,0.790627,0.7361,0.71965,0.776574,0.70033,0.655555,0.70992,0.655558,0.788759,0.765356,0.740921,0.753086,0.776885,0.739542,0.684805,0.776684,0.763668,0.783812,0.759147,0.696094,0.76501,0.732785,0.683364,0.739569,0.713963,0.78457,0.774563,0.713049,0.776258,0.717499,1.0,0.804609,0.771189,0.731411,0.727452,0.708384,0.753846,0.67112,0.647187,0.654391,0.643249,0.695593,0.574293,0.749663,0.706062,0.664761,0.740252,0.778245,0.716626,0.765663,0.7786,0.583698,0.750397,0.747479,0.732947,0.69541,0.75754,0.798839,0.733692,0.705683,0.670694,0.754296,0.662036,0.798727,0.697895,0.706451,0.762161,0.647558,0.813133,0.737861,0.75923,0.714789,0.67944,0.779396,0.683961,0.747058,0.693138,0.687668,0.812171,0.768798,0.743531,0.711533,0.709914,0.706735,0.738565,0.764757,0.7214,0.680005,0.740435,0.651031
Microscope,0.741035,0.804349,0.683532,0.789521,0.83461,0.666169,0.646267,0.665332,0.807841,0.865529,0.762972,0.802626,0.855497,0.769604,0.765279,0.828919,0.835112,0.775046,0.753112,0.837181,0.759748,0.845022,0.833802,0.69805,0.81893,0.7542,0.737092,0.81188,0.887184,0.812278,0.782009,0.819874,0.854415,0.800238,0.666162,0.812636,0.769968,0.819125,0.868395,0.757206,0.834714,0.777336,0.79806,0.866976,0.730553,0.737123,0.719805,0.661775,0.81774,0.82923,0.782841,0.790521,0.858767,0.788529,0.726708,0.826881,0.801675,0.80294,0.839109,0.76649,0.843607,0.750503,0.779244,0.805559,0.800055,0.845482,0.837158,0.80981,0.821031,0.767066,0.804609,1.0,0.785858,0.780646,0.776178,0.768837,0.763053,0.756655,0.745095,0.750818,0.723689,0.717845,0.550973,0.800377,0.812763,0.707051,0.826739,0.845679,0.811096,0.808162,0.823966,0.602348,0.822735,0.840582,0.811333,0.732801,0.800456,0.876684,0.730917,0.706367,0.688314,0.793772,0.757968,0.87055,0.783895,0.784301,0.790129,0.70332,0.87242,0.779285,0.843157,0.729866,0.698439,0.801691,0.759751,0.809723,0.754418,0.757061,0.880256,0.839061,0.799591,0.747035,0.768497,0.789649,0.7778,0.797296,0.798483,0.741548,0.752547,0.619732
Minerals,0.696645,0.788625,0.744766,0.752024,0.710297,0.715974,0.638758,0.660416,0.739172,0.782803,0.687303,0.702058,0.794045,0.682528,0.785718,0.769228,0.741305,0.751407,0.708974,0.764803,0.769406,0.778775,0.714574,0.701301,0.726302,0.720286,0.700226,0.690945,0.757882,0.757215,0.765914,0.69726,0.829171,0.737448,0.646513,0.714,0.648558,0.775104,0.792999,0.668573,0.794936,0.730129,0.68524,0.750285,0.731095,0.63582,0.745138,0.675507,0.78604,0.74953,0.743024,0.754494,0.762477,0.733468,0.691115,0.779328,0.772166,0.781367,0.73445,0.689864,0.746763,0.739487,0.650445,0.733492,0.681656,0.788836,0.758913,0.68132,0.770525,0.716136,0.771189,0.785858,1.0,0.745733,0.72578,0.695036,0.77738,0.647917,0.605501,0.620004,0.629985,0.709365,0.633445,0.753257,0.674107,0.668465,0.708508,0.772544,0.684712,0.766918,0.794476,0.604306,0.740085,0.730539,0.71779,0.698378,0.737223,0.785092,0.767352,0.74374,0.68832,0.762976,0.630432,0.806406,0.666291,0.695325,0.776678,0.643735,0.810836,0.731527,0.744681,0.741655,0.665365,0.797751,0.66294,0.7487,0.681231,0.70803,0.797273,0.776492,0.736868,0.709852,0.715443,0.684037,0.759672,0.767624,0.717041,0.656996,0.787219,0.688316
Mushroom,0.644479,0.863487,0.740523,0.711288,0.757466,0.660207,0.628896,0.622409,0.747794,0.823868,0.74019,0.761122,0.725586,0.716766,0.709605,0.809765,0.766801,0.735044,0.709712,0.767911,0.775004,0.75115,0.754026,0.741859,0.755151,0.762668,0.679664,0.80907,0.752505,0.769906,0.703322,0.692149,0.769815,0.779458,0.625796,0.74979,0.69169,0.791336,0.777022,0.727244,0.769289,0.780391,0.731607,0.801602,0.742541,0.775311,0.725499,0.666049,0.765098,0.813804,0.745344,0.754056,0.735631,0.760283,0.720672,0.774079,0.77944,0.713113,0.771444,0.768966,0.806153,0.709286,0.738023,0.802149,0.708789,0.753794,0.805751,0.789715,0.729588,0.787701,0.731411,0.780646,0.745733,1.0,0.767423,0.753486,0.745125,0.621404,0.775854,0.747443,0.68053,0.72328,0.599307,0.764322,0.773654,0.671867,0.779355,0.7702,0.76374,0.783359,0.752297,0.587447,0.762453,0.817526,0.748805,0.673072,0.74433,0.785196,0.666022,0.753635,0.659596,0.770192,0.729724,0.807505,0.78747,0.718983,0.736434,0.686541,0.739171,0.698144,0.749303,0.704436,0.661211,0.773599,0.761269,0.762547,0.687924,0.706756,0.825135,0.752596,0.789603,0.726308,0.72959,0.768247,0.754812,0.772121,0.789632,0.801935,0.815341,0.606942
Necklace,0.653163,0.803697,0.686159,0.711506,0.752924,0.650698,0.586932,0.599606,0.709005,0.792554,0.695791,0.721903,0.744828,0.701164,0.714104,0.777011,0.745034,0.701562,0.691268,0.736321,0.759963,0.725614,0.75022,0.685188,0.749536,0.75645,0.669904,0.795436,0.752761,0.741645,0.705142,0.681001,0.774094,0.723918,0.600532,0.719361,0.676408,0.769449,0.773987,0.709371,0.752919,0.770201,0.740355,0.802302,0.729568,0.731741,0.669941,0.662304,0.749501,0.795382,0.740003,0.736625,0.721451,0.755296,0.702846,0.768369,0.739768,0.742729,0.770139,0.732551,0.79394,0.740387,0.733099,0.778357,0.709971,0.758223,0.804626,0.780149,0.728922,0.780543,0.727452,0.776178,0.72578,0.767423,1.0,0.760733,0.737432,0.595568,0.765389,0.714784,0.651833,0.685856,0.554824,0.740414,0.777891,0.642824,0.77926,0.746097,0.761162,0.771155,0.746976,0.559477,0.738779,0.816214,0.729869,0.679299,0.758594,0.795,0.666335,0.703687,0.660025,0.741226,0.744425,0.792647,0.779802,0.679532,0.711543,0.634938,0.756563,0.707183,0.734463,0.693869,0.70561,0.756819,0.752113,0.739455,0.673485,0.688271,0.822471,0.727527,0.778831,0.722573,0.677993,0.76367,0.742744,0.762984,0.77984,0.797643,0.762094,0.617488
Necktie,0.635351,0.800921,0.665929,0.703582,0.763832,0.598795,0.561141,0.604625,0.682363,0.79448,0.686265,0.715309,0.681192,0.73198,0.662788,0.761251,0.731165,0.667303,0.70764,0.751685,0.71442,0.6956,0.797565,0.665351,0.751505,0.736774,0.639594,0.807014,0.769986,0.736948,0.675974,0.728419,0.747175,0.707658,0.587114,0.709176,0.731303,0.756364,0.755758,0.69119,0.736334,0.771716,0.761566,0.803352,0.70134,0.731745,0.637777,0.627611,0.721327,0.775253,0.739829,0.704613,0.711648,0.755903,0.67767,0.746147,0.726599,0.709523,0.777626,0.727033,0.784419,0.7006,0.73262,0.780683,0.719436,0.720427,0.806239,0.831201,0.730699,0.784109,0.708384,0.768837,0.695036,0.753486,0.760733,1.0,0.67669,0.606723,0.809745,0.735073,0.66834,0.663012,0.473371,0.730662,0.815077,0.652676,0.810656,0.732398,0.807497,0.747469,0.711611,0.54338,0.755678,0.828983,0.729808,0.692022,0.724275,0.78165,0.628022,0.64254,0.655053,0.711541,0.783612,0.785186,0.812221,0.669049,0.670105,0.64167,0.724723,0.726495,0.767667,0.667016,0.677573,0.71464,0.769278,0.714174,0.705717,0.666342,0.806915,0.697919,0.767288,0.736814,0.686887,0.805231,0.703481,0.73618,0.769737,0.794356,0.710652,0.572697
Orifan,0.70972,0.771377,0.725584,0.714469,0.701618,0.753392,0.664874,0.641882,0.756618,0.766104,0.713266,0.719435,0.818123,0.667664,0.80351,0.762225,0.759248,0.726978,0.700741,0.732928,0.815099,0.785623,0.683654,0.6906,0.733012,0.741465,0.716201,0.70908,0.720351,0.743478,0.76783,0.653601,0.804352,0.754585,0.640491,0.731808,0.613496,0.774708,0.785043,0.708148,0.776004,0.733274,0.67763,0.749112,0.732729,0.679332,0.735061,0.704889,0.814543,0.785087,0.717247,0.785223,0.746503,0.742461,0.71959,0.773605,0.779407,0.771433,0.714944,0.720122,0.756885,0.769002,0.655152,0.729344,0.674327,0.786867,0.747356,0.663447,0.74078,0.725789,0.753846,0.763053,0.77738,0.745125,0.737432,0.67669,1.0,0.636338,0.616475,0.653487,0.620051,0.719587,0.6619,0.755633,0.658342,0.653042,0.701612,0.770175,0.663865,0.778897,0.783473,0.601613,0.701169,0.725149,0.716306,0.673036,0.761852,0.7743,0.739587,0.766996,0.673577,0.794434,0.626997,0.778951,0.668973,0.721317,0.803907,0.650796,0.781789,0.684263,0.699003,0.712253,0.715406,0.815622,0.678747,0.781198,0.650963,0.685956,0.792861,0.772086,0.749358,0.691873,0.704225,0.653909,0.759703,0.769346,0.720957,0.666312,0.806012,0.716488
Oven,0.746842,0.643698,0.602738,0.708733,0.757998,0.566608,0.668765,0.627912,0.790677,0.757533,0.696502,0.733251,0.691721,0.727111,0.628066,0.689024,0.783974,0.625241,0.704188,0.767871,0.608603,0.784888,0.767037,0.582778,0.671071,0.596174,0.66074,0.651923,0.80831,0.734743,0.70061,0.8353,0.729982,0.758219,0.624285,0.796423,0.779288,0.708218,0.727603,0.671851,0.704766,0.634595,0.68533,0.713009,0.566115,0.596781,0.594724,0.566798,0.686957,0.672019,0.667173,0.71488,0.81553,0.630213,0.620938,0.73237,0.714722,0.659114,0.732546,0.681377,0.649803,0.638132,0.670929,0.677206,0.765979,0.710608,0.668365,0.678697,0.751009,0.613906,0.67112,0.756655,0.647917,0.621404,0.595568,0.606723,0.636338,1.0,0.603391,0.65987,0.720248,0.553183,0.452298,0.69562,0.671238,0.662873,0.691396,0.771172,0.676791,0.65922,0.681249,0.50915,0.728945,0.632821,0.752374,0.642996,0.63226,0.722144,0.605004,0.569095,0.597279,0.69948,0.638243,0.732933,0.602972,0.796872,0.6886,0.699077,0.699753,0.725346,0.781731,0.581555,0.53889,0.72835,0.609807,0.736909,0.708888,0.575828,0.721646,0.779011,0.653652,0.636997,0.783973,0.648994,0.669147,0.666228,0.638023,0.545802,0.60372,0.514313
Paintbrush,0.588483,0.813855,0.628169,0.655935,0.824427,0.507,0.523423,0.544503,0.688664,0.806534,0.717893,0.760289,0.606087,0.757148,0.564972,0.755127,0.742621,0.611556,0.685784,0.739211,0.683052,0.669691,0.824826,0.669139,0.745717,0.735943,0.608003,0.90662,0.775001,0.732139,0.596754,0.732771,0.671596,0.735542,0.546612,0.755551,0.785197,0.741262,0.724406,0.726186,0.692663,0.805547,0.797181,0.843284,0.676881,0.834684,0.547582,0.602704,0.67935,0.808542,0.725362,0.702309,0.686083,0.736391,0.693043,0.724247,0.703633,0.633453,0.822035,0.793216,0.808927,0.666932,0.820996,0.813339,0.764523,0.680583,0.822373,0.930508,0.684007,0.833968,0.647187,0.745095,0.605501,0.775854,0.765389,0.809745,0.616475,0.603391,1.0,0.838685,0.713734,0.595578,0.416975,0.727127,0.916539,0.616058,0.858963,0.719528,0.859504,0.735642,0.647761,0.469083,0.766211,0.856579,0.752684,0.639217,0.71528,0.766415,0.497885,0.603676,0.606129,0.694768,0.887801,0.736695,0.906347,0.692146,0.612314,0.659324,0.638427,0.700797,0.760231,0.579894,0.631709,0.673606,0.842567,0.715632,0.69787,0.622187,0.806633,0.672346,0.795381,0.720374,0.694661,0.873314,0.699535,0.722108,0.808303,0.931042,0.700734,0.446534
Pen,0.567258,0.752681,0.570308,0.574224,0.738633,0.491178,0.54091,0.541062,0.741186,0.776371,0.811591,0.80731,0.664353,0.743168,0.596237,0.727617,0.80136,0.623534,0.662513,0.686885,0.691648,0.772235,0.775998,0.617431,0.768816,0.693323,0.569155,0.847128,0.748006,0.716834,0.576447,0.695889,0.689393,0.822381,0.550303,0.76742,0.678835,0.738939,0.736286,0.76604,0.720789,0.757808,0.751713,0.804612,0.641492,0.880341,0.544764,0.601418,0.748658,0.856943,0.653486,0.768277,0.734278,0.71421,0.698672,0.684447,0.746096,0.611979,0.714043,0.854259,0.798302,0.637271,0.729857,0.780218,0.669545,0.700155,0.787085,0.810694,0.630356,0.763483,0.654391,0.750818,0.620004,0.747443,0.714784,0.735073,0.653487,0.65987,0.838685,1.0,0.651979,0.576485,0.376303,0.723222,0.843892,0.595926,0.833201,0.767145,0.803741,0.758436,0.663998,0.464756,0.709395,0.788113,0.746361,0.574183,0.737912,0.771529,0.506596,0.575325,0.569921,0.753061,0.742526,0.729465,0.855217,0.807465,0.704135,0.700069,0.649056,0.559026,0.725893,0.53182,0.635689,0.70791,0.832904,0.798923,0.655183,0.619992,0.769548,0.738088,0.769659,0.65403,0.730073,0.785239,0.70651,0.716951,0.752754,0.779731,0.676261,0.449316
Pictureframe,0.682225,0.716417,0.623146,0.697041,0.761384,0.571867,0.629427,0.59536,0.726119,0.75727,0.659366,0.706621,0.637524,0.70035,0.590849,0.72411,0.727006,0.646099,0.683319,0.750895,0.617731,0.689849,0.748396,0.628348,0.665978,0.646637,0.652911,0.713591,0.756221,0.716985,0.66469,0.761382,0.68106,0.702832,0.605743,0.748881,0.768117,0.700572,0.700219,0.653446,0.665815,0.661317,0.689596,0.731896,0.612186,0.634779,0.627171,0.561446,0.63315,0.67044,0.679759,0.661576,0.724735,0.65691,0.627001,0.724858,0.677425,0.628405,0.761361,0.668371,0.686257,0.637354,0.712244,0.70648,0.757642,0.675524,0.696348,0.745691,0.716765,0.674655,0.643249,0.723689,0.629985,0.68053,0.651833,0.66834,0.620051,0.720248,0.713734,0.651979,1.0,0.602795,0.501466,0.677737,0.722957,0.653418,0.705292,0.71258,0.709326,0.660373,0.657786,0.529138,0.734,0.722158,0.724118,0.63898,0.623988,0.705663,0.570407,0.615722,0.600472,0.664353,0.723954,0.740253,0.669699,0.691136,0.617974,0.664094,0.659163,0.716548,0.746952,0.607424,0.559768,0.680951,0.650592,0.684169,0.684345,0.61814,0.733431,0.708154,0.681268,0.6603,0.723213,0.699024,0.657909,0.663228,0.700615,0.665754,0.658951,0.513523
Pinecone,0.61611,0.77096,0.674734,0.694667,0.645137,0.66599,0.626375,0.564086,0.665465,0.735635,0.636678,0.648616,0.702784,0.60207,0.725033,0.735066,0.673897,0.697164,0.655477,0.712334,0.727824,0.683631,0.642092,0.649959,0.655439,0.689913,0.669313,0.660201,0.653372,0.682894,0.714014,0.597336,0.718582,0.648343,0.569956,0.646387,0.596076,0.705642,0.722892,0.613729,0.690516,0.666497,0.618599,0.684026,0.678423,0.609796,0.770328,0.595867,0.697579,0.686784,0.679386,0.673705,0.658702,0.698005,0.6391,0.709163,0.686073,0.682417,0.683193,0.633848,0.71135,0.671802,0.622881,0.681563,0.630323,0.707763,0.68824,0.646333,0.692756,0.669652,0.695593,0.717845,0.709365,0.72328,0.685856,0.663012,0.719587,0.553183,0.595578,0.576485,0.602795,1.0,0.68221,0.687941,0.619673,0.642225,0.65375,0.687598,0.630715,0.699635,0.737206,0.60062,0.666207,0.745242,0.650896,0.619365,0.667439,0.704613,0.686648,0.746131,0.611834,0.706429,0.617524,0.747743,0.631059,0.612644,0.687481,0.582724,0.721475,0.63624,0.662115,0.703478,0.612262,0.693091,0.614889,0.677344,0.602335,0.667248,0.753611,0.690394,0.669362,0.673042,0.62467,0.630663,0.677543,0.688807,0.697727,0.624131,0.745062,0.64044
Pizza,0.564212,0.652284,0.672784,0.619897,0.499155,0.655963,0.579054,0.499049,0.562016,0.582287,0.489868,0.500001,0.598668,0.446121,0.63329,0.600506,0.536528,0.607869,0.528086,0.583018,0.648542,0.560341,0.456536,0.575502,0.48918,0.579651,0.607423,0.476624,0.490777,0.563429,0.635279,0.448334,0.598002,0.523232,0.502001,0.526915,0.45503,0.569058,0.583086,0.458349,0.56435,0.54236,0.446583,0.506514,0.600465,0.438216,0.691426,0.560234,0.561676,0.509495,0.580637,0.570346,0.522913,0.548601,0.538113,0.602282,0.568886,0.581149,0.550298,0.49477,0.536673,0.616896,0.478104,0.531282,0.509537,0.608795,0.511906,0.470419,0.581173,0.55311,0.574293,0.550973,0.633445,0.599307,0.554824,0.473371,0.6619,0.452298,0.416975,0.376303,0.501466,0.68221,1.0,0.566577,0.423436,0.517029,0.448772,0.550943,0.435922,0.549948,0.631032,0.527315,0.51627,0.553582,0.516015,0.520866,0.51674,0.546472,0.61942,0.720286,0.552213,0.587369,0.470604,0.600522,0.426758,0.483189,0.58037,0.47168,0.590827,0.538036,0.500437,0.645172,0.508284,0.621474,0.438822,0.559337,0.464671,0.540837,0.593489,0.598958,0.530142,0.546359,0.526487,0.448866,0.617536,0.577093,0.5384,0.465665,0.723948,0.591276
Plug,0.689039,0.798031,0.717367,0.739374,0.767916,0.665426,0.6307,0.631195,0.773966,0.809657,0.738711,0.755071,0.761085,0.747976,0.736146,0.780047,0.78223,0.706878,0.735956,0.780091,0.765551,0.792315,0.77691,0.703568,0.753818,0.730049,0.693284,0.767338,0.791378,0.776847,0.731193,0.742347,0.804552,0.789665,0.627275,0.770317,0.717093,0.784043,0.801954,0.713409,0.784939,0.775716,0.73195,0.7978,0.72008,0.724432,0.682651,0.68179,0.788888,0.801232,0.748278,0.79031,0.777338,0.739752,0.713051,0.781512,0.78649,0.744511,0.769489,0.762187,0.77659,0.737357,0.710889,0.771406,0.72456,0.780912,0.787393,0.763806,0.760618,0.76275,0.749663,0.800377,0.753257,0.764322,0.740414,0.730662,0.755633,0.69562,0.727127,0.723222,0.677737,0.687941,0.566577,1.0,0.765548,0.671259,0.777686,0.794712,0.753481,0.772857,0.775852,0.564633,0.766166,0.768079,0.758914,0.68267,0.751728,0.798702,0.689815,0.704548,0.678065,0.78495,0.715292,0.798886,0.748826,0.756653,0.779377,0.687943,0.769076,0.7284,0.776608,0.693614,0.653066,0.793514,0.735892,0.78686,0.710098,0.669595,0.814601,0.789275,0.769333,0.722407,0.750658,0.755498,0.775326,0.775057,0.754205,0.72692,0.765677,0.600346
Pogostick,0.635757,0.801407,0.638486,0.694331,0.834402,0.546585,0.550823,0.588937,0.735947,0.829629,0.757222,0.789305,0.6943,0.800135,0.631,0.77723,0.786872,0.679322,0.723466,0.771523,0.701532,0.745358,0.854557,0.66462,0.789447,0.741673,0.63968,0.883794,0.832135,0.7663,0.652315,0.783071,0.744107,0.779627,0.591488,0.780807,0.797232,0.769176,0.786825,0.74332,0.754327,0.811379,0.815006,0.867008,0.699595,0.819666,0.585947,0.638958,0.73524,0.83215,0.749067,0.75822,0.757991,0.757417,0.711459,0.757547,0.742991,0.695348,0.827203,0.809699,0.831536,0.707448,0.805538,0.821621,0.777962,0.747469,0.840686,0.906576,0.730755,0.824777,0.706062,0.812763,0.674107,0.773654,0.777891,0.815077,0.658342,0.671238,0.916539,0.843892,0.722957,0.619673,0.423436,0.765548,1.0,0.650499,0.877728,0.776547,0.871316,0.770744,0.71489,0.506321,0.795984,0.860651,0.780275,0.67263,0.761865,0.822095,0.578776,0.605176,0.650463,0.738456,0.86401,0.790342,0.891577,0.747022,0.687869,0.68668,0.722203,0.718334,0.808017,0.623744,0.664587,0.721833,0.845009,0.768829,0.733632,0.677573,0.833669,0.742154,0.805449,0.734415,0.735157,0.877765,0.748231,0.763936,0.819257,0.854329,0.700883,0.492213
Pot,0.664115,0.716886,0.65106,0.677727,0.690964,0.619923,0.632622,0.609186,0.685645,0.730696,0.627979,0.661328,0.662838,0.663534,0.635883,0.707861,0.692708,0.637743,0.67183,0.721398,0.640515,0.681465,0.70243,0.63132,0.668516,0.641629,0.639044,0.653869,0.720337,0.705045,0.6821,0.702905,0.704432,0.667012,0.599317,0.683223,0.6851,0.702299,0.689957,0.636254,0.681639,0.648817,0.65508,0.69198,0.619814,0.590078,0.670027,0.578705,0.669585,0.663967,0.667743,0.656633,0.703055,0.667187,0.612763,0.70895,0.684503,0.658226,0.69789,0.628996,0.664591,0.631686,0.635217,0.682209,0.679834,0.669765,0.695559,0.676564,0.714803,0.649562,0.664761,0.707051,0.668465,0.671867,0.642824,0.652676,0.653042,0.662873,0.616058,0.595926,0.653418,0.642225,0.517029,0.671259,0.650499,1.0,0.671572,0.702626,0.661358,0.670664,0.674077,0.552368,0.708377,0.67764,0.68235,0.641342,0.634325,0.689875,0.623272,0.635733,0.607919,0.668248,0.63013,0.739865,0.627203,0.653838,0.650374,0.634075,0.680315,0.694581,0.714583,0.636446,0.587561,0.688543,0.608313,0.663604,0.676279,0.616993,0.71742,0.680994,0.663008,0.665714,0.682821,0.656916,0.641447,0.667993,0.658239,0.624562,0.661754,0.598871
Razor,0.667256,0.809169,0.652802,0.707716,0.817806,0.586573,0.585751,0.610209,0.75394,0.838366,0.767242,0.792314,0.736908,0.78654,0.683446,0.789975,0.807365,0.681236,0.733303,0.783475,0.738575,0.780285,0.848435,0.671934,0.804738,0.748673,0.657435,0.861371,0.837646,0.778025,0.692826,0.785109,0.783371,0.791369,0.606815,0.784542,0.770614,0.796854,0.80433,0.759647,0.783699,0.807159,0.814091,0.860621,0.705023,0.81022,0.628573,0.646678,0.779913,0.847623,0.75492,0.775516,0.783519,0.775718,0.720053,0.772245,0.772879,0.731691,0.813665,0.807384,0.833114,0.719264,0.778479,0.819349,0.765109,0.766847,0.851219,0.870489,0.754053,0.808736,0.740252,0.826739,0.708508,0.779355,0.77926,0.810656,0.701612,0.691396,0.858963,0.833201,0.705292,0.65375,0.448772,0.777686,0.877728,0.671572,1.0,0.800556,0.852634,0.793533,0.742097,0.530992,0.797525,0.848557,0.786539,0.691676,0.782824,0.834787,0.626025,0.638532,0.656936,0.765576,0.810467,0.811456,0.866122,0.767247,0.730125,0.698204,0.758129,0.729673,0.811108,0.650031,0.687104,0.754316,0.825431,0.788785,0.739241,0.68226,0.845765,0.76462,0.807997,0.746218,0.742407,0.845743,0.746204,0.774531,0.802293,0.824109,0.717294,0.551613
Recordplayer,0.730848,0.796506,0.700641,0.746356,0.797146,0.661834,0.675945,0.663057,0.82123,0.842695,0.781627,0.803297,0.814615,0.767464,0.755605,0.806589,0.838775,0.736525,0.750937,0.808013,0.768473,0.849946,0.806869,0.698857,0.795479,0.733273,0.712855,0.783693,0.843562,0.80325,0.761046,0.796421,0.830119,0.828673,0.662891,0.816084,0.744608,0.812814,0.830893,0.762199,0.817751,0.770645,0.767836,0.826717,0.71004,0.747515,0.706576,0.675975,0.823758,0.827645,0.752606,0.811318,0.842732,0.760257,0.727405,0.804381,0.815348,0.767883,0.793748,0.788851,0.802806,0.739376,0.738016,0.791092,0.763361,0.811985,0.811587,0.770858,0.791786,0.752442,0.778245,0.845679,0.772544,0.7702,0.746097,0.732398,0.770175,0.771172,0.719528,0.767145,0.71258,0.687598,0.550943,0.794712,0.776547,0.702626,0.800556,1.0,0.774398,0.805088,0.793897,0.584762,0.796337,0.784003,0.800373,0.699451,0.778642,0.836225,0.706904,0.703582,0.676316,0.80902,0.711779,0.837548,0.757303,0.816485,0.807725,0.72852,0.81123,0.738876,0.813567,0.69155,0.680923,0.818778,0.74831,0.825481,0.739893,0.707029,0.838756,0.832798,0.785361,0.726882,0.791337,0.75762,0.774585,0.787793,0.762221,0.715004,0.759663,0.620777
Remotecontrol,0.65314,0.7974,0.642141,0.705215,0.814348,0.56481,0.562837,0.605824,0.726107,0.823121,0.730784,0.768298,0.700543,0.772761,0.644179,0.778465,0.780612,0.674789,0.719864,0.778441,0.698886,0.742933,0.847047,0.662122,0.789259,0.736484,0.646973,0.850384,0.830717,0.764373,0.669017,0.790485,0.754141,0.756824,0.598725,0.764932,0.78254,0.773665,0.78049,0.734308,0.757183,0.78439,0.803517,0.84758,0.689806,0.782148,0.607831,0.622942,0.737566,0.811945,0.745625,0.730834,0.763866,0.759101,0.695387,0.758518,0.743931,0.704262,0.811716,0.773017,0.815263,0.693664,0.780474,0.807645,0.765905,0.742094,0.834669,0.876076,0.744373,0.797222,0.716626,0.811096,0.684712,0.76374,0.761162,0.807497,0.663865,0.676791,0.859504,0.803741,0.709326,0.630715,0.435922,0.753481,0.871316,0.661358,0.852634,0.774398,1.0,0.766763,0.718628,0.520975,0.795289,0.846335,0.772391,0.691284,0.744701,0.815142,0.597914,0.620275,0.646833,0.728533,0.820125,0.802129,0.85171,0.728341,0.682536,0.680192,0.737848,0.734384,0.808137,0.635214,0.656471,0.721049,0.806357,0.750071,0.734179,0.678587,0.827401,0.737841,0.788278,0.734536,0.727327,0.841759,0.715954,0.74606,0.791481,0.813883,0.696208,0.524658
Ring,0.670567,0.813893,0.700017,0.703537,0.763132,0.658499,0.632023,0.63071,0.762937,0.819141,0.742222,0.769528,0.80364,0.728485,0.757873,0.79842,0.795527,0.724903,0.713772,0.759848,0.790631,0.796096,0.7657,0.707279,0.795867,0.757003,0.687056,0.797389,0.795329,0.774893,0.735798,0.717065,0.804764,0.781421,0.633139,0.760783,0.681051,0.811402,0.802463,0.761679,0.799401,0.777528,0.75927,0.824662,0.730846,0.760892,0.701717,0.676055,0.823278,0.835666,0.737945,0.782759,0.77881,0.76852,0.731326,0.782182,0.79105,0.769001,0.769877,0.770671,0.818139,0.73488,0.729242,0.792592,0.72078,0.784968,0.830547,0.766674,0.754843,0.770402,0.765663,0.808162,0.766918,0.783359,0.771155,0.747469,0.778897,0.65922,0.735642,0.758436,0.660373,0.699635,0.549948,0.772857,0.770744,0.670664,0.793533,0.805088,0.766763,1.0,0.769303,0.57025,0.77067,0.799496,0.761361,0.681822,0.79243,0.825266,0.692977,0.723306,0.661459,0.789273,0.706305,0.81871,0.779419,0.751934,0.789361,0.683089,0.791132,0.701117,0.762362,0.686785,0.717442,0.797877,0.763098,0.784084,0.701964,0.713261,0.835945,0.771123,0.797109,0.723163,0.723724,0.755232,0.748975,0.790029,0.774914,0.76846,0.78768,0.645538
Rollerskates,0.701148,0.781849,0.722198,0.768916,0.745194,0.71154,0.63402,0.639837,0.767746,0.801009,0.721691,0.734579,0.819071,0.706992,0.787311,0.782382,0.773081,0.761207,0.72158,0.775292,0.77013,0.810528,0.74682,0.692421,0.746455,0.742156,0.721967,0.725936,0.780561,0.773515,0.765226,0.716198,0.840588,0.75835,0.637928,0.746621,0.673656,0.771636,0.827342,0.690719,0.799341,0.750498,0.705114,0.778591,0.744192,0.671693,0.717186,0.686871,0.78817,0.781714,0.754002,0.791116,0.78979,0.748854,0.708062,0.794702,0.777311,0.776361,0.761328,0.727688,0.773778,0.768295,0.689564,0.750776,0.70485,0.819689,0.7652,0.715308,0.774903,0.747103,0.7786,0.823966,0.794476,0.752297,0.746976,0.711611,0.783473,0.681249,0.647761,0.663998,0.657786,0.737206,0.631032,0.775852,0.71489,0.674077,0.742097,0.793897,0.718628,0.769303,1.0,0.605553,0.748901,0.767054,0.747055,0.695212,0.760391,0.815071,0.753453,0.735408,0.702246,0.7879,0.680427,0.823807,0.69992,0.730501,0.788477,0.654572,0.831893,0.722145,0.764895,0.740478,0.676057,0.796274,0.694907,0.788127,0.687749,0.715498,0.824468,0.815178,0.753926,0.716498,0.729546,0.713941,0.795208,0.777349,0.749032,0.670797,0.770503,0.64364
Rug,0.561585,0.61556,0.572851,0.592037,0.55279,0.581187,0.551179,0.540069,0.5793,0.604548,0.53931,0.546645,0.603641,0.521638,0.589127,0.618605,0.575614,0.594349,0.559044,0.596796,0.582414,0.580387,0.542847,0.560765,0.557336,0.566938,0.569988,0.535647,0.569859,0.583974,0.605896,0.541605,0.615233,0.559834,0.539524,0.557584,0.519776,0.589104,0.600016,0.520025,0.589382,0.541462,0.523992,0.567217,0.561893,0.486893,0.640065,0.518974,0.574726,0.556347,0.567648,0.556326,0.579623,0.573929,0.527267,0.605513,0.592416,0.574608,0.578003,0.516007,0.574035,0.564524,0.519887,0.565858,0.551919,0.59814,0.565929,0.525144,0.594818,0.544998,0.583698,0.602348,0.604306,0.587447,0.559477,0.54338,0.601613,0.50915,0.469083,0.464756,0.529138,0.60062,0.527315,0.564633,0.506321,0.552368,0.530992,0.584762,0.520975,0.57025,0.605553,1.0,0.571125,0.581798,0.559871,0.54338,0.548452,0.584374,0.582328,0.601836,0.543996,0.581217,0.503711,0.639345,0.496556,0.524453,0.567545,0.528362,0.60868,0.564227,0.573488,0.596731,0.537228,0.602349,0.496448,0.57347,0.532861,0.571123,0.612881,0.597469,0.563224,0.554692,0.566131,0.51318,0.572101,0.57538,0.571025,0.492785,0.611466,0.559572
Saltpeppershaker,0.716556,0.807453,0.701691,0.761305,0.822567,0.635429,0.643283,0.652204,0.76358,0.841101,0.708044,0.758498,0.75096,0.762574,0.697276,0.802961,0.786557,0.71286,0.740637,0.821318,0.711925,0.766683,0.82594,0.703881,0.771301,0.726375,0.701085,0.791168,0.854317,0.797152,0.738135,0.813237,0.795739,0.7583,0.650638,0.784278,0.796486,0.799073,0.791776,0.722784,0.779848,0.75307,0.779042,0.831096,0.696713,0.703107,0.692669,0.630156,0.75435,0.775236,0.764513,0.731552,0.798638,0.747177,0.69653,0.799474,0.7647,0.748216,0.827494,0.72227,0.787868,0.701936,0.761409,0.789675,0.80045,0.762259,0.819761,0.824574,0.802679,0.754625,0.750397,0.822735,0.740085,0.762453,0.738779,0.755678,0.701169,0.728945,0.766211,0.709395,0.734,0.666207,0.51627,0.766166,0.795984,0.708377,0.797525,0.796337,0.795289,0.77067,0.748901,0.571125,1.0,0.795419,0.781763,0.719335,0.735846,0.808962,0.675037,0.686264,0.667084,0.738314,0.765212,0.830469,0.766343,0.728192,0.716937,0.69977,0.776653,0.798405,0.82247,0.690861,0.642919,0.761192,0.729616,0.740387,0.75922,0.699946,0.834627,0.767403,0.772498,0.74423,0.757822,0.789065,0.721211,0.764813,0.77029,0.764349,0.732559,0.594348
Saxophone,0.673679,0.858261,0.674073,0.740717,0.813362,0.628739,0.605961,0.610865,0.743018,0.854494,0.74523,0.783751,0.74763,0.749385,0.703943,0.838635,0.790144,0.757613,0.728667,0.795783,0.759486,0.755474,0.822737,0.704965,0.801525,0.785893,0.694029,0.869685,0.809747,0.775618,0.719666,0.750708,0.779065,0.761464,0.618421,0.767059,0.752618,0.802769,0.815094,0.744538,0.773892,0.799124,0.798465,0.865548,0.747455,0.797585,0.712981,0.646284,0.758864,0.834652,0.768942,0.743138,0.76385,0.800387,0.722669,0.795478,0.76245,0.735488,0.833912,0.779459,0.858269,0.733175,0.801916,0.830848,0.770323,0.784241,0.852419,0.871417,0.758495,0.817285,0.747479,0.840582,0.730539,0.817526,0.816214,0.828983,0.725149,0.632821,0.856579,0.788113,0.722158,0.745242,0.553582,0.768079,0.860651,0.67764,0.848557,0.784003,0.846335,0.799496,0.767054,0.581798,0.795419,1.0,0.781602,0.703972,0.772345,0.844919,0.654769,0.709104,0.660967,0.759253,0.835419,0.852084,0.858312,0.716421,0.711689,0.6749,0.785563,0.733548,0.800276,0.707127,0.694901,0.753206,0.811914,0.771495,0.717467,0.755752,0.869088,0.762821,0.813266,0.756159,0.714666,0.832641,0.746162,0.773871,0.840653,0.841383,0.77809,0.58777
Scale,0.715388,0.777978,0.675184,0.733302,0.805409,0.621861,0.654133,0.639847,0.790049,0.8249,0.743748,0.779269,0.751489,0.755273,0.692762,0.784535,0.807335,0.705222,0.730823,0.792463,0.720537,0.792764,0.803266,0.679271,0.758373,0.719191,0.6934,0.787188,0.822426,0.779838,0.72481,0.792636,0.780274,0.790803,0.64085,0.803082,0.765779,0.780994,0.790193,0.740065,0.76767,0.748994,0.759266,0.812518,0.686729,0.728366,0.664381,0.638592,0.759834,0.789969,0.738199,0.76107,0.804781,0.732836,0.701653,0.785367,0.772677,0.722703,0.79896,0.758161,0.777055,0.7097,0.758236,0.780175,0.776277,0.768481,0.788001,0.789018,0.769486,0.745821,0.732947,0.811333,0.71779,0.748805,0.729869,0.729808,0.716306,0.752374,0.752684,0.746361,0.724118,0.650896,0.516015,0.758914,0.780275,0.68235,0.786539,0.800373,0.772391,0.761361,0.747055,0.559871,0.781763,0.781602,1.0,0.687777,0.735721,0.803045,0.651879,0.672734,0.653993,0.761674,0.74335,0.808307,0.75452,0.776495,0.737273,0.709696,0.758255,0.745234,0.800726,0.66164,0.645356,0.773571,0.735325,0.778778,0.727383,0.677907,0.817228,0.788753,0.766522,0.712683,0.76936,0.758805,0.738035,0.753117,0.759926,0.736147,0.729365,0.57194
Scarf,0.693747,0.721547,0.672499,0.732836,0.721137,0.639574,0.591622,0.625833,0.668459,0.745413,0.599774,0.643312,0.689651,0.664695,0.665584,0.705844,0.685961,0.646905,0.675972,0.741877,0.663704,0.671645,0.724118,0.63159,0.672698,0.672668,0.65644,0.676275,0.747619,0.710363,0.706314,0.719764,0.743564,0.646795,0.600833,0.678145,0.699443,0.714939,0.720496,0.622954,0.707745,0.680627,0.687479,0.721046,0.650065,0.574783,0.645299,0.606013,0.678518,0.666143,0.715561,0.656732,0.709746,0.683464,0.625814,0.740482,0.687875,0.721604,0.734895,0.614212,0.686394,0.680885,0.664308,0.700959,0.712125,0.700939,0.719896,0.709351,0.746146,0.680866,0.69541,0.732801,0.698378,0.673072,0.679299,0.692022,0.673036,0.642996,0.639217,0.574183,0.63898,0.619365,0.520866,0.68267,0.67263,0.641342,0.691676,0.699451,0.691284,0.681822,0.695212,0.54338,0.719335,0.703972,0.687777,1.0,0.65906,0.724744,0.664955,0.646331,0.642262,0.663133,0.672761,0.746834,0.650269,0.624129,0.64955,0.603951,0.727873,0.766388,0.731133,0.673574,0.60532,0.706741,0.627129,0.656264,0.677112,0.624026,0.754421,0.682928,0.685167,0.689882,0.66406,0.685002,0.666809,0.692951,0.680573,0.66603,0.673329,0.605927
Scissors,0.64559,0.762239,0.65506,0.687644,0.749353,0.634552,0.586831,0.597306,0.731959,0.789985,0.721399,0.737638,0.819441,0.702877,0.76031,0.762371,0.768386,0.68661,0.688895,0.732581,0.79017,0.776398,0.744875,0.656378,0.773011,0.732989,0.67068,0.778892,0.779533,0.744002,0.72689,0.689465,0.798855,0.7502,0.600805,0.737838,0.652165,0.783006,0.793251,0.731276,0.785779,0.766448,0.747242,0.810175,0.700352,0.74118,0.658608,0.667236,0.814373,0.829468,0.71908,0.779405,0.759198,0.753051,0.707484,0.758586,0.762966,0.774673,0.755556,0.74918,0.809508,0.741911,0.707461,0.760612,0.704885,0.783184,0.807754,0.741395,0.737433,0.74938,0.75754,0.800456,0.737223,0.74433,0.758594,0.724275,0.761852,0.63226,0.71528,0.737912,0.623988,0.667439,0.51674,0.751728,0.761865,0.634325,0.782824,0.778642,0.744701,0.79243,0.760391,0.548452,0.735846,0.772345,0.735721,0.65906,1.0,0.812599,0.689522,0.687806,0.646428,0.773313,0.686112,0.779598,0.76642,0.723202,0.766238,0.643816,0.789269,0.676051,0.735344,0.670275,0.738012,0.778538,0.749218,0.76908,0.674824,0.674888,0.824285,0.750166,0.779476,0.701815,0.686111,0.736702,0.742959,0.782805,0.74892,0.750152,0.73849,0.634903
Scooter,0.725359,0.809704,0.688428,0.773521,0.825775,0.666887,0.635014,0.653442,0.795198,0.856309,0.765017,0.799283,0.849842,0.767956,0.772828,0.820907,0.830925,0.762464,0.746087,0.811964,0.777367,0.840205,0.826406,0.699006,0.819916,0.768337,0.722192,0.829003,0.865488,0.806746,0.771764,0.790575,0.854644,0.800361,0.655099,0.805437,0.747104,0.825259,0.859529,0.766005,0.830159,0.794677,0.801559,0.870229,0.742957,0.757341,0.703281,0.677816,0.825188,0.849279,0.781975,0.797643,0.839067,0.787783,0.73702,0.825325,0.803994,0.807342,0.829965,0.782368,0.845472,0.765136,0.781038,0.813341,0.781493,0.841492,0.848379,0.813026,0.806698,0.788427,0.798839,0.876684,0.785092,0.785196,0.795,0.78165,0.7743,0.722144,0.766415,0.771529,0.705663,0.704613,0.546472,0.798702,0.822095,0.689875,0.834787,0.836225,0.815142,0.825266,0.815071,0.584374,0.808962,0.844919,0.803045,0.724744,0.812599,1.0,0.71941,0.705856,0.689485,0.79831,0.762457,0.855926,0.805968,0.779351,0.795135,0.696313,0.858279,0.768741,0.823502,0.719147,0.714777,0.810436,0.780355,0.809996,0.738873,0.746457,0.88036,0.828584,0.812759,0.750868,0.757282,0.796147,0.781745,0.806333,0.803687,0.774557,0.768714,0.627989
Scrunchie,0.67252,0.716795,0.71415,0.732153,0.648775,0.693096,0.605899,0.626115,0.675377,0.718834,0.602987,0.616909,0.768643,0.611049,0.770466,0.70359,0.671762,0.697772,0.663058,0.722963,0.738975,0.713951,0.64485,0.633273,0.651967,0.658664,0.677363,0.59944,0.69731,0.696447,0.750592,0.642971,0.791642,0.656026,0.603961,0.646647,0.594432,0.709598,0.741122,0.586565,0.744453,0.665695,0.620718,0.672161,0.66619,0.528835,0.717872,0.631683,0.738361,0.665896,0.704386,0.695512,0.708179,0.683705,0.624263,0.739071,0.709686,0.7644,0.682437,0.591978,0.675898,0.709742,0.57907,0.65394,0.639192,0.741244,0.677982,0.597713,0.741248,0.639958,0.733692,0.730917,0.767352,0.666022,0.666335,0.628022,0.739587,0.605004,0.497885,0.506596,0.570407,0.686648,0.61942,0.689815,0.578776,0.623272,0.626025,0.706904,0.597914,0.692977,0.753453,0.582328,0.675037,0.654769,0.651879,0.664955,0.689522,0.71941,1.0,0.711349,0.651836,0.704911,0.550803,0.742728,0.570381,0.616907,0.727244,0.573581,0.781408,0.711298,0.684652,0.726753,0.652495,0.750147,0.570323,0.677885,0.630094,0.649626,0.746903,0.717137,0.664075,0.662665,0.653126,0.598261,0.698384,0.719697,0.64069,0.568172,0.709626,0.67208
Seashell,0.644369,0.803871,0.758484,0.709703,0.67225,0.710694,0.646939,0.605723,0.701077,0.748163,0.637693,0.664023,0.722932,0.60583,0.735773,0.754349,0.691412,0.711155,0.656231,0.719477,0.770069,0.693639,0.631951,0.712311,0.658813,0.723078,0.693836,0.679118,0.66227,0.716734,0.719381,0.60171,0.740138,0.689516,0.611412,0.68102,0.599419,0.736586,0.719539,0.645947,0.716584,0.691566,0.625152,0.698478,0.713548,0.633205,0.75227,0.646996,0.724355,0.710968,0.702652,0.699046,0.673978,0.698472,0.674718,0.745834,0.72397,0.707896,0.704147,0.648627,0.716967,0.703858,0.650014,0.708702,0.6555,0.719056,0.705768,0.648262,0.704808,0.699468,0.705683,0.706367,0.74374,0.753635,0.703687,0.64254,0.766996,0.569095,0.603676,0.575325,0.615722,0.746131,0.720286,0.704548,0.605176,0.635733,0.638532,0.703582,0.620275,0.723306,0.735408,0.601836,0.686264,0.709104,0.672734,0.646331,0.687806,0.705856,0.711349,1.0,0.642947,0.727515,0.611036,0.749742,0.625869,0.627672,0.710241,0.617235,0.716326,0.672445,0.662158,0.720328,0.639647,0.753815,0.621374,0.691256,0.613788,0.664467,0.766188,0.706227,0.710011,0.672541,0.665439,0.624163,0.711861,0.729711,0.711784,0.678429,0.81816,0.666259
Shirt,0.628832,0.697235,0.678428,0.692462,0.668734,0.633668,0.562706,0.595751,0.659503,0.698598,0.612405,0.623982,0.667382,0.647264,0.659212,0.678684,0.661433,0.639766,0.653896,0.685949,0.66609,0.664399,0.673432,0.627844,0.641107,0.66294,0.632816,0.644669,0.682469,0.682786,0.665928,0.649024,0.719316,0.651279,0.577619,0.64989,0.635398,0.673919,0.698367,0.596309,0.68607,0.679256,0.631978,0.677087,0.66175,0.574788,0.619887,0.626364,0.664999,0.658434,0.680936,0.68442,0.668296,0.649749,0.620211,0.70435,0.678633,0.679079,0.683636,0.627248,0.656523,0.689134,0.619932,0.67211,0.64331,0.689284,0.675985,0.662406,0.690808,0.681879,0.670694,0.688314,0.68832,0.659596,0.660025,0.655053,0.673577,0.597279,0.606129,0.569921,0.600472,0.611834,0.552213,0.678065,0.650463,0.607919,0.656936,0.676316,0.646833,0.661459,0.702246,0.543996,0.667084,0.660967,0.653993,0.642262,0.646428,0.689485,0.651836,0.642947,1.0,0.674329,0.637185,0.710422,0.624372,0.61865,0.664721,0.59191,0.689693,0.681958,0.684002,0.658844,0.603453,0.700839,0.617331,0.669203,0.62939,0.601353,0.714094,0.681905,0.669694,0.656109,0.65472,0.656196,0.698568,0.686089,0.663422,0.622348,0.680229,0.577139
Shoe,0.676762,0.795909,0.719537,0.71076,0.74334,0.669628,0.659407,0.635143,0.795683,0.8085,0.773045,0.773879,0.790768,0.732767,0.767572,0.781485,0.804498,0.725841,0.732229,0.763535,0.803076,0.823209,0.748331,0.700424,0.757853,0.736554,0.696158,0.76134,0.764057,0.772869,0.738078,0.710987,0.803571,0.819326,0.633925,0.779395,0.673985,0.787866,0.806056,0.738853,0.792208,0.7737,0.716926,0.784225,0.721135,0.751261,0.700199,0.698273,0.825241,0.828705,0.72857,0.823791,0.784235,0.742734,0.727584,0.777186,0.811377,0.742495,0.743262,0.796061,0.783259,0.750138,0.695609,0.770198,0.69724,0.791866,0.775468,0.728891,0.741116,0.755062,0.754296,0.793772,0.762976,0.770192,0.741226,0.711541,0.794434,0.69948,0.694768,0.753061,0.664353,0.706429,0.587369,0.78495,0.738456,0.668248,0.765576,0.80902,0.728533,0.789273,0.7879,0.581217,0.738314,0.759253,0.761674,0.663133,0.773313,0.79831,0.704911,0.727515,0.674329,1.0,0.677176,0.797541,0.739584,0.796306,0.818898,0.701938,0.76778,0.678207,0.751861,0.684949,0.688593,0.818472,0.741508,0.824274,0.688709,0.675902,0.809883,0.804132,0.774251,0.705929,0.761849,0.721941,0.784916,0.782997,0.745575,0.706273,0.786635,0.624663
Skiis,0.652833,0.769156,0.633174,0.708246,0.812945,0.552004,0.555157,0.571823,0.69047,0.788113,0.675558,0.726439,0.632636,0.741429,0.590874,0.745245,0.73071,0.648644,0.692401,0.753498,0.654609,0.670015,0.810146,0.64402,0.719904,0.724011,0.648149,0.833344,0.781134,0.729433,0.640561,0.754816,0.692902,0.697126,0.572645,0.741869,0.79436,0.722389,0.735813,0.68355,0.685521,0.756629,0.768754,0.81506,0.682186,0.731323,0.573056,0.599755,0.653888,0.744281,0.732569,0.687896,0.702822,0.720791,0.674172,0.740812,0.682895,0.660102,0.816918,0.728311,0.770621,0.695113,0.791194,0.77604,0.783702,0.700719,0.782036,0.882708,0.716238,0.792102,0.662036,0.757968,0.630432,0.729724,0.744425,0.783612,0.626997,0.638243,0.887801,0.742526,0.723954,0.617524,0.470604,0.715292,0.86401,0.63013,0.810467,0.711779,0.820125,0.706305,0.680427,0.503711,0.765212,0.835419,0.74335,0.672761,0.686112,0.762457,0.550803,0.611036,0.637185,0.677176,1.0,0.756514,0.821206,0.668853,0.608379,0.644977,0.679566,0.738198,0.770987,0.619777,0.621902,0.673149,0.771438,0.700979,0.702813,0.64901,0.794227,0.691883,0.755843,0.714281,0.690675,0.822277,0.700575,0.708278,0.792008,0.819986,0.68289,0.482098
Snowglobe,0.754027,0.84648,0.733942,0.793107,0.813312,0.710272,0.691515,0.686515,0.80615,0.86705,0.755346,0.791812,0.819139,0.768094,0.764219,0.856858,0.832277,0.79943,0.767949,0.834069,0.769396,0.822382,0.824925,0.738779,0.814483,0.778852,0.742541,0.800656,0.85152,0.821664,0.793433,0.799586,0.847635,0.797196,0.691425,0.796292,0.763883,0.833268,0.845212,0.759647,0.822683,0.779054,0.784949,0.848317,0.760993,0.732612,0.772488,0.680918,0.800229,0.817365,0.787265,0.780198,0.833642,0.797634,0.734652,0.836155,0.807869,0.788906,0.829346,0.760235,0.826826,0.760082,0.764612,0.819838,0.786311,0.825511,0.84681,0.803465,0.821624,0.782201,0.798727,0.87055,0.806406,0.807505,0.792647,0.785186,0.778951,0.732933,0.736695,0.729465,0.740253,0.747743,0.600522,0.798886,0.790342,0.739865,0.811456,0.837548,0.802129,0.81871,0.823807,0.639345,0.830469,0.852084,0.808307,0.746834,0.779598,0.855926,0.742728,0.749742,0.710422,0.797541,0.756514,1.0,0.774437,0.765867,0.784258,0.720083,0.841173,0.783984,0.833109,0.760902,0.704915,0.814924,0.752212,0.806277,0.761467,0.779103,0.871394,0.826989,0.8032,0.772154,0.772333,0.78859,0.781125,0.800765,0.811909,0.757701,0.797737,0.673889
Spoon,0.588656,0.818431,0.642372,0.653791,0.791351,0.544145,0.528633,0.566623,0.704223,0.817595,0.75212,0.774597,0.682527,0.756474,0.63513,0.770637,0.769429,0.659298,0.691788,0.739333,0.725371,0.727259,0.816402,0.667704,0.786801,0.749587,0.612907,0.886822,0.784997,0.744815,0.62976,0.716219,0.732033,0.767791,0.563114,0.74646,0.727011,0.772315,0.763024,0.748124,0.74686,0.810112,0.797484,0.850752,0.702388,0.845907,0.591584,0.631288,0.748547,0.852542,0.729717,0.744628,0.721677,0.762539,0.709298,0.735904,0.745036,0.68506,0.790508,0.811067,0.835726,0.685747,0.779227,0.820309,0.722821,0.725374,0.845653,0.887006,0.697981,0.824335,0.697895,0.783895,0.666291,0.78747,0.779802,0.812221,0.668973,0.602972,0.906347,0.855217,0.669699,0.631059,0.426758,0.748826,0.891577,0.627203,0.866122,0.757303,0.85171,0.779419,0.69992,0.496556,0.766343,0.858312,0.75452,0.650269,0.76642,0.805968,0.570381,0.625869,0.624372,0.739584,0.821206,0.774437,1.0,0.725607,0.686076,0.666696,0.70284,0.675026,0.762946,0.614643,0.67425,0.715741,0.847545,0.754329,0.696904,0.666268,0.827929,0.71076,0.808063,0.725374,0.700891,0.852845,0.72133,0.757651,0.803552,0.880487,0.717865,0.503756
Stapler,0.689582,0.730265,0.638838,0.666199,0.7497,0.584116,0.661154,0.615852,0.823368,0.794703,0.804085,0.810116,0.743335,0.75763,0.682917,0.740317,0.834729,0.679609,0.716605,0.749391,0.713326,0.8464,0.766581,0.644227,0.744538,0.671561,0.652273,0.749635,0.784749,0.758138,0.686504,0.762351,0.761865,0.852818,0.622679,0.817227,0.709388,0.759578,0.78068,0.753961,0.760511,0.727281,0.716582,0.770137,0.649184,0.758575,0.62591,0.639216,0.784332,0.805189,0.683469,0.811253,0.815393,0.693331,0.700705,0.744941,0.78998,0.67812,0.725329,0.815581,0.744651,0.682788,0.696366,0.748012,0.710994,0.757646,0.740769,0.721189,0.713925,0.70543,0.706451,0.784301,0.695325,0.718983,0.679532,0.669049,0.721317,0.796872,0.692146,0.807465,0.691136,0.612644,0.483189,0.756653,0.747022,0.653838,0.767247,0.816485,0.728341,0.751934,0.730501,0.524453,0.728192,0.716421,0.776495,0.624129,0.723202,0.779351,0.616907,0.627672,0.61865,0.796306,0.668853,0.765867,0.725607,1.0,0.789724,0.735112,0.719983,0.644176,0.763168,0.599152,0.613617,0.78486,0.734386,0.830701,0.691831,0.632254,0.768056,0.816528,0.737878,0.661144,0.798255,0.708088,0.75046,0.73496,0.708564,0.6548,0.705915,0.528397
Stapleremover,0.67187,0.757344,0.697844,0.698057,0.710141,0.668221,0.649819,0.628073,0.789978,0.781701,0.749734,0.750476,0.821006,0.713788,0.785321,0.75675,0.786357,0.716447,0.717576,0.743293,0.792884,0.832586,0.712519,0.682798,0.749506,0.702981,0.683272,0.706489,0.755943,0.756946,0.743788,0.688775,0.812331,0.807597,0.626474,0.755139,0.626984,0.774566,0.807837,0.721951,0.797863,0.749692,0.686616,0.759456,0.701875,0.696851,0.698419,0.687572,0.843421,0.806543,0.707444,0.821913,0.786345,0.716027,0.707955,0.762651,0.806018,0.758883,0.708398,0.762318,0.754607,0.734462,0.650095,0.733676,0.660094,0.793233,0.752483,0.664772,0.734643,0.708863,0.762161,0.790129,0.776678,0.736434,0.711543,0.670105,0.803907,0.6886,0.612314,0.704135,0.617974,0.687481,0.58037,0.779377,0.687869,0.650374,0.730125,0.807725,0.682536,0.789361,0.788477,0.567545,0.716937,0.711689,0.737273,0.64955,0.766238,0.795135,0.727244,0.710241,0.664721,0.818898,0.608379,0.784258,0.686076,0.789724,1.0,0.679586,0.789216,0.662629,0.732686,0.679464,0.668857,0.818622,0.696792,0.813412,0.669921,0.667798,0.786636,0.801158,0.746267,0.679128,0.738447,0.675146,0.772829,0.77276,0.704529,0.639142,0.769866,0.628672
Storagebin,0.655327,0.713529,0.63265,0.637696,0.704397,0.570375,0.635014,0.602243,0.736503,0.73503,0.708323,0.723347,0.649012,0.695375,0.603141,0.708935,0.742279,0.628526,0.669405,0.709315,0.64693,0.724673,0.712811,0.627446,0.680093,0.637682,0.614393,0.6974,0.718983,0.708391,0.637864,0.711166,0.687724,0.754528,0.602575,0.738798,0.68594,0.705647,0.691646,0.679568,0.688788,0.666641,0.667641,0.709447,0.609523,0.680934,0.623478,0.583019,0.687096,0.714132,0.6497,0.701623,0.723565,0.653226,0.637691,0.697525,0.721443,0.616428,0.691386,0.708082,0.681855,0.619171,0.659609,0.701573,0.679862,0.669398,0.692565,0.691541,0.674971,0.662483,0.647558,0.70332,0.643735,0.686541,0.634938,0.64167,0.650796,0.699077,0.659324,0.700069,0.664094,0.582724,0.47168,0.687943,0.68668,0.634075,0.698204,0.72852,0.680192,0.683089,0.654572,0.528362,0.69977,0.6749,0.709696,0.603951,0.643816,0.696313,0.573581,0.617235,0.59191,0.701938,0.644977,0.720083,0.666696,0.735112,0.679586,1.0,0.642389,0.643557,0.715969,0.583714,0.566428,0.707844,0.660376,0.722016,0.661162,0.601291,0.709166,0.718333,0.685727,0.633848,0.736295,0.666312,0.667082,0.674638,0.674397,0.631988,0.669782,0.521303
Stroller,0.735408,0.768,0.691958,0.796984,0.775801,0.705727,0.624482,0.663312,0.762788,0.817573,0.702782,0.735575,0.887449,0.706062,0.810183,0.790938,0.781755,0.766324,0.721168,0.801479,0.767428,0.8217,0.766177,0.677426,0.781881,0.732702,0.737824,0.737202,0.843374,0.780256,0.801283,0.758338,0.873237,0.738084,0.654534,0.754579,0.694085,0.794466,0.855877,0.70082,0.828646,0.743074,0.745688,0.815374,0.727567,0.64479,0.733687,0.666025,0.814643,0.779701,0.771329,0.764518,0.830848,0.768758,0.697775,0.818586,0.776695,0.83988,0.79717,0.694154,0.802368,0.763129,0.713459,0.752144,0.749211,0.849137,0.796356,0.723596,0.819037,0.724146,0.813133,0.87242,0.810836,0.739171,0.756563,0.724723,0.781789,0.699753,0.638427,0.649056,0.659163,0.721475,0.590827,0.769076,0.722203,0.680315,0.758129,0.81123,0.737848,0.791132,0.831893,0.60868,0.776653,0.785563,0.758255,0.727873,0.789269,0.858279,0.781408,0.716326,0.689693,0.76778,0.679566,0.841173,0.70284,0.719983,0.789216,0.642389,1.0,0.776342,0.795263,0.755059,0.714274,0.801847,0.689374,0.765331,0.712306,0.746368,0.857747,0.816261,0.762361,0.727178,0.718909,0.716912,0.765069,0.784916,0.746208,0.674428,0.747185,0.670642
Suit,0.782381,0.764826,0.731531,0.830301,0.816389,0.67028,0.639695,0.682278,0.715554,0.810857,0.604991,0.668302,0.71767,0.724874,0.696239,0.752182,0.71891,0.669581,0.737791,0.835764,0.682572,0.696348,0.800267,0.673387,0.687207,0.693394,0.718606,0.717772,0.832134,0.768817,0.776984,0.820838,0.803412,0.673002,0.647402,0.746833,0.813996,0.766792,0.75687,0.634797,0.748385,0.722318,0.74507,0.774634,0.666663,0.555504,0.689252,0.620848,0.694282,0.669919,0.794855,0.668969,0.767131,0.704097,0.645194,0.820108,0.725376,0.788169,0.831946,0.61325,0.705398,0.716127,0.735888,0.741426,0.816195,0.736837,0.757859,0.78138,0.842289,0.710504,0.737861,0.779285,0.731527,0.698144,0.707183,0.726495,0.684263,0.725346,0.700797,0.559026,0.716548,0.63624,0.538036,0.7284,0.718334,0.694581,0.729673,0.738876,0.734384,0.701117,0.722145,0.564227,0.798405,0.733548,0.745234,0.766388,0.676051,0.768741,0.711298,0.672445,0.681958,0.678207,0.738198,0.783984,0.675026,0.644176,0.662629,0.643557,0.776342,1.0,0.811307,0.72108,0.61109,0.753354,0.635272,0.658998,0.750167,0.640489,0.809174,0.718306,0.720165,0.749592,0.730119,0.735616,0.685355,0.734505,0.714415,0.732617,0.692785,0.625917
Suitcase,0.740596,0.793894,0.696338,0.783084,0.834145,0.632059,0.649643,0.671592,0.787427,0.845954,0.729788,0.774748,0.754173,0.790974,0.701283,0.798153,0.806465,0.719319,0.765555,0.83651,0.710567,0.793257,0.854043,0.684127,0.774527,0.720075,0.707867,0.787432,0.871492,0.803231,0.747741,0.856703,0.808884,0.779492,0.657501,0.806075,0.824317,0.793094,0.810824,0.725684,0.792037,0.76321,0.786426,0.83205,0.692618,0.702017,0.675955,0.637625,0.763002,0.776818,0.775065,0.751591,0.832845,0.752232,0.694928,0.809101,0.779248,0.751422,0.830933,0.737912,0.784298,0.715156,0.765665,0.790858,0.809749,0.783561,0.80711,0.825782,0.81749,0.753339,0.75923,0.843157,0.744681,0.749303,0.734463,0.767667,0.699003,0.781731,0.760231,0.725893,0.746952,0.662115,0.500437,0.776608,0.808017,0.714583,0.811108,0.813567,0.808137,0.762362,0.764895,0.573488,0.82247,0.800276,0.800726,0.731133,0.735344,0.823502,0.684652,0.662158,0.684002,0.751861,0.770987,0.833109,0.762946,0.763168,0.732686,0.715969,0.795263,0.811307,1.0,0.691211,0.642427,0.776188,0.734603,0.765194,0.777298,0.69587,0.835859,0.797264,0.771646,0.745905,0.790015,0.796409,0.739521,0.763655,0.766938,0.724619,0.711162,0.578457
Teddy Bear,0.669267,0.757137,0.715397,0.746203,0.669487,0.696187,0.60882,0.618114,0.668902,0.737816,0.606774,0.626759,0.719943,0.620334,0.724662,0.729417,0.667869,0.694739,0.663431,0.726882,0.714792,0.681641,0.662474,0.670851,0.656665,0.687012,0.681538,0.646845,0.692134,0.705339,0.73359,0.639116,0.768789,0.647746,0.603873,0.646946,0.624231,0.715249,0.73334,0.592186,0.721808,0.682777,0.634688,0.690899,0.691714,0.564159,0.732583,0.629248,0.687951,0.664867,0.716855,0.674079,0.684918,0.6962,0.631908,0.742971,0.696069,0.735344,0.709113,0.605803,0.690582,0.705578,0.624594,0.684467,0.6607,0.728757,0.700157,0.651166,0.735004,0.678194,0.714789,0.729866,0.741655,0.704436,0.693869,0.667016,0.712253,0.581555,0.579894,0.53182,0.607424,0.703478,0.645172,0.693614,0.623744,0.636446,0.650031,0.69155,0.635214,0.686785,0.740478,0.596731,0.690861,0.707127,0.66164,0.673574,0.670275,0.719147,0.726753,0.720328,0.658844,0.684949,0.619777,0.760902,0.614643,0.599152,0.679464,0.583714,0.755059,0.72108,0.691211,1.0,0.635956,0.72993,0.603445,0.667732,0.635709,0.654953,0.76055,0.708027,0.679432,0.687954,0.648347,0.645525,0.709429,0.712901,0.6869,0.6406,0.737128,0.653699
Tennisracket,0.601502,0.689158,0.618923,0.616906,0.652287,0.613809,0.555381,0.571524,0.632836,0.689341,0.62167,0.635761,0.749821,0.614784,0.714132,0.685266,0.67653,0.622371,0.621939,0.644778,0.747297,0.663991,0.649862,0.591706,0.703718,0.679597,0.627773,0.690692,0.674475,0.655682,0.683559,0.598361,0.714411,0.632747,0.562325,0.636154,0.574526,0.70045,0.696167,0.657109,0.69649,0.687698,0.669679,0.714083,0.645527,0.645212,0.622321,0.618892,0.732983,0.720081,0.650482,0.679799,0.656449,0.716419,0.637755,0.685576,0.675291,0.721833,0.675981,0.646003,0.731206,0.704728,0.619808,0.670574,0.631268,0.699302,0.720686,0.656911,0.669356,0.68328,0.67944,0.698439,0.665365,0.661211,0.70561,0.677573,0.715406,0.53889,0.631709,0.635689,0.559768,0.612262,0.508284,0.653066,0.664587,0.587561,0.687104,0.680923,0.656471,0.717442,0.676057,0.537228,0.642919,0.694901,0.645356,0.60532,0.738012,0.714777,0.652495,0.639647,0.603453,0.688593,0.621902,0.704915,0.67425,0.613617,0.668857,0.566428,0.714274,0.61109,0.642427,0.635956,1.0,0.712545,0.670879,0.671361,0.618972,0.624568,0.734584,0.646648,0.71009,0.648794,0.603514,0.645891,0.654477,0.708218,0.673765,0.669503,0.675234,0.657251
Tent,0.739436,0.80992,0.765678,0.765596,0.765068,0.719286,0.687078,0.676404,0.808628,0.826636,0.754005,0.764364,0.813846,0.739638,0.797169,0.7993,0.808127,0.743549,0.749678,0.791186,0.819013,0.823327,0.759129,0.722419,0.755424,0.748085,0.72586,0.750853,0.788716,0.792836,0.787648,0.740786,0.845683,0.816121,0.669385,0.791398,0.701874,0.815449,0.813173,0.738162,0.814734,0.779413,0.72837,0.791466,0.741039,0.711969,0.736365,0.722764,0.826402,0.813955,0.764206,0.817948,0.808647,0.752757,0.73218,0.819832,0.822746,0.7962,0.770457,0.766145,0.777417,0.780389,0.709048,0.781833,0.73582,0.813396,0.790705,0.725013,0.791679,0.753528,0.779396,0.801691,0.797751,0.773599,0.756819,0.71464,0.815622,0.72835,0.673606,0.70791,0.680951,0.693091,0.621474,0.793514,0.721833,0.688543,0.754316,0.818778,0.721049,0.797877,0.796274,0.602349,0.761192,0.753206,0.773571,0.706741,0.778538,0.810436,0.750147,0.753815,0.700839,0.818472,0.673149,0.814924,0.715741,0.78486,0.818622,0.707844,0.801847,0.753354,0.776188,0.72993,0.712545,1.0,0.719432,0.810675,0.713161,0.684718,0.830206,0.817136,0.78554,0.732274,0.78159,0.718697,0.798585,0.807863,0.746408,0.717025,0.807974,0.683004
Toothbrush,0.584163,0.784992,0.62867,0.635309,0.751767,0.550537,0.535271,0.561874,0.70882,0.786565,0.74925,0.760825,0.681041,0.735176,0.643402,0.744999,0.761301,0.651644,0.679602,0.711729,0.725342,0.731641,0.777456,0.653415,0.760682,0.726237,0.606531,0.840167,0.752266,0.726083,0.625112,0.691652,0.721725,0.768119,0.562317,0.735026,0.690927,0.750425,0.752228,0.729057,0.734892,0.78408,0.757085,0.811216,0.688295,0.821549,0.583373,0.637264,0.745145,0.82833,0.702562,0.750254,0.712597,0.737333,0.702149,0.716555,0.738309,0.671384,0.749493,0.802752,0.805433,0.687357,0.735847,0.786935,0.691122,0.71931,0.80517,0.825212,0.67294,0.790077,0.683961,0.759751,0.66294,0.761269,0.752113,0.769278,0.678747,0.609807,0.842567,0.832904,0.650592,0.614889,0.438822,0.735892,0.845009,0.608313,0.825431,0.74831,0.806357,0.763098,0.694907,0.496448,0.729616,0.811914,0.735325,0.627129,0.749218,0.780355,0.570323,0.621374,0.617331,0.741508,0.771438,0.752212,0.847545,0.734386,0.696792,0.660376,0.689374,0.635272,0.734603,0.603445,0.670879,0.719432,1.0,0.761491,0.669618,0.643799,0.796359,0.715544,0.781439,0.695099,0.698361,0.803561,0.727119,0.742248,0.773402,0.815408,0.716682,0.508987
Train,0.699155,0.775799,0.675693,0.704882,0.755462,0.652756,0.661482,0.629945,0.821158,0.809775,0.813572,0.802494,0.78405,0.750457,0.742302,0.781641,0.835404,0.72273,0.732941,0.761549,0.776086,0.852671,0.770714,0.677748,0.768064,0.727961,0.686349,0.774965,0.78145,0.774632,0.722936,0.739257,0.80111,0.847479,0.636453,0.802016,0.69544,0.780122,0.820278,0.7464,0.790987,0.769415,0.732161,0.795669,0.707081,0.780794,0.682027,0.687281,0.811545,0.837595,0.717846,0.840065,0.806937,0.7412,0.73127,0.770343,0.809404,0.723459,0.74623,0.825306,0.786115,0.752417,0.707247,0.774296,0.710793,0.800846,0.775471,0.74213,0.732052,0.756436,0.747058,0.809723,0.7487,0.762547,0.739455,0.714174,0.781198,0.736909,0.715632,0.798923,0.684169,0.677344,0.559337,0.78686,0.768829,0.663604,0.788785,0.825481,0.750071,0.784084,0.788127,0.57347,0.740387,0.771495,0.778778,0.656264,0.76908,0.809996,0.677885,0.691256,0.669203,0.824274,0.700979,0.806277,0.754329,0.830701,0.813412,0.722016,0.765331,0.658998,0.765194,0.667732,0.671361,0.810675,0.761491,1.0,0.691095,0.679587,0.807557,0.840355,0.772862,0.697294,0.77936,0.737377,0.800099,0.772635,0.754999,0.695101,0.759096,0.595408
Trashbin,0.692017,0.736625,0.66619,0.706971,0.755744,0.596086,0.618573,0.632374,0.710061,0.769728,0.654525,0.698596,0.684837,0.727757,0.644828,0.726994,0.731112,0.646402,0.706241,0.764627,0.661771,0.711747,0.777347,0.640077,0.71404,0.662358,0.651707,0.713954,0.791569,0.740245,0.69273,0.779764,0.734835,0.703388,0.611429,0.727785,0.754812,0.73361,0.728573,0.668854,0.721324,0.701367,0.721183,0.753695,0.634124,0.637181,0.628159,0.598389,0.706239,0.707051,0.709808,0.687097,0.74836,0.69917,0.639026,0.738983,0.716898,0.693101,0.7537,0.670858,0.711373,0.657786,0.686552,0.724072,0.738376,0.70085,0.746295,0.756877,0.752469,0.69607,0.693138,0.754418,0.681231,0.687924,0.673485,0.705717,0.650963,0.708888,0.69787,0.655183,0.684345,0.602335,0.464671,0.710098,0.733632,0.676279,0.739241,0.739893,0.734179,0.701964,0.687749,0.532861,0.75922,0.717467,0.727383,0.677112,0.674824,0.738873,0.630094,0.613788,0.62939,0.688709,0.702813,0.761467,0.696904,0.691831,0.669921,0.661162,0.712306,0.750167,0.777298,0.635709,0.618972,0.713161,0.669618,0.691095,1.0,0.629614,0.756837,0.708777,0.708634,0.696114,0.720881,0.729506,0.666979,0.703616,0.693089,0.679064,0.657571,0.565275
Tree,0.629277,0.731432,0.629159,0.662261,0.684953,0.627753,0.578942,0.591493,0.676765,0.728579,0.647524,0.688535,0.736926,0.634046,0.664246,0.744124,0.700925,0.777979,0.629598,0.696996,0.661966,0.704058,0.675675,0.63844,0.709952,0.681738,0.645733,0.694318,0.714212,0.68952,0.677122,0.651751,0.717448,0.669083,0.608542,0.668485,0.612638,0.70723,0.728616,0.654354,0.706431,0.650735,0.663395,0.737316,0.687813,0.637036,0.687235,0.574747,0.687659,0.703745,0.663663,0.651288,0.703466,0.69909,0.637953,0.709598,0.682055,0.67149,0.705714,0.64266,0.73936,0.640443,0.658638,0.701517,0.657514,0.720109,0.720757,0.680564,0.683998,0.671778,0.687668,0.757061,0.70803,0.706756,0.688271,0.666342,0.685956,0.575828,0.622187,0.619992,0.61814,0.667248,0.540837,0.669595,0.677573,0.616993,0.68226,0.707029,0.678587,0.713261,0.715498,0.571123,0.699946,0.755752,0.677907,0.624026,0.674888,0.746457,0.649626,0.664467,0.601353,0.675902,0.64901,0.779103,0.666268,0.632254,0.667798,0.601291,0.746368,0.640489,0.69587,0.654953,0.624568,0.684718,0.643799,0.679587,0.629614,1.0,0.747594,0.707286,0.69554,0.636945,0.639403,0.658234,0.662567,0.6873,0.715151,0.639086,0.713002,0.590907
Trophy,0.736746,0.864402,0.746108,0.809804,0.851063,0.70238,0.656916,0.671127,0.802879,0.889415,0.765537,0.802754,0.8384,0.775304,0.786278,0.850242,0.833326,0.77026,0.767328,0.844761,0.811782,0.822762,0.839975,0.741323,0.817454,0.80471,0.753537,0.858474,0.87018,0.830515,0.794568,0.795898,0.864894,0.804133,0.669229,0.817884,0.778569,0.849695,0.863761,0.772367,0.839,0.822836,0.816025,0.88357,0.772111,0.776052,0.745281,0.700032,0.828107,0.858413,0.816592,0.803914,0.834583,0.812753,0.758906,0.85589,0.817251,0.826088,0.864536,0.786252,0.865568,0.788359,0.812137,0.843537,0.817758,0.844142,0.870331,0.850612,0.833683,0.821381,0.812171,0.880256,0.797273,0.825135,0.822471,0.806915,0.792861,0.721646,0.806633,0.769548,0.733431,0.753611,0.593489,0.814601,0.833669,0.71742,0.845765,0.838756,0.827401,0.835945,0.824468,0.612881,0.834627,0.869088,0.817228,0.754421,0.824285,0.88036,0.746903,0.766188,0.714094,0.809883,0.794227,0.871394,0.827929,0.768056,0.786636,0.709166,0.857747,0.809174,0.835859,0.76055,0.734584,0.830206,0.796359,0.807557,0.756837,0.747594,1.0,0.822976,0.837875,0.788437,0.771533,0.821521,0.799691,0.834804,0.836383,0.835733,0.81175,0.657737
Truck,0.744281,0.771529,0.693228,0.766915,0.777399,0.685523,0.676374,0.656865,0.833469,0.820612,0.792171,0.796925,0.813542,0.746467,0.760279,0.792551,0.836023,0.75888,0.740677,0.796936,0.751716,0.870009,0.781035,0.684556,0.760628,0.721043,0.723619,0.750517,0.818513,0.793075,0.760191,0.779674,0.83713,0.834743,0.66447,0.816599,0.725518,0.785443,0.838961,0.726079,0.808057,0.742252,0.727188,0.796507,0.711684,0.719422,0.713961,0.669815,0.795708,0.803569,0.744498,0.813369,0.842378,0.737638,0.71887,0.800869,0.80397,0.750452,0.775578,0.778496,0.775568,0.748377,0.717592,0.762676,0.74734,0.828607,0.763365,0.731647,0.778758,0.733787,0.768798,0.839061,0.776492,0.752596,0.727527,0.697919,0.772086,0.779011,0.672346,0.738088,0.708154,0.690394,0.598958,0.789275,0.742154,0.680994,0.76462,0.832798,0.737841,0.771123,0.815178,0.597469,0.767403,0.762821,0.788753,0.682928,0.750166,0.828584,0.717137,0.706227,0.681905,0.804132,0.691883,0.826989,0.71076,0.816528,0.801158,0.718333,0.816261,0.718306,0.797264,0.708027,0.646648,0.817136,0.715544,0.840355,0.708777,0.707286,0.822976,1.0,0.757979,0.704025,0.798643,0.720636,0.799816,0.771677,0.751182,0.654294,0.756765,0.602609
Umbrella,0.663414,0.821931,0.710061,0.71336,0.789792,0.642614,0.60877,0.625738,0.753775,0.822081,0.740449,0.767867,0.763205,0.743723,0.718211,0.795949,0.785785,0.712297,0.716634,0.765469,0.775188,0.76637,0.785434,0.710018,0.778602,0.763955,0.681279,0.827136,0.793386,0.7733,0.71022,0.728571,0.787068,0.778319,0.624529,0.769398,0.716186,0.796966,0.790273,0.752019,0.780071,0.792356,0.768705,0.831921,0.734349,0.777561,0.667792,0.675773,0.787269,0.833127,0.750518,0.771222,0.763354,0.765112,0.727297,0.784336,0.780244,0.745051,0.792447,0.775876,0.818244,0.736482,0.760078,0.80564,0.741112,0.771701,0.826271,0.810877,0.747545,0.796317,0.743531,0.799591,0.736868,0.789603,0.778831,0.767288,0.749358,0.653652,0.795381,0.769659,0.681268,0.669362,0.530142,0.769333,0.805449,0.663008,0.807997,0.785361,0.788278,0.797109,0.753926,0.563224,0.772498,0.813266,0.766522,0.685167,0.779476,0.812759,0.664075,0.710011,0.669694,0.774251,0.755843,0.8032,0.808063,0.737878,0.746267,0.685727,0.762361,0.720165,0.771646,0.679432,0.71009,0.78554,0.781439,0.772862,0.708634,0.69554,0.837875,0.757979,1.0,0.729562,0.732062,0.786638,0.755569,0.786194,0.791877,0.812134,0.776965,0.602791
Vase,0.673891,0.781237,0.701402,0.730903,0.7408,0.641944,0.601855,0.61756,0.69107,0.780393,0.657647,0.684691,0.692645,0.703125,0.686504,0.742595,0.717249,0.660812,0.704957,0.756195,0.713064,0.697173,0.756472,0.669227,0.707986,0.709381,0.662987,0.737271,0.755476,0.738608,0.71329,0.715189,0.760394,0.691885,0.599948,0.70487,0.715161,0.751341,0.740998,0.658016,0.730964,0.738596,0.716894,0.757931,0.686022,0.656022,0.671988,0.636521,0.713756,0.727503,0.736859,0.702006,0.714988,0.72264,0.663355,0.75593,0.720534,0.728545,0.759735,0.682782,0.733036,0.704808,0.691898,0.745727,0.715489,0.719616,0.766842,0.761059,0.751264,0.735975,0.711533,0.747035,0.709852,0.726308,0.722573,0.736814,0.691873,0.636997,0.720374,0.65403,0.6603,0.673042,0.546359,0.722407,0.734415,0.665714,0.746218,0.726882,0.734536,0.723163,0.716498,0.554692,0.74423,0.756159,0.712683,0.689882,0.701815,0.750868,0.662665,0.672541,0.656109,0.705929,0.714281,0.772154,0.725374,0.661144,0.679128,0.633848,0.727178,0.749592,0.745905,0.687954,0.648794,0.732274,0.695099,0.697294,0.696114,0.636945,0.788437,0.704025,0.729562,1.0,0.691195,0.741962,0.704896,0.734389,0.72432,0.741605,0.716586,0.613921
Wallet,0.717014,0.768534,0.71292,0.727014,0.768907,0.630755,0.668528,0.665384,0.802789,0.798564,0.762793,0.772139,0.706418,0.758046,0.673431,0.756206,0.799228,0.691157,0.73892,0.790819,0.702642,0.798655,0.78074,0.675705,0.717318,0.680515,0.679034,0.737531,0.789851,0.775994,0.703267,0.789736,0.771515,0.821727,0.654449,0.806633,0.761252,0.756992,0.763175,0.702616,0.758867,0.725171,0.708714,0.75723,0.659445,0.703129,0.665759,0.636981,0.746077,0.75667,0.723918,0.766167,0.800096,0.702895,0.683631,0.775513,0.785306,0.68633,0.760345,0.757733,0.723371,0.685007,0.704791,0.749221,0.739994,0.74299,0.727067,0.744797,0.753487,0.713377,0.709914,0.768497,0.715443,0.72959,0.677993,0.686887,0.704225,0.783973,0.694661,0.730073,0.723213,0.62467,0.526487,0.750658,0.735157,0.682821,0.742407,0.791337,0.727327,0.723724,0.729546,0.566131,0.757822,0.714666,0.76936,0.66406,0.686111,0.757282,0.653126,0.665439,0.65472,0.761849,0.690675,0.772333,0.700891,0.798255,0.738447,0.736295,0.718909,0.730119,0.790015,0.648347,0.603514,0.78159,0.698361,0.77936,0.720881,0.639403,0.771533,0.798643,0.732062,0.691195,1.0,0.716532,0.739346,0.735474,0.711414,0.660274,0.714504,0.554496
Waterbottle,0.632776,0.810059,0.668102,0.707354,0.806226,0.567239,0.550532,0.593576,0.710382,0.818843,0.716665,0.749717,0.673982,0.772777,0.636544,0.769233,0.758199,0.662199,0.716848,0.767951,0.699528,0.718162,0.834824,0.677742,0.766353,0.736083,0.636929,0.843846,0.810515,0.761202,0.65771,0.764412,0.746687,0.746248,0.585335,0.74665,0.775278,0.764136,0.768584,0.716311,0.747459,0.800269,0.788805,0.834421,0.700586,0.773491,0.597987,0.633861,0.72223,0.800292,0.751873,0.733518,0.737623,0.747928,0.693175,0.755687,0.735066,0.6988,0.807412,0.769253,0.799518,0.698101,0.772866,0.807716,0.751482,0.728684,0.830229,0.879593,0.736115,0.809504,0.706735,0.789649,0.684037,0.768247,0.76367,0.805231,0.653909,0.648994,0.873314,0.785239,0.699024,0.630663,0.448866,0.755498,0.877765,0.656916,0.845743,0.75762,0.841759,0.755232,0.713941,0.51318,0.789065,0.832641,0.758805,0.685002,0.736702,0.796147,0.598261,0.624163,0.656196,0.721941,0.822277,0.78859,0.852845,0.708088,0.675146,0.666312,0.716912,0.735616,0.796409,0.645525,0.645891,0.718697,0.803561,0.737377,0.729506,0.658234,0.821521,0.720636,0.786638,0.741962,0.716532,1.0,0.733406,0.75212,0.791169,0.840813,0.703557,0.514624
Watergun,0.674924,0.780855,0.729159,0.74075,0.735276,0.681771,0.616184,0.617533,0.768972,0.78425,0.742371,0.740863,0.758105,0.721636,0.736796,0.758422,0.766011,0.722408,0.711989,0.742489,0.763264,0.786545,0.733658,0.698453,0.718832,0.731418,0.688039,0.741773,0.744394,0.759,0.716958,0.689002,0.804157,0.784702,0.619874,0.750476,0.670122,0.751561,0.801201,0.688132,0.773645,0.77413,0.69244,0.762874,0.743672,0.712722,0.667081,0.709183,0.759141,0.781639,0.742323,0.809552,0.757368,0.72128,0.71391,0.774932,0.770484,0.737489,0.744467,0.768616,0.753689,0.769946,0.694095,0.756508,0.688692,0.793027,0.750104,0.725335,0.730957,0.76641,0.738565,0.7778,0.759672,0.754812,0.742744,0.703481,0.759703,0.669147,0.699535,0.70651,0.657909,0.677543,0.617536,0.775326,0.748231,0.641447,0.746204,0.774585,0.715954,0.748975,0.795208,0.572101,0.721211,0.746162,0.738035,0.666809,0.742959,0.781745,0.698384,0.711861,0.698568,0.784916,0.700575,0.781125,0.72133,0.75046,0.772829,0.667082,0.765069,0.685355,0.739521,0.709429,0.654477,0.798585,0.727119,0.800099,0.666979,0.662567,0.799691,0.799816,0.755569,0.704896,0.739346,0.733406,1.0,0.776515,0.748216,0.708056,0.779561,0.590158
Wateringcan,0.682143,0.811343,0.743432,0.740759,0.767835,0.67685,0.627369,0.638868,0.757789,0.81786,0.726008,0.746669,0.78752,0.732685,0.762243,0.784807,0.773665,0.728555,0.723476,0.772593,0.79361,0.776882,0.763514,0.710161,0.75561,0.751704,0.698826,0.776425,0.785595,0.779018,0.749013,0.717967,0.817488,0.771515,0.632655,0.759082,0.698069,0.798953,0.79824,0.720106,0.795761,0.785058,0.74046,0.805692,0.737918,0.726108,0.698912,0.696152,0.800829,0.809814,0.759546,0.788687,0.769804,0.755716,0.72166,0.795124,0.786071,0.781377,0.779178,0.752106,0.794932,0.757373,0.721111,0.783617,0.729031,0.787521,0.804292,0.761567,0.770427,0.771222,0.764757,0.797296,0.767624,0.772121,0.762984,0.73618,0.769346,0.666228,0.722108,0.716951,0.663228,0.688807,0.577093,0.775057,0.763936,0.667993,0.774531,0.787793,0.74606,0.790029,0.777349,0.57538,0.764813,0.773871,0.753117,0.692951,0.782805,0.806333,0.719697,0.729711,0.686089,0.782997,0.708278,0.800765,0.757651,0.73496,0.77276,0.674638,0.784916,0.734505,0.763655,0.712901,0.708218,0.807863,0.742248,0.772635,0.703616,0.6873,0.834804,0.771677,0.786194,0.734389,0.735474,0.75212,0.776515,1.0,0.762963,0.765976,0.785364,0.641802
Windchime,0.666131,0.818335,0.680124,0.721424,0.791805,0.637111,0.603384,0.604608,0.744683,0.814287,0.727837,0.761943,0.726709,0.732042,0.68479,0.800188,0.773359,0.728168,0.704659,0.760774,0.731197,0.741339,0.781295,0.701652,0.759257,0.768831,0.683877,0.829675,0.780336,0.76177,0.695323,0.721538,0.76235,0.757576,0.622173,0.759147,0.726832,0.775174,0.781643,0.734989,0.750821,0.768008,0.759683,0.827307,0.73716,0.76451,0.670387,0.643331,0.731542,0.803422,0.745542,0.73936,0.741201,0.754358,0.719473,0.775257,0.743465,0.712296,0.80098,0.754879,0.812155,0.723299,0.778409,0.80112,0.754321,0.75732,0.81313,0.820906,0.731093,0.792304,0.7214,0.798483,0.717041,0.789632,0.77984,0.769737,0.720957,0.638023,0.808303,0.752754,0.700615,0.697727,0.5384,0.754205,0.819257,0.658239,0.802293,0.762221,0.791481,0.774914,0.749032,0.571025,0.77029,0.840653,0.759926,0.680573,0.74892,0.803687,0.64069,0.711784,0.663422,0.745575,0.792008,0.811909,0.803552,0.708564,0.704529,0.674397,0.746208,0.714415,0.766938,0.6869,0.673765,0.746408,0.773402,0.754999,0.693089,0.715151,0.836383,0.751182,0.791877,0.72432,0.711414,0.791169,0.748216,0.762963,1.0,0.806984,0.771684,0.579779
Wishbone,0.58829,0.847794,0.693391,0.674011,0.802042,0.564073,0.535645,0.55947,0.6712,0.821807,0.681243,0.728397,0.657149,0.717978,0.624716,0.774125,0.723595,0.639907,0.670073,0.729358,0.733429,0.657017,0.77787,0.721036,0.739189,0.770291,0.623415,0.887917,0.753192,0.742933,0.637854,0.668807,0.718875,0.714787,0.557254,0.722888,0.717189,0.778001,0.726834,0.729301,0.717272,0.814237,0.781812,0.839827,0.71566,0.805418,0.605069,0.642204,0.708936,0.815396,0.745968,0.701558,0.672782,0.740157,0.704404,0.760427,0.721261,0.703488,0.810794,0.759398,0.813914,0.691614,0.811312,0.828081,0.736774,0.693781,0.849505,0.880278,0.705308,0.832244,0.680005,0.741548,0.656996,0.801935,0.797643,0.794356,0.666312,0.545802,0.931042,0.779731,0.665754,0.624131,0.465665,0.72692,0.854329,0.624562,0.824109,0.715004,0.813883,0.76846,0.670797,0.492785,0.764349,0.841383,0.736147,0.66603,0.750152,0.774557,0.568172,0.678429,0.622348,0.706273,0.819986,0.757701,0.880487,0.6548,0.639142,0.631988,0.674428,0.732617,0.724619,0.6406,0.669503,0.717025,0.815408,0.695101,0.679064,0.639086,0.835733,0.654294,0.812134,0.741605,0.660274,0.840813,0.708056,0.765976,0.806984,1.0,0.761404,0.535239
Wrap,0.660761,0.859882,0.792468,0.7236,0.721552,0.723753,0.670164,0.634698,0.753651,0.803724,0.709428,0.734229,0.75486,0.680864,0.767644,0.80458,0.745437,0.774055,0.703656,0.750379,0.821247,0.749483,0.695276,0.770727,0.723438,0.772034,0.713503,0.756383,0.710294,0.763956,0.747984,0.648868,0.780153,0.761184,0.641696,0.737138,0.641508,0.79277,0.772208,0.706446,0.765313,0.765872,0.684603,0.765459,0.782089,0.724901,0.768243,0.708608,0.77998,0.787282,0.742336,0.764585,0.717824,0.743643,0.733498,0.777707,0.786334,0.738901,0.745836,0.743174,0.780704,0.748338,0.702035,0.777417,0.68874,0.772392,0.775403,0.719211,0.730305,0.770534,0.740435,0.752547,0.787219,0.815341,0.762094,0.710652,0.806012,0.60372,0.700734,0.676261,0.658951,0.745062,0.723948,0.765677,0.700883,0.661754,0.717294,0.759663,0.696208,0.78768,0.770503,0.611466,0.732559,0.77809,0.729365,0.673329,0.73849,0.768714,0.709626,0.81816,0.680229,0.786635,0.68289,0.797737,0.717865,0.705915,0.769866,0.669782,0.747185,0.692785,0.711162,0.737128,0.675234,0.807974,0.716682,0.759096,0.657571,0.713002,0.81175,0.756765,0.776965,0.716586,0.714504,0.703557,0.779561,0.785364,0.771684,0.761404,1.0,0.668773
Yarn,0.641289,0.644791,0.63176,0.625424,0.557206,0.698073,0.603209,0.587542,0.588652,0.631154,0.527541,0.544188,0.687601,0.524345,0.706826,0.641146,0.598239,0.608341,0.588404,0.620726,0.680712,0.609915,0.554482,0.579326,0.601448,0.620979,0.616572,0.537474,0.593687,0.61413,0.712608,0.544682,0.691103,0.553832,0.573041,0.560048,0.510451,0.666604,0.625996,0.559086,0.647988,0.580461,0.561238,0.597661,0.605391,0.478961,0.709443,0.588101,0.660883,0.596721,0.607254,0.601008,0.602617,0.64074,0.576538,0.653628,0.625812,0.693163,0.593761,0.516824,0.609208,0.649429,0.505336,0.588419,0.572279,0.640598,0.634941,0.51202,0.666527,0.572943,0.651031,0.619732,0.688316,0.606942,0.617488,0.572697,0.716488,0.514313,0.446534,0.449316,0.513523,0.64044,0.591276,0.600346,0.492213,0.598871,0.551613,0.620777,0.524658,0.645538,0.64364,0.559572,0.594348,0.58777,0.57194,0.605927,0.634903,0.627989,0.67208,0.666259,0.577139,0.624663,0.482098,0.673889,0.503756,0.528397,0.628672,0.521303,0.670642,0.625917,0.578457,0.653699,0.657251,0.683004,0.508987,0.595408,0.565275,0.590907,0.657737,0.602609,0.602791,0.613921,0.554496,0.514624,0.590158,0.641802,0.579779,0.535239,0.668773,1.0
