,Accordion,Acorn,Apple,Backpack,Barstool,Baseball,Basket,Beanie,Bed,Bell,Belt,Bench,Bike,Binder,Binoculars,Birdfeeder,Boat,Bonzai,Book,Bookend,Boomerang,Car,Cellphone,Cheese,Cheesegrater,Christmasstreeornament,Clock,Coatrack,Coffeemaker,Coffeemug,Compass,Computertower,Controller,Couch,Cushion,Desk,Door,Doorknob,Drill,Dryingrack,Dumbbell,Dustpan,Fan,Faucet,Flower,Flute,Fossils,Frisbee,Fryingpan,Glasses,Glove,Goggles,Grill,Hairbrush,Hairclip,Handbag,Hat,Headphones,Hourglass,Kayak,Key,Kite,Ladder,Lamp,Lantern,Lawnmower,Lightbulb,Lipstick,Lock,Lollipop,Mask,Microscope,Minerals,Mushroom,Necklace,Necktie,Orifan,Oven,Paintbrush,Pen,Pictureframe,Pinecone,Pizza,Plug,Pogostick,Pot,Razor,Recordplayer,Remotecontrol,Ring,Rollerskates,Rug,Saltpeppershaker,Saxophone,Scale,Scarf,Scissors,Scooter,Scrunchie,Seashell,Shirt,Shoe,Skiis,Snowglobe,Spoon,Stapler,Stapleremover,Storagebin,Stroller,Suit,Suitcase,Teddy Bear,Tennisracket,Tent,Toothbrush,Train,Trashbin,Tree,Trophy,Truck,Umbrella,Vase,Wallet,Waterbottle,Watergun,Wateringcan,Windchime,Wishbone,Wrap,Yarn
Accordion,1.0,0.766591,0.667483,0.847969,0.804422,0.794333,0.853429,0.778989,0.827659,0.802383,0.774816,0.782676,0.876609,0.728049,0.849982,0.811822,0.80843,0.872939,0.806756,0.854332,0.764527,0.831062,0.785504,0.714238,0.776269,0.772338,0.862204,0.714944,0.836123,0.800517,0.870841,0.847639,0.835816,0.754417,0.78314,0.814441,0.827196,0.787902,0.837631,0.737828,0.798659,0.705018,0.772019,0.775623,0.778657,0.677409,0.892443,0.622619,0.782126,0.707982,0.776224,0.756836,0.847287,0.802114,0.77522,0.837057,0.760095,0.849102,0.830922,0.711305,0.77323,0.819657,0.776042,0.746494,0.859442,0.850026,0.746269,0.747274,0.872435,0.725933,0.828466,0.847646,0.835061,0.756059,0.765272,0.763068,0.843653,0.853007,0.671708,0.680455,0.831635,0.865763,0.813331,0.738606,0.721854,0.81213,0.740521,0.804805,0.736428,0.77514,0.840218,0.815855,0.80476,0.800665,0.801928,0.826125,0.765428,0.808243,0.839203,0.83507,0.749104,0.777363,0.787504,0.855157,0.682981,0.769671,0.776838,0.76234,0.881703,0.862061,0.818469,0.830916,0.792295,0.78106,0.694587,0.812337,0.783708,0.860641,0.81229,0.84736,0.73059,0.802486,0.783957,0.716351,0.774605,0.748089,0.784905,0.664696,0.820876,0.844976
Acorn,0.766591,1.0,0.766971,0.808096,0.934109,0.742023,0.825703,0.746614,0.917349,0.961114,0.918023,0.936592,0.910724,0.851623,0.881221,0.94743,0.933901,0.880379,0.874347,0.918146,0.957507,0.908638,0.916647,0.847322,0.942288,0.92018,0.851365,0.956919,0.932287,0.918682,0.820526,0.897875,0.903776,0.925582,0.764643,0.938073,0.901764,0.949324,0.922922,0.946943,0.910365,0.910917,0.923587,0.95709,0.898876,0.948805,0.878508,0.704698,0.943007,0.951527,0.88064,0.900066,0.913693,0.951072,0.886268,0.913837,0.909875,0.890299,0.937027,0.941991,0.959427,0.903246,0.948668,0.944326,0.915847,0.926243,0.946187,0.959615,0.889268,0.922205,0.886537,0.934889,0.866377,0.944288,0.926829,0.946259,0.901034,0.818437,0.953625,0.943988,0.893474,0.89441,0.675261,0.879111,0.949754,0.84118,0.953235,0.928064,0.940509,0.953852,0.892783,0.779092,0.938194,0.961527,0.918349,0.845903,0.943754,0.9361,0.772695,0.898438,0.790748,0.939458,0.947781,0.944884,0.944176,0.928341,0.89982,0.848688,0.89405,0.841347,0.912909,0.812244,0.9445,0.921534,0.943526,0.939428,0.852767,0.862328,0.962062,0.901403,0.940417,0.898349,0.863658,0.926718,0.894143,0.896542,0.937189,0.954232,0.941164,0.763215
Apple,0.667483,0.766971,1.0,0.727899,0.688645,0.705139,0.707848,0.663655,0.708326,0.720868,0.686248,0.686882,0.693724,0.657938,0.710459,0.717013,0.702507,0.731581,0.700549,0.726518,0.732995,0.702317,0.680723,0.745474,0.678231,0.714454,0.712051,0.668437,0.691071,0.718525,0.691915,0.681038,0.713204,0.694135,0.636671,0.705947,0.703075,0.710817,0.711512,0.667922,0.696946,0.713001,0.664102,0.682762,0.748656,0.661739,0.728892,0.651013,0.696233,0.665915,0.72642,0.710362,0.695596,0.701444,0.697569,0.744306,0.710193,0.69953,0.707451,0.692115,0.68935,0.739344,0.692125,0.712616,0.695537,0.733296,0.677001,0.694776,0.727388,0.719431,0.694589,0.698458,0.723826,0.728075,0.689398,0.688132,0.740436,0.66962,0.663762,0.650194,0.706046,0.735263,0.758998,0.713838,0.670977,0.694446,0.6701,0.7073,0.675805,0.695219,0.725295,0.676138,0.701971,0.700555,0.690056,0.694765,0.678781,0.687378,0.702219,0.774543,0.693432,0.72025,0.706456,0.716943,0.659923,0.694379,0.690822,0.673725,0.697843,0.708987,0.695163,0.70753,0.684253,0.753533,0.662738,0.713425,0.671142,0.684692,0.717247,0.733442,0.697725,0.73302,0.718128,0.679128,0.733872,0.707757,0.687581,0.662745,0.78225,0.646496
Backpack,0.847969,0.808096,0.727899,1.0,0.822544,0.787062,0.818698,0.769278,0.83348,0.828459,0.785767,0.791945,0.86128,0.754825,0.85757,0.822163,0.813922,0.855949,0.821896,0.864984,0.80153,0.8316,0.802198,0.752831,0.786483,0.798529,0.856031,0.748259,0.844707,0.822223,0.854946,0.844125,0.849795,0.782451,0.765375,0.825261,0.839348,0.80881,0.849466,0.756003,0.816496,0.757698,0.785442,0.797431,0.806651,0.714484,0.869834,0.665289,0.805464,0.740201,0.809474,0.792377,0.842991,0.812333,0.793101,0.853196,0.783218,0.859886,0.848293,0.751145,0.794712,0.847023,0.800651,0.779283,0.85858,0.857579,0.773521,0.783891,0.873765,0.768078,0.837019,0.849773,0.844931,0.788375,0.788836,0.790212,0.846191,0.832748,0.721874,0.713692,0.834692,0.86251,0.804588,0.774341,0.759441,0.806751,0.770686,0.819947,0.76809,0.797621,0.84883,0.796677,0.826469,0.814582,0.811649,0.834185,0.790913,0.818744,0.838283,0.852348,0.776655,0.805894,0.821036,0.853217,0.725909,0.78805,0.798753,0.762852,0.870948,0.871824,0.830408,0.835375,0.802914,0.813637,0.736454,0.827655,0.789749,0.829214,0.834967,0.851381,0.765045,0.826378,0.802343,0.760333,0.815071,0.784621,0.802322,0.719018,0.847074,0.816433
Barstool,0.804422,0.934109,0.688645,0.822544,1.0,0.73274,0.819874,0.754018,0.920645,0.956753,0.907372,0.932236,0.936044,0.852903,0.892222,0.939236,0.930264,0.888305,0.877081,0.929763,0.931507,0.91258,0.924174,0.800874,0.939118,0.905798,0.866945,0.942106,0.954319,0.913961,0.843362,0.925103,0.914174,0.910163,0.778864,0.941367,0.919045,0.940351,0.93258,0.933176,0.913544,0.880325,0.92983,0.959959,0.877565,0.918789,0.883716,0.670333,0.93716,0.932018,0.871433,0.885427,0.929871,0.946947,0.880681,0.913137,0.889939,0.913605,0.953661,0.914076,0.955016,0.898745,0.94914,0.922925,0.946468,0.931541,0.937084,0.953823,0.907717,0.896202,0.900027,0.952676,0.869707,0.915017,0.918577,0.9406,0.895564,0.844389,0.928312,0.919342,0.901328,0.892203,0.647338,0.856704,0.941873,0.83869,0.947082,0.924975,0.932055,0.946036,0.897433,0.781664,0.945969,0.96095,0.921706,0.864265,0.941157,0.94499,0.791735,0.878358,0.784219,0.922843,0.953875,0.950628,0.92468,0.916243,0.896373,0.839737,0.923224,0.872986,0.927047,0.818408,0.943356,0.894009,0.924993,0.933259,0.859449,0.880875,0.963056,0.901393,0.920936,0.886504,0.85314,0.913771,0.878548,0.884995,0.938006,0.926611,0.91425,0.784321
Baseball,0.794333,0.742023,0.705139,0.787062,0.73274,1.0,0.790104,0.722469,0.762362,0.748323,0.718895,0.721474,0.792169,0.676926,0.7898,0.7573,0.742714,0.814771,0.748954,0.782694,0.73272,0.759884,0.714548,0.718142,0.712701,0.731735,0.792164,0.667378,0.752589,0.744728,0.799401,0.755483,0.769049,0.70849,0.717922,0.746752,0.753743,0.7398,0.770892,0.685576,0.738326,0.679556,0.702398,0.711887,0.750843,0.642119,0.827994,0.635132,0.724689,0.664181,0.737316,0.717539,0.765249,0.739337,0.726164,0.779726,0.716381,0.777876,0.758588,0.679342,0.716751,0.77883,0.717584,0.70927,0.77304,0.791603,0.695705,0.694171,0.796234,0.695734,0.759381,0.768282,0.78235,0.725015,0.718319,0.708719,0.792697,0.760533,0.63764,0.637704,0.766808,0.805339,0.804616,0.705784,0.674685,0.752662,0.683191,0.746393,0.684214,0.722242,0.77824,0.761511,0.739874,0.738774,0.734612,0.756168,0.710657,0.739609,0.773282,0.800236,0.713501,0.735738,0.730758,0.786413,0.644446,0.716043,0.722661,0.704162,0.794591,0.779581,0.744928,0.774145,0.734979,0.753568,0.655939,0.756327,0.715527,0.783775,0.752049,0.786071,0.692334,0.757833,0.732463,0.674732,0.745546,0.713073,0.727515,0.636515,0.801926,0.781738
Basket,0.853429,0.825703,0.707848,0.818698,0.819874,0.790104,1.0,0.763176,0.857732,0.84489,0.82021,0.830117,0.890822,0.740763,0.860494,0.853676,0.84668,0.8955,0.817192,0.863082,0.817607,0.860385,0.798254,0.771454,0.81364,0.803949,0.857843,0.764908,0.84613,0.825799,0.864365,0.843668,0.839253,0.800072,0.778858,0.845188,0.828997,0.831428,0.85581,0.796624,0.817619,0.741428,0.798798,0.807893,0.80576,0.748418,0.914247,0.650887,0.820443,0.768156,0.786717,0.788123,0.867091,0.832754,0.79636,0.849784,0.799143,0.844197,0.840473,0.772491,0.814751,0.83097,0.808031,0.795861,0.854189,0.872762,0.79005,0.777392,0.866687,0.760492,0.833843,0.866001,0.839685,0.811269,0.798679,0.791013,0.862779,0.858457,0.727022,0.749424,0.852684,0.887845,0.81762,0.767315,0.762589,0.834271,0.77833,0.841793,0.772304,0.819087,0.850385,0.826264,0.827251,0.831077,0.832825,0.80626,0.803324,0.834384,0.808488,0.864851,0.743678,0.823496,0.80105,0.883782,0.735858,0.824364,0.806138,0.789885,0.875777,0.817691,0.824861,0.816783,0.823441,0.825998,0.74629,0.851172,0.78747,0.86948,0.84275,0.869672,0.77696,0.821804,0.8029,0.749558,0.799397,0.779249,0.811086,0.727324,0.871938,0.829458
Beanie,0.778989,0.746614,0.663655,0.769278,0.754018,0.722469,0.763176,1.0,0.772569,0.767225,0.738376,0.742022,0.793843,0.707148,0.787538,0.765537,0.758844,0.801867,0.760284,0.790808,0.741645,0.775473,0.746302,0.701095,0.738889,0.737627,0.779783,0.700755,0.778207,0.758812,0.783385,0.785385,0.783304,0.736701,0.715632,0.763694,0.768144,0.757924,0.780639,0.712592,0.758796,0.696985,0.731109,0.740333,0.746174,0.676092,0.806095,0.619975,0.751911,0.69838,0.740935,0.732369,0.784046,0.758159,0.731239,0.780756,0.735512,0.78323,0.773441,0.70591,0.741072,0.770862,0.736381,0.726539,0.783862,0.792417,0.724288,0.724601,0.79779,0.711883,0.769577,0.785456,0.784063,0.733061,0.731497,0.73628,0.782152,0.771131,0.672112,0.677902,0.765996,0.784655,0.711304,0.712833,0.711452,0.746177,0.719431,0.762523,0.715034,0.745637,0.779075,0.735223,0.759293,0.757727,0.754135,0.758158,0.735791,0.762012,0.762405,0.77478,0.707637,0.751223,0.748146,0.795018,0.682636,0.741058,0.743193,0.712543,0.800404,0.788113,0.772312,0.756791,0.750044,0.756623,0.691594,0.77006,0.732807,0.77956,0.769248,0.785785,0.71647,0.754478,0.747713,0.704885,0.746784,0.726221,0.745601,0.670013,0.78652,0.754192
Bed,0.827659,0.917349,0.708326,0.83348,0.920645,0.762362,0.857732,0.772569,1.0,0.94227,0.915202,0.925222,0.945182,0.84606,0.910665,0.929455,0.93214,0.911383,0.882118,0.924101,0.921358,0.932807,0.904028,0.807365,0.921426,0.895394,0.880094,0.905963,0.938306,0.909323,0.864594,0.91476,0.918659,0.912936,0.795654,0.933522,0.899837,0.925548,0.935963,0.915122,0.910544,0.862514,0.904681,0.929189,0.876098,0.893455,0.906758,0.692216,0.931427,0.908468,0.861429,0.89457,0.936691,0.930205,0.87751,0.91232,0.886951,0.912348,0.928762,0.904465,0.932105,0.904827,0.918634,0.902457,0.92259,0.938102,0.911757,0.909965,0.9082,0.877158,0.902817,0.9482,0.886328,0.904007,0.901518,0.912256,0.910028,0.879716,0.881355,0.898013,0.902357,0.911498,0.707779,0.853121,0.908257,0.855627,0.91712,0.927903,0.901611,0.931297,0.912225,0.810342,0.920791,0.93355,0.917665,0.860384,0.926325,0.933316,0.821501,0.892417,0.798593,0.925143,0.911984,0.949438,0.886545,0.927609,0.905997,0.843983,0.929472,0.858738,0.91628,0.836492,0.925061,0.90226,0.894886,0.945032,0.852766,0.890833,0.94516,0.922263,0.898789,0.88291,0.866379,0.884679,0.890519,0.876738,0.916793,0.882274,0.920958,0.817158
Bell,0.802383,0.961114,0.720868,0.828459,0.956753,0.748323,0.84489,0.767225,0.94227,1.0,0.934946,0.954253,0.950876,0.869065,0.912944,0.95965,0.952578,0.909521,0.895204,0.943713,0.958283,0.938377,0.936714,0.832295,0.95753,0.923882,0.877999,0.960134,0.96532,0.933441,0.856801,0.934148,0.930827,0.938616,0.79032,0.959012,0.924811,0.962845,0.950187,0.956411,0.932341,0.900891,0.942361,0.973436,0.897585,0.946233,0.905216,0.695644,0.96305,0.957295,0.884997,0.910391,0.94881,0.964191,0.896981,0.928654,0.916091,0.924447,0.960523,0.942811,0.973783,0.914492,0.960413,0.944748,0.946742,0.950824,0.956392,0.964312,0.917928,0.914856,0.915194,0.968326,0.889665,0.941269,0.935573,0.954957,0.915506,0.864251,0.945538,0.947617,0.915149,0.913638,0.667392,0.877451,0.958221,0.859384,0.963989,0.948856,0.947502,0.967908,0.915907,0.800084,0.957734,0.974168,0.940721,0.868959,0.961704,0.961605,0.804137,0.901433,0.798368,0.950438,0.957513,0.96897,0.944699,0.947678,0.92143,0.858841,0.934335,0.871276,0.939249,0.830164,0.959927,0.923591,0.946312,0.959227,0.871368,0.893509,0.979854,0.923921,0.942484,0.903801,0.877246,0.929592,0.901158,0.905685,0.950718,0.947558,0.942889,0.795075
Belt,0.774816,0.918023,0.686248,0.785767,0.907372,0.718895,0.82021,0.738376,0.915202,0.934946,1.0,0.925346,0.920314,0.843713,0.883207,0.91947,0.927915,0.878378,0.863718,0.896736,0.923918,0.92184,0.899817,0.792271,0.925136,0.891236,0.842091,0.922064,0.921797,0.897824,0.81914,0.89126,0.901397,0.918841,0.762837,0.923556,0.874079,0.920906,0.920312,0.927168,0.90162,0.871979,0.90252,0.930563,0.865656,0.919062,0.865639,0.680433,0.933054,0.928273,0.845142,0.896331,0.919329,0.929118,0.867512,0.890266,0.886214,0.884414,0.908223,0.922262,0.93569,0.888339,0.914283,0.906236,0.892005,0.919596,0.918701,0.915724,0.873315,0.885167,0.881586,0.932163,0.86009,0.904655,0.901203,0.917609,0.88981,0.845426,0.902681,0.925394,0.876074,0.883696,0.639487,0.848589,0.922858,0.827999,0.929719,0.920129,0.910294,0.934109,0.892678,0.770843,0.906328,0.930772,0.908276,0.829329,0.932065,0.926886,0.778244,0.862288,0.777558,0.926566,0.902322,0.933407,0.907812,0.932989,0.902626,0.831737,0.900209,0.812448,0.902515,0.800134,0.926024,0.89478,0.914871,0.942445,0.835966,0.861396,0.938141,0.902435,0.908153,0.86544,0.852062,0.894973,0.883568,0.871601,0.913343,0.903995,0.901552,0.772961
Bench,0.782676,0.936592,0.686882,0.791945,0.932236,0.721474,0.830117,0.742022,0.925222,0.954253,0.925346,1.0,0.93369,0.851528,0.887298,0.939404,0.940392,0.889271,0.87105,0.913125,0.93756,0.92564,0.91656,0.802531,0.944226,0.905802,0.852164,0.945802,0.941237,0.910916,0.827169,0.908825,0.907875,0.925002,0.770961,0.940537,0.895944,0.939976,0.930059,0.947408,0.912016,0.882159,0.924685,0.954521,0.876207,0.937564,0.878786,0.675114,0.944068,0.946172,0.857543,0.896694,0.931358,0.947545,0.87931,0.903396,0.89631,0.895772,0.932286,0.932434,0.956487,0.893413,0.940026,0.925794,0.918969,0.930192,0.939288,0.942747,0.888171,0.898732,0.891347,0.94786,0.86385,0.920626,0.918083,0.937042,0.897349,0.847516,0.92871,0.941217,0.892872,0.891172,0.635305,0.856633,0.943334,0.838371,0.949127,0.931172,0.930919,0.951551,0.89725,0.777348,0.930789,0.954701,0.923358,0.841442,0.946053,0.943649,0.775464,0.873307,0.776969,0.934384,0.930203,0.950404,0.92962,0.938517,0.906044,0.843976,0.911588,0.829194,0.917671,0.802861,0.944392,0.901735,0.932764,0.946976,0.84986,0.877624,0.957494,0.906758,0.925783,0.877509,0.855957,0.911871,0.883173,0.883302,0.933292,0.929108,0.914679,0.775581
Bike,0.876609,0.910724,0.693724,0.86128,0.936044,0.792169,0.890822,0.793843,0.945182,0.950876,0.920314,0.93369,1.0,0.843172,0.943054,0.94136,0.943228,0.948152,0.893051,0.946913,0.924215,0.950475,0.909795,0.802407,0.930772,0.899999,0.914846,0.899361,0.959477,0.917748,0.907077,0.933652,0.937153,0.906539,0.819953,0.946604,0.914943,0.932218,0.957064,0.914738,0.92284,0.848931,0.913335,0.937394,0.881873,0.878288,0.946883,0.681739,0.941279,0.90134,0.866674,0.892291,0.959914,0.943286,0.887888,0.929427,0.886704,0.944685,0.948412,0.890554,0.940916,0.916737,0.925259,0.898686,0.95086,0.962101,0.911154,0.907206,0.938286,0.867413,0.927301,0.974187,0.906426,0.901604,0.908287,0.913261,0.934789,0.906868,0.86211,0.883574,0.920682,0.94713,0.75327,0.849271,0.899363,0.876503,0.91363,0.938224,0.896952,0.937789,0.934754,0.844745,0.932848,0.944914,0.928951,0.883752,0.934429,0.950808,0.859647,0.912685,0.804915,0.926527,0.917501,0.970612,0.87364,0.927816,0.914651,0.850841,0.971462,0.887164,0.92712,0.865198,0.945632,0.90129,0.882582,0.952034,0.86553,0.931721,0.958362,0.941035,0.893622,0.892944,0.868222,0.874025,0.888628,0.879348,0.924042,0.863837,0.930727,0.859556
Binder,0.728049,0.851623,0.657938,0.754825,0.852903,0.676926,0.740763,0.707148,0.84606,0.869065,0.843713,0.851528,0.843172,1.0,0.822835,0.850037,0.852811,0.81118,0.81795,0.838561,0.852214,0.847796,0.850085,0.741213,0.857726,0.833419,0.784497,0.857335,0.864228,0.841016,0.763899,0.844432,0.852855,0.858313,0.722237,0.853339,0.831433,0.857419,0.855897,0.851612,0.848843,0.828167,0.845002,0.86868,0.816965,0.844688,0.793625,0.662897,0.863038,0.856839,0.809706,0.844508,0.851119,0.861512,0.810849,0.835774,0.825004,0.833578,0.855139,0.856181,0.866513,0.838998,0.852896,0.845031,0.841528,0.852834,0.859827,0.864551,0.823633,0.837567,0.827587,0.864173,0.817818,0.837166,0.841248,0.866829,0.823774,0.783841,0.845532,0.851031,0.81544,0.802795,0.579788,0.80312,0.871658,0.771929,0.871452,0.853214,0.855137,0.867134,0.83392,0.712031,0.853906,0.867444,0.842617,0.79244,0.86686,0.862782,0.744518,0.794209,0.753511,0.859832,0.859425,0.865828,0.850874,0.857161,0.843884,0.774491,0.837853,0.793429,0.861503,0.761387,0.858861,0.837223,0.856758,0.870617,0.796547,0.797626,0.872863,0.83453,0.849263,0.814099,0.804618,0.852788,0.839631,0.825554,0.856954,0.844106,0.835104,0.731576
Binoculars,0.849982,0.881221,0.710459,0.85757,0.892222,0.7898,0.860494,0.787538,0.910665,0.912944,0.883207,0.887298,0.943054,0.822835,1.0,0.901833,0.901368,0.917615,0.875298,0.916509,0.892336,0.917255,0.873879,0.795403,0.883829,0.870527,0.891637,0.851693,0.917408,0.889359,0.887361,0.899588,0.914168,0.879022,0.80083,0.904409,0.881753,0.895425,0.924158,0.865285,0.89376,0.827908,0.868293,0.889197,0.862168,0.832007,0.918519,0.694728,0.90543,0.855283,0.850665,0.872268,0.920334,0.900051,0.858719,0.902819,0.860164,0.917433,0.908429,0.856833,0.894283,0.900573,0.880093,0.862367,0.906787,0.928851,0.869967,0.86349,0.910888,0.840791,0.90022,0.930865,0.89539,0.870043,0.872521,0.875967,0.908079,0.880849,0.819903,0.836109,0.887693,0.917672,0.764175,0.830837,0.857844,0.852409,0.869914,0.904182,0.856577,0.896996,0.910172,0.827414,0.89409,0.898981,0.890835,0.863798,0.893294,0.908255,0.856205,0.893687,0.803818,0.897318,0.880006,0.931325,0.830957,0.891656,0.888083,0.819932,0.934964,0.874905,0.896048,0.857242,0.901052,0.882554,0.843081,0.920043,0.83939,0.89162,0.917596,0.914439,0.856863,0.872246,0.853562,0.843052,0.878094,0.855519,0.884285,0.82352,0.911439,0.848491
Birdfeeder,0.811822,0.94743,0.717013,0.822163,0.939236,0.7573,0.853676,0.765537,0.929455,0.95965,0.91947,0.939404,0.94136,0.850037,0.901833,1.0,0.939411,0.909083,0.882261,0.929401,0.941667,0.923433,0.918149,0.825943,0.943051,0.913107,0.874164,0.939833,0.946442,0.91783,0.854977,0.918933,0.915265,0.918632,0.791334,0.943233,0.911596,0.947563,0.935178,0.940128,0.915271,0.881726,0.926332,0.954494,0.88925,0.925161,0.909156,0.689724,0.941444,0.935678,0.872192,0.891732,0.933777,0.951614,0.886209,0.917445,0.900561,0.909988,0.94492,0.922468,0.955807,0.905589,0.944224,0.929129,0.936207,0.939561,0.938527,0.943891,0.908051,0.899296,0.901715,0.952414,0.880461,0.927863,0.922766,0.938506,0.911304,0.852909,0.92389,0.924367,0.908099,0.90983,0.688593,0.863364,0.936058,0.856719,0.942684,0.932959,0.928574,0.950845,0.905065,0.806127,0.941191,0.961399,0.925652,0.860789,0.941855,0.944966,0.797202,0.898096,0.790514,0.933201,0.94168,0.961282,0.921582,0.927607,0.902309,0.852398,0.923215,0.859351,0.922707,0.827851,0.948832,0.910249,0.924013,0.944577,0.860711,0.895949,0.962197,0.914076,0.924427,0.894473,0.862164,0.908951,0.886696,0.888015,0.938322,0.924455,0.93653,0.80631
Boat,0.80843,0.933901,0.702507,0.813922,0.930264,0.742714,0.84668,0.758844,0.93214,0.952578,0.927915,0.940392,0.943228,0.852811,0.901368,0.939411,1.0,0.90168,0.879664,0.921261,0.936478,0.935971,0.917009,0.805709,0.940753,0.907997,0.868989,0.934249,0.94385,0.915663,0.845203,0.914648,0.918082,0.924547,0.784213,0.942567,0.899675,0.936449,0.93778,0.939526,0.915821,0.880753,0.921245,0.948133,0.882339,0.925366,0.893661,0.683093,0.944664,0.936194,0.862807,0.903035,0.938619,0.946792,0.884832,0.912364,0.898543,0.9059,0.933941,0.926971,0.950969,0.904744,0.934949,0.920658,0.922397,0.937951,0.931899,0.933891,0.900877,0.897714,0.901105,0.952466,0.8768,0.918243,0.916302,0.932456,0.909375,0.866466,0.913887,0.930117,0.900207,0.907278,0.671633,0.860928,0.932551,0.850328,0.941551,0.934929,0.924251,0.948121,0.911224,0.795784,0.929484,0.950447,0.926163,0.85532,0.943054,0.943722,0.801715,0.887253,0.792975,0.936569,0.925787,0.95502,0.916477,0.940567,0.911997,0.850182,0.92367,0.844013,0.920485,0.823168,0.942508,0.906372,0.921888,0.953133,0.856128,0.88771,0.956915,0.920305,0.91978,0.88551,0.866252,0.905406,0.892316,0.884305,0.930469,0.913895,0.919026,0.795573
Bonzai,0.872939,0.880379,0.731581,0.855949,0.888305,0.814771,0.8955,0.801867,0.911383,0.909521,0.878378,0.889271,0.948152,0.81118,0.917615,0.909083,0.90168,1.0,0.870019,0.915485,0.884727,0.912473,0.864845,0.810821,0.881743,0.869055,0.899659,0.842337,0.910959,0.883751,0.900953,0.898007,0.902313,0.866418,0.818033,0.903985,0.884356,0.897351,0.917454,0.863205,0.884249,0.809715,0.864368,0.882852,0.867519,0.82195,0.943191,0.698833,0.890743,0.844531,0.84702,0.855529,0.920257,0.898177,0.857545,0.90331,0.856515,0.909763,0.906034,0.84412,0.888868,0.89503,0.877782,0.861716,0.913918,0.933331,0.862731,0.854798,0.914035,0.832277,0.893238,0.92865,0.895248,0.869502,0.868311,0.865584,0.915677,0.884944,0.806299,0.823324,0.898126,0.923694,0.804116,0.822781,0.846667,0.863006,0.854875,0.900416,0.84622,0.890796,0.905757,0.849429,0.891461,0.900125,0.889141,0.861476,0.880307,0.903971,0.853378,0.904739,0.796445,0.889099,0.876049,0.939667,0.81794,0.883871,0.873469,0.828027,0.933912,0.868962,0.889003,0.856682,0.898459,0.882019,0.827885,0.912135,0.837537,0.917885,0.911413,0.916734,0.850881,0.870822,0.849375,0.826466,0.865434,0.849718,0.883354,0.808611,0.927105,0.865101
Book,0.806756,0.874347,0.700549,0.821896,0.877081,0.748954,0.817192,0.760284,0.882118,0.895204,0.863718,0.87105,0.893051,0.81795,0.875298,0.882261,0.879664,0.870019,1.0,0.888226,0.872872,0.883747,0.866941,0.780171,0.870711,0.85441,0.847848,0.853886,0.895277,0.870052,0.838651,0.882763,0.885093,0.867846,0.771091,0.883661,0.868265,0.880848,0.892225,0.857471,0.872344,0.828048,0.859472,0.879526,0.842347,0.835276,0.870043,0.683,0.883051,0.852745,0.837348,0.854408,0.890208,0.883008,0.837213,0.877299,0.847805,0.878696,0.887999,0.85319,0.879732,0.872586,0.869637,0.857397,0.883699,0.894599,0.864886,0.867098,0.878126,0.838825,0.867047,0.899969,0.861904,0.858419,0.857966,0.871891,0.870154,0.842921,0.833291,0.839347,0.861412,0.870459,0.696175,0.821255,0.863037,0.823124,0.869293,0.881111,0.856956,0.880929,0.873609,0.782965,0.880053,0.887024,0.870581,0.836167,0.876201,0.885693,0.805232,0.854528,0.781432,0.878087,0.876032,0.904034,0.838495,0.872629,0.861812,0.805877,0.889565,0.849671,0.882725,0.817461,0.877496,0.86466,0.846643,0.894738,0.825057,0.850197,0.897884,0.87993,0.852575,0.853025,0.837542,0.847186,0.857711,0.840635,0.872545,0.832694,0.881525,0.798451
Bookend,0.854332,0.918146,0.726518,0.864984,0.929763,0.782694,0.863082,0.790808,0.924101,0.943713,0.896736,0.913125,0.946913,0.838561,0.916509,0.929401,0.921261,0.915485,0.888226,1.0,0.914517,0.921458,0.906729,0.813705,0.912566,0.889986,0.896558,0.89447,0.947374,0.911228,0.88701,0.930032,0.921142,0.894592,0.80387,0.93255,0.918151,0.925073,0.934792,0.896765,0.908807,0.853453,0.903823,0.927134,0.874513,0.869636,0.922599,0.68484,0.924707,0.888964,0.871796,0.875377,0.936389,0.927204,0.874067,0.921727,0.883737,0.925904,0.943091,0.879591,0.92573,0.901419,0.919083,0.896613,0.942856,0.938223,0.903163,0.912038,0.929565,0.866463,0.909509,0.950725,0.893713,0.898803,0.895428,0.90722,0.909444,0.882865,0.870383,0.870846,0.908782,0.920817,0.739786,0.850157,0.895191,0.862293,0.906043,0.920786,0.893902,0.921386,0.9103,0.823403,0.931033,0.93447,0.91393,0.877553,0.914124,0.93023,0.841039,0.903697,0.798765,0.910757,0.923237,0.949154,0.872908,0.904449,0.892076,0.842256,0.940704,0.901043,0.919659,0.852176,0.919355,0.896282,0.877392,0.926688,0.8613,0.897085,0.946512,0.918344,0.888165,0.892325,0.868237,0.875184,0.875997,0.873189,0.912067,0.870019,0.924202,0.8255
Boomerang,0.764527,0.957507,0.732995,0.80153,0.931507,0.73272,0.817607,0.741645,0.921358,0.958283,0.923918,0.93756,0.924215,0.852214,0.892336,0.941667,0.936478,0.884727,0.872872,0.914517,1.0,0.918867,0.914555,0.828361,0.942396,0.917517,0.853193,0.952689,0.934375,0.915993,0.822712,0.895606,0.909535,0.928674,0.763024,0.938527,0.892792,0.944757,0.930523,0.946512,0.913755,0.90339,0.921037,0.955776,0.893163,0.946536,0.873942,0.697874,0.949191,0.952154,0.87177,0.906902,0.919565,0.950177,0.886549,0.909477,0.905346,0.898058,0.9334,0.943074,0.960344,0.907704,0.944112,0.935999,0.911392,0.931672,0.942797,0.950739,0.885369,0.916178,0.891914,0.941219,0.868338,0.935388,0.926413,0.942955,0.903955,0.825238,0.943473,0.944886,0.889527,0.89658,0.660883,0.871442,0.948293,0.833209,0.952313,0.930589,0.936309,0.955312,0.900108,0.775893,0.931518,0.957314,0.919207,0.844559,0.950504,0.940895,0.780154,0.890815,0.789701,0.943035,0.939038,0.94485,0.939609,0.93592,0.909368,0.840302,0.904361,0.831088,0.91143,0.811122,0.949192,0.915565,0.942482,0.948144,0.846283,0.865577,0.961973,0.906129,0.93653,0.88935,0.859045,0.921938,0.898712,0.895289,0.936033,0.946306,0.933635,0.768492
Car,0.831062,0.908638,0.702317,0.8316,0.91258,0.759884,0.860385,0.775473,0.932807,0.938377,0.92184,0.92564,0.950475,0.847796,0.917255,0.923433,0.935971,0.912473,0.883747,0.921458,0.918867,1.0,0.903378,0.79759,0.920388,0.891369,0.880801,0.898916,0.937554,0.909412,0.86534,0.914656,0.924185,0.917372,0.794659,0.932542,0.890492,0.919556,0.939281,0.91328,0.913362,0.859896,0.900327,0.923094,0.872638,0.890646,0.904738,0.689812,0.93702,0.907079,0.855591,0.901525,0.943134,0.928467,0.876232,0.910498,0.888552,0.912816,0.91999,0.905289,0.928418,0.90386,0.908771,0.895589,0.911651,0.939331,0.906516,0.8997,0.907425,0.873687,0.906271,0.950197,0.89049,0.89794,0.896603,0.907414,0.912554,0.893912,0.869233,0.899196,0.896654,0.915562,0.705382,0.851421,0.901907,0.856947,0.914121,0.930802,0.895877,0.929883,0.919575,0.810739,0.912441,0.925561,0.918565,0.858353,0.926948,0.933531,0.832993,0.88857,0.801495,0.92829,0.896918,0.948059,0.880028,0.936747,0.914409,0.84385,0.935008,0.853062,0.916093,0.838763,0.923258,0.901797,0.890419,0.951176,0.852844,0.891227,0.941554,0.929109,0.894213,0.8787,0.872849,0.879281,0.893177,0.874358,0.909177,0.870876,0.912351,0.817866
Cellphone,0.785504,0.916647,0.680723,0.802198,0.924174,0.714548,0.798254,0.746302,0.904028,0.936714,0.899817,0.91656,0.909795,0.850085,0.873879,0.918149,0.917009,0.864845,0.866941,0.906729,0.914555,0.903378,1.0,0.784084,0.925023,0.890486,0.843355,0.927559,0.934015,0.899797,0.819051,0.910735,0.903308,0.90564,0.764155,0.92183,0.895653,0.92209,0.914879,0.919257,0.90171,0.874068,0.913395,0.940271,0.863912,0.909911,0.856816,0.668023,0.926197,0.921923,0.856207,0.881836,0.914543,0.931034,0.865296,0.894339,0.88237,0.890986,0.926386,0.908243,0.936427,0.883827,0.924898,0.907636,0.915368,0.911503,0.923159,0.936213,0.88629,0.888414,0.883668,0.932096,0.858481,0.898602,0.901965,0.928847,0.877977,0.834751,0.914428,0.91406,0.877079,0.869078,0.61599,0.847865,0.930699,0.823906,0.936391,0.911387,0.919717,0.930752,0.884476,0.761693,0.922972,0.940045,0.906594,0.846663,0.927459,0.927185,0.779937,0.853089,0.779054,0.912893,0.929004,0.931405,0.914407,0.910417,0.888865,0.829089,0.90105,0.852545,0.915306,0.802815,0.925568,0.883375,0.915957,0.923683,0.849317,0.858337,0.942374,0.888049,0.908953,0.870205,0.849412,0.905055,0.871489,0.871765,0.919368,0.911916,0.890102,0.766077
Cheese,0.714238,0.847322,0.745474,0.752831,0.800874,0.718142,0.771454,0.701095,0.807365,0.832295,0.792271,0.802531,0.802407,0.741213,0.795403,0.825943,0.805709,0.810821,0.780171,0.813705,0.828361,0.79759,0.784084,1.0,0.797846,0.799988,0.776781,0.795722,0.803738,0.803324,0.763966,0.786107,0.797794,0.798788,0.7027,0.811848,0.793339,0.825951,0.810084,0.795985,0.792778,0.781515,0.782268,0.807176,0.804476,0.78637,0.811952,0.669675,0.806834,0.792924,0.783929,0.785124,0.799924,0.812962,0.775979,0.812367,0.795117,0.790575,0.811862,0.799995,0.812757,0.807221,0.807431,0.811459,0.801574,0.825208,0.80001,0.80527,0.798164,0.791287,0.782458,0.811778,0.789746,0.822143,0.796377,0.801471,0.809926,0.74367,0.787302,0.779581,0.796472,0.805593,0.706271,0.77452,0.795189,0.760621,0.794938,0.80879,0.790532,0.813217,0.794278,0.730322,0.808735,0.821158,0.795384,0.756483,0.799706,0.804772,0.721198,0.820143,0.719844,0.816839,0.811632,0.827598,0.783214,0.800943,0.782099,0.7478,0.793796,0.763885,0.794452,0.748433,0.804315,0.822452,0.786754,0.818187,0.748273,0.776401,0.827207,0.807347,0.801291,0.79858,0.772411,0.782322,0.797166,0.785674,0.803424,0.79037,0.861135,0.717916
Cheesegrater,0.776269,0.942288,0.678231,0.786483,0.939118,0.712701,0.81364,0.738889,0.921426,0.95753,0.925136,0.944226,0.930772,0.857726,0.883829,0.943051,0.940753,0.881743,0.870711,0.912566,0.942396,0.920388,0.925023,0.797846,1.0,0.911702,0.846423,0.959202,0.945648,0.913165,0.819002,0.911836,0.910114,0.926755,0.76793,0.940863,0.898967,0.945586,0.929244,0.954507,0.915854,0.891526,0.934359,0.96537,0.879499,0.948246,0.871882,0.669476,0.949762,0.956841,0.861105,0.897674,0.928465,0.956696,0.882192,0.90334,0.900124,0.896998,0.938276,0.938324,0.965615,0.893549,0.94762,0.933155,0.922961,0.927634,0.950535,0.957393,0.887375,0.909027,0.892835,0.948992,0.861972,0.924893,0.926288,0.950951,0.895411,0.832267,0.945227,0.951294,0.888851,0.884713,0.609698,0.859906,0.956139,0.834817,0.962318,0.931111,0.943377,0.959479,0.895108,0.769074,0.93814,0.965137,0.924412,0.844916,0.954337,0.949041,0.769714,0.86736,0.777263,0.935932,0.941947,0.952782,0.944968,0.935484,0.907453,0.844068,0.910616,0.833652,0.923211,0.800497,0.956974,0.900814,0.945957,0.945626,0.855604,0.877071,0.963257,0.899887,0.935667,0.879862,0.852546,0.924545,0.881821,0.887449,0.942099,0.944678,0.910509,0.771011
Christmasstreeornament,0.772338,0.92018,0.714454,0.798529,0.905798,0.731735,0.803949,0.737627,0.895394,0.923882,0.891236,0.905802,0.899999,0.833419,0.870527,0.913107,0.907997,0.869055,0.85441,0.889986,0.917517,0.891369,0.890486,0.799988,0.911702,1.0,0.841862,0.915603,0.908138,0.89028,0.811993,0.877235,0.889692,0.894417,0.758181,0.908577,0.875596,0.911508,0.905494,0.911156,0.887369,0.874073,0.89403,0.923498,0.874918,0.903163,0.858339,0.686951,0.910804,0.911161,0.853702,0.88163,0.89426,0.921138,0.866215,0.889345,0.873317,0.878177,0.910312,0.905626,0.924856,0.894659,0.91596,0.903802,0.895661,0.907824,0.910363,0.92104,0.870942,0.892281,0.871267,0.913486,0.853218,0.900029,0.899951,0.916972,0.885961,0.810959,0.906393,0.901755,0.871895,0.874779,0.664562,0.847231,0.916471,0.818586,0.919055,0.900975,0.906785,0.922109,0.882973,0.768739,0.905832,0.929085,0.892409,0.838741,0.916116,0.911756,0.776361,0.869834,0.787164,0.910672,0.918922,0.923293,0.901694,0.899998,0.880022,0.820976,0.88502,0.826331,0.892175,0.806195,0.920854,0.886039,0.905706,0.919561,0.831658,0.854585,0.930979,0.885489,0.903346,0.869856,0.83712,0.894535,0.880615,0.868812,0.912326,0.906035,0.905421,0.77464
Clock,0.862204,0.851365,0.712051,0.856031,0.866945,0.792164,0.857843,0.779783,0.880094,0.877999,0.842091,0.852164,0.914846,0.784497,0.891637,0.874164,0.868989,0.899659,0.847848,0.896558,0.853193,0.880801,0.843355,0.776781,0.846423,0.841862,1.0,0.810856,0.888018,0.860106,0.877228,0.877831,0.880889,0.83152,0.789208,0.876067,0.866405,0.860415,0.8919,0.824681,0.856075,0.790131,0.83668,0.853679,0.83883,0.784013,0.90632,0.668958,0.859368,0.807015,0.828476,0.829078,0.890326,0.867549,0.832491,0.882264,0.826231,0.88974,0.886986,0.808369,0.855142,0.874599,0.85316,0.828875,0.895018,0.900729,0.828997,0.832328,0.897064,0.807981,0.871066,0.899496,0.867571,0.836643,0.838524,0.838751,0.885424,0.862514,0.779969,0.784234,0.872129,0.900361,0.790841,0.801357,0.814108,0.834935,0.82664,0.867846,0.819586,0.855361,0.882985,0.820828,0.867295,0.869512,0.860936,0.851253,0.847441,0.871664,0.842061,0.880983,0.782995,0.855636,0.858905,0.903848,0.785265,0.845938,0.84281,0.79997,0.910077,0.87061,0.864687,0.845071,0.862545,0.848042,0.794909,0.879026,0.81722,0.87692,0.884347,0.889041,0.817873,0.851706,0.82658,0.802144,0.841318,0.819818,0.852816,0.779574,0.887419,0.835276
Coatrack,0.714944,0.956919,0.668437,0.748259,0.942106,0.667378,0.764908,0.700755,0.905963,0.960134,0.922064,0.945802,0.899361,0.857335,0.851693,0.939833,0.934249,0.842337,0.853886,0.89447,0.952689,0.898916,0.927559,0.795722,0.959202,0.915603,0.810856,1.0,0.936034,0.907324,0.770863,0.893145,0.891072,0.931588,0.731397,0.937343,0.889149,0.949303,0.914186,0.970969,0.907538,0.911246,0.940155,0.978383,0.875275,0.981287,0.82581,0.660154,0.950015,0.982117,0.856976,0.896645,0.906925,0.958508,0.877275,0.888009,0.901082,0.873069,0.934367,0.959703,0.976915,0.882005,0.961755,0.94834,0.90952,0.909187,0.965952,0.982663,0.857251,0.926937,0.871431,0.934001,0.831978,0.935287,0.933828,0.965092,0.871683,0.785715,0.988382,0.981339,0.87136,0.85195,0.539902,0.861944,0.982874,0.802145,0.983221,0.922932,0.963732,0.966505,0.870687,0.72298,0.938515,0.973048,0.917996,0.821553,0.962474,0.945003,0.717601,0.844914,0.756866,0.937755,0.957456,0.936342,0.979157,0.934417,0.898292,0.831081,0.877268,0.80362,0.913654,0.762486,0.957669,0.895937,0.976093,0.938154,0.840315,0.839825,0.965819,0.874799,0.954484,0.869972,0.836652,0.94709,0.877087,0.889837,0.949108,0.987873,0.901857,0.714869
Coffeemaker,0.836123,0.932287,0.691071,0.844707,0.954319,0.752589,0.84613,0.778207,0.938306,0.96532,0.921797,0.941237,0.959477,0.864228,0.917408,0.946442,0.94385,0.910959,0.895277,0.947374,0.934375,0.937554,0.934015,0.803738,0.945648,0.908138,0.888018,0.936034,1.0,0.926052,0.871943,0.945993,0.934767,0.921981,0.800047,0.952654,0.929638,0.946706,0.95001,0.934334,0.928887,0.878494,0.93548,0.961871,0.882218,0.913358,0.909111,0.677576,0.951316,0.931065,0.878052,0.8975,0.953154,0.953462,0.88861,0.92671,0.900284,0.933723,0.961017,0.915106,0.958254,0.908282,0.947041,0.922022,0.956513,0.9482,0.938417,0.947965,0.929266,0.892818,0.920029,0.970793,0.893017,0.91657,0.920537,0.94122,0.911406,0.882302,0.913883,0.918196,0.914282,0.913698,0.671657,0.863047,0.938293,0.860572,0.947665,0.940264,0.93041,0.951989,0.917921,0.805673,0.95277,0.962388,0.934878,0.87996,0.948147,0.956961,0.824907,0.890762,0.798415,0.932872,0.948432,0.965375,0.917484,0.932291,0.914313,0.85306,0.94884,0.893396,0.942233,0.840392,0.948857,0.90487,0.920511,0.948842,0.874863,0.901355,0.970318,0.923304,0.919655,0.896244,0.873215,0.911313,0.888707,0.89157,0.939713,0.912707,0.920756,0.811493
Coffeemug,0.800517,0.918682,0.718525,0.822223,0.913961,0.744728,0.825799,0.758812,0.909323,0.933441,0.897824,0.910916,0.917748,0.841016,0.889359,0.91783,0.915663,0.883751,0.870052,0.911228,0.915993,0.909412,0.899797,0.803324,0.913165,0.89028,0.860106,0.907324,0.926052,1.0,0.838275,0.901915,0.90581,0.901362,0.774649,0.91913,0.89099,0.917008,0.918051,0.906968,0.899448,0.86834,0.898679,0.924786,0.871922,0.892784,0.879542,0.685603,0.921659,0.905375,0.859551,0.884281,0.915644,0.922994,0.867672,0.901816,0.881004,0.896138,0.920884,0.899247,0.92524,0.892986,0.914418,0.900745,0.9098,0.918463,0.908794,0.916095,0.894229,0.881749,0.888102,0.929988,0.871068,0.899228,0.895531,0.912837,0.892118,0.848341,0.891017,0.894584,0.883922,0.889314,0.680873,0.850339,0.908785,0.838215,0.916319,0.912397,0.902146,0.923122,0.895382,0.786095,0.915604,0.928027,0.903863,0.851516,0.917362,0.920177,0.804314,0.878775,0.79225,0.913815,0.914736,0.932288,0.891817,0.909367,0.891013,0.831578,0.907275,0.855855,0.907352,0.822319,0.91719,0.892798,0.89628,0.925655,0.846517,0.866846,0.937027,0.900345,0.898159,0.876824,0.856477,0.888579,0.879992,0.871965,0.909032,0.891246,0.907531,0.788187
Compass,0.870841,0.820526,0.691915,0.854946,0.843362,0.799401,0.864365,0.783385,0.864594,0.856801,0.81914,0.827169,0.907077,0.763899,0.887361,0.854977,0.845203,0.900953,0.838651,0.88701,0.822712,0.86534,0.819051,0.763966,0.819002,0.811993,0.877228,0.770863,0.871943,0.838275,1.0,0.870085,0.866497,0.806297,0.792153,0.853902,0.854132,0.841496,0.875586,0.790316,0.838464,0.751331,0.811242,0.823568,0.813558,0.740518,0.916266,0.661528,0.835312,0.769062,0.809475,0.799993,0.878787,0.840754,0.807976,0.86557,0.803355,0.882739,0.867242,0.770597,0.825672,0.852818,0.820675,0.798011,0.882482,0.888579,0.799546,0.794167,0.891854,0.766564,0.859494,0.885273,0.864301,0.809264,0.810656,0.806621,0.870646,0.865621,0.732711,0.742782,0.860739,0.893521,0.807082,0.77585,0.777724,0.832605,0.790943,0.849398,0.78401,0.8275,0.865787,0.828499,0.847124,0.842937,0.839979,0.837808,0.819252,0.851553,0.842707,0.866506,0.765144,0.828836,0.827852,0.890701,0.744301,0.82062,0.821489,0.784011,0.904857,0.868397,0.848315,0.841034,0.837298,0.829307,0.755622,0.856241,0.803267,0.875208,0.859279,0.875858,0.783119,0.835088,0.811713,0.766036,0.816056,0.796402,0.826246,0.733521,0.874851,0.850356
Computertower,0.847639,0.897875,0.681038,0.844125,0.925103,0.755483,0.843668,0.785385,0.91476,0.934148,0.89126,0.908825,0.933652,0.844432,0.899588,0.918933,0.914648,0.898007,0.882763,0.930032,0.895606,0.914656,0.910735,0.786107,0.911836,0.877235,0.877831,0.893145,0.945993,0.901915,0.870085,1.0,0.915541,0.892705,0.800111,0.92413,0.914741,0.918152,0.924,0.894441,0.904749,0.843117,0.906285,0.92499,0.856899,0.866694,0.901852,0.668143,0.918305,0.887183,0.858697,0.866533,0.933279,0.922212,0.861573,0.906624,0.876066,0.913614,0.935375,0.874349,0.920053,0.883677,0.911348,0.88768,0.937775,0.923882,0.902713,0.910468,0.918889,0.857659,0.900869,0.944644,0.883371,0.882984,0.886873,0.908163,0.890079,0.881914,0.86842,0.872287,0.896434,0.893175,0.678541,0.837934,0.8986,0.852086,0.909054,0.913461,0.89489,0.915917,0.896832,0.803436,0.926073,0.929788,0.910104,0.868551,0.909595,0.926573,0.823665,0.870062,0.786501,0.900324,0.917336,0.942676,0.874109,0.899921,0.885265,0.837334,0.930771,0.896087,0.92471,0.833479,0.912737,0.88026,0.877745,0.918695,0.862288,0.889328,0.936925,0.904361,0.882601,0.875957,0.862181,0.87584,0.861729,0.862489,0.908474,0.865511,0.896781,0.814012
Controller,0.835816,0.903776,0.713204,0.849795,0.914174,0.769049,0.839253,0.783304,0.918659,0.930827,0.901397,0.907875,0.937153,0.852855,0.914168,0.915265,0.918082,0.902313,0.885093,0.921142,0.909535,0.924185,0.903308,0.797794,0.910114,0.889692,0.880889,0.891072,0.934767,0.90581,0.866497,0.915541,1.0,0.903844,0.796223,0.919838,0.897657,0.913692,0.931808,0.894931,0.910574,0.863564,0.896649,0.918963,0.87667,0.872338,0.897572,0.700214,0.924294,0.891579,0.867048,0.895245,0.92888,0.922156,0.873029,0.91153,0.879911,0.918427,0.924602,0.890533,0.919392,0.90892,0.906088,0.889848,0.91816,0.931573,0.901999,0.903513,0.912647,0.875727,0.906152,0.941121,0.895123,0.889789,0.894365,0.910591,0.906165,0.875105,0.867078,0.877903,0.891327,0.903535,0.707203,0.853296,0.899721,0.852515,0.909535,0.918112,0.893501,0.920064,0.914989,0.807814,0.915131,0.923407,0.907408,0.871589,0.918865,0.925823,0.843488,0.884232,0.815145,0.915932,0.909581,0.940109,0.87528,0.911842,0.903675,0.835142,0.931984,0.881193,0.920104,0.851105,0.919832,0.895735,0.884107,0.935036,0.858651,0.884728,0.937083,0.915954,0.889001,0.883375,0.86745,0.883647,0.894606,0.875683,0.908296,0.867346,0.907628,0.827167
Couch,0.754417,0.925582,0.694135,0.782451,0.910163,0.70849,0.800072,0.736701,0.912936,0.938616,0.918841,0.925002,0.906539,0.858313,0.879022,0.918632,0.924547,0.866418,0.867846,0.894592,0.928674,0.917372,0.90564,0.798788,0.926755,0.894417,0.83152,0.931588,0.921981,0.901362,0.806297,0.892705,0.903844,1.0,0.759267,0.922131,0.876833,0.925756,0.918119,0.930735,0.907745,0.88751,0.90601,0.935446,0.868469,0.929489,0.849484,0.695839,0.937016,0.937031,0.854533,0.905206,0.914412,0.929129,0.867957,0.889711,0.891488,0.882445,0.909498,0.933773,0.939238,0.889489,0.918321,0.91382,0.888259,0.914306,0.927713,0.925538,0.867824,0.895811,0.880677,0.928045,0.863413,0.910554,0.905371,0.926182,0.882247,0.835968,0.918056,0.934992,0.871488,0.866812,0.611943,0.857415,0.936758,0.82166,0.939512,0.921263,0.919839,0.938848,0.888257,0.75571,0.910669,0.932362,0.908256,0.82743,0.93754,0.92765,0.772466,0.85513,0.783401,0.931735,0.909924,0.92892,0.922121,0.935579,0.907984,0.829905,0.89067,0.815709,0.910057,0.79561,0.924993,0.901828,0.929043,0.942995,0.839505,0.847496,0.939848,0.896284,0.917607,0.86622,0.857994,0.911201,0.89335,0.881258,0.918335,0.920156,0.902001,0.762739
Cushion,0.78314,0.764643,0.636671,0.765375,0.778864,0.717922,0.778858,0.715632,0.795654,0.79032,0.762837,0.770961,0.819953,0.722237,0.80083,0.791334,0.784213,0.818033,0.771091,0.80387,0.763024,0.794659,0.764155,0.7027,0.76793,0.758181,0.789208,0.731397,0.800047,0.774649,0.792153,0.800111,0.796223,0.759267,1.0,0.787157,0.785411,0.781165,0.801397,0.745772,0.77731,0.712189,0.758868,0.769722,0.756258,0.708172,0.822411,0.6193,0.772739,0.729361,0.749959,0.749977,0.804305,0.783129,0.74936,0.793577,0.747997,0.799234,0.796464,0.732616,0.770135,0.786755,0.764775,0.749817,0.806921,0.811225,0.753456,0.748668,0.806833,0.728691,0.785012,0.809465,0.790938,0.754211,0.757387,0.761095,0.796576,0.782044,0.702152,0.710462,0.787687,0.799118,0.695858,0.724349,0.741427,0.760175,0.748643,0.785033,0.742183,0.773807,0.792477,0.744523,0.783,0.785794,0.777045,0.766255,0.764895,0.788095,0.756226,0.784263,0.710451,0.772235,0.771924,0.821041,0.71142,0.765611,0.762992,0.729405,0.816809,0.783559,0.790241,0.760754,0.779346,0.770135,0.721249,0.795231,0.745238,0.800084,0.793224,0.800706,0.740015,0.76665,0.751415,0.729348,0.762014,0.742834,0.774835,0.700826,0.800209,0.770676
Desk,0.814441,0.938073,0.705947,0.825261,0.941367,0.746752,0.845188,0.763694,0.933522,0.959012,0.923556,0.940537,0.946604,0.853339,0.904409,0.943233,0.942567,0.903985,0.883661,0.93255,0.938527,0.932542,0.92183,0.811848,0.940863,0.908577,0.876067,0.937343,0.952654,0.91913,0.853902,0.92413,0.919838,0.922131,0.787157,1.0,0.912722,0.942199,0.940993,0.938015,0.918307,0.880554,0.925613,0.95434,0.882904,0.922842,0.897889,0.681935,0.945605,0.934962,0.870042,0.897602,0.941171,0.948354,0.886236,0.917978,0.899493,0.914641,0.94612,0.922839,0.95479,0.905049,0.943126,0.923618,0.937367,0.941608,0.933988,0.941833,0.909919,0.896125,0.905162,0.957758,0.87927,0.920933,0.918276,0.934253,0.909111,0.867118,0.918093,0.925632,0.906973,0.909203,0.676633,0.861928,0.935428,0.849891,0.942896,0.93542,0.926966,0.94893,0.909729,0.797052,0.938975,0.956282,0.928456,0.862121,0.94338,0.947441,0.804147,0.891865,0.790384,0.934518,0.937839,0.956383,0.918462,0.935354,0.909021,0.849589,0.929901,0.861671,0.925256,0.825703,0.942394,0.906432,0.92214,0.948711,0.858994,0.889335,0.96284,0.919316,0.921091,0.889777,0.867192,0.907045,0.88893,0.887191,0.934618,0.917826,0.92539,0.794216
Door,0.827196,0.901764,0.703075,0.839348,0.919045,0.753743,0.828997,0.768144,0.899837,0.924811,0.874079,0.895944,0.914943,0.831433,0.881753,0.911596,0.899675,0.884356,0.868265,0.918151,0.892792,0.890492,0.895653,0.793339,0.898967,0.875596,0.866405,0.889149,0.929638,0.89099,0.854132,0.914741,0.897657,0.876833,0.785411,0.912722,1.0,0.909141,0.910154,0.884292,0.889451,0.845283,0.895121,0.917408,0.857742,0.860559,0.888001,0.673648,0.899285,0.877866,0.859214,0.856855,0.910168,0.910906,0.856483,0.899867,0.863341,0.900644,0.930272,0.867482,0.911277,0.88273,0.910141,0.88588,0.931745,0.912916,0.894668,0.910166,0.905236,0.85913,0.884324,0.927025,0.867247,0.881808,0.882882,0.901162,0.881183,0.849709,0.872235,0.861435,0.890325,0.882854,0.692614,0.836294,0.894411,0.837287,0.899763,0.89847,0.889281,0.905412,0.88223,0.792096,0.919486,0.924215,0.894415,0.8599,0.898134,0.91238,0.804886,0.871137,0.782898,0.889343,0.922213,0.928511,0.870435,0.880542,0.867852,0.825803,0.910306,0.883099,0.908093,0.825117,0.902992,0.874618,0.872799,0.903289,0.847295,0.87271,0.928843,0.889173,0.878382,0.873651,0.844973,0.873482,0.859203,0.85871,0.904047,0.868148,0.898864,0.79975
Doorknob,0.787902,0.949324,0.710817,0.80881,0.940351,0.7398,0.831428,0.757924,0.925548,0.962845,0.920906,0.939976,0.932218,0.857419,0.895425,0.947563,0.936449,0.897351,0.880848,0.925073,0.944757,0.919556,0.92209,0.825951,0.945586,0.911508,0.860415,0.949303,0.946706,0.917008,0.841496,0.918152,0.913692,0.925756,0.781165,0.942199,0.909141,1.0,0.932315,0.944607,0.917478,0.888204,0.928863,0.95971,0.886658,0.935978,0.892431,0.691956,0.946824,0.945915,0.872082,0.894514,0.930122,0.951743,0.883059,0.911783,0.903987,0.906364,0.943395,0.93125,0.960712,0.899685,0.945929,0.93353,0.930501,0.93551,0.945356,0.951355,0.899308,0.903102,0.897858,0.950275,0.876143,0.930262,0.924241,0.943951,0.901913,0.84186,0.935656,0.936251,0.89938,0.894931,0.653072,0.864655,0.947698,0.844911,0.951324,0.932861,0.935618,0.954838,0.897238,0.788056,0.941783,0.9629,0.924487,0.852191,0.947577,0.946858,0.783717,0.884839,0.783939,0.936089,0.943831,0.955231,0.934973,0.931223,0.90493,0.846489,0.915711,0.853,0.924559,0.814239,0.949301,0.911349,0.936224,0.943478,0.857709,0.882814,0.963603,0.906061,0.931776,0.889435,0.861228,0.917931,0.886479,0.892332,0.939932,0.937498,0.933638,0.786904
Drill,0.837631,0.922922,0.711512,0.849466,0.93258,0.770892,0.85581,0.780639,0.935963,0.950187,0.920312,0.930059,0.957064,0.855897,0.924158,0.935178,0.93778,0.917454,0.892225,0.934792,0.930523,0.939281,0.914879,0.810084,0.929244,0.905494,0.8919,0.914186,0.95001,0.918051,0.875586,0.924,0.931808,0.918119,0.801397,0.940993,0.910154,0.932315,1.0,0.919645,0.921304,0.873952,0.913796,0.939764,0.886213,0.89752,0.91138,0.699761,0.940885,0.914767,0.87399,0.904944,0.943932,0.939835,0.887445,0.922956,0.89305,0.92887,0.941612,0.910522,0.941463,0.920018,0.928337,0.909129,0.934722,0.949053,0.919778,0.921817,0.91986,0.887693,0.915366,0.958719,0.897255,0.909603,0.912395,0.924182,0.920181,0.883181,0.889637,0.902225,0.908799,0.922233,0.71571,0.862203,0.918653,0.858962,0.927302,0.934625,0.911517,0.939657,0.924026,0.815874,0.930742,0.943884,0.924174,0.875293,0.93746,0.943929,0.836711,0.899523,0.811301,0.932789,0.926794,0.956885,0.895406,0.93126,0.915162,0.846412,0.943976,0.875564,0.926271,0.850655,0.938026,0.907778,0.90402,0.952572,0.86175,0.898285,0.956138,0.930128,0.906828,0.893721,0.871713,0.896289,0.902868,0.887046,0.926943,0.890514,0.926992,0.827848
Dryingrack,0.737828,0.946943,0.667922,0.756003,0.933176,0.685576,0.796624,0.712592,0.915122,0.956411,0.927168,0.947408,0.914738,0.851612,0.865285,0.940128,0.939526,0.863205,0.857471,0.896765,0.946512,0.91328,0.919257,0.795985,0.954507,0.911156,0.824681,0.970969,0.934334,0.906968,0.790316,0.894441,0.894931,0.930735,0.745772,0.938015,0.884292,0.944607,0.919645,1.0,0.907449,0.895936,0.931985,0.966643,0.873914,0.967096,0.84856,0.662908,0.948303,0.970081,0.850432,0.897085,0.917523,0.953979,0.877259,0.890311,0.898466,0.876872,0.927627,0.951369,0.968568,0.883855,0.950553,0.938398,0.906357,0.916953,0.955003,0.961621,0.86431,0.913785,0.876999,0.938647,0.842384,0.929374,0.926759,0.951427,0.882986,0.812448,0.962157,0.969131,0.878392,0.869261,0.576085,0.856665,0.964653,0.817631,0.968327,0.927414,0.948597,0.961788,0.881436,0.745407,0.931133,0.963598,0.920839,0.823023,0.956066,0.943812,0.736065,0.855727,0.760921,0.938237,0.938704,0.94356,0.958125,0.940962,0.902854,0.836614,0.88873,0.800367,0.9114,0.77445,0.952879,0.897722,0.958435,0.944852,0.840621,0.856775,0.960369,0.888828,0.94236,0.869113,0.842311,0.929655,0.87827,0.884333,0.941145,0.963146,0.90671,0.739901
Dumbbell,0.798659,0.910365,0.696946,0.816496,0.913544,0.738326,0.817619,0.758796,0.910544,0.932341,0.90162,0.912016,0.92284,0.848843,0.89376,0.915271,0.915821,0.884249,0.872344,0.908807,0.913755,0.913362,0.90171,0.792778,0.915854,0.887369,0.856075,0.907538,0.928887,0.899448,0.838464,0.904749,0.910574,0.907745,0.77731,0.918307,0.889451,0.917478,0.921304,0.907449,1.0,0.867384,0.900242,0.926412,0.866863,0.893014,0.875737,0.687572,0.92586,0.907903,0.85833,0.888858,0.918782,0.923656,0.866394,0.898936,0.87971,0.901124,0.919409,0.901508,0.927292,0.892521,0.911233,0.897877,0.908311,0.920178,0.911259,0.913642,0.891962,0.878371,0.891517,0.933772,0.87536,0.895032,0.896457,0.914703,0.890817,0.850128,0.887756,0.897555,0.879943,0.883932,0.65985,0.84842,0.913347,0.834737,0.919764,0.91438,0.902693,0.925638,0.896113,0.78126,0.91395,0.927773,0.903653,0.849323,0.923557,0.924976,0.806077,0.867651,0.791595,0.915397,0.910839,0.93291,0.893607,0.912992,0.897908,0.828423,0.912565,0.853062,0.912555,0.820804,0.921676,0.891516,0.899926,0.929556,0.847323,0.8688,0.9368,0.899928,0.898038,0.871818,0.855707,0.891556,0.882764,0.873821,0.911236,0.88842,0.900735,0.794838
Dustpan,0.705018,0.910917,0.713001,0.757698,0.880325,0.679556,0.741428,0.696985,0.862514,0.900891,0.871979,0.882159,0.848931,0.828167,0.827908,0.881726,0.880753,0.809715,0.828048,0.853453,0.90339,0.859896,0.874068,0.781515,0.891526,0.874073,0.790131,0.911246,0.878494,0.86834,0.751331,0.843117,0.863564,0.88751,0.712189,0.880554,0.845283,0.888204,0.873952,0.895936,0.867384,1.0,0.874371,0.90653,0.85361,0.905157,0.792271,0.681531,0.893955,0.907672,0.837985,0.876164,0.857803,0.89731,0.841227,0.858999,0.85866,0.840113,0.879556,0.90651,0.906479,0.86669,0.894915,0.89218,0.85278,0.869947,0.899337,0.914195,0.828475,0.890439,0.838071,0.878218,0.81934,0.886003,0.880209,0.906276,0.845178,0.764399,0.912185,0.904814,0.830744,0.824068,0.592213,0.84099,0.915051,0.778784,0.91488,0.876165,0.89958,0.903734,0.849601,0.709671,0.880679,0.904599,0.865077,0.801746,0.902445,0.885289,0.732735,0.827181,0.768674,0.895065,0.899691,0.882603,0.905772,0.884858,0.86437,0.795061,0.837987,0.788713,0.87135,0.766971,0.894053,0.870628,0.908456,0.89686,0.80827,0.79518,0.907214,0.849165,0.896483,0.844809,0.819248,0.897706,0.869706,0.856662,0.889703,0.911012,0.868852,0.710985
Fan,0.772019,0.923587,0.664102,0.785442,0.92983,0.702398,0.798798,0.731109,0.904681,0.942361,0.90252,0.924685,0.913335,0.845002,0.868293,0.926332,0.921245,0.864368,0.859472,0.903823,0.921037,0.900327,0.913395,0.782268,0.934359,0.89403,0.83668,0.940155,0.93548,0.898679,0.811242,0.906285,0.896649,0.90601,0.758868,0.925613,0.895121,0.928863,0.913796,0.931985,0.900242,0.874371,1.0,0.950026,0.862132,0.923753,0.857652,0.656168,0.928853,0.933626,0.851243,0.877627,0.913401,0.93822,0.865671,0.890905,0.881801,0.887026,0.930704,0.914855,0.946588,0.878959,0.93435,0.915262,0.918716,0.911045,0.932868,0.944594,0.880015,0.890568,0.880002,0.934568,0.848706,0.905441,0.908739,0.935235,0.875892,0.822619,0.928134,0.926398,0.8788,0.867301,0.599937,0.844876,0.939531,0.82159,0.944979,0.913258,0.92763,0.939201,0.878587,0.757115,0.92854,0.949742,0.909274,0.838619,0.934527,0.932411,0.760896,0.851304,0.766107,0.914562,0.935041,0.936485,0.925936,0.912356,0.886898,0.82958,0.897611,0.837125,0.912772,0.791508,0.935849,0.881592,0.925954,0.924543,0.845586,0.861318,0.94785,0.882973,0.91624,0.867796,0.838766,0.909774,0.864773,0.871866,0.926961,0.926411,0.892263,0.759734
Faucet,0.775623,0.95709,0.682762,0.797431,0.959959,0.711887,0.807893,0.740333,0.929189,0.973436,0.930563,0.954521,0.937394,0.86868,0.889197,0.954494,0.948133,0.882852,0.879526,0.927134,0.955776,0.923094,0.940271,0.807176,0.96537,0.923498,0.853679,0.978383,0.961871,0.924786,0.823568,0.92499,0.918963,0.935446,0.769722,0.95434,0.917408,0.95971,0.939764,0.966643,0.926412,0.90653,0.950026,1.0,0.888695,0.962963,0.872295,0.673237,0.960194,0.971325,0.875824,0.905011,0.935886,0.968454,0.892439,0.914661,0.909052,0.910243,0.958581,0.949999,0.981393,0.903574,0.968252,0.948305,0.943008,0.936736,0.966087,0.980502,0.898138,0.922706,0.902104,0.96105,0.866479,0.93781,0.940157,0.966938,0.899071,0.831909,0.968446,0.964251,0.900215,0.888152,0.602716,0.870932,0.975774,0.835733,0.979544,0.939848,0.961056,0.971944,0.899984,0.767091,0.956827,0.981876,0.935187,0.856536,0.967975,0.961781,0.770332,0.874325,0.781938,0.944899,0.967308,0.960561,0.964523,0.941204,0.913696,0.848926,0.918878,0.8512,0.935896,0.80456,0.967623,0.908405,0.963568,0.951773,0.864297,0.878446,0.979675,0.903817,0.950781,0.891073,0.857848,0.94269,0.890384,0.900783,0.957833,0.967734,0.920786,0.766461
Flower,0.778657,0.898876,0.748656,0.806651,0.877565,0.750843,0.80576,0.746174,0.876098,0.897585,0.865656,0.876207,0.881873,0.816965,0.862168,0.88925,0.882339,0.867519,0.842347,0.874513,0.893163,0.872638,0.863912,0.804476,0.879499,0.874918,0.83883,0.875275,0.882218,0.871922,0.813558,0.856899,0.87667,0.868469,0.756258,0.882904,0.857742,0.886658,0.886213,0.873914,0.866863,0.85361,0.862132,0.888695,1.0,0.861658,0.855504,0.700433,0.882221,0.87171,0.84506,0.865475,0.873694,0.892466,0.849552,0.877976,0.854435,0.864772,0.886236,0.87445,0.891143,0.885227,0.884149,0.877052,0.874598,0.894395,0.876811,0.886487,0.863522,0.871321,0.856426,0.889654,0.851474,0.877663,0.872975,0.886267,0.878431,0.804684,0.863821,0.859166,0.857028,0.866176,0.707901,0.835639,0.879232,0.813411,0.881294,0.878871,0.87216,0.891024,0.873689,0.773362,0.880004,0.898292,0.868238,0.831543,0.883733,0.884236,0.788727,0.867805,0.790846,0.888373,0.890824,0.901722,0.862299,0.874085,0.860516,0.80668,0.871681,0.82536,0.872103,0.811435,0.890866,0.875619,0.867311,0.896611,0.817932,0.845654,0.903376,0.875339,0.874759,0.859235,0.829476,0.863927,0.871777,0.852915,0.88325,0.863624,0.900444,0.779008
Flute,0.677409,0.948805,0.661739,0.714484,0.918789,0.642119,0.748418,0.676092,0.893455,0.946233,0.919062,0.937564,0.878288,0.844688,0.832007,0.925161,0.925366,0.82195,0.835276,0.869636,0.946536,0.890646,0.909911,0.78637,0.948246,0.903163,0.784013,0.981287,0.913358,0.892784,0.740518,0.866694,0.872338,0.929489,0.708172,0.922842,0.860559,0.935978,0.89752,0.967096,0.893014,0.905157,0.923753,0.962963,0.861658,1.0,0.800715,0.653313,0.942497,0.98126,0.836808,0.892926,0.890698,0.944702,0.863124,0.867437,0.893356,0.846548,0.907743,0.962084,0.965539,0.865086,0.944129,0.939327,0.875861,0.891803,0.955698,0.966064,0.828049,0.919378,0.850999,0.914987,0.812238,0.92805,0.920897,0.95066,0.855532,0.768281,0.981845,0.985721,0.849917,0.833184,0.513489,0.851761,0.973933,0.784229,0.973905,0.912608,0.952559,0.957013,0.855046,0.700368,0.916357,0.95511,0.904734,0.792306,0.953847,0.929246,0.691213,0.827901,0.739862,0.933143,0.931466,0.918346,0.974183,0.935075,0.891556,0.818602,0.850957,0.761143,0.893001,0.736362,0.943215,0.888842,0.972305,0.932615,0.819472,0.815507,0.94946,0.861708,0.947435,0.85108,0.825469,0.936918,0.868824,0.878281,0.932529,0.983386,0.887894,0.686125
Fossils,0.892443,0.878508,0.728892,0.869834,0.883716,0.827994,0.914247,0.806095,0.906758,0.905216,0.865639,0.878786,0.946883,0.793625,0.918519,0.909156,0.893661,0.943191,0.870043,0.922599,0.873942,0.904738,0.856816,0.811952,0.871882,0.858339,0.90632,0.82581,0.909111,0.879542,0.916266,0.901852,0.897572,0.849484,0.822411,0.897889,0.888001,0.892431,0.91138,0.84856,0.875737,0.792271,0.857652,0.872295,0.855504,0.800715,1.0,0.68241,0.881028,0.825124,0.841081,0.834562,0.917978,0.89166,0.848317,0.903897,0.849335,0.909885,0.905611,0.821424,0.877242,0.883931,0.868381,0.850996,0.918789,0.927133,0.85149,0.842317,0.92396,0.812346,0.892345,0.925079,0.893388,0.863788,0.857667,0.854202,0.912497,0.890472,0.788345,0.800637,0.901104,0.935509,0.833433,0.814465,0.824298,0.877315,0.839868,0.893649,0.832263,0.879374,0.899497,0.866853,0.891645,0.893995,0.883348,0.864623,0.864841,0.894991,0.856772,0.912945,0.788279,0.874537,0.867935,0.939647,0.797103,0.866657,0.858761,0.830078,0.936006,0.884983,0.884038,0.865058,0.888794,0.874828,0.806249,0.899255,0.8394,0.919614,0.905446,0.912621,0.834156,0.874842,0.845146,0.808572,0.846134,0.83509,0.872245,0.790272,0.924584,0.879366
Frisbee,0.622619,0.704698,0.651013,0.665289,0.670333,0.635132,0.650887,0.619975,0.692216,0.695644,0.680433,0.675114,0.681739,0.662897,0.694728,0.689724,0.683093,0.698833,0.683,0.68484,0.697874,0.689812,0.668023,0.669675,0.669476,0.686951,0.668958,0.660154,0.677576,0.685603,0.661528,0.668143,0.700214,0.695839,0.6193,0.681935,0.673648,0.691956,0.699761,0.662908,0.687572,0.681531,0.656168,0.673237,0.700433,0.653313,0.68241,1.0,0.681443,0.662814,0.686547,0.702971,0.681161,0.682404,0.669528,0.696779,0.674128,0.686047,0.681508,0.68843,0.678133,0.721708,0.672135,0.682116,0.671309,0.711773,0.674367,0.670885,0.681709,0.685122,0.676985,0.687174,0.702361,0.689483,0.679564,0.683305,0.701868,0.649933,0.651825,0.652281,0.677887,0.682257,0.620218,0.675042,0.680229,0.651835,0.672086,0.691917,0.668102,0.686602,0.69723,0.629619,0.676823,0.685397,0.673579,0.65973,0.683328,0.68324,0.65078,0.693557,0.660594,0.704994,0.685827,0.703411,0.656524,0.689586,0.686444,0.636076,0.681573,0.657919,0.689457,0.667065,0.680821,0.712975,0.668554,0.7137,0.646084,0.662422,0.694862,0.702945,0.67782,0.686776,0.674376,0.678021,0.724656,0.683727,0.685706,0.653017,0.732315,0.653664
Fryingpan,0.782126,0.943007,0.696233,0.805464,0.93716,0.724689,0.820443,0.751911,0.931427,0.96305,0.933054,0.944068,0.941279,0.863038,0.90543,0.941444,0.944664,0.890743,0.883051,0.924707,0.949191,0.93702,0.926197,0.806834,0.949762,0.910804,0.859368,0.950015,0.951316,0.921659,0.835312,0.918305,0.924294,0.937016,0.772739,0.945605,0.899285,0.946824,0.940885,0.948303,0.92586,0.893955,0.928853,0.960194,0.882221,0.942497,0.881028,0.681443,1.0,0.953725,0.866891,0.910467,0.940051,0.954333,0.885633,0.91228,0.908603,0.911268,0.938419,0.940058,0.963869,0.901332,0.941036,0.929782,0.919085,0.937293,0.945256,0.947406,0.898489,0.905752,0.90601,0.957097,0.878811,0.926495,0.92331,0.944144,0.90451,0.855211,0.931933,0.947266,0.891553,0.899677,0.633251,0.866398,0.947922,0.842974,0.956964,0.940254,0.936432,0.959793,0.909508,0.779282,0.936971,0.95711,0.929328,0.851815,0.957572,0.952027,0.797451,0.880574,0.789016,0.945472,0.93162,0.95293,0.936425,0.947399,0.922835,0.845188,0.924394,0.846983,0.927348,0.815004,0.952521,0.91236,0.940295,0.955684,0.858435,0.876072,0.966202,0.914398,0.932804,0.885444,0.870032,0.919699,0.893892,0.894293,0.935242,0.934747,0.918463,0.777719
Glasses,0.707982,0.951527,0.665915,0.740201,0.932018,0.664181,0.768156,0.69838,0.908468,0.957295,0.928273,0.946172,0.90134,0.856839,0.855283,0.935678,0.936194,0.844531,0.852745,0.888964,0.952154,0.907079,0.921923,0.792924,0.956841,0.911161,0.807015,0.982117,0.931065,0.905375,0.769062,0.887183,0.891579,0.937031,0.729361,0.934962,0.877866,0.945915,0.914767,0.970081,0.907903,0.907672,0.933626,0.971325,0.87171,0.98126,0.825124,0.662814,0.953725,1.0,0.849762,0.902465,0.909448,0.954568,0.87444,0.883677,0.90167,0.869818,0.923582,0.962683,0.973338,0.879647,0.95162,0.943483,0.895642,0.909558,0.96161,0.970437,0.851418,0.921985,0.870842,0.933146,0.833647,0.932628,0.929009,0.957888,0.872371,0.793675,0.97788,0.983703,0.86615,0.853419,0.538706,0.859923,0.977076,0.802951,0.978595,0.925524,0.956976,0.965316,0.873454,0.722967,0.929541,0.96439,0.917219,0.813099,0.962946,0.943188,0.720282,0.842629,0.755957,0.941629,0.940946,0.934325,0.973584,0.943419,0.905071,0.829765,0.876403,0.788678,0.909649,0.75972,0.954359,0.898534,0.972778,0.944059,0.835528,0.837674,0.961124,0.878986,0.950924,0.86452,0.83954,0.940963,0.879932,0.888468,0.941895,0.97939,0.899452,0.714699
Glove,0.776224,0.88064,0.72642,0.809474,0.871433,0.737316,0.786717,0.740935,0.861429,0.884997,0.845142,0.857543,0.866674,0.809706,0.850665,0.872192,0.862807,0.84702,0.837348,0.871796,0.87177,0.855591,0.856207,0.783929,0.861105,0.853702,0.828476,0.856976,0.878052,0.859551,0.809475,0.858697,0.867048,0.854533,0.749959,0.870042,0.859214,0.872082,0.87399,0.850432,0.85833,0.837985,0.851243,0.875824,0.84506,0.836808,0.841081,0.686547,0.866891,0.849762,1.0,0.846231,0.863071,0.87474,0.831344,0.867831,0.838085,0.861119,0.881723,0.850945,0.874039,0.867097,0.870141,0.858881,0.873099,0.877883,0.861302,0.874359,0.859779,0.848134,0.848255,0.879312,0.843195,0.857864,0.855234,0.870806,0.856249,0.80049,0.845875,0.835171,0.846387,0.848134,0.686587,0.821434,0.865349,0.800724,0.866511,0.863778,0.857315,0.87262,0.855889,0.758078,0.873565,0.883237,0.854226,0.82503,0.867362,0.871516,0.782975,0.847578,0.776852,0.867424,0.883155,0.885546,0.844541,0.852498,0.844764,0.792002,0.863782,0.836604,0.867924,0.803047,0.870351,0.857921,0.849315,0.875862,0.812136,0.82747,0.889982,0.858375,0.854479,0.847629,0.821094,0.85208,0.853547,0.839204,0.868932,0.844204,0.877008,0.769748
Goggles,0.756836,0.900066,0.710362,0.792377,0.885427,0.717539,0.788123,0.732369,0.89457,0.910391,0.896331,0.896694,0.892291,0.844508,0.872268,0.891732,0.903035,0.855529,0.854408,0.875377,0.906902,0.901525,0.881836,0.785124,0.897674,0.88163,0.829078,0.896645,0.8975,0.884281,0.799993,0.866533,0.895245,0.905206,0.749977,0.897602,0.856855,0.894514,0.904944,0.897085,0.888858,0.876164,0.877627,0.905011,0.865475,0.892926,0.834562,0.702971,0.910467,0.902465,0.846231,1.0,0.893136,0.903956,0.857888,0.879565,0.868165,0.873122,0.888431,0.909232,0.908837,0.894239,0.891763,0.887306,0.867358,0.90198,0.89664,0.897074,0.858196,0.885222,0.869037,0.905994,0.856804,0.885251,0.885069,0.902739,0.877646,0.825064,0.883138,0.898629,0.8559,0.861497,0.645683,0.848524,0.906892,0.810827,0.909891,0.90018,0.892509,0.91133,0.887691,0.753621,0.885058,0.903919,0.885068,0.827426,0.913484,0.90291,0.787268,0.851313,0.798656,0.913672,0.889816,0.907122,0.887859,0.912409,0.894612,0.812567,0.879369,0.809484,0.890155,0.805201,0.90246,0.887195,0.897993,0.92808,0.824763,0.833029,0.916253,0.889132,0.891899,0.857455,0.845248,0.889905,0.897026,0.86774,0.894633,0.884109,0.885606,0.767511
Grill,0.847287,0.913693,0.695596,0.842991,0.929871,0.765249,0.867091,0.784046,0.936691,0.94881,0.919329,0.931358,0.959914,0.851119,0.920334,0.933777,0.938619,0.920257,0.890208,0.936389,0.919565,0.943134,0.914543,0.799924,0.928465,0.89426,0.890326,0.906925,0.953154,0.915644,0.878787,0.933279,0.92888,0.914412,0.804305,0.941171,0.910168,0.930122,0.943932,0.917523,0.918782,0.857803,0.913401,0.935886,0.873694,0.890698,0.917978,0.681161,0.940051,0.909448,0.863071,0.893136,1.0,0.937213,0.879156,0.918918,0.890981,0.924227,0.938153,0.900167,0.937306,0.902333,0.921817,0.902184,0.935434,0.945085,0.91513,0.913814,0.923183,0.87295,0.914064,0.961357,0.894699,0.901642,0.902417,0.915918,0.91397,0.899277,0.877069,0.897871,0.908089,0.919808,0.703831,0.851644,0.909153,0.865722,0.921196,0.934426,0.903916,0.935318,0.919768,0.818372,0.929535,0.939082,0.925979,0.869886,0.93082,0.942724,0.835928,0.892228,0.798127,0.925724,0.91483,0.958288,0.886244,0.931523,0.910923,0.849901,0.946746,0.877264,0.928198,0.843347,0.931343,0.900933,0.893248,0.947126,0.864458,0.904248,0.951867,0.928842,0.898379,0.885689,0.874117,0.88417,0.884871,0.877708,0.918789,0.877372,0.916455,0.825188
Hairbrush,0.802114,0.951072,0.701444,0.812333,0.946947,0.739337,0.832754,0.758159,0.930205,0.964191,0.929118,0.947545,0.943286,0.861512,0.900051,0.951614,0.946792,0.898177,0.883008,0.927204,0.950177,0.928467,0.931034,0.812962,0.956696,0.921138,0.867549,0.958508,0.953462,0.922994,0.840754,0.922212,0.922156,0.929129,0.783129,0.948354,0.910906,0.951743,0.939835,0.953979,0.923656,0.89731,0.93822,0.968454,0.892466,0.944702,0.89166,0.682404,0.954333,0.954568,0.87474,0.903956,0.937213,1.0,0.892151,0.917946,0.907539,0.911952,0.949293,0.937954,0.969111,0.909134,0.953763,0.937892,0.93579,0.94008,0.951902,0.960702,0.90472,0.91516,0.905676,0.958032,0.877689,0.932046,0.93328,0.955079,0.911191,0.845531,0.943915,0.945609,0.901832,0.904545,0.649899,0.869257,0.954826,0.848926,0.962278,0.93772,0.945209,0.962588,0.909463,0.790218,0.945641,0.97185,0.931521,0.862344,0.957546,0.954674,0.793436,0.88782,0.792986,0.941896,0.951234,0.962571,0.942515,0.936769,0.912448,0.852627,0.92584,0.856208,0.930741,0.823038,0.963899,0.910268,0.944006,0.952227,0.865951,0.891815,0.971083,0.913125,0.938421,0.894444,0.863742,0.926481,0.892514,0.894978,0.948067,0.943479,0.925674,0.793135
Hairclip,0.77522,0.886268,0.697569,0.793101,0.880681,0.726164,0.79636,0.731239,0.87751,0.896981,0.867512,0.87931,0.887888,0.810849,0.858719,0.886209,0.884832,0.857545,0.837213,0.874067,0.886549,0.876232,0.865296,0.775979,0.882192,0.866215,0.832491,0.877275,0.88861,0.867672,0.807976,0.861573,0.873029,0.867957,0.74936,0.886236,0.856483,0.883059,0.887445,0.877259,0.866394,0.841227,0.865671,0.892439,0.849552,0.863124,0.848317,0.669528,0.885633,0.87444,0.831344,0.857888,0.879156,0.892151,1.0,0.871031,0.847736,0.86468,0.887464,0.87101,0.893786,0.872715,0.884871,0.870655,0.877751,0.890058,0.876719,0.884902,0.859366,0.858119,0.8556,0.895295,0.839934,0.868816,0.869469,0.883188,0.868771,0.809769,0.862141,0.863764,0.854227,0.86164,0.67041,0.822519,0.879322,0.805344,0.884364,0.879008,0.872051,0.891964,0.867741,0.761431,0.880071,0.897949,0.870053,0.824483,0.886695,0.887944,0.776218,0.852642,0.771823,0.883827,0.88624,0.900708,0.861391,0.876525,0.860227,0.80177,0.875031,0.817729,0.8715,0.796981,0.890349,0.862158,0.867173,0.89669,0.812881,0.841392,0.904044,0.871196,0.86928,0.84776,0.82142,0.859308,0.857568,0.84327,0.882469,0.861358,0.880848,0.768894
Handbag,0.837057,0.913837,0.744306,0.853196,0.913137,0.779726,0.849784,0.780756,0.91232,0.928654,0.890266,0.903396,0.929427,0.835774,0.902819,0.917445,0.912364,0.90331,0.877299,0.921727,0.909477,0.910498,0.894339,0.812367,0.90334,0.889345,0.882264,0.888009,0.92671,0.901816,0.86557,0.906624,0.91153,0.889711,0.793577,0.917978,0.899867,0.911783,0.922956,0.890311,0.898936,0.858999,0.890905,0.914661,0.877976,0.867437,0.903897,0.696779,0.91228,0.883677,0.867831,0.879565,0.918918,0.917946,0.871031,1.0,0.876081,0.909173,0.925414,0.880932,0.914756,0.903676,0.908338,0.892117,0.921466,0.927532,0.894905,0.903855,0.911825,0.873436,0.895989,0.932471,0.884536,0.893436,0.890704,0.902198,0.905759,0.862969,0.86733,0.867798,0.894793,0.908193,0.741049,0.850773,0.890676,0.852216,0.899016,0.910155,0.888238,0.913194,0.905401,0.812525,0.914759,0.922995,0.901206,0.868177,0.906278,0.916816,0.832662,0.897877,0.80635,0.907074,0.913243,0.935962,0.868844,0.898156,0.88678,0.835338,0.921947,0.879231,0.907602,0.846284,0.912231,0.894508,0.874729,0.921797,0.851204,0.883711,0.934062,0.910493,0.885453,0.886088,0.861344,0.874426,0.882938,0.870442,0.904677,0.866348,0.91714,0.818392
Hat,0.760095,0.909875,0.710193,0.783218,0.889939,0.716381,0.799143,0.735512,0.886951,0.916091,0.886214,0.89631,0.886704,0.825004,0.860164,0.900561,0.898543,0.856515,0.847805,0.883737,0.905346,0.888552,0.88237,0.795117,0.900124,0.873317,0.826231,0.901082,0.900284,0.881004,0.803355,0.876066,0.879911,0.891488,0.747997,0.899493,0.863341,0.903987,0.89305,0.898466,0.87971,0.85866,0.881801,0.909052,0.854435,0.893356,0.849335,0.674128,0.908603,0.90167,0.838085,0.868165,0.890981,0.907539,0.847736,0.876081,1.0,0.864161,0.893302,0.894972,0.911957,0.86679,0.895494,0.890625,0.8772,0.894372,0.897498,0.903002,0.861306,0.871026,0.860934,0.904758,0.844992,0.889637,0.880014,0.8994,0.868294,0.816075,0.887841,0.895156,0.856507,0.860638,0.642575,0.835775,0.900136,0.812084,0.906021,0.894074,0.890923,0.909631,0.867748,0.756894,0.892306,0.911771,0.88411,0.81906,0.903095,0.90071,0.766669,0.852756,0.765609,0.900887,0.892135,0.908973,0.888696,0.898332,0.873475,0.814767,0.874487,0.817769,0.883939,0.788301,0.901043,0.879309,0.89181,0.908426,0.823615,0.83911,0.917184,0.875807,0.890063,0.85464,0.839068,0.876962,0.859413,0.855554,0.891404,0.888597,0.891254,0.750551
Headphones,0.849102,0.890299,0.69953,0.859886,0.913605,0.777876,0.844197,0.78323,0.912348,0.924447,0.884414,0.895772,0.944685,0.833578,0.917433,0.909988,0.9059,0.909763,0.878696,0.925904,0.898058,0.912816,0.890986,0.790575,0.896998,0.878177,0.88974,0.873069,0.933723,0.896138,0.882739,0.913614,0.918427,0.882445,0.799234,0.914641,0.900644,0.906364,0.92887,0.876872,0.901124,0.840113,0.887026,0.910243,0.864772,0.846548,0.909885,0.686047,0.911268,0.869818,0.861119,0.873122,0.924227,0.911952,0.86468,0.909173,0.864161,1.0,0.928141,0.864599,0.909564,0.90263,0.900153,0.875628,0.928279,0.93149,0.886518,0.890395,0.917757,0.85277,0.904483,0.940435,0.891425,0.877119,0.884518,0.894079,0.90353,0.872659,0.845317,0.849986,0.893636,0.910292,0.733115,0.837002,0.880915,0.848063,0.890177,0.907884,0.876594,0.907468,0.907677,0.815861,0.912725,0.917215,0.898302,0.872698,0.905684,0.920078,0.846743,0.887367,0.801508,0.899145,0.906947,0.936519,0.853111,0.891164,0.888161,0.823356,0.939047,0.890074,0.909388,0.853047,0.912584,0.881822,0.861617,0.919534,0.849007,0.890981,0.931525,0.909907,0.870833,0.878398,0.852169,0.862688,0.87749,0.864251,0.900538,0.846242,0.907727,0.837046
Hourglass,0.830922,0.937027,0.707451,0.848293,0.953661,0.758588,0.840473,0.773441,0.928762,0.960523,0.908223,0.932286,0.948412,0.855139,0.908429,0.94492,0.933941,0.906034,0.887999,0.943091,0.9334,0.91999,0.926386,0.811862,0.938276,0.910312,0.886986,0.934367,0.961017,0.920884,0.867242,0.935375,0.924602,0.909498,0.796464,0.94612,0.930272,0.943395,0.941612,0.927627,0.919409,0.879556,0.930704,0.958581,0.886236,0.907743,0.905611,0.681508,0.938419,0.923582,0.881723,0.888431,0.938153,0.949293,0.887464,0.925414,0.893302,0.928141,1.0,0.908044,0.953748,0.910563,0.950006,0.922493,0.958475,0.94226,0.934236,0.950473,0.925182,0.895504,0.911846,0.960357,0.885369,0.91711,0.920461,0.939286,0.908842,0.861307,0.918338,0.907562,0.913809,0.909655,0.688051,0.86212,0.934871,0.853875,0.941561,0.930252,0.928674,0.94584,0.909815,0.803914,0.95181,0.962605,0.926809,0.880465,0.939924,0.948485,0.816614,0.896264,0.798622,0.924941,0.957404,0.959439,0.915226,0.915677,0.900636,0.847195,0.937961,0.895004,0.93325,0.840303,0.945333,0.901212,0.91657,0.937246,0.868453,0.895982,0.966811,0.913803,0.917953,0.898148,0.862663,0.910184,0.886181,0.889497,0.940122,0.916764,0.926496,0.808945
Kayak,0.711305,0.941991,0.692115,0.751145,0.914076,0.679342,0.772491,0.70591,0.904465,0.942811,0.922262,0.932434,0.890554,0.856181,0.856833,0.922468,0.926971,0.84412,0.85319,0.879591,0.943074,0.905289,0.908243,0.799995,0.938324,0.905626,0.808369,0.959703,0.915106,0.899247,0.770597,0.874349,0.890533,0.933773,0.732616,0.922839,0.867482,0.93125,0.910522,0.951369,0.901508,0.90651,0.914855,0.949999,0.87445,0.962084,0.821424,0.68843,0.940058,0.962683,0.850945,0.909232,0.900167,0.937954,0.87101,0.880932,0.894972,0.864599,0.908044,1.0,0.953553,0.888276,0.93336,0.930842,0.8792,0.906258,0.943892,0.949039,0.845991,0.917906,0.866051,0.919692,0.839611,0.923873,0.917838,0.942844,0.873671,0.798327,0.955715,0.965062,0.861844,0.851508,0.571832,0.862301,0.960496,0.802382,0.960146,0.918691,0.940365,0.950274,0.876519,0.728315,0.912799,0.944889,0.906734,0.812708,0.948826,0.928685,0.733228,0.845666,0.772565,0.938391,0.924801,0.923488,0.952828,0.939504,0.903999,0.825499,0.868367,0.784178,0.90129,0.770317,0.936289,0.90129,0.956599,0.943795,0.829227,0.828955,0.946025,0.882889,0.937675,0.863423,0.843702,0.93088,0.894132,0.885474,0.928552,0.957345,0.90087,0.72549
Key,0.77323,0.959427,0.68935,0.794712,0.955016,0.716751,0.814751,0.741072,0.932105,0.973783,0.93569,0.956487,0.940916,0.866513,0.894283,0.955807,0.950969,0.888868,0.879732,0.92573,0.960344,0.928418,0.936427,0.812757,0.965615,0.924856,0.855142,0.976915,0.958254,0.92524,0.825672,0.920053,0.919392,0.939238,0.770135,0.95479,0.911277,0.960712,0.941463,0.968568,0.927292,0.906479,0.946588,0.981393,0.891143,0.965539,0.877242,0.678133,0.963869,0.973338,0.874039,0.908837,0.937306,0.969111,0.893786,0.914756,0.911957,0.909564,0.953748,0.953553,1.0,0.905449,0.965209,0.948661,0.936017,0.939824,0.964971,0.974882,0.896008,0.922607,0.902824,0.961314,0.869191,0.940838,0.940619,0.964035,0.904479,0.83436,0.965295,0.96676,0.899659,0.894588,0.613723,0.871847,0.972553,0.838015,0.977135,0.942602,0.958224,0.97345,0.903399,0.771903,0.952378,0.979803,0.935645,0.852729,0.969587,0.96186,0.773144,0.880081,0.78252,0.949491,0.959672,0.961627,0.962764,0.946752,0.917884,0.849744,0.919889,0.842781,0.932212,0.805788,0.969451,0.913143,0.962993,0.956513,0.861171,0.880985,0.979138,0.908227,0.951369,0.891005,0.860163,0.939411,0.893623,0.901743,0.956008,0.966194,0.926834,0.770155
Kite,0.819657,0.903246,0.739344,0.847023,0.898745,0.77883,0.83097,0.770862,0.904827,0.914492,0.888339,0.893413,0.916737,0.838998,0.900573,0.905589,0.904744,0.89503,0.872586,0.901419,0.907704,0.90386,0.883827,0.807221,0.893549,0.894659,0.874599,0.882005,0.908282,0.892986,0.852818,0.883677,0.90892,0.889489,0.786755,0.905049,0.88273,0.899685,0.920018,0.883855,0.892521,0.86669,0.878959,0.903574,0.885227,0.865086,0.883931,0.721708,0.901332,0.879647,0.867097,0.894239,0.902333,0.909134,0.872715,0.903676,0.86679,0.90263,0.910563,0.888276,0.905449,1.0,0.899971,0.886048,0.902045,0.924612,0.888804,0.89517,0.892751,0.882778,0.888274,0.917976,0.88304,0.88732,0.893122,0.901656,0.906566,0.844343,0.866512,0.865411,0.885662,0.899655,0.742692,0.852808,0.893472,0.835997,0.8954,0.902707,0.885722,0.907341,0.907456,0.804329,0.898238,0.913929,0.890328,0.864796,0.905637,0.907534,0.828699,0.890329,0.82315,0.909895,0.910579,0.926963,0.866719,0.895984,0.887772,0.822725,0.908092,0.855558,0.896562,0.848911,0.910496,0.892574,0.877905,0.928023,0.838325,0.87132,0.923929,0.90854,0.883574,0.882538,0.850831,0.87968,0.906613,0.871636,0.904646,0.866125,0.916443,0.827259
Ladder,0.776042,0.948668,0.692125,0.800651,0.94914,0.717584,0.808031,0.736381,0.918634,0.960413,0.914283,0.940026,0.925259,0.852896,0.880093,0.944224,0.934949,0.877782,0.869637,0.919083,0.944112,0.908771,0.924898,0.807431,0.94762,0.91596,0.85316,0.961755,0.947041,0.914418,0.820675,0.911348,0.906088,0.918321,0.764775,0.943126,0.910141,0.945929,0.928337,0.950553,0.911233,0.894915,0.93435,0.968252,0.884149,0.944129,0.868381,0.672135,0.941036,0.95162,0.870141,0.891763,0.921817,0.953763,0.884871,0.908338,0.895494,0.900153,0.950006,0.93336,0.965209,0.899971,1.0,0.936446,0.936612,0.927317,0.949052,0.966939,0.89146,0.912777,0.89079,0.946805,0.857748,0.927704,0.928629,0.951067,0.893326,0.823078,0.95464,0.942597,0.89666,0.884394,0.626243,0.862028,0.957617,0.828403,0.960378,0.926147,0.945596,0.95572,0.891557,0.766769,0.945341,0.968889,0.92297,0.852519,0.949568,0.945913,0.766715,0.876578,0.778958,0.931332,0.960678,0.94906,0.945708,0.924042,0.897126,0.839575,0.907444,0.848372,0.921007,0.803284,0.950904,0.898593,0.944881,0.937866,0.852535,0.870407,0.96691,0.895985,0.93626,0.885429,0.847882,0.927399,0.883388,0.889448,0.946276,0.953688,0.919377,0.764422
Lamp,0.746494,0.944326,0.712616,0.779283,0.922925,0.70927,0.795861,0.726539,0.902457,0.944748,0.906236,0.925794,0.898686,0.845031,0.862367,0.929129,0.920658,0.861716,0.857397,0.896613,0.935999,0.895589,0.907636,0.811459,0.933155,0.903802,0.828875,0.94834,0.922022,0.900745,0.798011,0.88768,0.889848,0.91382,0.749817,0.923618,0.88588,0.93353,0.909129,0.938398,0.897877,0.89218,0.915262,0.948305,0.877052,0.939327,0.850996,0.682116,0.929782,0.943483,0.858881,0.887306,0.902184,0.937892,0.870655,0.892117,0.890625,0.875628,0.922493,0.930842,0.948661,0.886048,0.936446,1.0,0.903177,0.910271,0.936603,0.949019,0.86852,0.907009,0.871626,0.923591,0.846968,0.921326,0.91428,0.93698,0.879973,0.804357,0.943085,0.937895,0.875083,0.866558,0.619458,0.857379,0.94562,0.817968,0.946678,0.913585,0.931874,0.942707,0.876176,0.753308,0.923801,0.949253,0.905742,0.829527,0.935711,0.92681,0.750149,0.864287,0.772395,0.924273,0.93551,0.930889,0.936895,0.917521,0.888119,0.83032,0.88067,0.819478,0.903477,0.786916,0.934718,0.897569,0.936787,0.927352,0.83819,0.849209,0.947748,0.882629,0.927839,0.873585,0.843044,0.917681,0.878088,0.881304,0.927729,0.943265,0.911673,0.746821
Lantern,0.859442,0.915847,0.695537,0.85858,0.946468,0.77304,0.854189,0.783862,0.92259,0.946742,0.892005,0.918969,0.95086,0.841528,0.906787,0.936207,0.922397,0.913918,0.883699,0.942856,0.911392,0.911651,0.915368,0.801574,0.922961,0.895661,0.895018,0.90952,0.956513,0.9098,0.882482,0.937775,0.91816,0.888259,0.806921,0.937367,0.931745,0.930501,0.934722,0.906357,0.908311,0.85278,0.918716,0.943008,0.874598,0.875861,0.918789,0.671309,0.919085,0.895642,0.873099,0.867358,0.935434,0.93579,0.877751,0.921466,0.8772,0.928279,0.958475,0.8792,0.936017,0.902045,0.936612,0.903177,1.0,0.938654,0.914517,0.931208,0.931113,0.871878,0.908094,0.955764,0.884243,0.898334,0.905116,0.921161,0.906042,0.869915,0.888052,0.875959,0.915683,0.910564,0.712551,0.846261,0.91132,0.8568,0.918772,0.918413,0.907823,0.927616,0.90426,0.816933,0.943769,0.951043,0.917149,0.883998,0.91982,0.938152,0.824638,0.893612,0.792746,0.905399,0.946979,0.955735,0.886064,0.896186,0.884073,0.843034,0.942726,0.906622,0.927586,0.84525,0.931013,0.886032,0.88793,0.922338,0.865114,0.906259,0.95402,0.910164,0.89532,0.891113,0.854185,0.886184,0.869422,0.873331,0.928382,0.884125,0.919139,0.827042
Lawnmower,0.850026,0.926243,0.733296,0.857579,0.931541,0.791603,0.872762,0.792417,0.938102,0.950824,0.919596,0.930192,0.962101,0.852834,0.928851,0.939561,0.937951,0.933331,0.894599,0.938223,0.931672,0.939331,0.911503,0.825208,0.927634,0.907824,0.900729,0.909187,0.9482,0.918463,0.888579,0.923882,0.931573,0.914306,0.811225,0.941608,0.912916,0.93551,0.949053,0.916953,0.920178,0.869947,0.911045,0.936736,0.894395,0.891803,0.927133,0.711773,0.937293,0.909558,0.877883,0.90198,0.945085,0.94008,0.890058,0.927532,0.894372,0.93149,0.94226,0.906258,0.939824,0.924612,0.927317,0.910271,0.938654,1.0,0.916732,0.918036,0.925783,0.886417,0.916579,0.959474,0.90385,0.912593,0.912815,0.92054,0.929152,0.886604,0.882856,0.894822,0.915068,0.931717,0.74898,0.863454,0.913409,0.86702,0.9203,0.93517,0.906803,0.937862,0.927024,0.831318,0.930578,0.944869,0.923852,0.878595,0.933605,0.943361,0.843905,0.911325,0.814889,0.932573,0.926514,0.961505,0.889289,0.92852,0.912007,0.850235,0.948059,0.878967,0.924633,0.857989,0.938968,0.913133,0.897534,0.951782,0.862339,0.910753,0.955783,0.935214,0.905516,0.898646,0.873733,0.890168,0.903949,0.888697,0.927058,0.883867,0.941333,0.841702
Lightbulb,0.746269,0.946187,0.677001,0.773521,0.937084,0.695705,0.79005,0.724288,0.911757,0.956392,0.918701,0.939288,0.911154,0.859827,0.869967,0.938527,0.931899,0.862731,0.864886,0.903163,0.942797,0.906516,0.923159,0.80001,0.950535,0.910363,0.828997,0.965952,0.938417,0.908794,0.799546,0.902713,0.901999,0.927713,0.753456,0.933988,0.894668,0.945356,0.919778,0.955003,0.911259,0.899337,0.932868,0.966087,0.876811,0.955698,0.85149,0.674367,0.945256,0.96161,0.861302,0.89664,0.91513,0.951902,0.876719,0.894905,0.897498,0.886518,0.934236,0.943892,0.964971,0.888804,0.949052,0.936603,0.914517,0.916732,1.0,0.964014,0.87384,0.913707,0.882531,0.938457,0.852437,0.926832,0.926455,0.954412,0.881337,0.810801,0.959412,0.957151,0.879802,0.865678,0.580962,0.860994,0.964901,0.821473,0.967154,0.924968,0.948278,0.958357,0.882141,0.749487,0.937159,0.963833,0.918011,0.834596,0.954118,0.943146,0.749078,0.855557,0.772214,0.933939,0.947119,0.943115,0.955548,0.930391,0.901563,0.835703,0.892492,0.824495,0.919565,0.786916,0.951899,0.899305,0.955442,0.939234,0.849257,0.856845,0.960473,0.886042,0.940034,0.875701,0.845465,0.933967,0.882261,0.888856,0.942225,0.959675,0.907346,0.752028
Lipstick,0.747274,0.959615,0.694776,0.783891,0.953823,0.694171,0.777392,0.724601,0.909965,0.964312,0.915724,0.942747,0.907206,0.864551,0.86349,0.943891,0.933891,0.854798,0.867098,0.912038,0.950739,0.8997,0.936213,0.80527,0.957393,0.92104,0.832328,0.982663,0.947965,0.916095,0.794167,0.910468,0.903513,0.925538,0.748668,0.941833,0.910166,0.951355,0.921817,0.961621,0.913642,0.914195,0.944594,0.980502,0.886487,0.966064,0.842317,0.670885,0.947406,0.970437,0.874359,0.897074,0.913814,0.960702,0.884902,0.903855,0.903002,0.890395,0.950473,0.949039,0.974882,0.89517,0.966939,0.949019,0.931208,0.918036,0.964014,1.0,0.881296,0.930803,0.884131,0.941393,0.848028,0.934792,0.935935,0.968362,0.881597,0.799855,0.983037,0.964711,0.884972,0.864405,0.57706,0.869929,0.980211,0.816461,0.98034,0.924811,0.964169,0.963971,0.882331,0.741784,0.951079,0.977521,0.922138,0.846721,0.958962,0.948068,0.746471,0.860623,0.776795,0.935306,0.973249,0.943506,0.972247,0.92575,0.897733,0.838521,0.892372,0.842402,0.926064,0.787289,0.957903,0.899971,0.968015,0.935354,0.855819,0.853177,0.971516,0.883516,0.952271,0.885314,0.847654,0.948951,0.883878,0.896456,0.953065,0.980017,0.909641,0.735526
Lock,0.872435,0.889268,0.727388,0.873765,0.907717,0.796234,0.866687,0.79779,0.9082,0.917928,0.873315,0.888171,0.938286,0.823633,0.910888,0.908051,0.900877,0.914035,0.878126,0.929565,0.885369,0.907425,0.88629,0.798164,0.887375,0.870942,0.897064,0.857251,0.929266,0.894229,0.891854,0.918889,0.912647,0.867824,0.806833,0.909919,0.905236,0.899308,0.91986,0.86431,0.891962,0.828475,0.880015,0.898138,0.863522,0.828049,0.92396,0.681709,0.898489,0.851418,0.859779,0.858196,0.923183,0.90472,0.859366,0.911825,0.861306,0.917757,0.925182,0.845991,0.896008,0.892751,0.89146,0.86852,0.931113,0.925783,0.87384,0.881296,1.0,0.843639,0.900431,0.934033,0.891285,0.871131,0.8719,0.882397,0.903322,0.884347,0.828671,0.83001,0.897421,0.915052,0.767268,0.833759,0.860926,0.862822,0.874218,0.901407,0.864156,0.894411,0.905266,0.830868,0.910696,0.90904,0.895068,0.877561,0.886623,0.908752,0.855514,0.896436,0.803061,0.887073,0.899692,0.935355,0.834376,0.878827,0.874437,0.831179,0.936076,0.906283,0.907017,0.85996,0.897763,0.878816,0.840415,0.906787,0.854495,0.896774,0.922919,0.910027,0.858458,0.881195,0.85797,0.847122,0.863517,0.854087,0.888519,0.826569,0.906562,0.841819
Lollipop,0.725933,0.922205,0.719431,0.768078,0.896202,0.695734,0.760492,0.711883,0.877158,0.914856,0.885167,0.898732,0.867413,0.837567,0.840791,0.899296,0.897714,0.832277,0.838825,0.866463,0.916178,0.873687,0.888414,0.791287,0.909027,0.892281,0.807981,0.926937,0.892818,0.881749,0.766564,0.857659,0.875727,0.895811,0.728691,0.896125,0.85913,0.903102,0.887693,0.913785,0.878371,0.890439,0.890568,0.922706,0.871321,0.919378,0.812346,0.685122,0.905752,0.921985,0.848134,0.885222,0.87295,0.91516,0.858119,0.873436,0.871026,0.85277,0.895504,0.917906,0.922607,0.882778,0.912777,0.907009,0.871878,0.886417,0.913707,0.930803,0.843639,1.0,0.851276,0.893658,0.831146,0.898449,0.89671,0.922404,0.864161,0.776422,0.926823,0.91809,0.847904,0.840959,0.607384,0.84947,0.929209,0.79279,0.928547,0.889374,0.914927,0.919507,0.865484,0.728491,0.895955,0.923278,0.880798,0.819214,0.915364,0.900748,0.74565,0.844688,0.780811,0.908084,0.91765,0.902449,0.91944,0.896891,0.874357,0.809823,0.853803,0.80047,0.883862,0.779249,0.913312,0.880276,0.921075,0.910354,0.821328,0.820518,0.922746,0.864214,0.911577,0.857739,0.828907,0.908378,0.879447,0.868263,0.907465,0.925194,0.885636,0.728696
Mask,0.828466,0.886537,0.694589,0.837019,0.900027,0.759381,0.833843,0.769577,0.902817,0.915194,0.881586,0.891347,0.927301,0.827587,0.90022,0.901715,0.901105,0.893238,0.867047,0.909509,0.891914,0.906271,0.883668,0.782458,0.892835,0.871267,0.871066,0.871431,0.920029,0.888102,0.859494,0.900869,0.906152,0.880677,0.785012,0.905162,0.884324,0.897858,0.915366,0.876999,0.891517,0.838071,0.880002,0.902104,0.856426,0.850999,0.892345,0.676985,0.90601,0.870842,0.848255,0.869037,0.914064,0.905676,0.8556,0.895989,0.860934,0.904483,0.911846,0.866051,0.902824,0.888274,0.89079,0.871626,0.908094,0.916579,0.882531,0.884131,0.900431,0.851276,1.0,0.927057,0.877422,0.872552,0.876419,0.888829,0.891558,0.861744,0.845595,0.854914,0.87958,0.895083,0.707811,0.831293,0.876582,0.839726,0.887386,0.900632,0.872847,0.902093,0.896793,0.800278,0.900754,0.907884,0.8912,0.856074,0.89905,0.909504,0.828402,0.874192,0.791769,0.894967,0.892916,0.926335,0.852934,0.890136,0.882087,0.819309,0.919895,0.867695,0.899724,0.835739,0.903767,0.87567,0.860817,0.914014,0.840836,0.876258,0.920959,0.899471,0.868131,0.866728,0.847195,0.859079,0.868678,0.855389,0.890896,0.846365,0.894265,0.816535
Microscope,0.847646,0.934889,0.698458,0.849773,0.952676,0.768282,0.866001,0.785456,0.9482,0.968326,0.932163,0.94786,0.974187,0.864173,0.930865,0.952414,0.952466,0.92865,0.899969,0.950725,0.941219,0.950197,0.932096,0.811778,0.948992,0.913486,0.899496,0.934001,0.970793,0.929988,0.885273,0.944644,0.941121,0.928045,0.809465,0.957758,0.927025,0.950275,0.958719,0.938647,0.933772,0.878218,0.934568,0.96105,0.889654,0.914987,0.925079,0.687174,0.957097,0.933146,0.879312,0.905994,0.961357,0.958032,0.895295,0.932471,0.904758,0.940435,0.960357,0.919692,0.961314,0.917976,0.946805,0.923591,0.955764,0.959474,0.938457,0.941393,0.934033,0.893658,0.927057,1.0,0.902428,0.92149,0.924778,0.939629,0.925659,0.894419,0.907466,0.920046,0.921193,0.930107,0.698857,0.866358,0.934942,0.870387,0.945586,0.947953,0.927828,0.956231,0.929594,0.821728,0.950665,0.963744,0.940389,0.882535,0.953265,0.961786,0.837202,0.903695,0.805191,0.941269,0.942702,0.973667,0.913729,0.942417,0.923234,0.858728,0.959247,0.88897,0.942062,0.85111,0.9555,0.913174,0.919087,0.960275,0.875543,0.915016,0.973378,0.936252,0.921012,0.900679,0.878291,0.907797,0.89793,0.89536,0.941969,0.908094,0.932587,0.829531
Minerals,0.835061,0.866377,0.723826,0.844931,0.869707,0.78235,0.839685,0.784063,0.886328,0.889665,0.86009,0.86385,0.906426,0.817818,0.89539,0.880461,0.8768,0.895248,0.861904,0.893713,0.868338,0.89049,0.858481,0.789746,0.861972,0.853218,0.867571,0.831978,0.893017,0.871068,0.864301,0.883371,0.895123,0.863413,0.790938,0.87927,0.867247,0.876143,0.897255,0.842384,0.87536,0.81934,0.848706,0.866479,0.851474,0.812238,0.893388,0.702361,0.878811,0.833647,0.843195,0.856804,0.894699,0.877689,0.839934,0.884536,0.844992,0.891425,0.885369,0.839611,0.869191,0.88304,0.857748,0.846968,0.884243,0.90385,0.852437,0.848028,0.891285,0.831146,0.877422,0.902428,1.0,0.852506,0.852677,0.860401,0.885413,0.858955,0.804951,0.815203,0.866888,0.885403,0.748435,0.82148,0.84404,0.837336,0.851225,0.881565,0.840119,0.873766,0.887701,0.808681,0.874842,0.877682,0.868464,0.848336,0.868579,0.883237,0.840925,0.871554,0.799176,0.876492,0.864413,0.90911,0.815709,0.867888,0.866179,0.80732,0.904755,0.864778,0.883388,0.843054,0.875284,0.869907,0.826636,0.895736,0.829923,0.869958,0.892499,0.891631,0.841043,0.85773,0.844473,0.832981,0.866285,0.842341,0.865888,0.806288,0.893461,0.83407
Mushroom,0.756059,0.944288,0.728075,0.788375,0.915017,0.725015,0.811269,0.733061,0.904007,0.941269,0.904655,0.920626,0.901604,0.837166,0.870043,0.927863,0.918243,0.869502,0.858419,0.898803,0.935388,0.89794,0.898602,0.822143,0.924893,0.900029,0.836643,0.935287,0.91657,0.899228,0.809264,0.882984,0.889789,0.910554,0.754211,0.920933,0.881808,0.930262,0.909603,0.929374,0.895032,0.886003,0.905441,0.93781,0.877663,0.92805,0.863788,0.689483,0.926495,0.932628,0.857864,0.885251,0.901642,0.932046,0.868816,0.893436,0.889637,0.877119,0.91711,0.923873,0.940838,0.88732,0.927704,0.921326,0.898334,0.912593,0.926832,0.934792,0.871131,0.898449,0.872552,0.92149,0.852506,1.0,0.908453,0.926063,0.885387,0.811198,0.927678,0.925687,0.877099,0.877257,0.654146,0.857155,0.930747,0.824158,0.933984,0.912619,0.919721,0.936139,0.87895,0.766021,0.917175,0.941363,0.902512,0.829146,0.928378,0.921457,0.760131,0.875313,0.774235,0.922866,0.924077,0.929541,0.922158,0.915604,0.887054,0.830446,0.883469,0.820329,0.897114,0.796112,0.927903,0.90084,0.923874,0.927326,0.834729,0.85163,0.942745,0.887746,0.919304,0.875589,0.844947,0.905481,0.878936,0.877528,0.919782,0.929177,0.920472,0.757777
Necklace,0.765272,0.926829,0.689398,0.788836,0.918577,0.718319,0.798679,0.731497,0.901518,0.935573,0.901203,0.918083,0.908287,0.841248,0.872521,0.922766,0.916302,0.868311,0.857966,0.895428,0.926413,0.896603,0.901965,0.796377,0.926288,0.899951,0.838524,0.933828,0.920537,0.895531,0.810656,0.886873,0.894365,0.905371,0.757387,0.918276,0.882882,0.924241,0.912395,0.926759,0.896457,0.880209,0.908739,0.940157,0.872975,0.920897,0.857667,0.679564,0.92331,0.929009,0.855234,0.885069,0.902417,0.93328,0.869469,0.890704,0.880014,0.884518,0.920461,0.917838,0.940619,0.893122,0.928629,0.91428,0.905116,0.912815,0.926455,0.935935,0.8719,0.89671,0.876419,0.924778,0.852677,0.908453,1.0,0.930517,0.884599,0.809757,0.924375,0.920587,0.875326,0.873192,0.632646,0.849469,0.934323,0.817571,0.93655,0.909294,0.92128,0.935533,0.88211,0.762482,0.917196,0.94345,0.901397,0.836936,0.931554,0.925005,0.765363,0.862762,0.778056,0.918042,0.930032,0.93159,0.920478,0.909572,0.887073,0.823952,0.891269,0.825181,0.901587,0.799264,0.935102,0.888154,0.923496,0.926947,0.836557,0.858018,0.942579,0.885142,0.915419,0.87092,0.836235,0.907707,0.879685,0.874871,0.924794,0.924556,0.905607,0.770649
Necktie,0.763068,0.946259,0.688132,0.790212,0.9406,0.708719,0.791013,0.73628,0.912256,0.954957,0.917609,0.937042,0.913261,0.866829,0.875967,0.938506,0.932456,0.865584,0.871891,0.90722,0.942955,0.907414,0.928847,0.801471,0.950951,0.916972,0.838751,0.965092,0.94122,0.912837,0.806621,0.908163,0.910591,0.926182,0.761095,0.934253,0.901162,0.943951,0.924182,0.951427,0.914703,0.906276,0.935235,0.966938,0.886267,0.95066,0.854202,0.683305,0.944144,0.957888,0.870806,0.902739,0.915918,0.955079,0.883188,0.902198,0.8994,0.894079,0.939286,0.942844,0.964035,0.901656,0.951067,0.93698,0.921161,0.92054,0.954412,0.968362,0.882397,0.922404,0.888829,0.939629,0.860401,0.926063,0.930517,1.0,0.888936,0.813141,0.959638,0.952062,0.883588,0.87107,0.595873,0.867745,0.966557,0.825658,0.96901,0.924902,0.951465,0.95804,0.890951,0.75714,0.939708,0.966823,0.918994,0.849732,0.954395,0.944534,0.764797,0.860938,0.789199,0.935049,0.955911,0.945591,0.954927,0.92717,0.903733,0.839197,0.89906,0.841137,0.925845,0.80206,0.955929,0.900894,0.955365,0.941128,0.857514,0.862358,0.962542,0.890903,0.941346,0.884167,0.850788,0.939135,0.891861,0.892732,0.946256,0.95791,0.908568,0.76467
Orifan,0.843653,0.901034,0.740436,0.846191,0.895564,0.792697,0.862779,0.782152,0.910028,0.915506,0.88981,0.897349,0.934789,0.823774,0.908079,0.911304,0.909375,0.915677,0.870154,0.909444,0.903955,0.912554,0.877977,0.809926,0.895411,0.885961,0.885424,0.871683,0.911406,0.892118,0.870646,0.890079,0.906165,0.882247,0.796576,0.909111,0.881183,0.901913,0.920181,0.882986,0.890817,0.845178,0.875892,0.899071,0.878431,0.855532,0.912497,0.701868,0.90451,0.872371,0.856249,0.877646,0.91397,0.911191,0.868771,0.905759,0.868294,0.90353,0.908842,0.873671,0.904479,0.906566,0.893326,0.879973,0.906042,0.929152,0.881337,0.881597,0.903322,0.864161,0.891558,0.925659,0.885413,0.885387,0.884599,0.888936,1.0,0.862269,0.845303,0.85601,0.889662,0.917007,0.769386,0.841907,0.873331,0.851631,0.882603,0.905004,0.872073,0.905461,0.908643,0.823975,0.896405,0.911923,0.89323,0.861269,0.898321,0.909241,0.837746,0.901405,0.807082,0.904423,0.892632,0.934386,0.850509,0.895772,0.884847,0.830041,0.922062,0.85835,0.89324,0.84983,0.910669,0.890526,0.859968,0.923347,0.839609,0.893147,0.922571,0.914066,0.874178,0.878744,0.853027,0.856709,0.883379,0.861365,0.895862,0.845704,0.920721,0.83671
Oven,0.853007,0.818437,0.66962,0.832748,0.844389,0.760533,0.858457,0.771131,0.879716,0.864251,0.845426,0.847516,0.906868,0.783841,0.880849,0.852909,0.866466,0.884944,0.842921,0.882865,0.825238,0.893912,0.834751,0.74367,0.832267,0.810959,0.862514,0.785715,0.882302,0.848341,0.865621,0.881914,0.875105,0.835968,0.782044,0.867118,0.849709,0.84186,0.883181,0.812448,0.850128,0.764399,0.822619,0.831909,0.804684,0.768281,0.890472,0.649933,0.855211,0.793675,0.80049,0.825064,0.899277,0.845531,0.809769,0.862969,0.816075,0.872659,0.861307,0.798327,0.83436,0.844343,0.823078,0.804357,0.869915,0.886604,0.810801,0.799855,0.884347,0.776422,0.861744,0.894419,0.858955,0.811198,0.809757,0.813141,0.862269,1.0,0.744707,0.779653,0.857306,0.880908,0.74439,0.783016,0.794376,0.833821,0.811087,0.866473,0.798033,0.839218,0.873964,0.805295,0.847129,0.839698,0.857091,0.826883,0.833864,0.860814,0.834882,0.847398,0.764496,0.84664,0.815906,0.890628,0.761719,0.859371,0.845311,0.796273,0.901856,0.848037,0.862592,0.822472,0.832162,0.83569,0.774712,0.878636,0.809896,0.859691,0.863631,0.887889,0.794297,0.825853,0.833157,0.780523,0.825948,0.801044,0.825588,0.744536,0.85134,0.817231
Paintbrush,0.671708,0.953625,0.663762,0.721874,0.928312,0.63764,0.727022,0.672112,0.881355,0.945538,0.902681,0.92871,0.86211,0.845532,0.819903,0.92389,0.913887,0.806299,0.833291,0.870383,0.943473,0.869233,0.914428,0.787302,0.945227,0.906393,0.779969,0.988382,0.913883,0.891017,0.732711,0.86842,0.867078,0.918056,0.702152,0.918093,0.872235,0.935656,0.889637,0.962157,0.887756,0.912185,0.928134,0.968446,0.863821,0.981845,0.788345,0.651825,0.931933,0.97788,0.845875,0.883138,0.877069,0.943915,0.862141,0.86733,0.887841,0.845317,0.918338,0.955715,0.965295,0.866512,0.95464,0.943085,0.888052,0.882856,0.959412,0.983037,0.828671,0.926823,0.845595,0.907466,0.804951,0.927678,0.924375,0.959638,0.845303,0.744707,1.0,0.979291,0.849676,0.820204,0.501567,0.853319,0.982521,0.774639,0.978681,0.902564,0.960942,0.953927,0.84416,0.689253,0.925487,0.962229,0.898823,0.800245,0.949438,0.925075,0.680458,0.822881,0.741343,0.923437,0.955716,0.912867,0.982534,0.915134,0.877251,0.812551,0.841216,0.779923,0.894907,0.7354,0.942048,0.881343,0.977105,0.917723,0.821776,0.805177,0.951046,0.846653,0.950158,0.85569,0.816289,0.947776,0.865073,0.878834,0.939004,0.998463,0.885664,0.677347
Pen,0.680455,0.943988,0.650194,0.713692,0.919342,0.637704,0.749424,0.677902,0.898013,0.947617,0.925394,0.941217,0.883574,0.851031,0.836109,0.924367,0.930117,0.823324,0.839347,0.870846,0.944886,0.899196,0.91406,0.779581,0.951294,0.901755,0.784234,0.981339,0.918196,0.894584,0.742782,0.872287,0.877903,0.934992,0.710462,0.925632,0.861435,0.936251,0.902225,0.969131,0.897555,0.904814,0.926398,0.964251,0.859166,0.985721,0.800637,0.652281,0.947266,0.983703,0.835171,0.898629,0.897871,0.945609,0.863764,0.867798,0.895156,0.849986,0.907562,0.965062,0.96676,0.865411,0.942597,0.937895,0.875959,0.894822,0.957151,0.964711,0.83001,0.91809,0.854914,0.920046,0.815203,0.925687,0.920587,0.952062,0.85601,0.779653,0.979291,1.0,0.850599,0.834037,0.50304,0.852278,0.976348,0.786657,0.977164,0.917306,0.953789,0.959378,0.859189,0.700126,0.916524,0.954589,0.908238,0.793293,0.957639,0.933643,0.695188,0.822412,0.741796,0.936359,0.928332,0.920631,0.974823,0.94316,0.898805,0.821071,0.856553,0.761123,0.898362,0.737069,0.944124,0.889506,0.974092,0.938626,0.822604,0.817239,0.950513,0.866495,0.947372,0.850049,0.829951,0.938421,0.871792,0.879294,0.932765,0.980379,0.882846,0.687754
Pictureframe,0.831635,0.893474,0.706046,0.834692,0.901328,0.766808,0.852684,0.765996,0.902357,0.915149,0.876074,0.892872,0.920682,0.81544,0.887693,0.908099,0.900207,0.898126,0.861412,0.908782,0.889527,0.896654,0.877079,0.796472,0.888851,0.871895,0.872129,0.87136,0.914282,0.883922,0.860739,0.896434,0.891327,0.871488,0.787687,0.906973,0.890325,0.89938,0.908799,0.878392,0.879943,0.830744,0.8788,0.900215,0.857028,0.849917,0.901104,0.677887,0.891553,0.86615,0.846387,0.8559,0.908089,0.901832,0.854227,0.894793,0.856507,0.893636,0.913809,0.861844,0.899659,0.885662,0.89666,0.875083,0.915683,0.915068,0.879802,0.884972,0.897421,0.847904,0.87958,0.921193,0.866888,0.877099,0.875326,0.883588,0.889662,0.857306,0.849676,0.850599,1.0,0.895919,0.731306,0.828215,0.873708,0.841464,0.880857,0.896487,0.870968,0.897391,0.886593,0.807509,0.902292,0.910759,0.889867,0.851115,0.88867,0.903401,0.808768,0.881792,0.782033,0.888879,0.899737,0.928139,0.849364,0.883687,0.866325,0.823693,0.908564,0.859559,0.891287,0.828681,0.895773,0.874162,0.855835,0.908056,0.834255,0.879291,0.918253,0.897098,0.86593,0.868265,0.839886,0.853151,0.861233,0.849483,0.892868,0.848448,0.906556,0.814939
Pinecone,0.865763,0.89441,0.735263,0.86251,0.892203,0.805339,0.887845,0.784655,0.911498,0.913638,0.883696,0.891172,0.94713,0.802795,0.917672,0.90983,0.907278,0.923694,0.870459,0.920817,0.89658,0.915562,0.869078,0.805593,0.884713,0.874779,0.900361,0.85195,0.913698,0.889314,0.893521,0.893175,0.903535,0.866812,0.799118,0.909203,0.882854,0.894931,0.922233,0.869261,0.883932,0.824068,0.867301,0.888152,0.866176,0.833184,0.935509,0.682257,0.899677,0.853419,0.848134,0.861497,0.919808,0.904545,0.86164,0.908193,0.860638,0.910292,0.909655,0.851508,0.894588,0.899655,0.884394,0.866558,0.910564,0.931717,0.865678,0.864405,0.915052,0.840959,0.895083,0.930107,0.885403,0.877257,0.873192,0.87107,0.917007,0.880908,0.820204,0.834037,0.895919,1.0,0.811097,0.830903,0.848192,0.862162,0.864183,0.902742,0.853936,0.894375,0.910556,0.842687,0.894088,0.903663,0.891398,0.862772,0.886643,0.904291,0.850418,0.91387,0.795884,0.894219,0.8813,0.936068,0.825533,0.887125,0.876,0.828258,0.933622,0.86747,0.883909,0.859564,0.901649,0.882386,0.835141,0.916982,0.835687,0.899363,0.919459,0.919462,0.855151,0.88097,0.849775,0.833124,0.867551,0.848201,0.882751,0.821726,0.919963,0.847058
Pizza,0.813331,0.675261,0.758998,0.804588,0.647338,0.804616,0.81762,0.711304,0.707779,0.667392,0.639487,0.635305,0.75327,0.579788,0.764175,0.688593,0.671633,0.804116,0.696175,0.739786,0.660883,0.705382,0.61599,0.706271,0.609698,0.664562,0.790841,0.539902,0.671657,0.680873,0.807082,0.678541,0.707203,0.611943,0.695858,0.676633,0.692614,0.653072,0.71571,0.576085,0.65985,0.592213,0.599937,0.602716,0.707901,0.513489,0.833433,0.620218,0.633251,0.538706,0.686587,0.645683,0.703831,0.649899,0.67041,0.741049,0.642575,0.733115,0.688051,0.571832,0.613723,0.742692,0.626243,0.619458,0.712551,0.74898,0.580962,0.57706,0.767268,0.607384,0.707811,0.698857,0.748435,0.654146,0.632646,0.595873,0.769386,0.74439,0.501567,0.50304,0.731306,0.811097,1.0,0.647674,0.541414,0.731774,0.555817,0.676859,0.568363,0.62443,0.743585,0.78089,0.657643,0.64311,0.660722,0.722132,0.605982,0.652432,0.785955,0.810338,0.689069,0.659367,0.639359,0.722608,0.506665,0.632592,0.647885,0.652814,0.755329,0.746842,0.655468,0.776092,0.640919,0.702767,0.523669,0.686031,0.648846,0.752295,0.670234,0.758189,0.588155,0.719583,0.684362,0.557055,0.694955,0.640489,0.633429,0.501563,0.779682,0.786566
Plug,0.738606,0.879111,0.713838,0.774341,0.856704,0.705784,0.767315,0.712833,0.853121,0.877451,0.848589,0.856633,0.849271,0.80312,0.830837,0.863364,0.860928,0.822781,0.821255,0.850157,0.871442,0.851421,0.847865,0.77452,0.859906,0.847231,0.801357,0.861944,0.863047,0.850339,0.77585,0.837934,0.853296,0.857415,0.724349,0.861928,0.836294,0.864655,0.862203,0.856665,0.84842,0.84099,0.844876,0.870932,0.835639,0.851761,0.814465,0.675042,0.866398,0.859923,0.821434,0.848524,0.851644,0.869257,0.822519,0.850773,0.835775,0.837002,0.86212,0.862301,0.871847,0.852808,0.862028,0.857379,0.846261,0.863454,0.860994,0.869929,0.833759,0.84947,0.831293,0.866358,0.82148,0.857155,0.849469,0.867745,0.841907,0.783016,0.853319,0.852278,0.828215,0.830903,0.647674,1.0,0.86693,0.785878,0.870011,0.858852,0.857491,0.871201,0.843635,0.732726,0.859124,0.874642,0.847195,0.800203,0.867395,0.862921,0.752464,0.829481,0.762131,0.8684,0.866783,0.871989,0.851686,0.859618,0.843343,0.785454,0.841049,0.797588,0.854496,0.777106,0.863549,0.853449,0.856759,0.876365,0.797152,0.803244,0.881455,0.847383,0.856501,0.833191,0.811273,0.852424,0.84838,0.831428,0.860061,0.8521,0.862233,0.736177
Pogostick,0.721854,0.949754,0.670977,0.759441,0.941873,0.674685,0.762589,0.711452,0.908257,0.958221,0.922858,0.943334,0.899363,0.871658,0.857844,0.936058,0.932551,0.846667,0.863037,0.895191,0.948293,0.901907,0.930699,0.795189,0.956139,0.916471,0.814108,0.982874,0.938293,0.908785,0.777724,0.8986,0.899721,0.936758,0.741427,0.935428,0.894411,0.947698,0.918653,0.964653,0.913347,0.915051,0.939531,0.975774,0.879232,0.973933,0.824298,0.680229,0.947922,0.977076,0.865349,0.906892,0.909153,0.954826,0.879322,0.890676,0.900136,0.880915,0.934871,0.960496,0.972553,0.893472,0.957617,0.94562,0.91132,0.913409,0.964901,0.980211,0.860926,0.929209,0.876582,0.934942,0.84404,0.930747,0.934323,0.966557,0.873331,0.794376,0.982521,0.976348,0.873708,0.848192,0.541414,0.86693,1.0,0.803738,0.982776,0.924793,0.963426,0.96465,0.876707,0.7259,0.938521,0.969945,0.917766,0.829448,0.963613,0.946261,0.730857,0.840784,0.772563,0.939944,0.960037,0.937222,0.976618,0.936236,0.904555,0.83116,0.881012,0.811655,0.922216,0.772489,0.955654,0.899702,0.976021,0.942564,0.845811,0.841659,0.964022,0.87966,0.952827,0.872903,0.843082,0.952734,0.891965,0.896604,0.951312,0.981169,0.901693,0.729702
Pot,0.81213,0.84118,0.694446,0.806751,0.83869,0.752662,0.834271,0.746177,0.855627,0.859384,0.827999,0.838371,0.876503,0.771929,0.852409,0.856719,0.850328,0.863006,0.823124,0.862293,0.833209,0.856947,0.823906,0.760621,0.834817,0.818586,0.834935,0.802145,0.860572,0.838215,0.832605,0.852086,0.852515,0.82166,0.760175,0.849891,0.837287,0.844911,0.858962,0.817631,0.834737,0.778784,0.82159,0.835733,0.813411,0.784229,0.877315,0.651835,0.842974,0.802951,0.800724,0.810827,0.865722,0.848926,0.805344,0.852216,0.812084,0.848063,0.853875,0.802382,0.838015,0.835997,0.828403,0.817968,0.8568,0.86702,0.821473,0.816461,0.862822,0.79279,0.839726,0.870387,0.837336,0.824158,0.817571,0.825658,0.851631,0.833821,0.774639,0.786657,0.841464,0.862162,0.731774,0.785878,0.803738,1.0,0.818063,0.849907,0.807819,0.841223,0.850074,0.789726,0.847261,0.848735,0.840123,0.812087,0.830905,0.848478,0.795006,0.845654,0.755761,0.8384,0.828859,0.882114,0.781364,0.834285,0.823967,0.789435,0.868556,0.827295,0.847255,0.805323,0.842371,0.835028,0.78892,0.858604,0.80177,0.844457,0.860308,0.857961,0.806614,0.827523,0.808974,0.792841,0.814632,0.800446,0.830171,0.773899,0.857057,0.800369
Razor,0.740521,0.953235,0.6701,0.770686,0.947082,0.683191,0.77833,0.719431,0.91712,0.963989,0.929719,0.949127,0.91363,0.871452,0.869914,0.942684,0.941551,0.854875,0.869293,0.906043,0.952313,0.914121,0.936391,0.794938,0.962318,0.919055,0.82664,0.983221,0.947665,0.916319,0.790943,0.909054,0.909535,0.939512,0.748643,0.942896,0.899763,0.951324,0.927302,0.968327,0.919764,0.91488,0.944979,0.979544,0.881294,0.973905,0.839868,0.672086,0.956964,0.978595,0.866511,0.909891,0.921196,0.962278,0.884364,0.899016,0.906021,0.890177,0.941561,0.960146,0.977135,0.8954,0.960378,0.946678,0.918772,0.9203,0.967154,0.98034,0.874218,0.928547,0.887386,0.945586,0.851225,0.933984,0.93655,0.96901,0.882603,0.811087,0.978681,0.977164,0.880857,0.864183,0.555817,0.870011,0.982776,0.818063,1.0,0.93241,0.964352,0.969265,0.887777,0.739358,0.944486,0.973942,0.926131,0.838765,0.967917,0.952759,0.746135,0.851384,0.77688,0.944237,0.958704,0.946032,0.974126,0.942619,0.911942,0.840161,0.895392,0.824757,0.928528,0.784651,0.961633,0.903257,0.973757,0.949635,0.854939,0.852422,0.970402,0.889856,0.953334,0.879662,0.851106,0.950671,0.891533,0.896899,0.95234,0.977593,0.902986,0.740392
Recordplayer,0.804805,0.928064,0.7073,0.819947,0.924975,0.746393,0.841793,0.762523,0.927903,0.948856,0.920129,0.931172,0.938224,0.853214,0.904182,0.932959,0.934929,0.900416,0.881111,0.920786,0.930589,0.930802,0.911387,0.80879,0.931111,0.900975,0.867846,0.922932,0.940264,0.912397,0.849398,0.913461,0.918112,0.921263,0.785033,0.93542,0.89847,0.932861,0.934625,0.927414,0.91438,0.876165,0.913258,0.939848,0.878871,0.912608,0.893649,0.691917,0.940254,0.925524,0.863778,0.90018,0.934426,0.93772,0.879008,0.910155,0.894074,0.907884,0.930252,0.918691,0.942602,0.902707,0.926147,0.913585,0.918413,0.93517,0.924968,0.924811,0.901407,0.889374,0.900632,0.947953,0.881565,0.912619,0.909294,0.924902,0.905004,0.866473,0.902564,0.917306,0.896487,0.902742,0.676859,0.858852,0.924793,0.849907,0.93241,1.0,0.915496,0.941064,0.908131,0.79594,0.926131,0.941685,0.920156,0.854456,0.936642,0.938171,0.807385,0.885012,0.79516,0.931699,0.919977,0.949284,0.906968,0.93357,0.909921,0.843935,0.92213,0.850691,0.919485,0.825954,0.933868,0.906254,0.913193,0.947111,0.854282,0.8821,0.951129,0.916565,0.912055,0.883653,0.866312,0.89998,0.892353,0.883479,0.923247,0.903946,0.919406,0.79993
Remotecontrol,0.736428,0.940509,0.675805,0.76809,0.932055,0.684214,0.772304,0.715034,0.901611,0.947502,0.910294,0.930919,0.896952,0.855137,0.856577,0.928574,0.924251,0.84622,0.856956,0.893902,0.936309,0.895877,0.919717,0.790532,0.943377,0.906785,0.819586,0.963732,0.93041,0.902146,0.78401,0.89489,0.893501,0.919839,0.742183,0.926966,0.889281,0.935618,0.911517,0.948597,0.902693,0.89958,0.92763,0.961056,0.87216,0.952559,0.832263,0.668102,0.936432,0.956976,0.857315,0.892509,0.903916,0.945209,0.872051,0.888238,0.890923,0.876594,0.928674,0.940365,0.958224,0.885722,0.945596,0.931874,0.907823,0.906803,0.948278,0.964169,0.864156,0.914927,0.872847,0.927828,0.840119,0.919721,0.92128,0.951465,0.872073,0.798033,0.960942,0.953789,0.870968,0.853936,0.568363,0.857491,0.963426,0.807819,0.964352,0.915496,1.0,0.950724,0.874267,0.734746,0.93023,0.958109,0.910194,0.830737,0.947008,0.934535,0.738628,0.845938,0.769577,0.92693,0.94726,0.931449,0.954093,0.921978,0.892752,0.82806,0.880232,0.818561,0.912089,0.777764,0.943516,0.890468,0.953311,0.931132,0.84189,0.842113,0.953716,0.877107,0.936374,0.869947,0.838769,0.933102,0.878786,0.882932,0.93727,0.959323,0.895668,0.734556
Ring,0.77514,0.953852,0.695219,0.797621,0.946036,0.722242,0.819087,0.745637,0.931297,0.967908,0.934109,0.951551,0.937789,0.867134,0.896996,0.950845,0.948121,0.890796,0.880929,0.921386,0.955312,0.929883,0.930752,0.813217,0.959479,0.922109,0.855361,0.966505,0.951989,0.923122,0.8275,0.915917,0.920064,0.938848,0.773807,0.94893,0.905412,0.954838,0.939657,0.961788,0.925638,0.903734,0.939201,0.971944,0.891024,0.957013,0.879374,0.686602,0.959793,0.965316,0.87262,0.91133,0.935318,0.962588,0.891964,0.913194,0.909631,0.907468,0.94584,0.950274,0.97345,0.907341,0.95572,0.942707,0.927616,0.937862,0.958357,0.963971,0.894411,0.919507,0.902093,0.956231,0.873766,0.936139,0.935533,0.95804,0.905461,0.839218,0.953927,0.959378,0.897391,0.894375,0.62443,0.871201,0.96465,0.841223,0.969265,0.941064,0.950724,1.0,0.905482,0.776558,0.945713,0.970951,0.932274,0.852666,0.963665,0.956691,0.780422,0.880889,0.78981,0.948328,0.949992,0.959537,0.953192,0.946562,0.919505,0.849282,0.917624,0.840362,0.930042,0.810655,0.963285,0.914411,0.955594,0.956909,0.860581,0.880321,0.972439,0.910351,0.945148,0.889975,0.862949,0.934268,0.89807,0.899984,0.949998,0.955348,0.926151,0.778714
Rollerskates,0.840218,0.892783,0.725295,0.84883,0.897433,0.77824,0.850385,0.779075,0.912225,0.915907,0.892678,0.89725,0.934754,0.83392,0.910172,0.905065,0.911224,0.905757,0.873609,0.9103,0.900108,0.919575,0.884476,0.794278,0.895108,0.882973,0.882985,0.870687,0.917921,0.895382,0.865787,0.896832,0.914989,0.888257,0.792477,0.909729,0.88223,0.897238,0.924026,0.881436,0.896113,0.849601,0.878587,0.899984,0.873689,0.855046,0.899497,0.69723,0.909508,0.873454,0.855889,0.887691,0.919768,0.909463,0.867741,0.905401,0.867748,0.907677,0.909815,0.876519,0.903399,0.907456,0.891557,0.876176,0.90426,0.927024,0.882141,0.882331,0.905266,0.865484,0.896793,0.929594,0.887701,0.87895,0.88211,0.890951,0.908643,0.873964,0.84416,0.859189,0.886593,0.910556,0.743585,0.843635,0.876707,0.850074,0.887777,0.908131,0.874267,0.905482,1.0,0.814296,0.897923,0.907479,0.896678,0.86495,0.902906,0.911266,0.846697,0.891253,0.814071,0.906917,0.891558,0.931848,0.85192,0.902603,0.893554,0.828683,0.925151,0.864525,0.901148,0.851666,0.907253,0.888077,0.862442,0.928355,0.844758,0.884329,0.923416,0.916201,0.873247,0.876402,0.859013,0.8626,0.889991,0.863694,0.893441,0.844587,0.905304,0.829832
Rug,0.815855,0.779092,0.676138,0.796677,0.781664,0.761511,0.826264,0.735223,0.810342,0.800084,0.770843,0.777348,0.844745,0.712031,0.827414,0.806127,0.795784,0.849429,0.782965,0.823403,0.775893,0.810739,0.761693,0.730322,0.769074,0.768739,0.820828,0.72298,0.805673,0.786095,0.828499,0.803436,0.807814,0.75571,0.744523,0.797052,0.792096,0.788056,0.815874,0.745407,0.78126,0.709671,0.757115,0.767091,0.773362,0.700368,0.866853,0.629619,0.779282,0.722967,0.758078,0.753621,0.818372,0.790218,0.761431,0.812525,0.756894,0.815861,0.803914,0.728315,0.771903,0.804329,0.766769,0.753308,0.816933,0.831318,0.749487,0.741784,0.830868,0.728491,0.800278,0.821728,0.808681,0.766021,0.762482,0.75714,0.823975,0.805295,0.689253,0.700126,0.807509,0.842687,0.78089,0.732726,0.7259,0.789726,0.739358,0.79594,0.734746,0.776558,0.814296,1.0,0.788814,0.789559,0.785829,0.783374,0.764881,0.792577,0.787558,0.82462,0.725801,0.780836,0.77085,0.837446,0.697622,0.771312,0.768351,0.7436,0.838475,0.799822,0.788943,0.791141,0.787117,0.784982,0.708586,0.805843,0.752643,0.825002,0.802252,0.824119,0.737875,0.787359,0.762974,0.717551,0.770285,0.746931,0.773922,0.68979,0.82882,0.803878
Saltpeppershaker,0.80476,0.938194,0.701971,0.826469,0.945969,0.739874,0.827251,0.759293,0.920791,0.957734,0.906328,0.930789,0.932848,0.853906,0.89409,0.941191,0.929484,0.891461,0.880053,0.931033,0.931518,0.912441,0.922972,0.808735,0.93814,0.905832,0.867295,0.938515,0.95277,0.915604,0.847124,0.926073,0.915131,0.910669,0.783,0.938975,0.919486,0.941783,0.930742,0.931133,0.91395,0.880679,0.92854,0.956827,0.880004,0.916357,0.891645,0.676823,0.936971,0.929541,0.873565,0.885058,0.929535,0.945641,0.880071,0.914759,0.892306,0.912725,0.95181,0.912799,0.952378,0.898238,0.945341,0.923801,0.943769,0.930578,0.937159,0.951079,0.910696,0.895955,0.900754,0.950665,0.874842,0.917175,0.917196,0.939708,0.896405,0.847129,0.925487,0.916524,0.902292,0.894088,0.657643,0.859124,0.938521,0.847261,0.944486,0.926131,0.93023,0.945713,0.897923,0.788814,1.0,0.958843,0.921623,0.865306,0.938417,0.94283,0.796074,0.883487,0.788467,0.923067,0.950873,0.952954,0.922277,0.915698,0.896637,0.843613,0.920969,0.876298,0.927966,0.82278,0.941685,0.899062,0.922432,0.932337,0.863325,0.882533,0.961547,0.902405,0.920136,0.89048,0.857664,0.912926,0.879277,0.886382,0.93572,0.924431,0.91865,0.790739
Saxophone,0.800665,0.961527,0.700555,0.814582,0.96095,0.738774,0.831077,0.757727,0.93355,0.974168,0.930772,0.954701,0.944914,0.867444,0.898981,0.961399,0.950447,0.900125,0.887024,0.93447,0.957314,0.925561,0.940045,0.821158,0.965137,0.929085,0.869512,0.973048,0.962388,0.928027,0.842937,0.929788,0.923407,0.932362,0.785794,0.956282,0.924215,0.9629,0.943884,0.963598,0.927773,0.904599,0.949742,0.981876,0.898292,0.95511,0.893995,0.685397,0.95711,0.96439,0.883237,0.903919,0.939082,0.97185,0.897949,0.922995,0.911771,0.917215,0.962605,0.944889,0.979803,0.913929,0.968889,0.949253,0.951043,0.944869,0.963833,0.977521,0.90904,0.923278,0.907884,0.963744,0.877682,0.941363,0.94345,0.966823,0.911923,0.839698,0.962229,0.954589,0.910759,0.903663,0.64311,0.874642,0.969945,0.848735,0.973942,0.941685,0.958109,0.970951,0.907479,0.789559,0.958843,1.0,0.937215,0.867523,0.964772,0.962572,0.784757,0.890002,0.791937,0.945378,0.970788,0.969226,0.95709,0.937599,0.912004,0.85642,0.9273,0.863743,0.937712,0.821702,0.971527,0.913772,0.956714,0.953644,0.870414,0.895248,0.980736,0.912309,0.948978,0.901151,0.862565,0.93872,0.894795,0.902126,0.961078,0.960954,0.935131,0.791946
Scale,0.801928,0.918349,0.690056,0.811649,0.921706,0.734612,0.832825,0.754135,0.917665,0.940721,0.908276,0.923358,0.928951,0.842617,0.890835,0.925652,0.926163,0.889141,0.870581,0.91393,0.919207,0.918565,0.906594,0.795384,0.924412,0.892409,0.860936,0.917996,0.934878,0.903863,0.839979,0.910104,0.907408,0.908256,0.777045,0.928456,0.894415,0.924487,0.924174,0.920839,0.903653,0.865077,0.909274,0.935187,0.868238,0.904734,0.883348,0.673579,0.929328,0.917219,0.854226,0.885068,0.925979,0.931521,0.870053,0.901206,0.88411,0.898302,0.926809,0.906734,0.935645,0.890328,0.92297,0.905742,0.917149,0.923852,0.918011,0.922138,0.895068,0.880798,0.8912,0.940389,0.868464,0.902512,0.901397,0.918994,0.89323,0.857091,0.898823,0.908238,0.889867,0.891398,0.660722,0.847195,0.917766,0.840123,0.926131,0.920156,0.910194,0.932274,0.896678,0.785829,0.921623,0.937215,1.0,0.848784,0.92676,0.930119,0.795113,0.873702,0.782347,0.919079,0.918234,0.941805,0.900828,0.920712,0.895845,0.836185,0.91356,0.848956,0.912216,0.815387,0.925934,0.891393,0.905113,0.934082,0.848397,0.875439,0.94412,0.90447,0.903952,0.874288,0.854738,0.892138,0.87638,0.871857,0.917158,0.899166,0.906449,0.787788
Scarf,0.826125,0.845903,0.694765,0.834185,0.864265,0.756168,0.80626,0.758158,0.860384,0.868959,0.829329,0.841442,0.883752,0.79244,0.863798,0.860789,0.85532,0.861476,0.836167,0.877553,0.844559,0.858353,0.846663,0.756483,0.844916,0.838741,0.851253,0.821553,0.87996,0.851516,0.837808,0.868551,0.871589,0.82743,0.766255,0.862121,0.8599,0.852191,0.875293,0.823023,0.849323,0.801746,0.838619,0.856536,0.831543,0.792306,0.864623,0.65973,0.851815,0.813099,0.82503,0.827426,0.869886,0.862344,0.824483,0.868177,0.81906,0.872698,0.880465,0.812708,0.852729,0.864796,0.852519,0.829527,0.883998,0.878595,0.834596,0.846721,0.877561,0.819214,0.856074,0.882535,0.848336,0.829146,0.836936,0.849732,0.861269,0.826883,0.800245,0.793293,0.851115,0.862772,0.722132,0.800203,0.829448,0.812087,0.838765,0.854456,0.830737,0.852666,0.86495,0.783374,0.865306,0.867523,0.848784,1.0,0.846748,0.863401,0.815355,0.850907,0.7808,0.847291,0.867552,0.886988,0.802047,0.833554,0.834177,0.788266,0.884545,0.862857,0.864547,0.823027,0.858147,0.836297,0.80922,0.865996,0.81397,0.847264,0.878189,0.864062,0.823279,0.841648,0.814675,0.818889,0.837268,0.81815,0.852919,0.796892,0.860867,0.802701
Scissors,0.765428,0.943754,0.678781,0.790913,0.941157,0.710657,0.803324,0.735791,0.926325,0.961704,0.932065,0.946053,0.934429,0.86686,0.893294,0.941855,0.943054,0.880307,0.876201,0.914124,0.950504,0.926948,0.927459,0.799706,0.954337,0.916116,0.847441,0.962474,0.948147,0.917362,0.819252,0.909595,0.918865,0.93754,0.764895,0.94338,0.898134,0.947577,0.93746,0.956066,0.923557,0.902445,0.934527,0.967975,0.883733,0.953847,0.864841,0.683328,0.957572,0.962946,0.867362,0.913484,0.93082,0.957546,0.886695,0.906278,0.903095,0.905684,0.939924,0.948826,0.969587,0.905637,0.949568,0.935711,0.91982,0.933605,0.954118,0.958962,0.886623,0.915364,0.89905,0.953265,0.868579,0.928378,0.931554,0.954395,0.898321,0.833864,0.949438,0.957639,0.88867,0.886643,0.605982,0.867395,0.963613,0.830905,0.967917,0.936642,0.947008,0.963665,0.902906,0.764881,0.938417,0.964772,0.92676,0.846748,1.0,0.95324,0.777166,0.86843,0.787168,0.945659,0.94441,0.951656,0.950773,0.944459,0.91907,0.840317,0.914475,0.832701,0.926507,0.805792,0.960141,0.907857,0.954412,0.956133,0.854322,0.869953,0.967966,0.905415,0.940675,0.88265,0.856607,0.933425,0.899091,0.897009,0.945354,0.951128,0.913658,0.772333
Scooter,0.808243,0.9361,0.687378,0.818744,0.94499,0.739609,0.834384,0.762012,0.933316,0.961605,0.926886,0.943649,0.950808,0.862782,0.908255,0.944966,0.943722,0.903971,0.885693,0.93023,0.940895,0.933531,0.927185,0.804772,0.949041,0.911756,0.871664,0.945003,0.956961,0.920177,0.851553,0.926573,0.925823,0.92765,0.788095,0.947441,0.91238,0.946858,0.943929,0.943812,0.924976,0.885289,0.932411,0.961781,0.884236,0.929246,0.894991,0.68324,0.952027,0.943188,0.871516,0.90291,0.942724,0.954674,0.887944,0.916816,0.90071,0.920078,0.948485,0.928685,0.96186,0.907534,0.945913,0.92681,0.938152,0.943361,0.943146,0.948068,0.908752,0.900748,0.909504,0.961786,0.883237,0.921457,0.925005,0.944534,0.909241,0.860814,0.925075,0.933643,0.903401,0.904291,0.652432,0.862921,0.946261,0.848478,0.952759,0.938171,0.934535,0.956691,0.911266,0.792577,0.94283,0.962572,0.930119,0.863401,0.95324,1.0,0.803722,0.883039,0.792662,0.938062,0.942582,0.960618,0.928653,0.937663,0.915718,0.847762,0.934292,0.861211,0.932321,0.825582,0.954689,0.906658,0.932528,0.952113,0.863576,0.893187,0.967034,0.916706,0.927374,0.88909,0.864377,0.916806,0.892596,0.892472,0.941724,0.925541,0.921974,0.800449
Scrunchie,0.839203,0.772695,0.702219,0.838283,0.791735,0.773282,0.808488,0.762405,0.821501,0.804137,0.778244,0.775464,0.859647,0.744518,0.856205,0.797202,0.801715,0.853378,0.805232,0.841039,0.780154,0.832993,0.779937,0.721198,0.769714,0.776361,0.842061,0.717601,0.824907,0.804314,0.842707,0.823665,0.843488,0.772466,0.756226,0.804147,0.804886,0.783717,0.836711,0.736065,0.806077,0.732735,0.760896,0.770332,0.788727,0.691213,0.856772,0.65078,0.797451,0.720282,0.782975,0.787268,0.835928,0.793436,0.776218,0.832662,0.766669,0.846743,0.816614,0.733228,0.773144,0.828699,0.766715,0.750149,0.824638,0.843905,0.749078,0.746471,0.855514,0.74565,0.828402,0.837202,0.840925,0.760131,0.765363,0.764797,0.837746,0.834882,0.680458,0.695188,0.808768,0.850418,0.785955,0.752464,0.730857,0.795006,0.746135,0.807385,0.738628,0.780422,0.846697,0.787558,0.796074,0.784757,0.795113,0.815355,0.777166,0.803722,1.0,0.832571,0.769439,0.794068,0.776631,0.837286,0.696828,0.783418,0.799178,0.745952,0.866554,0.844249,0.81425,0.826345,0.78935,0.796149,0.710647,0.819655,0.774203,0.825783,0.811324,0.843859,0.741725,0.799311,0.793404,0.73246,0.802902,0.768197,0.775529,0.680817,0.819686,0.81514
Seashell,0.83507,0.898438,0.774543,0.852348,0.878358,0.800236,0.864851,0.77478,0.892417,0.901433,0.862288,0.873307,0.912685,0.794209,0.893687,0.898096,0.887253,0.904739,0.854528,0.903697,0.890815,0.88857,0.853089,0.820143,0.86736,0.869834,0.880983,0.844914,0.890762,0.878775,0.866506,0.870062,0.884232,0.85513,0.784263,0.891865,0.871137,0.884839,0.899523,0.855727,0.867651,0.827181,0.851304,0.874325,0.867805,0.827901,0.912945,0.693557,0.880574,0.842629,0.847578,0.851313,0.892228,0.88782,0.852642,0.897877,0.852756,0.887367,0.896264,0.845666,0.880081,0.890329,0.876578,0.864287,0.893612,0.911325,0.855557,0.860623,0.896436,0.844688,0.874192,0.903695,0.871554,0.875313,0.862762,0.860938,0.901405,0.847398,0.822881,0.822412,0.881792,0.91387,0.810338,0.829481,0.840784,0.845654,0.851384,0.885012,0.845938,0.880889,0.891253,0.82462,0.883487,0.890002,0.873702,0.850907,0.86843,0.883039,0.832571,1.0,0.79483,0.882677,0.877426,0.915067,0.82152,0.868039,0.858194,0.81741,0.901644,0.857261,0.86817,0.844859,0.881678,0.880415,0.828911,0.896564,0.82237,0.874965,0.904629,0.899147,0.851848,0.872974,0.841811,0.82962,0.863213,0.844972,0.871614,0.824961,0.921338,0.821689
Shirt,0.749104,0.790748,0.693432,0.776655,0.784219,0.713501,0.743678,0.707637,0.798593,0.798368,0.777558,0.776969,0.804915,0.753511,0.803818,0.790514,0.792975,0.796445,0.781432,0.798765,0.789701,0.801495,0.779054,0.719844,0.777263,0.787164,0.782995,0.756866,0.798415,0.79225,0.765144,0.786501,0.815145,0.783401,0.710451,0.790384,0.782898,0.783939,0.811301,0.760921,0.791595,0.768674,0.766107,0.781938,0.790846,0.739862,0.788279,0.660594,0.789016,0.755957,0.776852,0.798656,0.798127,0.792986,0.771823,0.80635,0.765609,0.801508,0.798622,0.772565,0.78252,0.82315,0.778958,0.772395,0.792746,0.814889,0.772214,0.776795,0.803061,0.780811,0.791769,0.805191,0.799176,0.774235,0.778056,0.789199,0.807082,0.764496,0.741343,0.741796,0.782033,0.795884,0.689069,0.762131,0.772563,0.755761,0.77688,0.79516,0.769577,0.78981,0.814071,0.725801,0.788467,0.791937,0.782347,0.7808,0.787168,0.792662,0.769439,0.79483,1.0,0.799992,0.793684,0.815317,0.745543,0.785822,0.78955,0.734131,0.806552,0.783528,0.801267,0.775775,0.790589,0.79538,0.757222,0.816646,0.754882,0.773021,0.80631,0.810088,0.769711,0.786648,0.770413,0.771723,0.812876,0.772792,0.787535,0.739151,0.806084,0.752538
Shoe,0.777363,0.939458,0.72025,0.805894,0.922843,0.735738,0.823496,0.751223,0.925143,0.950438,0.926566,0.934384,0.926527,0.859832,0.897318,0.933201,0.936569,0.889099,0.878087,0.910757,0.943035,0.92829,0.912893,0.816839,0.935932,0.910672,0.855636,0.937755,0.932872,0.913815,0.828836,0.900324,0.915932,0.931735,0.772235,0.934518,0.889343,0.936089,0.932789,0.938237,0.915397,0.895065,0.914562,0.944899,0.888373,0.933143,0.874537,0.704994,0.945472,0.941629,0.867424,0.913672,0.925724,0.941896,0.883827,0.907074,0.900887,0.899145,0.924941,0.938391,0.949491,0.909895,0.931332,0.924273,0.905399,0.932573,0.933939,0.935306,0.887073,0.908084,0.894967,0.941269,0.876492,0.922866,0.918042,0.935049,0.904423,0.84664,0.923437,0.936359,0.888879,0.894219,0.659367,0.8684,0.939944,0.8384,0.944237,0.931699,0.92693,0.948328,0.906917,0.780836,0.923067,0.945378,0.919079,0.847291,0.945659,0.938062,0.794068,0.882677,0.799992,1.0,0.925028,0.944431,0.925539,0.941283,0.915462,0.841222,0.908702,0.832449,0.916072,0.817523,0.939672,0.91342,0.932061,0.953725,0.84911,0.868418,0.953556,0.913276,0.926213,0.884184,0.866029,0.915224,0.905721,0.891848,0.928954,0.925753,0.923788,0.783166
Skiis,0.787504,0.947781,0.706456,0.821036,0.953875,0.730758,0.80105,0.748146,0.911984,0.957513,0.902322,0.930203,0.917501,0.859425,0.880006,0.94168,0.925787,0.876049,0.876032,0.923237,0.939038,0.896918,0.929004,0.811632,0.941947,0.918922,0.858905,0.957456,0.948432,0.914736,0.827852,0.917336,0.909581,0.909924,0.771924,0.937839,0.922213,0.943831,0.926794,0.938704,0.910839,0.899691,0.935041,0.967308,0.890824,0.931466,0.867935,0.685827,0.93162,0.940946,0.883155,0.889816,0.91483,0.951234,0.88624,0.913243,0.892135,0.906947,0.957404,0.924801,0.959672,0.910579,0.960678,0.93551,0.946979,0.926514,0.947119,0.973249,0.899692,0.91765,0.892916,0.942702,0.864413,0.924077,0.930032,0.955911,0.892632,0.815906,0.955716,0.928332,0.899737,0.8813,0.639359,0.866783,0.960037,0.828859,0.958704,0.919977,0.94726,0.949992,0.891558,0.77085,0.950873,0.970788,0.918234,0.867552,0.94441,0.942582,0.776631,0.877426,0.793684,0.925028,1.0,0.947945,0.943675,0.908562,0.889958,0.8377,0.907057,0.872007,0.92651,0.816176,0.949377,0.897155,0.942057,0.929944,0.859756,0.870455,0.966097,0.892287,0.934091,0.894185,0.84786,0.933426,0.889492,0.893056,0.949584,0.952024,0.92094,0.775912
Snowglobe,0.855157,0.944884,0.716943,0.853217,0.950628,0.786413,0.883782,0.795018,0.949438,0.96897,0.933407,0.950404,0.970612,0.865828,0.931325,0.961282,0.95502,0.939667,0.904034,0.949154,0.94485,0.948059,0.931405,0.827598,0.952782,0.923293,0.903848,0.936342,0.965375,0.932288,0.890701,0.942676,0.940109,0.92892,0.821041,0.956383,0.928511,0.955231,0.956885,0.94356,0.93291,0.882603,0.936485,0.960561,0.901722,0.918346,0.939647,0.703411,0.95293,0.934325,0.885546,0.907122,0.958288,0.962571,0.900708,0.935962,0.908973,0.936519,0.959439,0.923488,0.961627,0.926963,0.94906,0.930889,0.955735,0.961505,0.943115,0.943506,0.935355,0.902449,0.926335,0.973667,0.90911,0.929541,0.93159,0.945591,0.934386,0.890628,0.912867,0.920631,0.928139,0.936068,0.722608,0.871989,0.937222,0.882114,0.946032,0.949284,0.931449,0.959537,0.931848,0.837446,0.952954,0.969226,0.941805,0.886988,0.951656,0.960618,0.837286,0.915067,0.815317,0.944431,0.947945,1.0,0.916305,0.940931,0.920824,0.867554,0.95434,0.887504,0.942506,0.859688,0.961707,0.920885,0.921842,0.9628,0.881231,0.926821,0.973144,0.939455,0.925752,0.90969,0.880693,0.912002,0.904467,0.898507,0.948471,0.913095,0.946942,0.849616
Spoon,0.682981,0.944176,0.659923,0.725909,0.92468,0.644446,0.735858,0.682636,0.886545,0.944699,0.907812,0.92962,0.87364,0.850874,0.830957,0.921582,0.916477,0.81794,0.838495,0.872908,0.939609,0.880028,0.914407,0.783214,0.944968,0.901694,0.785265,0.979157,0.917484,0.891817,0.744301,0.874109,0.87528,0.922121,0.71142,0.918462,0.870435,0.934973,0.895406,0.958125,0.893607,0.905772,0.925936,0.964523,0.862299,0.974183,0.797103,0.656524,0.936425,0.973584,0.844541,0.887859,0.886244,0.942515,0.861391,0.868844,0.888696,0.853111,0.915226,0.952828,0.962764,0.866719,0.945708,0.936895,0.886064,0.889289,0.955548,0.972247,0.834376,0.91944,0.852934,0.913729,0.815709,0.922158,0.920478,0.954927,0.850509,0.761719,0.982534,0.974823,0.849364,0.825533,0.506665,0.851686,0.976618,0.781364,0.974126,0.906968,0.954093,0.953192,0.85192,0.697622,0.922277,0.95709,0.900828,0.802047,0.950773,0.928653,0.696828,0.82152,0.745543,0.925539,0.943675,0.916305,1.0,0.921599,0.885905,0.814094,0.852867,0.782379,0.899499,0.74226,0.94257,0.883526,0.970515,0.922958,0.825408,0.814798,0.949278,0.854449,0.945215,0.853727,0.822843,0.941505,0.867651,0.879978,0.934758,0.98258,0.883829,0.690491
Stapler,0.769671,0.928341,0.694379,0.78805,0.916243,0.716043,0.824364,0.741058,0.927609,0.947678,0.932989,0.938517,0.927816,0.857161,0.891656,0.927607,0.940567,0.883871,0.872629,0.904449,0.93592,0.936747,0.910417,0.800943,0.935484,0.899998,0.845938,0.934417,0.932291,0.909367,0.82062,0.899921,0.911842,0.935579,0.765611,0.935354,0.880542,0.931223,0.93126,0.940962,0.912992,0.884858,0.912356,0.941204,0.874085,0.935075,0.866657,0.689586,0.947399,0.943419,0.852498,0.912409,0.931523,0.936769,0.876525,0.898156,0.898332,0.891164,0.915677,0.939504,0.946752,0.895984,0.924042,0.917521,0.896186,0.92852,0.930391,0.92575,0.878827,0.896891,0.890136,0.942417,0.867888,0.915604,0.909572,0.92717,0.895772,0.859371,0.915134,0.94316,0.883687,0.887125,0.632592,0.859618,0.936236,0.834285,0.942619,0.93357,0.921978,0.946562,0.902603,0.771312,0.915698,0.937599,0.920712,0.833554,0.944459,0.937663,0.783418,0.868039,0.785822,0.941283,0.908562,0.940931,0.921599,1.0,0.918338,0.840549,0.906249,0.814156,0.913187,0.802455,0.931842,0.907572,0.929222,0.956741,0.843302,0.863076,0.948551,0.913691,0.92074,0.871649,0.865419,0.907562,0.897231,0.883835,0.921241,0.917681,0.909873,0.768922
Stapleremover,0.776838,0.89982,0.690822,0.798753,0.896373,0.722661,0.806138,0.743193,0.905997,0.92143,0.902626,0.906044,0.914651,0.843884,0.888083,0.902309,0.911997,0.873469,0.861812,0.892076,0.909368,0.914409,0.888865,0.782099,0.907453,0.880022,0.84281,0.898292,0.914313,0.891013,0.821489,0.885265,0.903675,0.907984,0.762992,0.909021,0.867852,0.90493,0.915162,0.902854,0.897908,0.86437,0.886898,0.913696,0.860516,0.891556,0.858761,0.686444,0.922835,0.905071,0.844764,0.894612,0.910923,0.912448,0.860227,0.88678,0.873475,0.888161,0.900636,0.903999,0.917884,0.887772,0.897126,0.888119,0.884073,0.912007,0.901563,0.897733,0.874437,0.874357,0.882087,0.923234,0.866179,0.887054,0.887073,0.903733,0.884847,0.845311,0.877251,0.898805,0.866325,0.876,0.647885,0.843343,0.904555,0.823967,0.911942,0.909921,0.892752,0.919505,0.893554,0.768351,0.896637,0.912004,0.895845,0.834177,0.91907,0.915718,0.799178,0.858194,0.78955,0.915462,0.889958,0.920824,0.885905,0.918338,1.0,0.819656,0.900519,0.825122,0.89956,0.81033,0.911425,0.887782,0.895138,0.931459,0.833386,0.853215,0.925565,0.897015,0.891417,0.859593,0.85043,0.883576,0.885295,0.867717,0.898843,0.879439,0.890344,0.78038
Storagebin,0.76234,0.848688,0.673725,0.762852,0.839737,0.704162,0.789885,0.712543,0.843983,0.858841,0.831737,0.843976,0.850841,0.774491,0.819932,0.852398,0.850182,0.828027,0.805877,0.842256,0.840302,0.84385,0.829089,0.7478,0.844068,0.820976,0.79997,0.831081,0.85306,0.831578,0.784011,0.837334,0.835142,0.829905,0.729405,0.849589,0.825803,0.846489,0.846412,0.836614,0.828423,0.795061,0.82958,0.848926,0.80668,0.818602,0.830078,0.636076,0.845188,0.829765,0.792002,0.812567,0.849901,0.852627,0.80177,0.835338,0.814767,0.823356,0.847195,0.825499,0.849744,0.822725,0.839575,0.83032,0.843034,0.850235,0.835703,0.838521,0.831179,0.809823,0.819309,0.858728,0.80732,0.830446,0.823952,0.839197,0.830041,0.796273,0.812551,0.821071,0.823693,0.828258,0.652814,0.785454,0.83116,0.789435,0.840161,0.843935,0.82806,0.849282,0.828683,0.7436,0.843613,0.85642,0.836185,0.788266,0.840317,0.847762,0.745952,0.81741,0.734131,0.841222,0.8377,0.867554,0.814094,0.840549,0.819656,1.0,0.839431,0.790426,0.839287,0.765457,0.844724,0.827313,0.818655,0.856013,0.787372,0.814864,0.86098,0.837884,0.824818,0.812774,0.795873,0.812817,0.808879,0.80039,0.838083,0.810076,0.841272,0.744579
Stroller,0.881703,0.89405,0.697843,0.870948,0.923224,0.794591,0.875777,0.800404,0.929472,0.934335,0.900209,0.911588,0.971462,0.837853,0.934964,0.923215,0.92367,0.933912,0.889565,0.940704,0.904361,0.935008,0.90105,0.793796,0.910616,0.88502,0.910077,0.877268,0.94884,0.907275,0.904857,0.930771,0.931984,0.89067,0.816809,0.929901,0.910306,0.915711,0.943976,0.88873,0.912565,0.837987,0.897611,0.918878,0.871681,0.850957,0.936006,0.681573,0.924394,0.876403,0.863782,0.879369,0.946746,0.92584,0.875031,0.921947,0.874487,0.939047,0.937961,0.868367,0.919889,0.908092,0.907444,0.88067,0.942726,0.948059,0.892492,0.892372,0.936076,0.853803,0.919895,0.959247,0.904755,0.883469,0.891269,0.89906,0.922062,0.901856,0.841216,0.856553,0.908564,0.933622,0.755329,0.841049,0.881012,0.868556,0.895392,0.92213,0.880232,0.917624,0.925151,0.838475,0.920969,0.9273,0.91356,0.884545,0.914475,0.934292,0.866554,0.901644,0.806552,0.908702,0.907057,0.95434,0.852867,0.906249,0.900519,0.839431,1.0,0.901621,0.92141,0.867373,0.92538,0.889125,0.861807,0.933496,0.862188,0.917881,0.942239,0.929022,0.875182,0.886245,0.865108,0.860931,0.879389,0.867815,0.907605,0.841475,0.915969,0.857897
Suit,0.862061,0.841347,0.708987,0.871824,0.872986,0.779581,0.817691,0.788113,0.858738,0.871276,0.812448,0.829194,0.887164,0.793429,0.874905,0.859351,0.844013,0.868962,0.849671,0.901043,0.831088,0.853062,0.852545,0.763885,0.833652,0.826331,0.87061,0.80362,0.893396,0.855855,0.868397,0.896087,0.881193,0.815709,0.783559,0.861671,0.883099,0.853,0.875564,0.800367,0.853062,0.788713,0.837125,0.8512,0.82536,0.761143,0.884983,0.657919,0.846983,0.788678,0.836604,0.809484,0.877264,0.856208,0.817729,0.879231,0.817769,0.890074,0.895004,0.784178,0.842781,0.855558,0.848372,0.819478,0.906622,0.878967,0.824495,0.842402,0.906283,0.80047,0.867695,0.88897,0.864778,0.820329,0.825181,0.841137,0.85835,0.848037,0.779923,0.761123,0.859559,0.86747,0.746842,0.797588,0.811655,0.827295,0.824757,0.850691,0.818561,0.840362,0.864525,0.799822,0.876298,0.863743,0.848956,0.862857,0.832701,0.861211,0.844249,0.857261,0.783528,0.832449,0.872007,0.887504,0.782379,0.814156,0.825122,0.790426,0.901621,1.0,0.877905,0.843404,0.845479,0.833071,0.786486,0.848656,0.830189,0.855208,0.877475,0.862754,0.808366,0.849272,0.826915,0.806941,0.822184,0.81453,0.844646,0.775409,0.861382,0.818626
Suitcase,0.818469,0.912909,0.695163,0.830408,0.927047,0.744928,0.824861,0.772312,0.91628,0.939249,0.902515,0.917671,0.92712,0.861503,0.896048,0.922707,0.920485,0.889003,0.882725,0.919659,0.91143,0.916093,0.915306,0.794452,0.923211,0.892175,0.864687,0.913654,0.942233,0.907352,0.848315,0.92471,0.920104,0.910057,0.790241,0.925256,0.908093,0.924559,0.926271,0.9114,0.912555,0.87135,0.912772,0.935896,0.872103,0.893001,0.884038,0.689457,0.927348,0.909649,0.867924,0.890155,0.928198,0.930741,0.8715,0.907602,0.883939,0.909388,0.93325,0.90129,0.932212,0.896562,0.921007,0.903477,0.927586,0.924633,0.919565,0.926064,0.907017,0.883862,0.899724,0.942062,0.883388,0.897114,0.901587,0.925845,0.89324,0.862592,0.894907,0.898362,0.891287,0.883909,0.655468,0.854496,0.922216,0.847255,0.928528,0.919485,0.912089,0.930042,0.901148,0.788943,0.927966,0.937712,0.912216,0.864547,0.926507,0.932321,0.81425,0.86817,0.801267,0.916072,0.92651,0.942506,0.899499,0.913187,0.89956,0.839287,0.92141,0.877905,1.0,0.830379,0.925864,0.893785,0.904158,0.931038,0.863746,0.879159,0.943935,0.903747,0.902772,0.880272,0.864194,0.901075,0.884652,0.878724,0.920437,0.892569,0.901084,0.806144
Teddy Bear,0.830916,0.812244,0.70753,0.835375,0.818408,0.774145,0.816783,0.756791,0.836492,0.830164,0.800134,0.802861,0.865198,0.761387,0.857242,0.827851,0.823168,0.856682,0.817461,0.852176,0.811122,0.838763,0.802815,0.748433,0.800497,0.806195,0.845071,0.762486,0.840392,0.822319,0.841034,0.833479,0.851105,0.79561,0.760754,0.825703,0.825117,0.814239,0.850655,0.77445,0.820804,0.766971,0.791508,0.80456,0.811435,0.736362,0.865058,0.667065,0.815004,0.75972,0.803047,0.805201,0.843347,0.823038,0.796981,0.846284,0.788301,0.853047,0.840303,0.770317,0.805788,0.848911,0.803284,0.786916,0.84525,0.857989,0.786916,0.787289,0.85996,0.779249,0.835739,0.85111,0.843054,0.796112,0.799264,0.80206,0.84983,0.822472,0.7354,0.737069,0.828681,0.859564,0.776092,0.777106,0.772489,0.805323,0.784651,0.825954,0.777764,0.810655,0.851666,0.791141,0.82278,0.821702,0.815387,0.823027,0.805792,0.825582,0.826345,0.844859,0.775775,0.817523,0.816176,0.859688,0.74226,0.802455,0.81033,0.765457,0.867373,0.843404,0.830379,1.0,0.820346,0.817466,0.754316,0.84067,0.788839,0.833704,0.837711,0.851405,0.777429,0.822169,0.797475,0.771565,0.822646,0.78887,0.810549,0.734401,0.846502,0.819144
Tennisracket,0.792295,0.9445,0.684253,0.802914,0.943356,0.734979,0.823441,0.750044,0.925061,0.959927,0.926024,0.944392,0.945632,0.858861,0.901052,0.948832,0.942508,0.898459,0.877496,0.919355,0.949192,0.923258,0.925568,0.804315,0.956974,0.920854,0.862545,0.957669,0.948857,0.91719,0.837298,0.912737,0.919832,0.924993,0.779346,0.942394,0.902992,0.949301,0.938026,0.952879,0.921676,0.894053,0.935849,0.967623,0.890866,0.943215,0.888794,0.680821,0.952521,0.954359,0.870351,0.90246,0.931343,0.963899,0.890349,0.912231,0.901043,0.912584,0.945333,0.936289,0.969451,0.910496,0.950904,0.934718,0.931013,0.938968,0.951899,0.957903,0.897763,0.913312,0.903767,0.9555,0.875284,0.927903,0.935102,0.955929,0.910669,0.832162,0.942048,0.944124,0.895773,0.901649,0.640919,0.863549,0.955654,0.842371,0.961633,0.933868,0.943516,0.963285,0.907253,0.787117,0.941685,0.971527,0.925934,0.858147,0.960141,0.954689,0.78935,0.881678,0.790589,0.939672,0.949377,0.961707,0.94257,0.931842,0.911425,0.844724,0.92538,0.845479,0.925864,0.820346,1.0,0.905191,0.944955,0.950215,0.86072,0.893787,0.969128,0.907304,0.937116,0.889678,0.852315,0.925862,0.891972,0.893847,0.948911,0.94276,0.922713,0.799503
Tent,0.78106,0.921534,0.753533,0.813637,0.894009,0.753568,0.825998,0.756623,0.90226,0.923591,0.89478,0.901735,0.90129,0.837223,0.882554,0.910249,0.906372,0.882019,0.86466,0.896282,0.915565,0.901797,0.883375,0.822452,0.900814,0.886039,0.848042,0.895937,0.90487,0.892798,0.829307,0.88026,0.895735,0.901828,0.770135,0.906432,0.874618,0.911349,0.907778,0.897722,0.891516,0.870628,0.881592,0.908405,0.875619,0.888842,0.874828,0.712975,0.91236,0.898534,0.857921,0.887195,0.900933,0.910268,0.862158,0.894508,0.879309,0.881822,0.901212,0.90129,0.913143,0.892574,0.898593,0.897569,0.886032,0.913133,0.899305,0.899971,0.878816,0.880276,0.87567,0.913174,0.869907,0.90084,0.888154,0.900894,0.890526,0.83569,0.881343,0.889506,0.874162,0.882386,0.702767,0.853449,0.899702,0.835028,0.903257,0.906254,0.890468,0.914411,0.888077,0.784982,0.899062,0.913772,0.891393,0.836297,0.907857,0.906658,0.796149,0.880415,0.79538,0.91342,0.897155,0.920885,0.883526,0.907572,0.887782,0.827313,0.889125,0.833071,0.893785,0.817466,0.905191,1.0,0.890256,0.923001,0.834471,0.854893,0.92373,0.896815,0.893856,0.873559,0.855652,0.881916,0.887325,0.871714,0.898204,0.883127,0.917234,0.786564
Toothbrush,0.694587,0.943526,0.662738,0.736454,0.924993,0.655939,0.74629,0.691594,0.894886,0.946312,0.914871,0.932764,0.882582,0.856758,0.843081,0.924013,0.921888,0.827885,0.846643,0.877392,0.942482,0.890419,0.915957,0.786754,0.945957,0.905706,0.794909,0.976093,0.920511,0.89628,0.755622,0.877745,0.884107,0.929043,0.721249,0.92214,0.872799,0.936224,0.90402,0.958435,0.899926,0.908456,0.925954,0.963568,0.867311,0.972305,0.806249,0.668554,0.940295,0.972778,0.849315,0.897993,0.893248,0.944006,0.867173,0.874729,0.89181,0.861617,0.91657,0.956599,0.962993,0.877905,0.944881,0.936787,0.88793,0.897534,0.955442,0.968015,0.840415,0.921075,0.860817,0.919087,0.826636,0.923874,0.923496,0.955365,0.859968,0.774712,0.977105,0.974092,0.855835,0.835141,0.523669,0.856759,0.976021,0.78892,0.973757,0.913193,0.953311,0.955594,0.862442,0.708586,0.922432,0.956714,0.905113,0.80922,0.954412,0.932528,0.710647,0.828911,0.757222,0.932061,0.942057,0.921842,0.970515,0.929222,0.895138,0.818655,0.861807,0.786486,0.904158,0.754316,0.944955,0.890256,1.0,0.933125,0.829448,0.821945,0.951386,0.865421,0.945172,0.858903,0.83024,0.942458,0.88001,0.88438,0.937346,0.97749,0.889959,0.707627
Train,0.812337,0.939428,0.713425,0.827655,0.933259,0.756327,0.851172,0.77006,0.945032,0.959227,0.942445,0.946976,0.952034,0.870617,0.920043,0.944577,0.953133,0.912135,0.894738,0.926688,0.948144,0.951176,0.923683,0.818187,0.945626,0.919561,0.879026,0.938154,0.948842,0.925655,0.856241,0.918695,0.935036,0.942995,0.795231,0.948711,0.903289,0.943478,0.952572,0.944852,0.929556,0.89686,0.924543,0.951773,0.896611,0.932615,0.899255,0.7137,0.955684,0.944059,0.875862,0.92808,0.947126,0.952227,0.89669,0.921797,0.908426,0.919534,0.937246,0.943795,0.956513,0.928023,0.937866,0.927352,0.922338,0.951782,0.939234,0.935354,0.906787,0.910354,0.914014,0.960275,0.895736,0.927326,0.926947,0.941128,0.923347,0.878636,0.917723,0.938626,0.908056,0.916982,0.686031,0.876365,0.942564,0.858604,0.949635,0.947111,0.931132,0.956909,0.928355,0.805843,0.932337,0.953644,0.934082,0.865996,0.956133,0.952113,0.819655,0.896564,0.816646,0.953725,0.929944,0.9628,0.922958,0.956741,0.931459,0.856013,0.933496,0.848656,0.931038,0.84067,0.950215,0.923001,0.933125,1.0,0.86333,0.891753,0.963899,0.936214,0.928635,0.896348,0.879744,0.918414,0.921537,0.899104,0.939327,0.919323,0.932803,0.816592
Trashbin,0.783708,0.852767,0.671142,0.789749,0.859449,0.715527,0.78747,0.732807,0.852766,0.871368,0.835966,0.84986,0.86553,0.796547,0.83939,0.860711,0.856128,0.837537,0.825057,0.8613,0.846283,0.852844,0.849317,0.748273,0.855604,0.831658,0.81722,0.840315,0.874863,0.846517,0.803267,0.862288,0.858651,0.839505,0.745238,0.858994,0.847295,0.857709,0.86175,0.840621,0.847323,0.80827,0.845586,0.864297,0.817932,0.819472,0.8394,0.646084,0.858435,0.835528,0.812136,0.824763,0.864458,0.865951,0.812881,0.851204,0.823615,0.849007,0.868453,0.829227,0.861171,0.838325,0.852535,0.83819,0.865114,0.862339,0.849257,0.855819,0.854495,0.821328,0.840836,0.875543,0.829923,0.834729,0.836557,0.857514,0.839609,0.809896,0.821776,0.822604,0.834255,0.835687,0.648846,0.797152,0.845811,0.80177,0.854939,0.854282,0.84189,0.860581,0.844758,0.752643,0.863325,0.870414,0.848397,0.81397,0.854322,0.863576,0.774203,0.82237,0.754882,0.84911,0.859756,0.881231,0.825408,0.843302,0.833386,0.787372,0.862188,0.830189,0.863746,0.788839,0.86072,0.834471,0.829448,0.86333,1.0,0.828822,0.876026,0.846592,0.834364,0.827529,0.809405,0.830857,0.822583,0.815599,0.852289,0.818934,0.8447,0.76668
Tree,0.860641,0.862328,0.684692,0.829214,0.880875,0.783775,0.86948,0.77956,0.890833,0.893509,0.861396,0.877624,0.931721,0.797626,0.89162,0.895949,0.88771,0.917885,0.850197,0.897085,0.865577,0.891227,0.858337,0.776401,0.877071,0.854585,0.87692,0.839825,0.901355,0.866846,0.875208,0.889328,0.884728,0.847496,0.800084,0.889335,0.87271,0.882814,0.898285,0.856775,0.8688,0.79518,0.861318,0.878446,0.845654,0.815507,0.919614,0.662422,0.876072,0.837674,0.82747,0.833029,0.904248,0.891815,0.841392,0.883711,0.83911,0.890981,0.895982,0.828955,0.880985,0.87132,0.870407,0.849209,0.906259,0.910753,0.856845,0.853177,0.896774,0.820518,0.876258,0.915016,0.869958,0.85163,0.858018,0.862358,0.893147,0.859691,0.805177,0.817239,0.879291,0.899363,0.752295,0.803244,0.841659,0.844457,0.852422,0.8821,0.842113,0.880321,0.884329,0.825002,0.882533,0.895248,0.875439,0.847264,0.869953,0.893187,0.825783,0.874965,0.773021,0.868418,0.870455,0.926821,0.814798,0.863076,0.853215,0.814864,0.917881,0.855208,0.879159,0.833704,0.893787,0.854893,0.821945,0.891753,0.828822,1.0,0.899338,0.891391,0.840452,0.852167,0.825905,0.819757,0.837605,0.829889,0.875544,0.804551,0.89423,0.845123
Trophy,0.81229,0.962062,0.717247,0.834967,0.963056,0.752049,0.84275,0.769248,0.94516,0.979854,0.938141,0.957494,0.958362,0.872863,0.917596,0.962197,0.956915,0.911413,0.897884,0.946512,0.961973,0.941554,0.942374,0.827207,0.963257,0.930979,0.884347,0.965819,0.970318,0.937027,0.859279,0.936925,0.937083,0.939848,0.793224,0.96284,0.928843,0.963603,0.956138,0.960369,0.9368,0.907214,0.94785,0.979675,0.903376,0.94946,0.905446,0.694862,0.966202,0.961124,0.889982,0.916253,0.951867,0.971083,0.904044,0.934062,0.917184,0.931525,0.966811,0.946025,0.979138,0.923929,0.96691,0.947748,0.95402,0.955783,0.960473,0.971516,0.922919,0.922746,0.920959,0.973378,0.892499,0.942745,0.942579,0.962542,0.922571,0.863631,0.951046,0.950513,0.918253,0.919459,0.670234,0.881455,0.964022,0.860308,0.970402,0.951129,0.953716,0.972439,0.923416,0.802252,0.961547,0.980736,0.94412,0.878189,0.967966,0.967034,0.811324,0.904629,0.80631,0.953556,0.966097,0.973144,0.949278,0.948551,0.925565,0.86098,0.942239,0.877475,0.943935,0.837711,0.969128,0.92373,0.951386,0.963899,0.876026,0.899338,1.0,0.928072,0.946906,0.908522,0.87727,0.935931,0.907489,0.909136,0.95796,0.951454,0.941742,0.802586
Truck,0.84736,0.901403,0.733442,0.851381,0.901393,0.786071,0.869672,0.785785,0.922263,0.923921,0.902435,0.906758,0.941035,0.83453,0.914439,0.914076,0.920305,0.916734,0.87993,0.918344,0.906129,0.929109,0.888049,0.807347,0.899887,0.885489,0.889041,0.874799,0.923304,0.900345,0.875858,0.904361,0.915954,0.896284,0.800706,0.919316,0.889173,0.906061,0.930128,0.888828,0.899928,0.849165,0.882973,0.903817,0.875339,0.861708,0.912621,0.702945,0.914398,0.878986,0.858375,0.889132,0.928842,0.913125,0.871196,0.910493,0.875807,0.909907,0.913803,0.882889,0.908227,0.90854,0.895985,0.882629,0.910164,0.935214,0.886042,0.883516,0.910027,0.864214,0.899471,0.936252,0.891631,0.887746,0.885142,0.890903,0.914066,0.887889,0.846653,0.866495,0.897098,0.919462,0.758189,0.847383,0.87966,0.857961,0.889856,0.916565,0.877107,0.910351,0.916201,0.824119,0.902405,0.912309,0.90447,0.864062,0.905415,0.916706,0.843859,0.899147,0.810088,0.913276,0.892287,0.939455,0.854449,0.913691,0.897015,0.837884,0.929022,0.862754,0.903747,0.851405,0.907304,0.896815,0.865421,0.936214,0.846592,0.891391,0.928072,1.0,0.876926,0.881273,0.866692,0.862261,0.891542,0.866225,0.897491,0.847035,0.917921,0.832949
Umbrella,0.73059,0.940417,0.697725,0.765045,0.920936,0.692334,0.77696,0.71647,0.898789,0.942484,0.908153,0.925783,0.893622,0.849263,0.856863,0.924427,0.91978,0.850881,0.852575,0.888165,0.93653,0.894213,0.908953,0.801291,0.935667,0.903346,0.817873,0.954484,0.919655,0.898159,0.783119,0.882601,0.889001,0.917607,0.740015,0.921091,0.878382,0.931776,0.906828,0.94236,0.898038,0.896483,0.91624,0.950781,0.874759,0.947435,0.834156,0.67782,0.932804,0.950924,0.854479,0.891899,0.898379,0.938421,0.86928,0.885453,0.890063,0.870833,0.917953,0.937675,0.951369,0.883574,0.93626,0.927839,0.89532,0.905516,0.940034,0.952271,0.858458,0.911577,0.868131,0.921012,0.841043,0.919304,0.915419,0.941346,0.874178,0.794297,0.950158,0.947372,0.86593,0.855151,0.588155,0.856501,0.952827,0.806614,0.953334,0.912055,0.936374,0.945148,0.873247,0.737875,0.920136,0.948978,0.903952,0.823279,0.940675,0.927374,0.741725,0.851848,0.769711,0.926213,0.934091,0.925752,0.945215,0.92074,0.891417,0.824818,0.875182,0.808366,0.902772,0.777429,0.937116,0.893856,0.945172,0.928635,0.834364,0.840452,0.946906,0.876926,1.0,0.866747,0.838878,0.923572,0.8793,0.881752,0.928625,0.95066,0.902547,0.733761
Vase,0.802486,0.898349,0.73302,0.826378,0.886504,0.757833,0.821804,0.754478,0.88291,0.903801,0.86544,0.877509,0.892944,0.814099,0.872246,0.894473,0.88551,0.870822,0.853025,0.892325,0.88935,0.8787,0.870205,0.79858,0.879862,0.869856,0.851706,0.869972,0.896244,0.876824,0.835088,0.875957,0.883375,0.86622,0.76665,0.889777,0.873651,0.889435,0.893721,0.869113,0.871818,0.844809,0.867796,0.891073,0.859235,0.85108,0.874842,0.686776,0.885444,0.86452,0.847629,0.857455,0.885689,0.894444,0.84776,0.886088,0.85464,0.878398,0.898148,0.863423,0.891005,0.882538,0.885429,0.873585,0.891113,0.898646,0.875701,0.885314,0.881195,0.857739,0.866728,0.900679,0.85773,0.875589,0.87092,0.884167,0.878744,0.825853,0.85569,0.850049,0.868265,0.88097,0.719583,0.833191,0.872903,0.827523,0.879662,0.883653,0.869947,0.889975,0.876402,0.787359,0.89048,0.901151,0.874288,0.841648,0.88265,0.88909,0.799311,0.872974,0.786648,0.884184,0.894185,0.90969,0.853727,0.871649,0.859593,0.812774,0.886245,0.849272,0.880272,0.822169,0.889678,0.873559,0.858903,0.896348,0.827529,0.852167,0.908522,0.881273,0.866747,1.0,0.835137,0.85883,0.863173,0.848734,0.883035,0.854434,0.89679,0.793205
Wallet,0.783957,0.863658,0.718128,0.802343,0.85314,0.732463,0.8029,0.747713,0.866379,0.877246,0.852062,0.855957,0.868222,0.804618,0.853562,0.862164,0.866252,0.849375,0.837542,0.868237,0.859045,0.872849,0.849412,0.772411,0.852546,0.83712,0.82658,0.836652,0.873215,0.856477,0.811713,0.862181,0.86745,0.857994,0.751415,0.867192,0.844973,0.861228,0.871713,0.842311,0.855707,0.819248,0.838766,0.857848,0.829476,0.825469,0.845146,0.674376,0.870032,0.83954,0.821094,0.845248,0.874117,0.863742,0.82142,0.861344,0.839068,0.852169,0.862663,0.843702,0.860163,0.850831,0.847882,0.843044,0.854185,0.873733,0.845465,0.847654,0.85797,0.828907,0.847195,0.878291,0.844473,0.844947,0.836235,0.850788,0.853027,0.833157,0.816289,0.829951,0.839886,0.849775,0.684362,0.811273,0.843082,0.808974,0.851106,0.866312,0.838769,0.862949,0.859013,0.762974,0.857664,0.862565,0.854738,0.814675,0.856607,0.864377,0.793404,0.841811,0.770413,0.866029,0.84786,0.880693,0.822843,0.865419,0.85043,0.795873,0.865108,0.826915,0.864194,0.797475,0.852315,0.855652,0.83024,0.879744,0.809405,0.825905,0.87727,0.866692,0.838878,0.835137,1.0,0.829838,0.843884,0.826679,0.847902,0.815756,0.862957,0.765258
Waterbottle,0.716351,0.926718,0.679128,0.760333,0.913771,0.674732,0.749558,0.704885,0.884679,0.929592,0.894973,0.911871,0.874025,0.852788,0.843052,0.908951,0.905406,0.826466,0.847186,0.875184,0.921938,0.879281,0.905055,0.782322,0.924545,0.894535,0.802144,0.94709,0.911313,0.888579,0.766036,0.87584,0.883647,0.911201,0.729348,0.907045,0.873482,0.917931,0.896289,0.929655,0.891556,0.897706,0.909774,0.94269,0.863927,0.936918,0.808572,0.678021,0.919699,0.940963,0.85208,0.889905,0.88417,0.926481,0.859308,0.874426,0.876962,0.862688,0.910184,0.93088,0.939411,0.87968,0.927399,0.917681,0.886184,0.890168,0.933967,0.948951,0.847122,0.908378,0.859079,0.907797,0.832981,0.905481,0.907707,0.939135,0.856709,0.780523,0.947776,0.938421,0.853151,0.833124,0.557055,0.852424,0.952734,0.792841,0.950671,0.89998,0.933102,0.934268,0.8626,0.717551,0.912926,0.93872,0.892138,0.818889,0.933425,0.916806,0.73246,0.82962,0.771723,0.915224,0.933426,0.912002,0.941505,0.907562,0.883576,0.812817,0.860931,0.806941,0.901075,0.771565,0.925862,0.881916,0.942458,0.918414,0.830857,0.819757,0.935931,0.862261,0.923572,0.85883,0.829838,1.0,0.8797,0.875895,0.922458,0.94624,0.88075,0.725816
Watergun,0.774605,0.894143,0.733872,0.815071,0.878548,0.745546,0.799397,0.746784,0.890519,0.901158,0.883568,0.883173,0.888628,0.839631,0.878094,0.886696,0.892316,0.865434,0.857711,0.875997,0.898712,0.893177,0.871489,0.797166,0.881821,0.880615,0.841318,0.877087,0.888707,0.879992,0.816056,0.861729,0.894606,0.89335,0.762014,0.88893,0.859203,0.886479,0.902868,0.87827,0.882764,0.869706,0.864773,0.890384,0.871777,0.868824,0.846134,0.724656,0.893892,0.879932,0.853547,0.897026,0.884871,0.892514,0.857568,0.882938,0.859413,0.87749,0.886181,0.894132,0.893623,0.906613,0.883388,0.878088,0.869422,0.903949,0.882261,0.883878,0.863517,0.879447,0.868678,0.89793,0.866285,0.878936,0.879685,0.891861,0.883379,0.825948,0.865073,0.871792,0.861233,0.867551,0.694955,0.84838,0.891965,0.814632,0.891533,0.892353,0.878786,0.89807,0.889991,0.770285,0.879277,0.894795,0.87638,0.837268,0.899091,0.892596,0.802902,0.863213,0.812876,0.905721,0.889492,0.904467,0.867651,0.897231,0.885295,0.808879,0.879389,0.822184,0.884652,0.822646,0.891972,0.887325,0.88001,0.921537,0.822583,0.837605,0.907489,0.891542,0.8793,0.863173,0.843884,0.8797,1.0,0.865619,0.889469,0.865907,0.896857,0.792409
Wateringcan,0.748089,0.896542,0.707757,0.784621,0.884995,0.713073,0.779249,0.726221,0.876738,0.905685,0.871601,0.883302,0.879348,0.825554,0.855519,0.888015,0.884305,0.849718,0.840635,0.873189,0.895289,0.874358,0.871765,0.785674,0.887449,0.868812,0.819818,0.889837,0.89157,0.871965,0.796402,0.862489,0.875683,0.881258,0.742834,0.887191,0.85871,0.892332,0.887046,0.884333,0.873821,0.856662,0.871866,0.900783,0.852915,0.878281,0.83509,0.683727,0.894293,0.888468,0.839204,0.86774,0.877708,0.894978,0.84327,0.870442,0.855554,0.864251,0.889497,0.885474,0.901743,0.871636,0.889448,0.881304,0.873331,0.888697,0.888856,0.896456,0.854087,0.868263,0.855389,0.89536,0.842341,0.877528,0.874871,0.892732,0.861365,0.801044,0.878834,0.879294,0.849483,0.848201,0.640489,0.831428,0.896604,0.800446,0.896899,0.883479,0.882932,0.899984,0.863694,0.746931,0.886382,0.902126,0.871857,0.81815,0.897009,0.892472,0.768197,0.844972,0.772792,0.891848,0.893056,0.898507,0.879978,0.883835,0.867717,0.80039,0.867815,0.81453,0.878724,0.78887,0.893847,0.871714,0.88438,0.899104,0.815599,0.829889,0.909136,0.866225,0.881752,0.848734,0.826679,0.875895,0.865619,1.0,0.887299,0.88019,0.883741,0.753719
Windchime,0.784905,0.937189,0.687581,0.802322,0.938006,0.727515,0.811086,0.745601,0.916793,0.950718,0.913343,0.933292,0.924042,0.856954,0.884285,0.938322,0.930469,0.883354,0.872545,0.912067,0.936033,0.909177,0.919368,0.803424,0.942099,0.912326,0.852816,0.949108,0.939713,0.909032,0.826246,0.908474,0.908296,0.918335,0.774835,0.934618,0.904047,0.939932,0.926943,0.941145,0.911236,0.889703,0.926961,0.957833,0.88325,0.932529,0.872245,0.685706,0.935242,0.941895,0.868932,0.894633,0.918789,0.948067,0.882469,0.904677,0.891404,0.900538,0.940122,0.928552,0.956008,0.904646,0.946276,0.927729,0.928382,0.927058,0.942225,0.953065,0.888519,0.907465,0.890896,0.941969,0.865888,0.919782,0.924794,0.946256,0.895862,0.825588,0.939004,0.932765,0.892868,0.882751,0.633429,0.860061,0.951312,0.830171,0.95234,0.923247,0.93727,0.949998,0.893441,0.773922,0.93572,0.961078,0.917158,0.852919,0.945354,0.941724,0.775529,0.871614,0.787535,0.928954,0.949584,0.948471,0.934758,0.921241,0.898843,0.838083,0.907605,0.844646,0.920437,0.810549,0.948911,0.898204,0.937346,0.939327,0.852289,0.875544,0.95796,0.897491,0.928625,0.883035,0.847902,0.922458,0.889469,0.887299,1.0,0.937766,0.916893,0.785611
Wishbone,0.664696,0.954232,0.662745,0.719018,0.926611,0.636515,0.727324,0.670013,0.882274,0.947558,0.903995,0.929108,0.863837,0.844106,0.82352,0.924455,0.913895,0.808611,0.832694,0.870019,0.946306,0.870876,0.911916,0.79037,0.944678,0.906035,0.779574,0.987873,0.912707,0.891246,0.733521,0.865511,0.867346,0.920156,0.700826,0.917826,0.868148,0.937498,0.890514,0.963146,0.88842,0.911012,0.926411,0.967734,0.863624,0.983386,0.790272,0.653017,0.934747,0.97939,0.844204,0.884109,0.877372,0.943479,0.861358,0.866348,0.888597,0.846242,0.916764,0.957345,0.966194,0.866125,0.953688,0.943265,0.884125,0.883867,0.959675,0.980017,0.826569,0.925194,0.846365,0.908094,0.806288,0.929177,0.924556,0.95791,0.845704,0.744536,0.998463,0.980379,0.848448,0.821726,0.501563,0.8521,0.981169,0.773899,0.977593,0.903946,0.959323,0.955348,0.844587,0.68979,0.924431,0.960954,0.899166,0.796892,0.951128,0.925541,0.680817,0.824961,0.739151,0.925753,0.952024,0.913095,0.98258,0.917681,0.879439,0.810076,0.841475,0.775409,0.892569,0.734401,0.94276,0.883127,0.97749,0.919323,0.818934,0.804551,0.951454,0.847035,0.95066,0.854434,0.815756,0.94624,0.865907,0.88019,0.937766,1.0,0.889507,0.677238
Wrap,0.820876,0.941164,0.78225,0.847074,0.91425,0.801926,0.871938,0.78652,0.920958,0.942889,0.901552,0.914679,0.930727,0.835104,0.911439,0.93653,0.919026,0.927105,0.881525,0.924202,0.933635,0.912351,0.890102,0.861135,0.910509,0.905421,0.887419,0.901857,0.920756,0.907531,0.874851,0.896781,0.907628,0.902001,0.800209,0.92539,0.898864,0.933638,0.926992,0.90671,0.900735,0.868852,0.892263,0.920786,0.900444,0.887894,0.924584,0.732315,0.918463,0.899452,0.877008,0.885606,0.916455,0.925674,0.880848,0.91714,0.891254,0.907727,0.926496,0.90087,0.926834,0.916443,0.919377,0.911673,0.919139,0.941333,0.907346,0.909641,0.906562,0.885636,0.894265,0.932587,0.893461,0.920472,0.905607,0.908568,0.920721,0.85134,0.885664,0.882846,0.906556,0.919963,0.779682,0.862233,0.901693,0.857057,0.902986,0.919406,0.895668,0.926151,0.905304,0.82882,0.91865,0.935131,0.906449,0.860867,0.913658,0.921974,0.819686,0.921338,0.806084,0.923788,0.92094,0.946942,0.883829,0.909873,0.890344,0.841272,0.915969,0.861382,0.901084,0.846502,0.922713,0.917234,0.889959,0.932803,0.8447,0.89423,0.941742,0.917921,0.902547,0.89679,0.862957,0.88075,0.896857,0.883741,0.916893,0.889507,1.0,0.827568
Yarn,0.844976,0.763215,0.646496,0.816433,0.784321,0.781738,0.829458,0.754192,0.817158,0.795075,0.772961,0.775581,0.859556,0.731576,0.848491,0.80631,0.795573,0.865101,0.798451,0.8255,0.768492,0.817866,0.766077,0.717916,0.771011,0.77464,0.835276,0.714869,0.811493,0.788187,0.850356,0.814012,0.827167,0.762739,0.770676,0.794216,0.79975,0.786904,0.827848,0.739901,0.794838,0.710985,0.759734,0.766461,0.779008,0.686125,0.879366,0.653664,0.777719,0.714699,0.769748,0.767511,0.825188,0.793135,0.768894,0.818392,0.750551,0.837046,0.808945,0.72549,0.770155,0.827259,0.764422,0.746821,0.827042,0.841702,0.752028,0.735526,0.841819,0.728696,0.816535,0.829531,0.83407,0.757777,0.770649,0.76467,0.83671,0.817231,0.677347,0.687754,0.814939,0.847058,0.786566,0.736177,0.729702,0.800369,0.740392,0.79993,0.734556,0.778714,0.829832,0.803878,0.790739,0.791946,0.787788,0.802701,0.772333,0.800449,0.81514,0.821689,0.752538,0.783166,0.775912,0.849616,0.690491,0.768922,0.78038,0.744579,0.857897,0.818626,0.806144,0.819144,0.799503,0.786564,0.707627,0.816592,0.76668,0.845123,0.802586,0.832949,0.733761,0.793205,0.765258,0.725816,0.792409,0.753719,0.785611,0.677238,0.827568,1.0
