,Accordion,Acorn,Apple,Backpack,Barstool,Baseball,Basket,Beanie,Bed,Bell,Belt,Bench,Bike,Binder,Binoculars,Birdfeeder,Boat,Bonzai,Book,Bookend,Boomerang,Car,Cellphone,Cheese,Cheesegrater,Christmasstreeornament,Clock,Coatrack,Coffeemaker,Coffeemug,Compass,Computertower,Controller,Couch,Cushion,Desk,Door,Doorknob,Drill,Dryingrack,Dumbbell,Dustpan,Fan,Faucet,Flower,Flute,Fossils,Frisbee,Fryingpan,Glasses,Glove,Goggles,Grill,Hairbrush,Hairclip,Handbag,Hat,Headphones,Hourglass,Kayak,Key,Kite,Ladder,Lamp,Lantern,Lawnmower,Lightbulb,Lipstick,Lock,Lollipop,Mask,Microscope,Minerals,Mushroom,Necklace,Necktie,Orifan,Oven,Paintbrush,Pen,Pictureframe,Pinecone,Pizza,Plug,Pogostick,Pot,Razor,Recordplayer,Remotecontrol,Ring,Rollerskates,Rug,Saltpeppershaker,Saxophone,Scale,Scarf,Scissors,Scooter,Scrunchie,Seashell,Shirt,Shoe,Skiis,Snowglobe,Spoon,Stapler,Stapleremover,Storagebin,Stroller,Suit,Suitcase,Teddy Bear,Tennisracket,Tent,Toothbrush,Train,Trashbin,Tree,Trophy,Truck,Umbrella,Vase,Wallet,Waterbottle,Watergun,Wateringcan,Windchime,Wishbone,Wrap,Yarn
Accordion,1.0,0.616874,0.543876,0.63593,0.634188,0.601853,0.647125,0.618733,0.64289,0.639232,0.616251,0.637136,0.597457,0.605668,0.619753,0.631182,0.641258,0.491221,0.636025,0.642228,0.630015,0.646083,0.61987,0.555357,0.658041,0.601742,0.608074,0.585257,0.659617,0.61674,0.593726,0.636902,0.637009,0.622635,0.603134,0.640065,0.568497,0.603685,0.63813,0.575797,0.638215,0.622949,0.638208,0.627131,0.538474,0.570567,0.613204,0.554886,0.614253,0.582679,0.638147,0.61788,0.658058,0.698766,0.614776,0.669615,0.632289,0.616254,0.627689,0.596181,0.632207,0.649533,0.579895,0.633048,0.65876,0.631514,0.643895,0.626881,0.622473,0.587126,0.610044,0.643751,0.606026,0.607571,0.601748,0.622791,0.671308,0.623721,0.574727,0.591759,0.579454,0.529971,0.469357,0.616627,0.611054,0.60558,0.632068,0.647226,0.588929,0.590873,0.615598,0.54899,0.617244,0.656801,0.634716,0.649386,0.606592,0.629116,0.594662,0.597445,0.609892,0.644785,0.613181,0.643975,0.597279,0.651955,0.633182,0.636384,0.635353,0.659895,0.649837,0.598684,0.650564,0.644295,0.599451,0.655447,0.637112,0.461389,0.641629,0.638854,0.635204,0.614056,0.622242,0.603206,0.624557,0.632656,0.61608,0.590917,0.609866,0.579907
Acorn,0.616874,1.0,0.798269,0.675212,0.644042,0.640134,0.678344,0.615895,0.662376,0.758582,0.66094,0.680648,0.629441,0.614902,0.691918,0.699521,0.667067,0.57051,0.659195,0.717994,0.733337,0.657701,0.653718,0.6667,0.690597,0.669512,0.632265,0.653586,0.691019,0.716662,0.672832,0.60726,0.673912,0.671708,0.585665,0.642515,0.581169,0.747343,0.692794,0.56601,0.749723,0.724247,0.692353,0.701663,0.619977,0.648982,0.739694,0.632338,0.773179,0.696684,0.720756,0.712597,0.673486,0.730026,0.665558,0.713815,0.769651,0.696337,0.696971,0.709693,0.71635,0.64158,0.545242,0.718423,0.661736,0.667836,0.757772,0.703984,0.701018,0.742027,0.692472,0.687796,0.722412,0.784863,0.681226,0.681734,0.641229,0.577569,0.678746,0.655731,0.561108,0.609935,0.563494,0.663029,0.663159,0.660037,0.711887,0.719398,0.64442,0.736579,0.666698,0.58326,0.687905,0.728385,0.651513,0.677554,0.667185,0.679237,0.681621,0.732908,0.599765,0.74396,0.619048,0.745276,0.754195,0.675997,0.687021,0.64248,0.667159,0.630892,0.672763,0.688375,0.678384,0.6652,0.68384,0.677884,0.660585,0.515405,0.754919,0.637379,0.685874,0.716598,0.640999,0.67286,0.672994,0.741316,0.683915,0.691396,0.775116,0.624223
Apple,0.543876,0.798269,1.0,0.587855,0.525637,0.641619,0.643569,0.597287,0.566043,0.642321,0.531426,0.529287,0.578334,0.516892,0.612738,0.578522,0.561144,0.445273,0.556374,0.590552,0.661524,0.552445,0.549859,0.631261,0.581627,0.560104,0.57658,0.500921,0.59391,0.66674,0.661716,0.510381,0.591558,0.570242,0.531848,0.520795,0.469511,0.693144,0.552307,0.449958,0.681321,0.639277,0.602787,0.577558,0.525229,0.492864,0.627127,0.682845,0.752494,0.605788,0.618956,0.674393,0.568635,0.603576,0.560498,0.62342,0.717527,0.669521,0.577196,0.610097,0.552967,0.5645,0.420729,0.619861,0.551765,0.543113,0.682403,0.566526,0.672132,0.679959,0.617416,0.535993,0.621327,0.654873,0.586931,0.539313,0.562578,0.523199,0.518969,0.510029,0.456886,0.450651,0.593355,0.589775,0.511029,0.611548,0.57041,0.636945,0.522726,0.678809,0.56035,0.52191,0.594863,0.53829,0.55246,0.599314,0.573363,0.548742,0.642202,0.656843,0.545311,0.656298,0.485277,0.677869,0.626709,0.578447,0.611894,0.56559,0.542909,0.567283,0.544601,0.618776,0.628986,0.598534,0.539255,0.559806,0.584675,0.398095,0.617591,0.518426,0.570358,0.646312,0.55692,0.543423,0.577721,0.680747,0.533429,0.578912,0.712537,0.62202
Backpack,0.63593,0.675212,0.587855,1.0,0.696516,0.548591,0.577494,0.558154,0.696702,0.751157,0.602003,0.66019,0.639761,0.625595,0.680438,0.682065,0.681883,0.568251,0.660015,0.717359,0.635682,0.704244,0.660039,0.616939,0.657691,0.643641,0.631985,0.636909,0.738621,0.686314,0.637134,0.648903,0.708676,0.651263,0.57881,0.669246,0.598968,0.648389,0.744483,0.582428,0.701362,0.696111,0.667305,0.704403,0.593272,0.560924,0.620397,0.572095,0.652407,0.641534,0.727358,0.661941,0.734284,0.627218,0.631836,0.745744,0.675277,0.682713,0.740232,0.623545,0.68736,0.682821,0.602213,0.700591,0.695333,0.738653,0.700364,0.691942,0.69095,0.631399,0.689332,0.767676,0.705474,0.675046,0.640655,0.633793,0.604372,0.639842,0.632527,0.590236,0.583305,0.580648,0.494907,0.655398,0.661324,0.614778,0.687621,0.712261,0.607154,0.640509,0.710199,0.569563,0.68184,0.714418,0.682412,0.65751,0.664333,0.725722,0.629074,0.637078,0.650397,0.687211,0.643981,0.733747,0.655077,0.67773,0.713799,0.609233,0.753304,0.734854,0.749681,0.663451,0.592246,0.699646,0.620978,0.687158,0.650722,0.49483,0.769491,0.726489,0.692974,0.663643,0.613319,0.680004,0.715148,0.70508,0.70423,0.649824,0.6646,0.505611
Barstool,0.634188,0.644042,0.525637,0.696516,1.0,0.522436,0.578344,0.540444,0.735744,0.751383,0.654056,0.748237,0.687716,0.712887,0.624113,0.71655,0.70639,0.573398,0.689023,0.72986,0.641221,0.669585,0.712108,0.597322,0.714532,0.681975,0.644344,0.760109,0.779932,0.689086,0.604179,0.710296,0.65609,0.677157,0.572767,0.780094,0.697558,0.640804,0.725703,0.725607,0.660788,0.724615,0.714419,0.763647,0.592737,0.654134,0.56111,0.545831,0.652507,0.696036,0.692801,0.668867,0.753942,0.67037,0.660601,0.735231,0.664501,0.643625,0.796462,0.669891,0.753321,0.701559,0.757389,0.733914,0.785997,0.724365,0.717659,0.764125,0.653667,0.658786,0.654218,0.777419,0.606169,0.670582,0.669115,0.684412,0.616793,0.680238,0.766186,0.69895,0.666152,0.532786,0.398277,0.664483,0.783445,0.629577,0.741037,0.710966,0.679179,0.63872,0.658175,0.554561,0.6936,0.730367,0.727816,0.644319,0.717599,0.725936,0.546172,0.591345,0.634131,0.694026,0.721227,0.685949,0.717795,0.716436,0.706308,0.65348,0.719698,0.660909,0.74837,0.567729,0.679347,0.690421,0.705617,0.698217,0.693166,0.527075,0.778975,0.675177,0.745632,0.668405,0.647358,0.726643,0.687503,0.715285,0.728317,0.749477,0.624184,0.488418
Baseball,0.601853,0.640134,0.641619,0.548591,0.522436,1.0,0.590257,0.573039,0.562181,0.576166,0.546719,0.532183,0.574434,0.527509,0.564284,0.551491,0.549723,0.450374,0.559159,0.556161,0.588034,0.553409,0.55538,0.555227,0.594315,0.585864,0.573723,0.523763,0.561209,0.596091,0.590836,0.507261,0.58674,0.548311,0.551146,0.515016,0.473165,0.60161,0.55464,0.486752,0.603259,0.588104,0.565255,0.555135,0.537915,0.497715,0.591983,0.62595,0.621749,0.575415,0.579444,0.615064,0.563952,0.638003,0.570716,0.597001,0.62331,0.593694,0.545646,0.563796,0.567233,0.591756,0.447346,0.576606,0.54363,0.557538,0.621796,0.544848,0.601876,0.611259,0.571918,0.542525,0.573395,0.591703,0.55993,0.555804,0.62584,0.51701,0.511748,0.502035,0.467151,0.480061,0.514303,0.572561,0.538695,0.559936,0.559489,0.593398,0.545231,0.60282,0.590534,0.518031,0.543842,0.53841,0.535326,0.587099,0.586673,0.542732,0.586616,0.594686,0.567172,0.617854,0.502832,0.640164,0.575108,0.55471,0.585396,0.547688,0.560876,0.519528,0.536789,0.571197,0.612116,0.564289,0.540297,0.573194,0.549404,0.414697,0.588122,0.528231,0.572822,0.595025,0.539925,0.535738,0.575664,0.607006,0.555593,0.512393,0.61786,0.598149
Basket,0.647125,0.678344,0.643569,0.577494,0.578344,0.590257,1.0,0.601926,0.604992,0.639263,0.580367,0.596608,0.59111,0.552942,0.573913,0.607323,0.608215,0.449507,0.596546,0.614884,0.618619,0.572678,0.569428,0.560364,0.611481,0.569453,0.585905,0.547844,0.604759,0.636007,0.621041,0.563425,0.554587,0.588386,0.567981,0.591856,0.544855,0.628991,0.566615,0.5367,0.61033,0.578227,0.607076,0.583885,0.484428,0.550134,0.635505,0.582659,0.66629,0.597501,0.589467,0.604601,0.597667,0.64654,0.57342,0.624453,0.661075,0.584046,0.593935,0.596087,0.585209,0.567792,0.511671,0.605535,0.623073,0.554659,0.63629,0.570802,0.619452,0.589124,0.582059,0.568246,0.566048,0.613082,0.575575,0.572077,0.580869,0.575413,0.550604,0.557878,0.54921,0.507565,0.495809,0.570641,0.552825,0.639298,0.581123,0.629256,0.539866,0.624068,0.552174,0.539771,0.59579,0.586249,0.597079,0.599416,0.580139,0.561517,0.570416,0.604422,0.543164,0.642876,0.529209,0.65568,0.58637,0.603913,0.595568,0.632651,0.548979,0.542356,0.588482,0.572266,0.638282,0.582028,0.558837,0.599244,0.620973,0.405865,0.618078,0.55318,0.575223,0.613736,0.596011,0.551888,0.55057,0.629313,0.558157,0.589685,0.634345,0.628883
Beanie,0.618733,0.615895,0.597287,0.558154,0.540444,0.573039,0.601926,1.0,0.571549,0.586179,0.572819,0.569379,0.512104,0.559323,0.526558,0.567414,0.563612,0.452959,0.598568,0.588118,0.605187,0.549175,0.554114,0.546566,0.589603,0.566195,0.536794,0.540308,0.554732,0.554276,0.52853,0.557452,0.561614,0.584097,0.577314,0.548073,0.534005,0.568356,0.540261,0.518071,0.591486,0.614152,0.576559,0.564548,0.4969,0.539807,0.602914,0.5692,0.600277,0.544271,0.59057,0.581456,0.57011,0.631119,0.568657,0.603901,0.63755,0.56782,0.540492,0.563593,0.559048,0.579307,0.491923,0.599959,0.566401,0.531994,0.592427,0.575979,0.58278,0.579145,0.553209,0.538621,0.564717,0.591135,0.549608,0.593196,0.60053,0.556345,0.540971,0.557796,0.506621,0.474243,0.448589,0.556889,0.544548,0.565764,0.564705,0.578194,0.53778,0.5532,0.530464,0.549603,0.540427,0.554935,0.562377,0.611409,0.539829,0.529362,0.579162,0.5588,0.595926,0.603578,0.524416,0.597765,0.580362,0.606153,0.56583,0.60529,0.527132,0.604421,0.584836,0.553525,0.649979,0.619039,0.568761,0.589363,0.5788,0.415723,0.559974,0.527194,0.604621,0.56625,0.611834,0.55347,0.549191,0.584747,0.546239,0.561342,0.592819,0.596988
Bed,0.64289,0.662376,0.566043,0.696702,0.735744,0.562181,0.604992,0.571549,1.0,0.740856,0.721673,0.768809,0.658906,0.702009,0.661326,0.708896,0.741044,0.565429,0.699805,0.718115,0.690079,0.747511,0.68405,0.624386,0.701854,0.64879,0.639728,0.70152,0.743289,0.685082,0.615741,0.689283,0.690828,0.768617,0.603796,0.777366,0.642431,0.664281,0.735346,0.678561,0.695712,0.718846,0.674176,0.730368,0.586796,0.704367,0.603886,0.588764,0.687239,0.706648,0.692325,0.712166,0.767491,0.663567,0.681805,0.728373,0.71044,0.649851,0.729233,0.717368,0.721188,0.696716,0.629702,0.714309,0.706483,0.729932,0.704035,0.690921,0.652861,0.642392,0.665663,0.754298,0.654574,0.683011,0.643352,0.634788,0.655311,0.705866,0.67935,0.730966,0.640568,0.524045,0.445381,0.701477,0.70687,0.621693,0.715693,0.750464,0.636825,0.661991,0.673139,0.568636,0.680276,0.686482,0.72136,0.621723,0.68969,0.714855,0.583568,0.624183,0.648796,0.737912,0.631826,0.709159,0.679155,0.787534,0.767348,0.697248,0.710132,0.646793,0.738339,0.586185,0.655549,0.747549,0.698716,0.774284,0.673374,0.500525,0.743744,0.740902,0.739792,0.645253,0.695578,0.674051,0.73399,0.72072,0.698058,0.67673,0.676862,0.499448
Bell,0.639232,0.758582,0.642321,0.751157,0.751383,0.576166,0.639263,0.586179,0.740856,1.0,0.668808,0.731553,0.672559,0.688842,0.719988,0.746443,0.730528,0.595924,0.703128,0.775038,0.718167,0.718766,0.732445,0.650389,0.74034,0.699038,0.668585,0.722684,0.799349,0.744745,0.688922,0.697534,0.715887,0.702926,0.595062,0.723239,0.666514,0.733358,0.765332,0.647396,0.74044,0.771194,0.744854,0.781253,0.609831,0.667638,0.660589,0.604381,0.744956,0.71925,0.747692,0.721334,0.772659,0.711209,0.682152,0.77521,0.747367,0.713846,0.807261,0.712119,0.773471,0.688261,0.646157,0.769899,0.752623,0.746134,0.793909,0.783944,0.742832,0.697008,0.722456,0.809334,0.695094,0.744216,0.698407,0.70372,0.621381,0.687906,0.74526,0.699905,0.645271,0.585305,0.471322,0.693732,0.744999,0.674219,0.771038,0.779986,0.692933,0.725963,0.724787,0.581014,0.749095,0.785683,0.745438,0.691138,0.7428,0.757828,0.634538,0.666824,0.638062,0.753801,0.694348,0.788601,0.766744,0.755181,0.754573,0.665908,0.752837,0.701916,0.77266,0.666409,0.674434,0.721501,0.723768,0.720128,0.714638,0.526167,0.833296,0.709025,0.748136,0.721965,0.667416,0.751464,0.716499,0.771507,0.740625,0.770014,0.714495,0.541913
Belt,0.616251,0.66094,0.531426,0.602003,0.654056,0.546719,0.580367,0.572819,0.721673,0.668808,1.0,0.77114,0.621245,0.684488,0.623406,0.655511,0.714344,0.536796,0.675263,0.662872,0.680988,0.740738,0.669128,0.577506,0.695078,0.634912,0.590418,0.70658,0.66994,0.639775,0.541305,0.640586,0.683613,0.780432,0.600383,0.739223,0.581716,0.63602,0.699709,0.652259,0.68182,0.692383,0.641494,0.693964,0.5708,0.792433,0.591335,0.548034,0.667879,0.729288,0.650723,0.714343,0.703876,0.677718,0.693463,0.687097,0.700509,0.587706,0.641927,0.772058,0.720713,0.658585,0.57773,0.675165,0.631774,0.696854,0.651511,0.674786,0.581651,0.649478,0.620858,0.676936,0.622066,0.675011,0.62404,0.645009,0.645427,0.62983,0.679004,0.809985,0.595281,0.502503,0.41988,0.671905,0.692843,0.583253,0.715813,0.707697,0.650666,0.641916,0.663436,0.55677,0.636874,0.664342,0.671196,0.587927,0.67923,0.685955,0.556309,0.591153,0.604046,0.740237,0.60752,0.638217,0.703131,0.787513,0.709551,0.699718,0.659972,0.551296,0.672087,0.538173,0.66001,0.700969,0.743263,0.78094,0.624184,0.493735,0.689206,0.720206,0.71245,0.606706,0.733864,0.649838,0.723716,0.68604,0.665095,0.653524,0.666119,0.473109
Bench,0.637136,0.680648,0.529287,0.66019,0.748237,0.532183,0.596608,0.569379,0.768809,0.731553,0.77114,1.0,0.642222,0.715369,0.637041,0.700178,0.733731,0.588615,0.702261,0.72004,0.695461,0.740098,0.688712,0.596648,0.71093,0.666095,0.626661,0.751486,0.729429,0.671937,0.563456,0.683829,0.682349,0.78652,0.599968,0.811788,0.64212,0.647669,0.740414,0.702509,0.691842,0.718061,0.671991,0.748907,0.603628,0.779187,0.596245,0.541715,0.67265,0.730875,0.69021,0.70823,0.75744,0.698865,0.708878,0.714397,0.704945,0.611444,0.722813,0.753136,0.765875,0.683556,0.650963,0.715315,0.702271,0.72729,0.6897,0.721631,0.60789,0.653834,0.650293,0.751215,0.638278,0.704888,0.644368,0.6671,0.655312,0.674676,0.729682,0.802062,0.645265,0.552632,0.403013,0.695504,0.747263,0.611275,0.746531,0.733431,0.662964,0.651795,0.66938,0.566682,0.672481,0.717627,0.715901,0.606897,0.696787,0.717064,0.554648,0.615493,0.625248,0.743746,0.654911,0.664071,0.720226,0.804489,0.745645,0.711023,0.702609,0.606198,0.731771,0.556411,0.660907,0.722239,0.751086,0.780149,0.669682,0.535093,0.749227,0.73125,0.750999,0.634704,0.72729,0.690475,0.740974,0.716046,0.716849,0.707309,0.665538,0.473186
Bike,0.597457,0.629441,0.578334,0.639761,0.687716,0.574434,0.59111,0.512104,0.658906,0.672559,0.621245,0.642222,1.0,0.58084,0.687003,0.645032,0.661322,0.528223,0.589086,0.629621,0.631238,0.699087,0.631944,0.554445,0.663521,0.637273,0.662499,0.642903,0.721024,0.693581,0.723301,0.575828,0.698576,0.603689,0.542316,0.67227,0.531038,0.706479,0.697444,0.655697,0.679018,0.636675,0.690226,0.729227,0.564763,0.560766,0.564473,0.61653,0.720715,0.781771,0.605677,0.737817,0.696096,0.601449,0.619826,0.71401,0.668091,0.730945,0.689275,0.647788,0.706387,0.677015,0.614151,0.647769,0.703663,0.733873,0.700711,0.600397,0.716303,0.660241,0.679191,0.688832,0.605737,0.616048,0.663376,0.56587,0.624459,0.592056,0.559106,0.602818,0.541452,0.480747,0.481544,0.616721,0.638395,0.587313,0.661718,0.710097,0.586447,0.715712,0.686915,0.531079,0.631372,0.643289,0.662322,0.596858,0.794152,0.735396,0.585941,0.587723,0.570621,0.689289,0.556337,0.698654,0.658376,0.656336,0.688218,0.573805,0.749873,0.544054,0.627877,0.574531,0.711587,0.648078,0.599972,0.675909,0.594526,0.492394,0.733342,0.675294,0.67025,0.627922,0.573795,0.601635,0.664075,0.72237,0.650433,0.599891,0.637616,0.559116
Binder,0.605668,0.614902,0.516892,0.625595,0.712887,0.527509,0.552942,0.559323,0.702009,0.688842,0.684488,0.715369,0.58084,1.0,0.589439,0.681405,0.684625,0.51432,0.724643,0.708066,0.627379,0.665585,0.781397,0.593767,0.730484,0.653603,0.603259,0.730148,0.745856,0.679588,0.556142,0.785021,0.656734,0.689813,0.579497,0.71636,0.732716,0.623814,0.686995,0.658863,0.652263,0.730677,0.698444,0.714862,0.557932,0.709161,0.512382,0.566071,0.644686,0.676592,0.672896,0.67573,0.71526,0.671119,0.64827,0.692276,0.665002,0.576559,0.696694,0.710312,0.721105,0.664541,0.648442,0.700557,0.703466,0.674896,0.679099,0.779234,0.613098,0.681486,0.609691,0.717992,0.570125,0.640285,0.633374,0.720248,0.573685,0.724565,0.768407,0.752533,0.672502,0.469572,0.357089,0.703027,0.798403,0.628862,0.752503,0.703999,0.761459,0.617163,0.64903,0.524479,0.688954,0.683443,0.705237,0.621815,0.674763,0.684222,0.513824,0.527974,0.633191,0.69315,0.711395,0.64612,0.728192,0.737393,0.686138,0.692703,0.651001,0.623078,0.752782,0.524084,0.66954,0.673168,0.745555,0.704207,0.72226,0.472961,0.707498,0.660056,0.720127,0.649444,0.722657,0.758231,0.68681,0.688213,0.6918,0.689768,0.602822,0.43908
Binoculars,0.619753,0.691918,0.612738,0.680438,0.624113,0.564284,0.573913,0.526558,0.661326,0.719988,0.623406,0.637041,0.687003,0.589439,1.0,0.635251,0.646482,0.502957,0.614479,0.669541,0.689059,0.748757,0.647035,0.591159,0.667106,0.615334,0.613454,0.580958,0.71194,0.680205,0.678454,0.595753,0.755279,0.650815,0.541169,0.632849,0.520954,0.721381,0.728982,0.55335,0.743118,0.68548,0.664819,0.694848,0.567893,0.569772,0.622188,0.602679,0.730721,0.703435,0.673734,0.741055,0.70119,0.635498,0.636079,0.699,0.693638,0.737994,0.677985,0.656563,0.69271,0.666871,0.502392,0.654049,0.629622,0.724338,0.716137,0.627177,0.714271,0.653739,0.710936,0.714027,0.696392,0.667603,0.631702,0.58812,0.643459,0.611607,0.566469,0.600846,0.51937,0.531082,0.47764,0.660511,0.605935,0.587614,0.693445,0.733279,0.58985,0.706901,0.719224,0.52413,0.666326,0.663952,0.645227,0.631404,0.721075,0.729411,0.656152,0.627952,0.589937,0.708137,0.549683,0.706525,0.674246,0.691397,0.737055,0.582472,0.741182,0.619926,0.652106,0.649365,0.604193,0.67623,0.61918,0.695783,0.613653,0.44051,0.734766,0.716562,0.655676,0.645073,0.587248,0.624471,0.703531,0.730006,0.646839,0.610543,0.68266,0.543394
Birdfeeder,0.631182,0.699521,0.578522,0.682065,0.71655,0.551491,0.607323,0.567414,0.708896,0.746443,0.655511,0.700178,0.645032,0.681405,0.635251,1.0,0.712321,0.600971,0.69153,0.719635,0.662057,0.663532,0.684922,0.629794,0.700472,0.66959,0.632433,0.709781,0.729662,0.678918,0.618939,0.68245,0.655736,0.66875,0.591751,0.70848,0.658082,0.653019,0.70905,0.659965,0.666341,0.704378,0.694117,0.730592,0.601122,0.657523,0.644203,0.562662,0.65974,0.678744,0.683142,0.652514,0.714018,0.676187,0.653173,0.722706,0.683033,0.628037,0.734919,0.676064,0.726729,0.675673,0.648111,0.719913,0.717965,0.702973,0.711843,0.719137,0.657786,0.659253,0.649176,0.744825,0.653706,0.696011,0.681943,0.678767,0.614542,0.649175,0.705427,0.678931,0.644211,0.557933,0.48772,0.660138,0.731756,0.634487,0.711275,0.718205,0.661987,0.658599,0.66096,0.587108,0.688444,0.755794,0.706299,0.651832,0.676024,0.711335,0.581824,0.64102,0.632929,0.700203,0.680932,0.734889,0.70439,0.696835,0.697105,0.657427,0.691345,0.657846,0.721389,0.618058,0.670274,0.694611,0.69136,0.70813,0.670143,0.548181,0.741256,0.672723,0.728182,0.66549,0.64321,0.694896,0.669543,0.699172,0.72185,0.706221,0.696903,0.521268
Boat,0.641258,0.667067,0.561144,0.681883,0.70639,0.549723,0.608215,0.563612,0.741044,0.730528,0.714344,0.733731,0.661322,0.684625,0.646482,0.712321,1.0,0.579832,0.684872,0.700156,0.673357,0.736184,0.68363,0.607022,0.705293,0.656122,0.630172,0.707386,0.727224,0.680348,0.614386,0.674348,0.67215,0.734812,0.602455,0.734419,0.620441,0.650114,0.728982,0.678789,0.687878,0.700548,0.683369,0.713546,0.594167,0.713568,0.602561,0.57652,0.690359,0.711039,0.680868,0.689834,0.746612,0.674843,0.67507,0.720676,0.706359,0.619887,0.711744,0.738948,0.723803,0.683852,0.636583,0.710278,0.691335,0.722889,0.700852,0.692598,0.628073,0.644386,0.656857,0.749117,0.645803,0.672628,0.662582,0.649841,0.634949,0.673392,0.682149,0.746516,0.622957,0.541097,0.446352,0.675277,0.711694,0.631789,0.72587,0.746683,0.64315,0.664444,0.671636,0.570294,0.66999,0.707172,0.72128,0.624067,0.687897,0.722019,0.580583,0.61632,0.629262,0.741933,0.650457,0.720859,0.688703,0.768802,0.739483,0.687545,0.698907,0.631073,0.726067,0.580007,0.66478,0.717554,0.710323,0.777302,0.669611,0.531028,0.740892,0.729686,0.729662,0.649966,0.681801,0.679991,0.714207,0.702616,0.702076,0.670547,0.665938,0.507707
Bonzai,0.491221,0.57051,0.445273,0.568251,0.573398,0.450374,0.449507,0.452959,0.565429,0.595924,0.536796,0.588615,0.528223,0.51432,0.502957,0.600971,0.579832,1.0,0.541688,0.585353,0.511156,0.532258,0.517205,0.510892,0.532591,0.591541,0.506606,0.596997,0.556987,0.521923,0.465586,0.509323,0.51605,0.527354,0.493534,0.561702,0.494251,0.489696,0.595122,0.533697,0.516212,0.565624,0.526093,0.589166,0.673282,0.539754,0.524916,0.425869,0.485721,0.52715,0.560087,0.503878,0.57098,0.572257,0.560761,0.577186,0.527661,0.482373,0.591463,0.552196,0.615866,0.565279,0.524751,0.583796,0.561714,0.612511,0.545708,0.561972,0.4894,0.528229,0.535608,0.635127,0.586462,0.582534,0.562916,0.555368,0.556393,0.473334,0.560428,0.548341,0.49841,0.57358,0.425169,0.50136,0.57573,0.480584,0.565492,0.557279,0.502034,0.516437,0.575103,0.514543,0.523897,0.664172,0.555609,0.521043,0.539881,0.598953,0.484501,0.541935,0.53635,0.570248,0.553869,0.625673,0.557564,0.550018,0.558395,0.493855,0.593285,0.503941,0.583344,0.512945,0.505349,0.548547,0.563956,0.594478,0.505848,0.770632,0.618284,0.558765,0.602257,0.527163,0.488763,0.551686,0.573288,0.547186,0.642198,0.516697,0.585514,0.414396
Book,0.636025,0.659195,0.556374,0.660015,0.689023,0.559159,0.596546,0.598568,0.699805,0.703128,0.675263,0.702261,0.589086,0.724643,0.614479,0.69153,0.684872,0.541688,1.0,0.717031,0.65095,0.666966,0.723176,0.611089,0.703549,0.650377,0.61932,0.693337,0.707014,0.672098,0.587643,0.724735,0.665709,0.689968,0.609861,0.700184,0.691725,0.634875,0.678651,0.636221,0.66158,0.707159,0.67519,0.684477,0.570512,0.671523,0.607026,0.571074,0.650148,0.660568,0.685075,0.660959,0.705627,0.678979,0.645098,0.707258,0.683371,0.592955,0.690022,0.684197,0.69953,0.663817,0.616777,0.695638,0.684019,0.67235,0.67427,0.718584,0.63279,0.656754,0.627635,0.698772,0.631314,0.660645,0.634169,0.70065,0.612676,0.691143,0.711737,0.699402,0.653893,0.514908,0.43433,0.675007,0.723203,0.641089,0.715173,0.701511,0.695993,0.624938,0.649637,0.568592,0.669792,0.691441,0.689611,0.646817,0.65477,0.670195,0.574372,0.586845,0.652542,0.698943,0.667334,0.681313,0.693304,0.717555,0.68331,0.687064,0.65441,0.654044,0.728703,0.575458,0.6521,0.690264,0.701803,0.700787,0.694025,0.489135,0.706187,0.660291,0.702572,0.662353,0.711612,0.705096,0.66799,0.681561,0.676224,0.677434,0.649339,0.510013
Bookend,0.642228,0.717994,0.590552,0.717359,0.72986,0.556161,0.614884,0.588118,0.718115,0.775038,0.662872,0.72004,0.629621,0.708066,0.669541,0.719635,0.700156,0.585353,0.717031,1.0,0.677618,0.693349,0.735359,0.623882,0.715199,0.673401,0.653699,0.70869,0.759389,0.700951,0.640276,0.731661,0.690642,0.686421,0.593334,0.715017,0.704474,0.686084,0.730484,0.624306,0.704456,0.732339,0.710307,0.741556,0.593031,0.657613,0.646276,0.564112,0.683952,0.671093,0.723419,0.675216,0.737901,0.699053,0.662676,0.741126,0.705072,0.660383,0.753873,0.682554,0.745751,0.667648,0.637255,0.725178,0.738096,0.713444,0.720428,0.761846,0.697946,0.678314,0.677191,0.770136,0.672191,0.711056,0.654849,0.708003,0.617833,0.697237,0.732534,0.688281,0.665924,0.579469,0.458911,0.685331,0.740476,0.650071,0.74046,0.735818,0.702967,0.670225,0.692112,0.573111,0.710416,0.74795,0.71562,0.675864,0.687773,0.719959,0.605383,0.635868,0.639295,0.719645,0.691172,0.728729,0.728766,0.724387,0.708959,0.667655,0.713765,0.68683,0.759239,0.632558,0.647704,0.690028,0.704914,0.702657,0.705719,0.517869,0.770589,0.689924,0.71603,0.688972,0.68679,0.728158,0.683728,0.7168,0.711921,0.712093,0.676685,0.529591
Boomerang,0.630015,0.733337,0.661524,0.635682,0.641221,0.588034,0.618619,0.605187,0.690079,0.718167,0.680988,0.695461,0.631238,0.627379,0.689059,0.662057,0.673357,0.511156,0.65095,0.677618,1.0,0.694475,0.630578,0.621877,0.680228,0.62647,0.61848,0.646506,0.665415,0.660255,0.636228,0.60383,0.684039,0.710508,0.580253,0.67619,0.560516,0.694366,0.683725,0.585618,0.709623,0.735311,0.674638,0.702354,0.562177,0.680953,0.639616,0.640334,0.737558,0.692013,0.68233,0.732771,0.676197,0.703643,0.661524,0.707259,0.729645,0.717639,0.673273,0.71662,0.703746,0.683868,0.547626,0.690489,0.64077,0.664958,0.717938,0.662985,0.682628,0.672074,0.666664,0.668031,0.647922,0.703394,0.653145,0.638729,0.680695,0.60374,0.667935,0.689791,0.565459,0.506281,0.492206,0.653103,0.654676,0.603416,0.698735,0.70987,0.608566,0.695769,0.635452,0.555688,0.635736,0.684837,0.65652,0.639647,0.699131,0.664629,0.630774,0.657604,0.608617,0.73327,0.602225,0.68297,0.708375,0.745209,0.733789,0.638085,0.649295,0.62118,0.639081,0.616529,0.709947,0.736999,0.69546,0.71932,0.624775,0.461381,0.699032,0.645124,0.709264,0.647207,0.649497,0.633062,0.686821,0.73634,0.638462,0.727595,0.712965,0.546096
Car,0.646083,0.657701,0.552445,0.704244,0.669585,0.553409,0.572678,0.549175,0.747511,0.718766,0.740738,0.740098,0.699087,0.665585,0.748757,0.663532,0.736184,0.532258,0.666966,0.693349,0.694475,1.0,0.70511,0.599619,0.713968,0.633791,0.634336,0.654465,0.750338,0.689384,0.644617,0.666497,0.793548,0.760742,0.578275,0.727728,0.566347,0.697982,0.795557,0.625127,0.754545,0.709811,0.67658,0.729764,0.577436,0.691368,0.594654,0.59238,0.717329,0.740774,0.690118,0.763497,0.779959,0.653514,0.686056,0.724959,0.709882,0.701723,0.693546,0.737775,0.734591,0.694418,0.544718,0.682456,0.653725,0.787776,0.706353,0.659801,0.684843,0.659906,0.705085,0.769746,0.690404,0.677287,0.634775,0.61539,0.663367,0.696883,0.61415,0.726673,0.574001,0.51359,0.455836,0.716886,0.670445,0.59969,0.745965,0.775757,0.639744,0.693214,0.753768,0.545015,0.679757,0.678035,0.707336,0.618862,0.729999,0.781371,0.613107,0.609179,0.618873,0.745484,0.580432,0.712463,0.691173,0.801293,0.789253,0.662846,0.785948,0.614551,0.727075,0.622481,0.633066,0.732989,0.690445,0.810079,0.652254,0.469179,0.754659,0.834555,0.71422,0.63688,0.68075,0.660708,0.780506,0.733483,0.687782,0.614928,0.678519,0.487292
Cellphone,0.61987,0.653718,0.549859,0.660039,0.712108,0.55538,0.569428,0.554114,0.68405,0.732445,0.669128,0.688712,0.631944,0.781397,0.647035,0.684922,0.68363,0.517205,0.723176,0.735359,0.630578,0.70511,1.0,0.597259,0.770741,0.678509,0.636312,0.726131,0.797046,0.725345,0.629285,0.805282,0.71428,0.660724,0.568494,0.68398,0.734458,0.684867,0.72706,0.634045,0.695308,0.7483,0.741859,0.745211,0.563678,0.675732,0.528597,0.585552,0.686273,0.706258,0.696524,0.705717,0.738364,0.69001,0.649973,0.727341,0.683941,0.635722,0.728322,0.70712,0.747735,0.662912,0.634588,0.717232,0.730165,0.712255,0.730551,0.815804,0.688888,0.727611,0.649794,0.755209,0.596811,0.660282,0.656233,0.749038,0.564291,0.742375,0.770938,0.726637,0.660969,0.483904,0.389554,0.716295,0.80139,0.651615,0.789827,0.738059,0.814196,0.668752,0.710043,0.518912,0.730312,0.714013,0.721692,0.65807,0.717979,0.729123,0.538788,0.540423,0.621327,0.702722,0.717144,0.700875,0.768104,0.726796,0.679891,0.667747,0.704626,0.63163,0.777608,0.566756,0.677129,0.656107,0.745715,0.694939,0.742241,0.471892,0.758682,0.68742,0.713561,0.69457,0.711476,0.79517,0.692556,0.717026,0.707787,0.701439,0.616943,0.466438
Cheese,0.555357,0.6667,0.631261,0.616939,0.597322,0.555227,0.560364,0.546566,0.624386,0.650389,0.577506,0.596648,0.554445,0.593767,0.591159,0.629794,0.607022,0.510892,0.611089,0.623882,0.621877,0.599619,0.597259,1.0,0.619394,0.592384,0.572601,0.583563,0.626998,0.637169,0.569027,0.574924,0.626448,0.619225,0.560482,0.59332,0.537455,0.615942,0.608639,0.546432,0.630705,0.654097,0.597186,0.612495,0.566299,0.560301,0.591999,0.598309,0.627826,0.607372,0.642768,0.631007,0.613033,0.606185,0.593751,0.638097,0.648915,0.593153,0.62163,0.615104,0.614562,0.606079,0.513436,0.647535,0.581359,0.609086,0.650963,0.607374,0.606042,0.620869,0.601139,0.623283,0.620572,0.651269,0.602719,0.592929,0.567879,0.572192,0.597039,0.5724,0.537791,0.505906,0.536321,0.624254,0.596491,0.583328,0.615622,0.646051,0.578529,0.614966,0.608781,0.553636,0.624621,0.617508,0.604892,0.590292,0.6075,0.608987,0.577558,0.616597,0.599132,0.64885,0.560402,0.66173,0.62353,0.628587,0.656951,0.596415,0.598773,0.601894,0.609546,0.599644,0.592925,0.638546,0.599643,0.614783,0.597966,0.460772,0.63629,0.594263,0.640946,0.617165,0.583746,0.614534,0.638536,0.653058,0.620637,0.623585,0.684684,0.499245
Cheesegrater,0.658041,0.690597,0.581627,0.657691,0.714532,0.594315,0.611481,0.589603,0.701854,0.74034,0.695078,0.71093,0.663521,0.730484,0.667106,0.700472,0.705293,0.532591,0.703549,0.715199,0.680228,0.713968,0.770741,0.619394,1.0,0.68932,0.642971,0.725416,0.767426,0.716382,0.635234,0.729481,0.716008,0.692786,0.597294,0.69795,0.664494,0.695414,0.726093,0.66261,0.713072,0.750928,0.736216,0.742257,0.588141,0.694775,0.588004,0.607481,0.711231,0.724546,0.701692,0.718766,0.736596,0.722568,0.676369,0.732114,0.709418,0.66054,0.723663,0.725721,0.753497,0.687804,0.640656,0.731195,0.71669,0.717195,0.752406,0.775412,0.682801,0.715923,0.671269,0.749663,0.627161,0.691252,0.681518,0.732391,0.627419,0.68997,0.742384,0.735387,0.626209,0.515112,0.436637,0.706687,0.763733,0.653897,0.777237,0.742339,0.753711,0.691501,0.703316,0.556501,0.715161,0.726576,0.715212,0.670233,0.735928,0.728082,0.584759,0.599705,0.637486,0.731236,0.692619,0.721174,0.764272,0.746557,0.719891,0.680607,0.709926,0.63259,0.740026,0.605266,0.720575,0.686283,0.745604,0.718351,0.718492,0.492912,0.75717,0.687156,0.734199,0.692372,0.689516,0.754548,0.706569,0.735026,0.715266,0.712484,0.667875,0.523109
Christmasstreeornament,0.601742,0.669512,0.560104,0.643641,0.681975,0.585864,0.569453,0.566195,0.64879,0.699038,0.634912,0.666095,0.637273,0.653603,0.615334,0.66959,0.656122,0.591541,0.650377,0.673401,0.62647,0.633791,0.678509,0.592384,0.68932,1.0,0.610951,0.699313,0.687111,0.65212,0.590353,0.636918,0.648547,0.617812,0.574274,0.648499,0.60851,0.634091,0.682591,0.639615,0.645421,0.702738,0.673096,0.699201,0.627895,0.636724,0.589564,0.574076,0.633519,0.670944,0.672031,0.655789,0.668899,0.678245,0.656602,0.693843,0.652394,0.615559,0.694186,0.666167,0.720272,0.678657,0.629421,0.699071,0.674001,0.684813,0.696421,0.716928,0.627678,0.682117,0.636609,0.706448,0.629273,0.671618,0.66663,0.691806,0.620134,0.592461,0.707234,0.660612,0.583136,0.564291,0.464979,0.634744,0.715422,0.602837,0.711568,0.672682,0.676255,0.645326,0.675608,0.561903,0.644592,0.719104,0.657896,0.640394,0.693716,0.687979,0.572601,0.606965,0.631461,0.685506,0.673812,0.682984,0.712925,0.662074,0.658313,0.612004,0.679974,0.602797,0.681645,0.585915,0.661048,0.641138,0.691636,0.668146,0.637351,0.548025,0.73008,0.630531,0.706314,0.660024,0.614635,0.697301,0.671816,0.67933,0.708427,0.6846,0.657322,0.544364
Clock,0.608074,0.632265,0.57658,0.631985,0.644344,0.573723,0.585905,0.536794,0.639728,0.668585,0.590418,0.626661,0.662499,0.603259,0.613454,0.632433,0.630172,0.506606,0.61932,0.653699,0.61848,0.634336,0.636312,0.572601,0.642971,0.610951,1.0,0.614102,0.674085,0.646667,0.656062,0.614619,0.642317,0.594329,0.539318,0.636758,0.584295,0.641971,0.644467,0.573787,0.636437,0.631024,0.638373,0.659456,0.538833,0.561373,0.571608,0.583116,0.64998,0.631517,0.621129,0.643432,0.658604,0.616948,0.598406,0.664887,0.633769,0.635997,0.65931,0.608345,0.657788,0.620289,0.577008,0.635117,0.662577,0.646692,0.662679,0.622706,0.659751,0.624042,0.62051,0.665839,0.591479,0.611645,0.603135,0.591788,0.587552,0.62104,0.598966,0.581313,0.573572,0.499392,0.49069,0.623161,0.626088,0.584682,0.634083,0.671115,0.608912,0.642614,0.635614,0.53161,0.621227,0.642199,0.637658,0.60203,0.654458,0.641674,0.557803,0.588221,0.571081,0.646975,0.593561,0.6807,0.626055,0.635166,0.637719,0.583025,0.652916,0.573505,0.638826,0.572721,0.628404,0.622683,0.597581,0.633857,0.606331,0.459883,0.680178,0.622625,0.632332,0.623297,0.591395,0.613264,0.618911,0.658214,0.633533,0.617837,0.624526,0.526101
Coatrack,0.585257,0.653586,0.500921,0.636909,0.760109,0.523763,0.547844,0.540308,0.70152,0.722684,0.70658,0.751486,0.642903,0.730148,0.580958,0.709781,0.707386,0.596997,0.693337,0.70869,0.646506,0.654465,0.726131,0.583563,0.725416,0.699313,0.614102,1.0,0.72312,0.6542,0.542105,0.702184,0.636802,0.695511,0.577042,0.743661,0.690024,0.617108,0.704993,0.719079,0.639083,0.740684,0.714503,0.759005,0.62222,0.756459,0.55413,0.520929,0.633963,0.725476,0.684895,0.654239,0.709638,0.705195,0.677149,0.717915,0.66094,0.581553,0.74632,0.732347,0.783512,0.681289,0.722944,0.732135,0.728556,0.709499,0.694615,0.79782,0.597948,0.68584,0.618602,0.742343,0.587144,0.684313,0.690563,0.731655,0.605817,0.62952,0.845461,0.787533,0.641854,0.547442,0.383162,0.661266,0.826034,0.601305,0.770872,0.688917,0.731703,0.624933,0.648768,0.554451,0.660709,0.759677,0.707546,0.620238,0.723972,0.722233,0.514613,0.584268,0.616891,0.701678,0.746784,0.645348,0.778428,0.729114,0.673885,0.662037,0.683334,0.606012,0.733566,0.534697,0.704309,0.673551,0.785039,0.706232,0.671439,0.577914,0.758946,0.650598,0.769263,0.646796,0.686342,0.748555,0.681684,0.690814,0.740452,0.780581,0.627556,0.444585
Coffeemaker,0.659617,0.691019,0.59391,0.738621,0.779932,0.561209,0.604759,0.554732,0.743289,0.799349,0.66994,0.729429,0.721024,0.745856,0.71194,0.729662,0.727224,0.556987,0.707014,0.759389,0.665415,0.750338,0.797046,0.626998,0.767426,0.687111,0.674085,0.72312,1.0,0.774516,0.689756,0.772351,0.742393,0.696571,0.577805,0.746132,0.700718,0.727419,0.787237,0.670746,0.742004,0.752721,0.760493,0.800735,0.592119,0.652649,0.573304,0.607468,0.741725,0.74578,0.723867,0.744219,0.800946,0.683557,0.672872,0.766623,0.718381,0.719413,0.802147,0.705999,0.774026,0.698775,0.664912,0.751354,0.785749,0.770951,0.787144,0.800939,0.745932,0.715341,0.711488,0.828001,0.655572,0.696003,0.685184,0.699234,0.606031,0.746939,0.728332,0.708103,0.658144,0.530325,0.432043,0.727357,0.790403,0.675818,0.790006,0.785407,0.742072,0.716058,0.733404,0.545758,0.773798,0.746253,0.758671,0.671235,0.759438,0.780084,0.591374,0.600862,0.63681,0.733249,0.705011,0.762488,0.75544,0.754875,0.753402,0.672188,0.776831,0.682565,0.798656,0.622223,0.684491,0.702521,0.717969,0.728744,0.751967,0.497111,0.824138,0.744812,0.740112,0.714413,0.67818,0.779077,0.737754,0.774058,0.746285,0.705681,0.657874,0.507753
Coffeemug,0.61674,0.716662,0.66674,0.686314,0.689086,0.596091,0.636007,0.554276,0.685082,0.744745,0.639775,0.671937,0.693581,0.679588,0.680205,0.678918,0.680348,0.521923,0.672098,0.700951,0.660255,0.689384,0.725345,0.637169,0.716382,0.65212,0.646667,0.6542,0.774516,1.0,0.685882,0.680414,0.700523,0.662223,0.579041,0.675112,0.621539,0.720771,0.708695,0.605179,0.720185,0.706506,0.703676,0.720632,0.573261,0.614577,0.586099,0.641905,0.752789,0.732384,0.690667,0.738899,0.719979,0.657511,0.639095,0.726568,0.723423,0.692081,0.721154,0.694521,0.70623,0.654811,0.579691,0.706271,0.701721,0.700247,0.758066,0.711559,0.716653,0.702083,0.684732,0.721986,0.643799,0.681745,0.661487,0.654717,0.580541,0.66941,0.658231,0.653961,0.598788,0.507995,0.482205,0.68852,0.700511,0.683977,0.727541,0.742703,0.678544,0.719931,0.688278,0.544693,0.728225,0.676022,0.693919,0.641825,0.724257,0.706299,0.602853,0.610621,0.608046,0.72612,0.628684,0.745558,0.714071,0.699903,0.71982,0.658669,0.700157,0.624545,0.71407,0.612015,0.659116,0.664959,0.667038,0.677843,0.713327,0.464885,0.760961,0.673819,0.677314,0.706059,0.655895,0.713391,0.696639,0.758926,0.682479,0.668316,0.67265,0.538152
Compass,0.593726,0.672832,0.661716,0.637134,0.604179,0.590836,0.621041,0.52853,0.615741,0.688922,0.541305,0.563456,0.723301,0.556142,0.678454,0.618939,0.614386,0.465586,0.587643,0.640276,0.636228,0.644617,0.629285,0.569027,0.635234,0.590353,0.656062,0.542105,0.689756,0.685882,1.0,0.586628,0.660419,0.555389,0.517959,0.585301,0.536695,0.720792,0.643322,0.528064,0.673479,0.625867,0.661043,0.654897,0.50973,0.485623,0.601682,0.645985,0.727908,0.652919,0.60579,0.683625,0.654959,0.592534,0.568864,0.670008,0.667761,0.712789,0.657645,0.590045,0.629657,0.605455,0.50693,0.625039,0.650052,0.645248,0.709585,0.579323,0.738992,0.645257,0.657508,0.649082,0.616716,0.609029,0.609369,0.549561,0.574027,0.613324,0.532201,0.514415,0.53605,0.46903,0.513819,0.606081,0.575627,0.608687,0.62065,0.700134,0.576298,0.712764,0.639401,0.504134,0.633779,0.61203,0.631617,0.611723,0.673249,0.649729,0.599229,0.597264,0.545898,0.653974,0.533772,0.731402,0.61921,0.607887,0.647006,0.551884,0.661269,0.568272,0.617027,0.599968,0.636311,0.612834,0.543683,0.611506,0.605337,0.408413,0.690446,0.617684,0.593237,0.650354,0.547121,0.586274,0.600572,0.688693,0.593395,0.588878,0.649091,0.606793
Computertower,0.636902,0.60726,0.510381,0.648903,0.710296,0.507261,0.563425,0.557452,0.689283,0.697534,0.640586,0.683829,0.575828,0.785021,0.595753,0.68245,0.674348,0.509323,0.724735,0.731661,0.60383,0.666497,0.805282,0.574924,0.729481,0.636918,0.614619,0.702184,0.772351,0.680414,0.586628,1.0,0.660186,0.654486,0.564712,0.69562,0.766682,0.634217,0.686352,0.626897,0.650602,0.705206,0.712816,0.707518,0.533656,0.653257,0.516906,0.544087,0.637387,0.641454,0.666815,0.642297,0.72732,0.664735,0.615068,0.696165,0.649651,0.587133,0.703735,0.662691,0.706445,0.63974,0.646833,0.690954,0.728422,0.670363,0.682448,0.781472,0.645145,0.665857,0.613543,0.734512,0.572127,0.623825,0.615623,0.720173,0.552569,0.772906,0.738817,0.701746,0.68943,0.473377,0.356226,0.691932,0.778991,0.638286,0.743565,0.707305,0.774497,0.609375,0.642228,0.510725,0.699723,0.689164,0.711084,0.640226,0.648519,0.682263,0.517689,0.5165,0.620281,0.663976,0.708201,0.656571,0.706041,0.709868,0.654466,0.674778,0.658094,0.658256,0.775536,0.535974,0.644613,0.655057,0.705905,0.679302,0.741735,0.461952,0.71169,0.665693,0.690919,0.654145,0.712035,0.75584,0.648748,0.667552,0.671972,0.661172,0.581376,0.447741
Controller,0.637009,0.673912,0.591558,0.708676,0.65609,0.58674,0.554587,0.561614,0.690828,0.715887,0.683613,0.682349,0.698576,0.656734,0.755279,0.655736,0.67215,0.51605,0.665709,0.690642,0.684039,0.793548,0.71428,0.626448,0.716008,0.648547,0.642317,0.636802,0.742393,0.700523,0.660419,0.660186,1.0,0.697503,0.585588,0.672669,0.559321,0.720648,0.760238,0.583584,0.76101,0.72077,0.687779,0.722962,0.587453,0.625244,0.602371,0.618954,0.713553,0.733696,0.705131,0.762547,0.736966,0.651064,0.667649,0.738723,0.708394,0.731094,0.68944,0.697481,0.723495,0.696327,0.541205,0.684298,0.649069,0.760516,0.727949,0.672474,0.718668,0.696605,0.714207,0.740138,0.705515,0.681155,0.654917,0.644392,0.645484,0.659202,0.612479,0.662573,0.558598,0.502824,0.486602,0.709833,0.665102,0.602908,0.739155,0.75179,0.674494,0.701014,0.772795,0.556116,0.695704,0.68291,0.676317,0.654179,0.744807,0.76872,0.642954,0.607803,0.638402,0.725644,0.59374,0.716275,0.713665,0.736145,0.752419,0.628745,0.778172,0.665933,0.699534,0.655726,0.643247,0.711463,0.673958,0.722293,0.644986,0.4555,0.746867,0.764847,0.702829,0.66353,0.662424,0.681565,0.756576,0.740028,0.6881,0.63209,0.682773,0.499085
Couch,0.622635,0.671708,0.570242,0.651263,0.677157,0.548311,0.588386,0.584097,0.768617,0.702926,0.780432,0.78652,0.603689,0.689813,0.650815,0.66875,0.734812,0.527354,0.689968,0.686421,0.710508,0.760742,0.660724,0.619225,0.692786,0.617812,0.594329,0.695511,0.696571,0.662223,0.555389,0.654486,0.697503,1.0,0.613193,0.767484,0.586378,0.65534,0.710268,0.655052,0.710493,0.711231,0.642704,0.696668,0.570766,0.76719,0.605347,0.574049,0.697821,0.730017,0.686032,0.725655,0.737469,0.671885,0.689902,0.705248,0.732734,0.615235,0.668778,0.76059,0.704852,0.663497,0.563908,0.69444,0.636957,0.699789,0.678633,0.671419,0.601969,0.634498,0.645613,0.697391,0.646579,0.692779,0.61953,0.622458,0.655283,0.667153,0.667388,0.783765,0.594823,0.512285,0.422967,0.700288,0.675267,0.601542,0.712489,0.734771,0.620412,0.649338,0.649268,0.560374,0.662565,0.642755,0.690442,0.59397,0.666356,0.68494,0.591771,0.618679,0.629773,0.756703,0.581604,0.658854,0.685309,0.81847,0.767003,0.721408,0.664735,0.619105,0.699651,0.562523,0.640225,0.755025,0.723573,0.785297,0.650406,0.472519,0.704636,0.73727,0.731783,0.611142,0.740421,0.651605,0.744189,0.711485,0.660018,0.665829,0.682379,0.464505
Cushion,0.603134,0.585665,0.531848,0.57881,0.572767,0.551146,0.567981,0.577314,0.603796,0.595062,0.600383,0.599968,0.542316,0.579497,0.541169,0.591751,0.602455,0.493534,0.609861,0.593334,0.580253,0.578275,0.568494,0.560482,0.597294,0.574274,0.539318,0.577042,0.577805,0.579041,0.517959,0.564712,0.585588,0.613193,1.0,0.589383,0.531265,0.562847,0.565798,0.556041,0.582279,0.596822,0.575074,0.575453,0.53235,0.573676,0.578471,0.536695,0.57434,0.585319,0.596657,0.58499,0.586085,0.610654,0.582748,0.620872,0.611611,0.540566,0.578186,0.596065,0.586967,0.594676,0.517322,0.60892,0.5705,0.573473,0.598503,0.575769,0.553541,0.562167,0.562943,0.569753,0.579718,0.593468,0.568901,0.589077,0.593168,0.552243,0.569553,0.587133,0.538275,0.488288,0.453984,0.568063,0.569852,0.574716,0.587385,0.598302,0.549662,0.558267,0.563457,0.544094,0.57104,0.582868,0.581358,0.580993,0.571652,0.572641,0.556487,0.561297,0.595424,0.618567,0.544666,0.610265,0.583599,0.614051,0.600076,0.612331,0.562649,0.595322,0.586207,0.543584,0.599899,0.618008,0.585383,0.608541,0.581418,0.456749,0.593173,0.568235,0.614851,0.57575,0.613052,0.571835,0.58623,0.597804,0.582606,0.577957,0.606602,0.52752
Desk,0.640065,0.642515,0.520795,0.669246,0.780094,0.515016,0.591856,0.548073,0.777366,0.723239,0.739223,0.811788,0.67227,0.71636,0.632849,0.70848,0.734419,0.561702,0.700184,0.715017,0.67619,0.727728,0.68398,0.59332,0.69795,0.648499,0.636758,0.743661,0.746132,0.675112,0.585301,0.69562,0.672669,0.767484,0.589383,1.0,0.659127,0.64397,0.726647,0.720437,0.67556,0.701841,0.672936,0.746152,0.576927,0.733237,0.575289,0.544715,0.666399,0.728568,0.67491,0.69992,0.765898,0.660946,0.68393,0.720659,0.690096,0.619892,0.738107,0.720925,0.740546,0.691133,0.680523,0.705926,0.729822,0.722312,0.67951,0.703918,0.618322,0.63413,0.644365,0.74697,0.615108,0.670034,0.637943,0.632068,0.645189,0.697636,0.714183,0.766304,0.659831,0.510657,0.397437,0.690846,0.740233,0.61163,0.721552,0.731921,0.64075,0.640812,0.650031,0.555669,0.676743,0.688117,0.723353,0.597382,0.694038,0.712729,0.540775,0.59736,0.625611,0.725708,0.648161,0.661068,0.687126,0.786033,0.745188,0.704511,0.699072,0.626359,0.726526,0.537186,0.655628,0.730155,0.715447,0.762497,0.670926,0.510605,0.739935,0.725445,0.746176,0.629688,0.70944,0.670134,0.720187,0.713138,0.697954,0.707476,0.64323,0.469885
Door,0.568497,0.581169,0.469511,0.598968,0.697558,0.473165,0.544855,0.534005,0.642431,0.666514,0.581716,0.64212,0.531038,0.732716,0.520954,0.658082,0.620441,0.494251,0.691725,0.704474,0.560516,0.566347,0.734458,0.537455,0.664494,0.60851,0.584295,0.690024,0.700718,0.621539,0.536695,0.766682,0.559321,0.586378,0.531265,0.659127,1.0,0.566535,0.612634,0.612782,0.5675,0.654727,0.664621,0.66279,0.499433,0.613562,0.511267,0.483602,0.567796,0.5782,0.61995,0.568741,0.656553,0.629389,0.575698,0.641441,0.588932,0.521902,0.682941,0.600836,0.667782,0.590825,0.663131,0.657274,0.722118,0.601167,0.622744,0.753032,0.596126,0.621916,0.55081,0.668775,0.520311,0.591583,0.575451,0.69253,0.51546,0.702119,0.744791,0.648058,0.690782,0.472265,0.335283,0.618106,0.752148,0.600634,0.679763,0.631789,0.719715,0.552362,0.572251,0.495136,0.641814,0.659291,0.662148,0.60688,0.597469,0.613209,0.46665,0.49633,0.572063,0.602694,0.698126,0.610503,0.664984,0.631524,0.570684,0.631826,0.585569,0.589682,0.722581,0.49439,0.617981,0.593307,0.663838,0.607032,0.688945,0.451575,0.664247,0.574668,0.64671,0.618159,0.662805,0.714416,0.567632,0.60957,0.640602,0.65488,0.537758,0.429721
Doorknob,0.603685,0.747343,0.693144,0.648389,0.640804,0.60161,0.628991,0.568356,0.664281,0.733358,0.63602,0.647669,0.706479,0.623814,0.721381,0.653019,0.650114,0.489696,0.634875,0.686084,0.694366,0.697982,0.684867,0.615942,0.695414,0.634091,0.641971,0.617108,0.727419,0.720771,0.720792,0.634217,0.720648,0.65534,0.562847,0.64397,0.566535,1.0,0.680748,0.581006,0.737831,0.701091,0.699447,0.717547,0.558632,0.602497,0.633399,0.651117,0.774191,0.734744,0.668256,0.747409,0.69156,0.656793,0.634917,0.714696,0.732879,0.741659,0.684788,0.673994,0.698418,0.634597,0.525597,0.681391,0.663774,0.677142,0.765572,0.664466,0.753034,0.70453,0.697935,0.682044,0.655867,0.6909,0.649169,0.618672,0.615877,0.636637,0.613299,0.632981,0.558208,0.506196,0.481234,0.670116,0.633662,0.636623,0.700654,0.74137,0.644137,0.752108,0.674197,0.530333,0.690521,0.655329,0.659901,0.638361,0.72744,0.699491,0.630348,0.630345,0.582973,0.716085,0.566867,0.726486,0.719094,0.692329,0.707057,0.622606,0.688549,0.607159,0.657615,0.62293,0.662436,0.6686,0.641395,0.660949,0.654127,0.439401,0.733406,0.657487,0.664447,0.68125,0.629613,0.651408,0.660231,0.744478,0.637161,0.659721,0.690119,0.601076
Drill,0.63813,0.692794,0.552307,0.744483,0.725703,0.55464,0.566615,0.540261,0.735346,0.765332,0.699709,0.740414,0.697444,0.686995,0.728982,0.70905,0.728982,0.595122,0.678651,0.730484,0.683725,0.795557,0.72706,0.608639,0.726093,0.682591,0.644467,0.704993,0.787237,0.708695,0.643322,0.686352,0.760238,0.710268,0.565798,0.726647,0.612634,0.680748,1.0,0.633817,0.741632,0.74649,0.708064,0.775282,0.623014,0.677404,0.599387,0.578457,0.701505,0.723422,0.726441,0.73747,0.784067,0.679002,0.693802,0.745643,0.705616,0.70107,0.75633,0.727391,0.781014,0.719871,0.617985,0.721572,0.712611,0.813401,0.727511,0.73501,0.689223,0.691517,0.709662,0.834136,0.70036,0.711022,0.682327,0.678764,0.64108,0.66407,0.69061,0.713826,0.599061,0.5732,0.458747,0.711676,0.75376,0.610119,0.776793,0.766522,0.683102,0.690482,0.77256,0.55993,0.70307,0.764735,0.727688,0.654866,0.744529,0.799079,0.612089,0.627301,0.635529,0.748828,0.668501,0.737566,0.730583,0.763491,0.774496,0.63881,0.814372,0.651457,0.772843,0.645299,0.654467,0.705876,0.72095,0.786364,0.673384,0.527026,0.813678,0.7969,0.739489,0.6715,0.648709,0.728773,0.794195,0.745286,0.757204,0.668512,0.684908,0.481034
Dryingrack,0.575797,0.56601,0.449958,0.582428,0.725607,0.486752,0.5367,0.518071,0.678561,0.647396,0.652259,0.702509,0.655697,0.658863,0.55335,0.659965,0.678789,0.533697,0.636221,0.624306,0.585618,0.625127,0.634045,0.546432,0.66261,0.639615,0.573787,0.719079,0.670746,0.605179,0.528064,0.626897,0.583584,0.655052,0.556041,0.720437,0.612782,0.581006,0.633817,1.0,0.584328,0.652947,0.639508,0.685513,0.567365,0.670718,0.518572,0.51465,0.598088,0.699092,0.602094,0.625048,0.680052,0.620908,0.634577,0.656307,0.60981,0.551127,0.672583,0.652312,0.686933,0.651254,0.696474,0.672501,0.678421,0.656118,0.649339,0.662145,0.554445,0.595967,0.584266,0.665101,0.546556,0.601645,0.627076,0.617701,0.5999,0.611854,0.677439,0.70387,0.599278,0.498078,0.356787,0.607859,0.696242,0.57307,0.672749,0.654166,0.609649,0.596481,0.579049,0.528797,0.605062,0.649535,0.661029,0.56354,0.677423,0.654832,0.487699,0.540901,0.594389,0.650412,0.619457,0.609418,0.653097,0.694393,0.65563,0.6337,0.629835,0.548531,0.663031,0.478593,0.65858,0.658429,0.668824,0.673005,0.622404,0.512832,0.679501,0.613698,0.714488,0.591797,0.61468,0.645034,0.63224,0.644105,0.660662,0.672822,0.585335,0.480106
Dumbbell,0.638215,0.749723,0.681321,0.701362,0.660788,0.603259,0.61033,0.591486,0.695712,0.74044,0.68182,0.691842,0.679018,0.652263,0.743118,0.666341,0.687878,0.516212,0.66158,0.704456,0.709623,0.754545,0.695308,0.630705,0.713072,0.645421,0.636437,0.639083,0.742004,0.720185,0.673479,0.650602,0.76101,0.710493,0.582279,0.67556,0.5675,0.737831,0.741632,0.584328,1.0,0.734744,0.699739,0.720926,0.58485,0.63814,0.639955,0.636987,0.765479,0.728582,0.717273,0.760991,0.730403,0.685074,0.664391,0.727194,0.754219,0.731021,0.698556,0.710585,0.715582,0.669398,0.538394,0.699296,0.66186,0.726163,0.752718,0.697791,0.718205,0.70697,0.715273,0.729218,0.701869,0.710925,0.653119,0.644717,0.641686,0.6447,0.630987,0.673212,0.553889,0.520368,0.47473,0.706309,0.665381,0.631607,0.731862,0.753813,0.653971,0.719429,0.717241,0.549573,0.705917,0.67676,0.682173,0.65823,0.710496,0.730618,0.669043,0.642843,0.625245,0.746572,0.595372,0.73212,0.727946,0.73714,0.751396,0.649867,0.73392,0.668009,0.705347,0.657399,0.657432,0.702121,0.677905,0.723271,0.668795,0.458092,0.751285,0.728958,0.697359,0.67954,0.662189,0.681444,0.732296,0.754913,0.672102,0.646302,0.706527,0.54597
Dustpan,0.622949,0.724247,0.639277,0.696111,0.724615,0.588104,0.578227,0.614152,0.718846,0.771194,0.692383,0.718061,0.636675,0.730677,0.68548,0.704378,0.700548,0.565624,0.707159,0.732339,0.735311,0.709811,0.7483,0.654097,0.750928,0.702738,0.631024,0.740684,0.752721,0.706506,0.625867,0.705206,0.72077,0.711231,0.596822,0.701841,0.654727,0.701091,0.74649,0.652947,0.734744,1.0,0.73853,0.765674,0.626714,0.703947,0.598637,0.647723,0.727657,0.718559,0.749205,0.753394,0.740593,0.720534,0.695105,0.75919,0.743176,0.712448,0.750428,0.746975,0.757605,0.728635,0.636567,0.762234,0.707044,0.735094,0.764438,0.793491,0.703595,0.74166,0.695925,0.759703,0.670043,0.724917,0.701466,0.737221,0.649173,0.668824,0.788583,0.745933,0.609316,0.527943,0.436759,0.714769,0.774463,0.629341,0.78307,0.746999,0.729227,0.696091,0.711832,0.565166,0.695308,0.73614,0.716125,0.68348,0.747728,0.737523,0.621451,0.629072,0.670787,0.75771,0.710445,0.720866,0.796693,0.776951,0.759007,0.667707,0.724672,0.68819,0.755563,0.6257,0.729079,0.74667,0.771396,0.735144,0.699333,0.514996,0.775857,0.684072,0.776504,0.701499,0.691112,0.767413,0.753715,0.763752,0.722448,0.779925,0.696903,0.5188
Fan,0.638208,0.692353,0.602787,0.667305,0.714419,0.565255,0.607076,0.576559,0.674176,0.744854,0.641494,0.671991,0.690226,0.698444,0.664819,0.694117,0.683369,0.526093,0.67519,0.710307,0.674638,0.67658,0.741859,0.597186,0.736216,0.673096,0.638373,0.714503,0.760493,0.703676,0.661043,0.712816,0.687779,0.642704,0.575074,0.672936,0.664621,0.699447,0.708064,0.639508,0.699739,0.73853,1.0,0.74832,0.574054,0.644014,0.58816,0.604023,0.710514,0.708115,0.688135,0.697856,0.71487,0.697041,0.643164,0.729844,0.697978,0.68636,0.745973,0.688106,0.744544,0.676307,0.645545,0.726091,0.734988,0.699421,0.758801,0.767081,0.707757,0.71239,0.671548,0.734645,0.617814,0.681466,0.687953,0.710763,0.60436,0.660038,0.746935,0.688095,0.622202,0.509902,0.428433,0.666836,0.757691,0.641388,0.760048,0.723853,0.720105,0.691598,0.671369,0.542796,0.695311,0.728784,0.705793,0.669238,0.735844,0.724772,0.586752,0.59277,0.614074,0.697312,0.702219,0.717864,0.762223,0.699909,0.684806,0.64175,0.703758,0.649177,0.727038,0.61062,0.727227,0.669506,0.715158,0.679624,0.696797,0.491691,0.759416,0.656299,0.719001,0.685027,0.6502,0.737121,0.66861,0.724361,0.702765,0.727619,0.652129,0.530729
Faucet,0.627131,0.701663,0.577558,0.704403,0.763647,0.555135,0.583885,0.564548,0.730368,0.781253,0.693964,0.748907,0.729227,0.714862,0.694848,0.730592,0.713546,0.589166,0.684477,0.741556,0.702354,0.729764,0.745211,0.612495,0.742257,0.699201,0.659456,0.759005,0.800735,0.720632,0.654897,0.707518,0.722962,0.696668,0.575453,0.746152,0.66279,0.717547,0.775282,0.685513,0.720926,0.765674,0.74832,1.0,0.615535,0.699651,0.590804,0.587022,0.717133,0.76082,0.713297,0.739597,0.762954,0.695702,0.694089,0.764728,0.708341,0.730881,0.781088,0.719414,0.804717,0.706294,0.675431,0.744846,0.765613,0.764908,0.768239,0.789513,0.738145,0.715943,0.696785,0.799989,0.65207,0.71607,0.705708,0.700683,0.632116,0.669163,0.757077,0.740219,0.633991,0.546444,0.425177,0.70219,0.793604,0.621611,0.780832,0.755561,0.71511,0.717016,0.709937,0.558848,0.718184,0.779527,0.732938,0.66136,0.780245,0.778021,0.574181,0.620844,0.626347,0.727027,0.705793,0.728024,0.781554,0.753823,0.739066,0.651841,0.764037,0.650391,0.764511,0.612258,0.719827,0.716254,0.746067,0.738364,0.689402,0.548138,0.80277,0.718065,0.771484,0.678229,0.667572,0.750492,0.730864,0.766642,0.758768,0.751346,0.668029,0.511529
Flower,0.538474,0.619977,0.525229,0.593272,0.592737,0.537915,0.484428,0.4969,0.586796,0.609831,0.5708,0.603628,0.564763,0.557932,0.567893,0.601122,0.594167,0.673282,0.570512,0.593031,0.562177,0.577436,0.563678,0.566299,0.588141,0.627895,0.538833,0.62222,0.592119,0.573261,0.50973,0.533656,0.587453,0.570766,0.53235,0.576927,0.499433,0.558632,0.623014,0.567365,0.58485,0.626714,0.574054,0.615535,1.0,0.567233,0.551776,0.513843,0.557778,0.599294,0.615151,0.591613,0.59226,0.621602,0.610914,0.608714,0.58603,0.552789,0.60966,0.603159,0.645235,0.629934,0.529774,0.624825,0.566986,0.639851,0.62467,0.605642,0.535515,0.609265,0.592497,0.639805,0.629144,0.631179,0.605737,0.60284,0.634394,0.497752,0.601619,0.581387,0.494294,0.603421,0.474346,0.565758,0.615684,0.52039,0.616176,0.598089,0.555544,0.577037,0.617731,0.531374,0.56647,0.652877,0.575955,0.567518,0.60372,0.627013,0.559413,0.591677,0.592965,0.618743,0.58006,0.628904,0.621329,0.59533,0.612809,0.532624,0.627645,0.550443,0.596611,0.564961,0.561303,0.593266,0.605613,0.614889,0.546254,0.628776,0.653612,0.587244,0.645078,0.578839,0.532704,0.603149,0.638133,0.609418,0.661079,0.569636,0.640881,0.478282
Flute,0.570567,0.648982,0.492864,0.560924,0.654134,0.497715,0.550134,0.539807,0.704367,0.667638,0.792433,0.779187,0.560766,0.709161,0.569772,0.657523,0.713568,0.539754,0.671523,0.657613,0.680953,0.691368,0.675732,0.560301,0.694775,0.636724,0.561373,0.756459,0.652649,0.614577,0.485623,0.653257,0.625244,0.76719,0.573676,0.733237,0.613562,0.602497,0.677404,0.670718,0.63814,0.703947,0.644014,0.699651,0.567233,1.0,0.541701,0.506833,0.635907,0.720293,0.642632,0.675499,0.680168,0.689325,0.692041,0.663166,0.669635,0.533726,0.638045,0.794464,0.742002,0.63612,0.604582,0.680804,0.62831,0.670035,0.639446,0.726748,0.534759,0.64767,0.581659,0.671258,0.570082,0.671102,0.629013,0.67451,0.603313,0.611172,0.760502,0.867463,0.610829,0.499636,0.372987,0.656774,0.741215,0.569967,0.738591,0.685858,0.682037,0.616428,0.626048,0.531087,0.619578,0.687541,0.669544,0.562543,0.677995,0.667271,0.485367,0.566578,0.575991,0.721838,0.648493,0.595192,0.736184,0.785582,0.68151,0.694173,0.615533,0.520377,0.674695,0.491517,0.665294,0.675543,0.795711,0.761984,0.629691,0.513244,0.681804,0.671002,0.723207,0.591618,0.73025,0.683726,0.705156,0.664552,0.672268,0.711892,0.632405,0.420078
Fossils,0.613204,0.739694,0.627127,0.620397,0.56111,0.591983,0.635505,0.602914,0.603886,0.660589,0.591335,0.596245,0.564473,0.512382,0.622188,0.644203,0.602561,0.524916,0.607026,0.646276,0.639616,0.594654,0.528597,0.591999,0.588004,0.589564,0.571608,0.55413,0.573304,0.586099,0.601682,0.516906,0.602371,0.605347,0.578471,0.575289,0.511267,0.633399,0.599387,0.518572,0.639955,0.598637,0.58816,0.590804,0.551776,0.541701,1.0,0.546816,0.628815,0.575611,0.627688,0.583749,0.59151,0.649272,0.592528,0.63219,0.65681,0.598841,0.598102,0.584021,0.608753,0.588976,0.48134,0.619958,0.57699,0.586823,0.634475,0.55289,0.619926,0.580876,0.616602,0.597321,0.704084,0.684161,0.591923,0.585739,0.629128,0.520161,0.535522,0.54163,0.522207,0.614126,0.567139,0.558912,0.537726,0.590377,0.583154,0.624181,0.51147,0.621146,0.585431,0.584618,0.58754,0.64891,0.578234,0.633138,0.568447,0.590979,0.659604,0.691576,0.589329,0.64664,0.519294,0.68585,0.598592,0.595496,0.610876,0.586736,0.589962,0.60923,0.581622,0.650653,0.589978,0.620087,0.561429,0.618518,0.559188,0.481272,0.63108,0.579676,0.607735,0.613671,0.565203,0.542993,0.566559,0.617631,0.591061,0.58143,0.714,0.656073
Frisbee,0.554886,0.632338,0.682845,0.572095,0.545831,0.62595,0.582659,0.5692,0.588764,0.604381,0.548034,0.541715,0.61653,0.566071,0.602679,0.562662,0.57652,0.425869,0.571074,0.564112,0.640334,0.59238,0.585552,0.598309,0.607481,0.574076,0.583116,0.520929,0.607468,0.641905,0.645985,0.544087,0.618954,0.574049,0.536695,0.544715,0.483602,0.651117,0.578457,0.51465,0.636987,0.647723,0.604023,0.587022,0.513843,0.506833,0.546816,1.0,0.693161,0.625084,0.5988,0.687427,0.591324,0.582249,0.565594,0.623603,0.665154,0.658254,0.571448,0.609481,0.567203,0.621657,0.456802,0.613667,0.557805,0.579894,0.66705,0.54989,0.645666,0.641317,0.604601,0.560955,0.576278,0.58892,0.591928,0.546318,0.582104,0.564831,0.523095,0.533226,0.477254,0.417129,0.499557,0.607149,0.551695,0.586536,0.590307,0.640573,0.555013,0.653494,0.587224,0.509806,0.572796,0.528155,0.573395,0.575897,0.631175,0.570911,0.594106,0.568737,0.579926,0.649598,0.506937,0.660325,0.598086,0.610939,0.645106,0.568922,0.575855,0.554303,0.563367,0.550569,0.653065,0.635191,0.559233,0.60264,0.583657,0.380953,0.609329,0.55302,0.604734,0.619509,0.555901,0.568406,0.619197,0.665039,0.550943,0.572579,0.638493,0.585949
Fryingpan,0.614253,0.773179,0.752494,0.652407,0.652507,0.621749,0.66629,0.600277,0.687239,0.744956,0.667879,0.67265,0.720715,0.644686,0.730721,0.65974,0.690359,0.485721,0.650148,0.683952,0.737558,0.717329,0.686273,0.627826,0.711231,0.633519,0.64998,0.633963,0.741725,0.752789,0.727908,0.637387,0.713553,0.697821,0.57434,0.666399,0.567796,0.774191,0.701505,0.598088,0.765479,0.727657,0.710514,0.717133,0.557778,0.635907,0.628815,0.693161,1.0,0.765956,0.677617,0.793146,0.720521,0.680757,0.649741,0.721362,0.789631,0.753697,0.691037,0.734502,0.702219,0.65616,0.53425,0.693974,0.663414,0.685848,0.774159,0.670013,0.737629,0.719124,0.718431,0.693162,0.663984,0.696992,0.668072,0.628434,0.636686,0.650383,0.621419,0.676835,0.546153,0.496264,0.486595,0.687804,0.657283,0.669109,0.717421,0.767562,0.640073,0.773561,0.669806,0.540528,0.689946,0.648519,0.679095,0.649751,0.735706,0.699172,0.674142,0.646259,0.593451,0.765652,0.572785,0.736758,0.729675,0.740053,0.756818,0.658322,0.692522,0.600264,0.675646,0.613256,0.722544,0.699542,0.66941,0.700856,0.687262,0.438007,0.74997,0.660581,0.682383,0.694937,0.659651,0.659696,0.683673,0.779151,0.63221,0.660668,0.70474,0.598937
Glasses,0.582679,0.696684,0.605788,0.641534,0.696036,0.575415,0.597501,0.544271,0.706648,0.71925,0.729288,0.730875,0.781771,0.676592,0.703435,0.678744,0.711039,0.52715,0.660568,0.671093,0.692013,0.740774,0.706258,0.607372,0.724546,0.670944,0.631517,0.725476,0.74578,0.732384,0.652919,0.641454,0.733696,0.730017,0.585319,0.728568,0.5782,0.734744,0.723422,0.699092,0.728582,0.718559,0.708115,0.76082,0.599294,0.720293,0.575611,0.625084,0.765956,1.0,0.672082,0.792996,0.726459,0.660614,0.686514,0.74052,0.738378,0.701425,0.705317,0.763167,0.754928,0.687325,0.600874,0.707609,0.688768,0.740951,0.748961,0.699963,0.686899,0.712839,0.691757,0.703684,0.634477,0.690524,0.689415,0.640353,0.631455,0.628847,0.679087,0.753781,0.568502,0.499074,0.42936,0.693824,0.708589,0.628752,0.749178,0.754244,0.669388,0.736455,0.698581,0.544803,0.693572,0.671536,0.694898,0.605266,0.804718,0.743056,0.592492,0.606759,0.604909,0.760141,0.596682,0.689615,0.755082,0.755636,0.746459,0.669406,0.723359,0.572834,0.683161,0.562179,0.707273,0.714214,0.721507,0.735995,0.664289,0.490538,0.769734,0.705397,0.739667,0.664091,0.685765,0.687581,0.729986,0.771356,0.687035,0.697806,0.677514,0.516765
Glove,0.638147,0.720756,0.618956,0.727358,0.692801,0.579444,0.589467,0.59057,0.692325,0.747692,0.650723,0.69021,0.605677,0.672896,0.673734,0.683142,0.680868,0.560087,0.685075,0.723419,0.68233,0.690118,0.696524,0.642768,0.701692,0.672031,0.621129,0.684895,0.723867,0.690667,0.60579,0.666815,0.705131,0.686032,0.596657,0.67491,0.61995,0.668256,0.726441,0.602094,0.717273,0.749205,0.688135,0.713297,0.615151,0.642632,0.627688,0.5988,0.677617,0.672082,1.0,0.69227,0.710661,0.696457,0.666966,0.735879,0.707846,0.670921,0.722719,0.686497,0.719835,0.690605,0.598119,0.721781,0.681581,0.714857,0.726147,0.744512,0.673006,0.687015,0.68119,0.741399,0.686028,0.712631,0.665878,0.69756,0.629977,0.631899,0.7098,0.666734,0.590329,0.575214,0.476952,0.68571,0.70559,0.629796,0.735572,0.711773,0.671991,0.659282,0.701188,0.56876,0.689727,0.719535,0.682228,0.667713,0.689765,0.710446,0.633407,0.643972,0.659777,0.720508,0.672877,0.710329,0.727031,0.712041,0.721858,0.648089,0.713446,0.709364,0.735599,0.645147,0.643129,0.701842,0.699178,0.695847,0.67446,0.50206,0.760389,0.690195,0.722179,0.68207,0.659155,0.72046,0.725993,0.725386,0.708021,0.708719,0.68943,0.51759
Goggles,0.61788,0.712597,0.674393,0.661941,0.668867,0.615064,0.604601,0.581456,0.712166,0.721334,0.714343,0.70823,0.737817,0.67573,0.741055,0.652514,0.689834,0.503878,0.660959,0.675216,0.732771,0.763497,0.705717,0.631007,0.718766,0.655789,0.643432,0.654239,0.744219,0.738899,0.683625,0.642297,0.762547,0.725655,0.58499,0.69992,0.568741,0.747409,0.73747,0.625048,0.760991,0.753394,0.697856,0.739597,0.591613,0.675499,0.583749,0.687427,0.793146,0.792996,0.69227,1.0,0.730772,0.666175,0.686402,0.734807,0.757633,0.755279,0.692742,0.755459,0.721356,0.713103,0.553197,0.701077,0.665876,0.734722,0.754491,0.68517,0.726054,0.73059,0.717208,0.701328,0.665639,0.690375,0.666416,0.636091,0.663978,0.654315,0.638961,0.71609,0.560384,0.489121,0.468577,0.716109,0.680347,0.629485,0.739699,0.764337,0.66063,0.749293,0.723058,0.544392,0.691267,0.649056,0.683405,0.635533,0.779029,0.728898,0.640049,0.620005,0.628199,0.769314,0.595116,0.709662,0.736154,0.773831,0.77407,0.661327,0.728441,0.594437,0.684405,0.601874,0.701761,0.731109,0.701292,0.751571,0.664798,0.454862,0.751181,0.720386,0.71619,0.678685,0.682889,0.68401,0.762923,0.787923,0.66584,0.66211,0.695911,0.548453
Grill,0.658058,0.673486,0.568635,0.734284,0.753942,0.563952,0.597667,0.57011,0.767491,0.772659,0.703876,0.75744,0.696096,0.71526,0.70119,0.714018,0.746612,0.57098,0.705627,0.737901,0.676197,0.779959,0.738364,0.613033,0.736596,0.668899,0.658604,0.709638,0.800946,0.719979,0.654959,0.72732,0.736966,0.737469,0.586085,0.765898,0.656553,0.69156,0.784067,0.680052,0.730403,0.740593,0.71487,0.762954,0.59226,0.680168,0.59151,0.591324,0.720521,0.726459,0.710661,0.730772,1.0,0.676638,0.67887,0.754573,0.719069,0.688782,0.760511,0.714372,0.750384,0.703776,0.644629,0.730033,0.733834,0.774365,0.736606,0.73235,0.700429,0.670088,0.701281,0.808834,0.669746,0.684519,0.661168,0.661575,0.639365,0.737963,0.680755,0.725449,0.635384,0.533303,0.422746,0.715424,0.73807,0.639742,0.758736,0.781508,0.678878,0.685717,0.726189,0.557166,0.711101,0.720581,0.744475,0.651832,0.728559,0.766484,0.601804,0.608998,0.643887,0.741985,0.653576,0.738368,0.712906,0.790019,0.776162,0.680301,0.775619,0.665695,0.785798,0.610404,0.66356,0.733154,0.705889,0.770708,0.708155,0.503516,0.79511,0.770679,0.743652,0.67413,0.689249,0.71751,0.750094,0.743013,0.717932,0.668939,0.657855,0.497977
Hairbrush,0.698766,0.730026,0.603576,0.627218,0.67037,0.638003,0.64654,0.631119,0.663567,0.711209,0.677718,0.698865,0.601449,0.671119,0.635498,0.676187,0.674843,0.572257,0.678979,0.699053,0.703643,0.653514,0.69001,0.606185,0.722568,0.678245,0.616948,0.705195,0.683557,0.657511,0.592534,0.664735,0.651064,0.671885,0.610654,0.660946,0.629389,0.656793,0.679002,0.620908,0.685074,0.720534,0.697041,0.695702,0.621602,0.689325,0.649272,0.582249,0.680757,0.660614,0.696457,0.666175,0.676638,1.0,0.672334,0.692255,0.698045,0.627662,0.685591,0.699882,0.733329,0.667593,0.607709,0.703679,0.67598,0.661069,0.71897,0.74223,0.642685,0.689139,0.648383,0.694252,0.633827,0.708083,0.666459,0.735236,0.686161,0.616105,0.737346,0.704056,0.603865,0.602999,0.463722,0.654141,0.727601,0.639181,0.737178,0.68534,0.692789,0.652726,0.65645,0.575511,0.655424,0.734116,0.671185,0.678022,0.676673,0.672223,0.616262,0.642383,0.629883,0.709676,0.681925,0.685162,0.742286,0.705101,0.672968,0.662496,0.654866,0.626825,0.691747,0.623854,0.709363,0.656004,0.727521,0.687251,0.676095,0.539206,0.717479,0.630771,0.706452,0.669853,0.666359,0.704747,0.663238,0.687534,0.684505,0.700261,0.677648,0.574297
Hairclip,0.614776,0.665558,0.560498,0.631836,0.660601,0.570716,0.57342,0.568657,0.681805,0.682152,0.693463,0.708878,0.619826,0.64827,0.636079,0.653173,0.67507,0.560761,0.645098,0.662676,0.661524,0.686056,0.649973,0.593751,0.676369,0.656602,0.598406,0.677149,0.672872,0.639095,0.568864,0.615068,0.667649,0.689902,0.582748,0.68393,0.575698,0.634917,0.693802,0.634577,0.664391,0.695105,0.643164,0.694089,0.610914,0.692041,0.592528,0.565594,0.649741,0.686514,0.666966,0.686402,0.67887,0.672334,1.0,0.682637,0.669396,0.618628,0.662983,0.70471,0.711937,0.673666,0.582178,0.681307,0.64701,0.689237,0.675319,0.677111,0.608526,0.657392,0.636352,0.690408,0.644975,0.675676,0.636687,0.646029,0.655021,0.600092,0.671756,0.709566,0.572389,0.548933,0.473573,0.654385,0.678463,0.582778,0.697143,0.686339,0.633261,0.648773,0.669736,0.557179,0.637513,0.680061,0.653746,0.612406,0.680262,0.679668,0.577132,0.621945,0.620258,0.706763,0.618249,0.664585,0.690086,0.720212,0.696238,0.640634,0.66977,0.586816,0.665709,0.576768,0.647244,0.675309,0.697073,0.719611,0.620341,0.512366,0.70537,0.672002,0.704242,0.627223,0.650207,0.658873,0.706466,0.688759,0.686356,0.665475,0.67809,0.520261
Handbag,0.669615,0.713815,0.62342,0.745744,0.735231,0.597001,0.624453,0.603901,0.728373,0.77521,0.687097,0.714397,0.71401,0.692276,0.699,0.722706,0.720676,0.577186,0.707258,0.741126,0.707259,0.724959,0.727341,0.638097,0.732114,0.693843,0.664887,0.717915,0.766623,0.726568,0.670008,0.696165,0.738723,0.705248,0.620872,0.720659,0.641441,0.714696,0.745643,0.656307,0.727194,0.75919,0.729844,0.764728,0.608714,0.663166,0.63219,0.623603,0.721362,0.74052,0.735879,0.734807,0.754573,0.692255,0.682637,1.0,0.732217,0.722753,0.761646,0.70972,0.748964,0.722278,0.65241,0.745482,0.742828,0.75151,0.751648,0.747594,0.730282,0.698936,0.706839,0.761604,0.685346,0.708228,0.702267,0.694202,0.651478,0.675195,0.712163,0.694461,0.627199,0.544417,0.487285,0.693068,0.721663,0.65299,0.7505,0.754028,0.688365,0.707537,0.722578,0.586413,0.710992,0.747424,0.719269,0.687899,0.755126,0.75266,0.643189,0.651649,0.665839,0.749462,0.68265,0.746026,0.741979,0.743396,0.743631,0.669051,0.75452,0.715332,0.749985,0.641636,0.699549,0.749644,0.711802,0.727679,0.692274,0.517803,0.793696,0.714012,0.753847,0.70146,0.688406,0.719941,0.726847,0.761027,0.719871,0.752074,0.69576,0.550491
Hat,0.632289,0.769651,0.717527,0.675277,0.664501,0.62331,0.661075,0.63755,0.71044,0.747367,0.700509,0.704945,0.668091,0.665002,0.693638,0.683033,0.706359,0.527661,0.683371,0.705072,0.729645,0.709882,0.683941,0.648915,0.709418,0.652394,0.633769,0.66094,0.718381,0.723423,0.667761,0.649651,0.708394,0.732734,0.611611,0.690096,0.588932,0.732879,0.705616,0.60981,0.754219,0.743176,0.697978,0.708341,0.58603,0.669635,0.65681,0.665154,0.789631,0.738378,0.707846,0.757633,0.719069,0.698045,0.669396,0.732217,1.0,0.701534,0.690423,0.740034,0.702728,0.671684,0.555403,0.714066,0.664386,0.689601,0.746629,0.691372,0.697477,0.709426,0.696997,0.698363,0.680435,0.721621,0.666541,0.661178,0.649808,0.647313,0.654141,0.702287,0.575204,0.524393,0.481086,0.695981,0.670373,0.659908,0.716158,0.751481,0.647895,0.723398,0.678448,0.575064,0.688873,0.667116,0.686587,0.661616,0.700938,0.691764,0.667179,0.654325,0.638177,0.774276,0.598629,0.733099,0.727415,0.75409,0.746368,0.691945,0.683301,0.655398,0.698444,0.632067,0.705169,0.724359,0.695763,0.723642,0.683538,0.46892,0.739417,0.676953,0.71236,0.686777,0.699003,0.674244,0.704097,0.753007,0.658308,0.67593,0.720721,0.579768
Headphones,0.616254,0.696337,0.669521,0.682713,0.643625,0.593694,0.584046,0.56782,0.649851,0.713846,0.587706,0.611444,0.730945,0.576559,0.737994,0.628037,0.619887,0.482373,0.592955,0.660383,0.717639,0.701723,0.635722,0.593153,0.66054,0.615559,0.635997,0.581553,0.719413,0.692081,0.712789,0.587133,0.731094,0.615235,0.540566,0.619892,0.521902,0.741659,0.70107,0.551127,0.731021,0.712448,0.68636,0.730881,0.552789,0.533726,0.598841,0.658254,0.753697,0.701425,0.670921,0.755279,0.688782,0.627662,0.618628,0.722753,0.701534,1.0,0.691557,0.628507,0.680169,0.676955,0.527806,0.664224,0.664153,0.700959,0.750363,0.633622,0.779091,0.675846,0.711304,0.692209,0.662734,0.660719,0.647985,0.586268,0.645794,0.601247,0.570241,0.571,0.513722,0.489949,0.482271,0.640822,0.612035,0.587812,0.672174,0.713302,0.586202,0.727814,0.677923,0.521672,0.64637,0.648105,0.63812,0.647607,0.746143,0.705871,0.651782,0.623149,0.588195,0.685829,0.558354,0.712714,0.68481,0.674684,0.718037,0.56068,0.729191,0.641709,0.646766,0.637788,0.685847,0.694805,0.601004,0.657172,0.609364,0.431651,0.726207,0.661132,0.669743,0.651918,0.570468,0.620427,0.678798,0.75143,0.628505,0.651273,0.661664,0.581484
Hourglass,0.627689,0.696971,0.577196,0.740232,0.796462,0.545646,0.593935,0.540492,0.729233,0.807261,0.641927,0.722813,0.689275,0.696694,0.677985,0.734919,0.711744,0.591463,0.690022,0.753873,0.673273,0.693546,0.728322,0.62163,0.723663,0.694186,0.65931,0.74632,0.802147,0.721154,0.657645,0.703735,0.68944,0.668778,0.578186,0.738107,0.682941,0.684788,0.75633,0.672583,0.698556,0.750428,0.745973,0.781088,0.60966,0.638045,0.598102,0.571448,0.691037,0.705317,0.722719,0.692742,0.760511,0.685591,0.662983,0.761646,0.690423,0.691557,1.0,0.67834,0.771632,0.704438,0.699896,0.755787,0.778802,0.745982,0.770732,0.7852,0.709898,0.689226,0.694753,0.805456,0.653288,0.70785,0.696847,0.699309,0.617811,0.672785,0.78863,0.678183,0.660798,0.561387,0.453024,0.668232,0.783128,0.648673,0.766839,0.74424,0.691549,0.684638,0.7012,0.565743,0.730483,0.773128,0.740642,0.66902,0.737766,0.755977,0.594655,0.630643,0.634352,0.710117,0.738112,0.752395,0.754899,0.715548,0.726279,0.637904,0.75335,0.689084,0.760398,0.633233,0.677627,0.696879,0.711385,0.700049,0.699122,0.534792,0.825964,0.695996,0.746442,0.701338,0.639561,0.752936,0.705434,0.746594,0.752335,0.775683,0.671609,0.50475
Kayak,0.596181,0.709693,0.610097,0.623545,0.669891,0.563796,0.596087,0.563593,0.717368,0.712119,0.772058,0.753136,0.647788,0.710312,0.656563,0.676064,0.738948,0.552196,0.684197,0.682554,0.71662,0.737775,0.70712,0.615104,0.725721,0.666167,0.608345,0.732347,0.705999,0.694521,0.590045,0.662691,0.697481,0.76059,0.596065,0.720925,0.600836,0.673994,0.727391,0.652312,0.710585,0.746975,0.688106,0.719414,0.603159,0.794464,0.584021,0.609481,0.734502,0.763167,0.686497,0.755459,0.714372,0.699882,0.70471,0.70972,0.740034,0.628507,0.67834,1.0,0.747113,0.689489,0.591326,0.711345,0.651708,0.719939,0.708146,0.725497,0.615914,0.707745,0.656832,0.709833,0.642551,0.701208,0.673884,0.688416,0.632175,0.632769,0.731976,0.822599,0.593274,0.511378,0.443832,0.698694,0.738396,0.625546,0.765556,0.741366,0.694077,0.693286,0.693306,0.553706,0.668396,0.696177,0.693334,0.612844,0.728328,0.714668,0.579432,0.610637,0.614249,0.781406,0.652424,0.679974,0.758875,0.797021,0.745704,0.698349,0.681295,0.571279,0.694823,0.562152,0.698339,0.707871,0.781673,0.781254,0.669857,0.510628,0.736236,0.704578,0.733863,0.660884,0.7239,0.708341,0.751603,0.73452,0.690824,0.69994,0.696943,0.490546
Key,0.632207,0.71635,0.552967,0.68736,0.753321,0.567233,0.585209,0.559048,0.721188,0.773471,0.720713,0.765875,0.706387,0.721105,0.69271,0.726729,0.723803,0.615866,0.69953,0.745751,0.703746,0.734591,0.747735,0.614562,0.753497,0.720272,0.657788,0.783512,0.774026,0.70623,0.629657,0.706445,0.723495,0.704852,0.586967,0.740546,0.667782,0.698418,0.781014,0.686933,0.715582,0.757605,0.744544,0.804717,0.645235,0.742002,0.608753,0.567203,0.702219,0.754928,0.719835,0.721356,0.750384,0.733329,0.711937,0.748964,0.702728,0.680169,0.771632,0.747113,1.0,0.706812,0.68288,0.745905,0.7438,0.770338,0.755526,0.793864,0.687441,0.722795,0.692152,0.804418,0.664931,0.734015,0.714767,0.736152,0.651321,0.651117,0.789124,0.769042,0.643514,0.596847,0.443947,0.696501,0.810474,0.625362,0.804793,0.749383,0.740325,0.708903,0.731603,0.574351,0.70452,0.811704,0.730946,0.665078,0.78538,0.781645,0.586754,0.636804,0.631002,0.743698,0.726979,0.716312,0.797102,0.754685,0.735347,0.658346,0.767767,0.620068,0.755359,0.614704,0.712835,0.6917,0.779372,0.750246,0.687422,0.577155,0.813495,0.722489,0.767707,0.684266,0.67855,0.758027,0.737888,0.748308,0.77571,0.754376,0.688134,0.497943
Kite,0.649533,0.64158,0.5645,0.682821,0.701559,0.591756,0.567792,0.579307,0.696716,0.688261,0.658585,0.683556,0.677015,0.664541,0.666871,0.675673,0.683852,0.565279,0.663817,0.667648,0.683868,0.694418,0.662912,0.606079,0.687804,0.678657,0.620289,0.681289,0.698775,0.654811,0.605455,0.63974,0.696327,0.663497,0.594676,0.691133,0.590825,0.634597,0.719871,0.651254,0.669398,0.728635,0.676307,0.706294,0.629934,0.63612,0.588976,0.621657,0.65616,0.687325,0.690605,0.713103,0.703776,0.667593,0.673666,0.722278,0.671684,0.676955,0.704438,0.689489,0.706812,1.0,0.628777,0.70253,0.677318,0.724722,0.694493,0.685432,0.645062,0.672269,0.669515,0.719332,0.661756,0.662005,0.67428,0.668945,0.697901,0.619791,0.675903,0.670565,0.583335,0.540169,0.479933,0.659703,0.707292,0.597268,0.709929,0.696929,0.639666,0.64663,0.691871,0.575214,0.638873,0.696627,0.67229,0.649627,0.718833,0.709551,0.614525,0.620907,0.678117,0.712782,0.669646,0.686847,0.685852,0.714617,0.728087,0.628495,0.71872,0.655424,0.6848,0.605458,0.695466,0.724911,0.686664,0.735051,0.636585,0.518273,0.729525,0.684254,0.738178,0.65463,0.627277,0.675217,0.732792,0.711686,0.700313,0.678668,0.677562,0.544572
Ladder,0.579895,0.545242,0.420729,0.602213,0.757389,0.447346,0.511671,0.491923,0.629702,0.646157,0.57773,0.650963,0.614151,0.648442,0.502392,0.648111,0.636583,0.524751,0.616777,0.637255,0.547626,0.544718,0.634588,0.513436,0.640656,0.629421,0.577008,0.722944,0.664912,0.579691,0.50693,0.646833,0.541205,0.563908,0.517322,0.680523,0.663131,0.525597,0.617985,0.696474,0.538394,0.636567,0.645545,0.675431,0.529774,0.604582,0.48134,0.456802,0.53425,0.600874,0.598119,0.553197,0.644629,0.607709,0.582178,0.65241,0.555403,0.527806,0.699896,0.591326,0.68288,0.628777,1.0,0.658276,0.723894,0.637284,0.613384,0.709491,0.548521,0.580454,0.548475,0.677402,0.50316,0.576519,0.620564,0.651794,0.530355,0.586615,0.72775,0.638211,0.620609,0.489423,0.343868,0.56227,0.733053,0.547221,0.657915,0.597738,0.638584,0.537226,0.567483,0.510072,0.586996,0.695814,0.648042,0.587295,0.642153,0.639967,0.454961,0.510112,0.560386,0.595505,0.712991,0.57714,0.646562,0.611626,0.571168,0.575004,0.62075,0.567836,0.672466,0.479774,0.641172,0.600697,0.652251,0.605794,0.604431,0.503266,0.677306,0.567386,0.67758,0.584075,0.580186,0.665411,0.581742,0.604704,0.664774,0.706494,0.5307,0.419684
Lamp,0.633048,0.718423,0.619861,0.700591,0.733914,0.576606,0.605535,0.599959,0.714309,0.769899,0.675165,0.715315,0.647769,0.700557,0.654049,0.719913,0.710278,0.583796,0.695638,0.725178,0.690489,0.682456,0.717232,0.647535,0.731195,0.699071,0.635117,0.732135,0.751354,0.706271,0.625039,0.690954,0.684298,0.69444,0.60892,0.705926,0.657274,0.681391,0.721572,0.672501,0.699296,0.762234,0.726091,0.744846,0.624825,0.680804,0.619958,0.613667,0.693974,0.707609,0.721781,0.701077,0.730033,0.703679,0.681307,0.745482,0.714066,0.664224,0.755787,0.711345,0.745905,0.70253,0.658276,1.0,0.723455,0.716238,0.762582,0.768603,0.677528,0.7032,0.676298,0.752035,0.663747,0.720437,0.696049,0.713531,0.638351,0.654321,0.753694,0.713581,0.627165,0.560766,0.469805,0.680028,0.748658,0.652278,0.754003,0.731271,0.696523,0.681283,0.684207,0.583746,0.707335,0.744914,0.714724,0.672396,0.715097,0.721592,0.608017,0.64145,0.658876,0.726983,0.700703,0.735814,0.752768,0.731375,0.718035,0.669599,0.705844,0.677523,0.742374,0.623294,0.698829,0.719234,0.731192,0.711558,0.699682,0.529184,0.777234,0.675348,0.755767,0.699775,0.668725,0.746354,0.713389,0.736454,0.731964,0.74867,0.701391,0.538961
Lantern,0.65876,0.661736,0.551765,0.695333,0.785997,0.54363,0.623073,0.566401,0.706483,0.752623,0.631774,0.702271,0.703663,0.703466,0.629622,0.717965,0.691335,0.561714,0.684019,0.738096,0.64077,0.653725,0.730165,0.581359,0.71669,0.674001,0.662577,0.728556,0.785749,0.701721,0.650052,0.728422,0.649069,0.636957,0.5705,0.729822,0.722118,0.663774,0.712611,0.678421,0.66186,0.707044,0.734988,0.765613,0.566986,0.62831,0.57699,0.557805,0.663414,0.688768,0.681581,0.665876,0.733834,0.67598,0.64701,0.742828,0.664386,0.664153,0.778802,0.651708,0.7438,0.677318,0.723894,0.723455,1.0,0.710324,0.723693,0.776586,0.701985,0.673115,0.64926,0.756136,0.600057,0.66123,0.666535,0.686555,0.5964,0.687245,0.742734,0.667613,0.669618,0.524164,0.416707,0.65757,0.760078,0.640537,0.727892,0.707223,0.696035,0.657066,0.656997,0.550376,0.705478,0.736067,0.720538,0.658354,0.716876,0.712294,0.542373,0.589585,0.609345,0.681167,0.720798,0.711492,0.716323,0.682938,0.662895,0.646544,0.703867,0.647507,0.750845,0.584275,0.69968,0.667595,0.687533,0.680481,0.705018,0.514,0.772265,0.66058,0.714373,0.677498,0.646974,0.726613,0.655102,0.712802,0.717709,0.727362,0.619637,0.521051
Lawnmower,0.631514,0.667836,0.543113,0.738653,0.724365,0.557538,0.554659,0.531994,0.729932,0.746134,0.696854,0.72729,0.733873,0.674896,0.724338,0.702973,0.722889,0.612511,0.67235,0.713444,0.664958,0.787776,0.712255,0.609086,0.717195,0.684813,0.646692,0.709499,0.770951,0.700247,0.645248,0.670363,0.760516,0.699789,0.573473,0.722312,0.601167,0.677142,0.813401,0.656118,0.726163,0.735094,0.699421,0.764908,0.639851,0.670035,0.586823,0.579894,0.685848,0.740951,0.714857,0.734722,0.774365,0.661069,0.689237,0.75151,0.689601,0.700959,0.745982,0.719939,0.770338,0.724722,0.637284,0.716238,0.710324,1.0,0.715914,0.715474,0.68809,0.681737,0.70366,0.812322,0.699192,0.690673,0.687945,0.662037,0.645303,0.65292,0.675908,0.703469,0.591236,0.56384,0.46899,0.69641,0.733745,0.596102,0.755925,0.757099,0.667939,0.682949,0.777865,0.561348,0.687649,0.748655,0.718452,0.643644,0.764272,0.807202,0.606276,0.620435,0.636312,0.737466,0.659048,0.727801,0.722309,0.750187,0.762338,0.628893,0.820392,0.642693,0.754395,0.632457,0.656659,0.712556,0.71011,0.76958,0.656,0.543828,0.803954,0.796875,0.741051,0.660771,0.645277,0.70997,0.788736,0.740037,0.747048,0.668865,0.687883,0.476383
Lightbulb,0.643895,0.757772,0.682403,0.700364,0.717659,0.621796,0.63629,0.592427,0.704035,0.793909,0.651511,0.6897,0.700711,0.679099,0.716137,0.711843,0.700852,0.545708,0.67427,0.720428,0.717938,0.706353,0.730551,0.650963,0.752406,0.696421,0.662679,0.694615,0.787144,0.758066,0.709585,0.682448,0.727949,0.678633,0.598503,0.67951,0.622744,0.765572,0.727511,0.649339,0.752718,0.764438,0.758801,0.768239,0.62467,0.639446,0.634475,0.66705,0.774159,0.748961,0.726147,0.754491,0.736606,0.71897,0.675319,0.751648,0.746629,0.750363,0.770732,0.708146,0.755526,0.694493,0.613384,0.762582,0.723693,0.715914,1.0,0.758888,0.755292,0.740594,0.726347,0.752645,0.68444,0.73544,0.711606,0.700564,0.659443,0.659639,0.716192,0.677153,0.598006,0.558597,0.480612,0.697465,0.724352,0.679856,0.772749,0.764581,0.703536,0.760051,0.697801,0.560226,0.740071,0.736629,0.714987,0.687636,0.76011,0.733954,0.6532,0.657654,0.640251,0.734207,0.670302,0.787468,0.777045,0.726829,0.742605,0.653181,0.728039,0.676114,0.732128,0.654102,0.715448,0.714004,0.707226,0.692631,0.713749,0.498555,0.802252,0.676556,0.73964,0.728695,0.643273,0.748894,0.704814,0.782559,0.723147,0.744349,0.720605,0.585074
Lipstick,0.626881,0.703984,0.566526,0.691942,0.764125,0.544848,0.570802,0.575979,0.690921,0.783944,0.674786,0.721631,0.600397,0.779234,0.627177,0.719137,0.692598,0.561972,0.718584,0.761846,0.662985,0.659801,0.815804,0.607374,0.775412,0.716928,0.622706,0.79782,0.800939,0.711559,0.579323,0.781472,0.672474,0.671419,0.575769,0.703918,0.753032,0.664466,0.73501,0.662145,0.697791,0.793491,0.767081,0.789513,0.605642,0.726748,0.55289,0.54989,0.670013,0.699963,0.744512,0.68517,0.73235,0.74223,0.677111,0.747594,0.691372,0.633622,0.7852,0.725497,0.793864,0.685432,0.709491,0.768603,0.776586,0.715474,0.758888,1.0,0.676832,0.751698,0.653656,0.783539,0.610058,0.712347,0.69187,0.80201,0.582286,0.678748,0.883438,0.765645,0.666656,0.539033,0.38212,0.700877,0.854037,0.647202,0.819749,0.717512,0.81927,0.655353,0.698591,0.540684,0.748903,0.796651,0.726625,0.684795,0.721749,0.735036,0.545561,0.581451,0.638018,0.710284,0.818852,0.696863,0.83259,0.723616,0.671631,0.669047,0.704909,0.683621,0.800474,0.594659,0.705922,0.670547,0.804835,0.690821,0.748035,0.528042,0.799816,0.66115,0.766238,0.705477,0.701481,0.844365,0.699387,0.729815,0.762627,0.790746,0.635391,0.456802
Lock,0.622473,0.701018,0.672132,0.69095,0.653667,0.601876,0.619452,0.58278,0.652861,0.742832,0.581651,0.60789,0.716303,0.613098,0.714271,0.657786,0.628073,0.4894,0.63279,0.697946,0.682628,0.684843,0.688888,0.606042,0.682801,0.627678,0.659751,0.597948,0.745932,0.716653,0.738992,0.645145,0.718668,0.601969,0.553541,0.618322,0.596126,0.753034,0.689223,0.554445,0.718205,0.703595,0.707757,0.738145,0.535515,0.534759,0.619926,0.645666,0.737629,0.686899,0.673006,0.726054,0.700429,0.642685,0.608526,0.730282,0.697477,0.779091,0.709898,0.615914,0.687441,0.645062,0.548521,0.677528,0.701985,0.68809,0.755292,0.676832,1.0,0.686852,0.694894,0.701066,0.645291,0.660696,0.643057,0.619255,0.596914,0.655804,0.603534,0.571829,0.573652,0.494763,0.488525,0.651755,0.640738,0.626901,0.684376,0.72672,0.636661,0.724072,0.67666,0.534341,0.678837,0.673417,0.665979,0.663417,0.730916,0.700939,0.615143,0.614275,0.592597,0.672873,0.595175,0.742431,0.697843,0.662151,0.682918,0.588966,0.708732,0.638104,0.686797,0.649803,0.672957,0.664881,0.607302,0.64103,0.650701,0.433987,0.736054,0.65778,0.655417,0.676675,0.60507,0.660172,0.646987,0.738885,0.639049,0.652267,0.652129,0.597934
Lollipop,0.587126,0.742027,0.679959,0.631399,0.658786,0.611259,0.589124,0.579145,0.642392,0.697008,0.649478,0.653834,0.660241,0.681486,0.653739,0.659253,0.644386,0.528229,0.656754,0.678314,0.672074,0.659906,0.727611,0.620869,0.715923,0.682117,0.624042,0.68584,0.715341,0.702083,0.645257,0.665857,0.696605,0.634498,0.562167,0.63413,0.621916,0.70453,0.691517,0.595967,0.70697,0.74166,0.71239,0.715943,0.609265,0.64767,0.580876,0.641317,0.719124,0.712839,0.687015,0.73059,0.670088,0.689139,0.657392,0.698936,0.709426,0.675846,0.689226,0.707745,0.722795,0.672269,0.580454,0.7032,0.673115,0.681737,0.740594,0.751698,0.686852,1.0,0.658059,0.683524,0.633301,0.697325,0.677601,0.70324,0.61892,0.613065,0.726242,0.677673,0.573985,0.510742,0.501265,0.6796,0.731815,0.622026,0.738061,0.702535,0.725071,0.702159,0.687591,0.537171,0.674995,0.684905,0.658569,0.648223,0.708831,0.692159,0.594492,0.613826,0.616174,0.708417,0.671113,0.698604,0.769627,0.675832,0.664292,0.624942,0.672967,0.590007,0.682464,0.606201,0.709632,0.64388,0.712343,0.670405,0.665451,0.488146,0.730382,0.637364,0.697239,0.689224,0.650331,0.723421,0.693223,0.723275,0.693688,0.68324,0.691807,0.542259
Mask,0.610044,0.692472,0.617416,0.689332,0.654218,0.571918,0.582059,0.553209,0.665663,0.722456,0.620858,0.650293,0.679191,0.609691,0.710936,0.649176,0.656857,0.535608,0.627635,0.677191,0.666664,0.705085,0.649794,0.601139,0.671269,0.636609,0.62051,0.618602,0.711488,0.684732,0.657508,0.613543,0.714207,0.645613,0.562943,0.644365,0.55081,0.697935,0.709662,0.584266,0.715273,0.695925,0.671548,0.696785,0.592497,0.581659,0.616602,0.604601,0.718431,0.691757,0.68119,0.717208,0.701281,0.648383,0.636352,0.706839,0.696997,0.711304,0.694753,0.656832,0.692152,0.669515,0.548475,0.676298,0.64926,0.70366,0.726347,0.653656,0.694894,0.658059,1.0,0.715153,0.684112,0.675286,0.642397,0.623122,0.637557,0.615384,0.604486,0.616174,0.543873,0.556458,0.475641,0.650788,0.63692,0.609782,0.694325,0.716747,0.607852,0.694538,0.693825,0.543114,0.66275,0.675804,0.654948,0.644725,0.710112,0.710031,0.649812,0.630146,0.611662,0.703886,0.589015,0.712189,0.683552,0.690946,0.72343,0.601256,0.724067,0.639617,0.675093,0.634648,0.629009,0.676774,0.631379,0.678493,0.634025,0.481436,0.742424,0.680707,0.675035,0.657519,0.600936,0.651216,0.687423,0.721625,0.660063,0.634194,0.675809,0.551595
Microscope,0.643751,0.687796,0.535993,0.767676,0.777419,0.542525,0.568246,0.538621,0.754298,0.809334,0.676936,0.751215,0.688832,0.717992,0.714027,0.744825,0.749117,0.635127,0.698772,0.770136,0.668031,0.769746,0.755209,0.623283,0.749663,0.706448,0.665839,0.742343,0.828001,0.721986,0.649082,0.734512,0.740138,0.697391,0.569753,0.74697,0.668775,0.682044,0.834136,0.665101,0.729218,0.759703,0.734645,0.799989,0.639805,0.671258,0.597321,0.560955,0.693162,0.703684,0.741399,0.701328,0.808834,0.694252,0.690408,0.761604,0.698363,0.692209,0.805456,0.709833,0.804418,0.719332,0.677402,0.752035,0.756136,0.812322,0.752645,0.783539,0.701066,0.683524,0.715153,1.0,0.69473,0.717185,0.696132,0.710756,0.625887,0.705738,0.736705,0.716434,0.64137,0.601049,0.446867,0.714284,0.798781,0.629613,0.793261,0.780277,0.715855,0.683572,0.768723,0.572065,0.730462,0.808772,0.759071,0.673561,0.744562,0.811914,0.601711,0.628389,0.653421,0.741485,0.720969,0.764021,0.745725,0.76649,0.779401,0.645149,0.823111,0.687313,0.811337,0.652338,0.660907,0.705833,0.733142,0.764594,0.706693,0.560619,0.842207,0.780991,0.760174,0.688839,0.647149,0.766224,0.769704,0.745338,0.792283,0.704209,0.675518,0.477431
Minerals,0.606026,0.722412,0.621327,0.705474,0.606169,0.573395,0.566048,0.564717,0.654574,0.695094,0.622066,0.638278,0.605737,0.570125,0.696392,0.653706,0.645803,0.586462,0.631314,0.672191,0.647922,0.690404,0.596811,0.620572,0.627161,0.629273,0.591479,0.587144,0.655572,0.643799,0.616716,0.572127,0.705515,0.646579,0.579718,0.615108,0.520311,0.655867,0.70036,0.546556,0.701869,0.670043,0.617814,0.65207,0.629144,0.570082,0.704084,0.576278,0.663984,0.634477,0.686028,0.665639,0.669746,0.633827,0.644975,0.685346,0.680435,0.662734,0.653288,0.642551,0.664931,0.661756,0.50316,0.663747,0.600057,0.699192,0.68444,0.610058,0.645291,0.633301,0.684112,0.69473,1.0,0.697014,0.628557,0.610428,0.657287,0.569699,0.56001,0.588098,0.522637,0.609963,0.559021,0.627834,0.594006,0.586447,0.653142,0.686019,0.563347,0.66227,0.689961,0.574219,0.63661,0.690274,0.619401,0.646661,0.634764,0.685763,0.683199,0.684941,0.637869,0.693846,0.566359,0.722389,0.641769,0.659905,0.70067,0.588989,0.7053,0.657857,0.660449,0.664176,0.579621,0.680863,0.609918,0.689218,0.597121,0.522617,0.708706,0.683672,0.664352,0.643793,0.589371,0.616585,0.686929,0.681362,0.665958,0.590409,0.738594,0.571505
Mushroom,0.607571,0.784863,0.654873,0.675046,0.670582,0.591703,0.613082,0.591135,0.683011,0.744216,0.675011,0.704888,0.616048,0.640285,0.667603,0.696011,0.672628,0.582534,0.660645,0.711056,0.703394,0.677287,0.660282,0.651269,0.691252,0.671618,0.611645,0.684313,0.696003,0.681745,0.609029,0.623825,0.681155,0.692779,0.593468,0.670034,0.591583,0.6909,0.711022,0.601645,0.710925,0.724917,0.681466,0.71607,0.631179,0.671102,0.684161,0.58892,0.696992,0.690524,0.712631,0.690375,0.684519,0.708083,0.675676,0.708228,0.721621,0.660719,0.70785,0.701208,0.734015,0.662005,0.576519,0.720437,0.66123,0.690673,0.73544,0.712347,0.660696,0.697325,0.675286,0.717185,0.697014,1.0,0.672759,0.686112,0.648096,0.591423,0.701365,0.682015,0.58111,0.614595,0.515322,0.660795,0.697663,0.626464,0.721245,0.707623,0.650469,0.68777,0.678528,0.585063,0.681428,0.731724,0.66761,0.65881,0.682375,0.696876,0.642676,0.689094,0.626276,0.724704,0.637465,0.718561,0.738496,0.701705,0.704702,0.64343,0.686508,0.644575,0.68726,0.660724,0.661412,0.684594,0.702024,0.696576,0.648739,0.526606,0.747634,0.664747,0.715967,0.673214,0.646287,0.691927,0.699733,0.719816,0.708882,0.706993,0.736611,0.55396
Necklace,0.601748,0.681226,0.586931,0.640655,0.669115,0.55993,0.575575,0.549608,0.643352,0.698407,0.62404,0.644368,0.663376,0.633374,0.631702,0.681943,0.662582,0.562916,0.634169,0.654849,0.653145,0.634775,0.656233,0.602719,0.681518,0.66663,0.603135,0.690563,0.685184,0.661487,0.609369,0.615623,0.654917,0.61953,0.568901,0.637943,0.575451,0.649169,0.682327,0.627076,0.653119,0.701466,0.687953,0.705708,0.605737,0.629013,0.591923,0.591928,0.668072,0.689415,0.665878,0.666416,0.661168,0.666459,0.636687,0.702267,0.666541,0.647985,0.696847,0.673884,0.714767,0.67428,0.620564,0.696049,0.666535,0.687945,0.711606,0.69187,0.643057,0.677601,0.642397,0.696132,0.628557,0.672759,1.0,0.673487,0.607749,0.570906,0.694889,0.652922,0.567206,0.535336,0.482782,0.622007,0.705619,0.605784,0.708979,0.678164,0.648732,0.664878,0.656657,0.559075,0.640558,0.726669,0.658593,0.637597,0.710711,0.700325,0.591786,0.617395,0.609314,0.684864,0.662445,0.69265,0.717325,0.65823,0.670949,0.604012,0.681347,0.613547,0.664947,0.598592,0.69881,0.65648,0.686554,0.662457,0.629146,0.52952,0.726907,0.624991,0.706361,0.652587,0.597424,0.680381,0.667876,0.694991,0.695396,0.708486,0.67036,0.526103
Necktie,0.622791,0.681734,0.539313,0.633793,0.684412,0.555804,0.572077,0.593196,0.634788,0.70372,0.645009,0.6671,0.56587,0.720248,0.58812,0.678767,0.649841,0.555368,0.70065,0.708003,0.638729,0.61539,0.749038,0.592929,0.732391,0.691806,0.591788,0.731655,0.699234,0.654717,0.549561,0.720173,0.644392,0.622458,0.589077,0.632068,0.69253,0.618672,0.678764,0.617701,0.644717,0.737221,0.710763,0.700683,0.60284,0.67451,0.585739,0.546318,0.628434,0.640353,0.69756,0.636091,0.661575,0.735236,0.646029,0.694202,0.661178,0.586268,0.699309,0.688416,0.736152,0.668945,0.651794,0.713531,0.686555,0.662037,0.700564,0.80201,0.619255,0.70324,0.623122,0.710756,0.610428,0.686112,0.673487,1.0,0.599562,0.621935,0.794932,0.705367,0.632304,0.557257,0.413738,0.646302,0.78743,0.630965,0.763811,0.66205,0.769282,0.619402,0.664443,0.562154,0.664743,0.760743,0.670428,0.682702,0.675578,0.68044,0.569821,0.577213,0.642263,0.681812,0.751745,0.664537,0.768135,0.674784,0.633411,0.642818,0.65791,0.645702,0.726655,0.591991,0.699948,0.632473,0.750138,0.657265,0.693997,0.522703,0.724335,0.607175,0.711606,0.67695,0.669274,0.77506,0.652407,0.668261,0.711619,0.716887,0.63511,0.500994
Orifan,0.671308,0.641229,0.562578,0.604372,0.616793,0.62584,0.580869,0.60053,0.655311,0.621381,0.645427,0.655312,0.624459,0.573685,0.643459,0.614542,0.634949,0.556393,0.612676,0.617833,0.680695,0.663367,0.564291,0.567879,0.627419,0.620134,0.587552,0.605817,0.606031,0.580541,0.574027,0.552569,0.645484,0.655283,0.593168,0.645189,0.51546,0.615877,0.64108,0.5999,0.641686,0.649173,0.60436,0.632116,0.634394,0.603313,0.629128,0.582104,0.636686,0.631455,0.629977,0.663978,0.639365,0.686161,0.655021,0.651478,0.649808,0.645794,0.617811,0.632175,0.651321,0.697901,0.530355,0.638351,0.5964,0.645303,0.659443,0.582286,0.596914,0.61892,0.637557,0.625887,0.657287,0.648096,0.607749,0.599562,1.0,0.563053,0.578301,0.620191,0.526413,0.570681,0.506357,0.60404,0.58962,0.557304,0.622784,0.643966,0.540782,0.621029,0.615813,0.560835,0.571169,0.6285,0.60307,0.612601,0.632558,0.630974,0.645408,0.649072,0.639436,0.66279,0.556621,0.651606,0.614312,0.677432,0.677539,0.601088,0.646456,0.602978,0.594019,0.596398,0.656519,0.694307,0.613976,0.690821,0.57445,0.522668,0.648346,0.632737,0.679619,0.593173,0.600403,0.564522,0.652036,0.651495,0.626749,0.5961,0.67727,0.580755
Oven,0.623721,0.577569,0.523199,0.639842,0.680238,0.51701,0.575413,0.556345,0.705866,0.687906,0.62983,0.674676,0.592056,0.724565,0.611607,0.649175,0.673392,0.473334,0.691143,0.697237,0.60374,0.696883,0.742375,0.572192,0.68997,0.592461,0.62104,0.62952,0.746939,0.66941,0.613324,0.772906,0.659202,0.667153,0.552243,0.697636,0.702119,0.636637,0.66407,0.611854,0.6447,0.668824,0.660038,0.669163,0.497752,0.611172,0.520161,0.564831,0.650383,0.628847,0.631899,0.654315,0.737963,0.616105,0.600092,0.675195,0.647313,0.601247,0.672785,0.632769,0.651117,0.619791,0.586615,0.654321,0.687245,0.65292,0.659639,0.678748,0.655804,0.613065,0.615384,0.705738,0.569699,0.591423,0.570906,0.621935,0.563053,1.0,0.631232,0.657378,0.657453,0.446701,0.387552,0.677824,0.684641,0.621428,0.680789,0.715308,0.677203,0.612452,0.62351,0.503821,0.666653,0.61285,0.697067,0.606086,0.629304,0.65316,0.523155,0.524696,0.597304,0.658828,0.609133,0.664702,0.631818,0.730189,0.680638,0.663404,0.642038,0.61435,0.734532,0.531042,0.612707,0.669882,0.634734,0.685951,0.698928,0.408378,0.681507,0.679254,0.65343,0.622963,0.692396,0.67283,0.640435,0.661805,0.617835,0.603843,0.577596,0.468284
Paintbrush,0.574727,0.678746,0.518969,0.632527,0.766186,0.511748,0.550604,0.540971,0.67935,0.74526,0.679004,0.729682,0.559106,0.768407,0.566469,0.705427,0.682149,0.560428,0.711737,0.732534,0.667935,0.61415,0.770938,0.597039,0.742384,0.707234,0.598966,0.845461,0.728332,0.658231,0.532201,0.738817,0.612479,0.667388,0.569553,0.714183,0.744791,0.613299,0.69061,0.677439,0.630987,0.788583,0.746935,0.757077,0.601619,0.760502,0.535522,0.523095,0.621419,0.679087,0.7098,0.638961,0.680755,0.737346,0.671756,0.712163,0.654141,0.570241,0.78863,0.731976,0.789124,0.675903,0.72775,0.753694,0.742734,0.675908,0.716192,0.883438,0.603534,0.726242,0.604486,0.736705,0.56001,0.701365,0.694889,0.794932,0.578301,0.631232,1.0,0.79251,0.676998,0.533748,0.374608,0.662508,0.883821,0.619507,0.806415,0.675357,0.793056,0.613571,0.63658,0.541214,0.681064,0.781548,0.712989,0.641436,0.701379,0.702233,0.494815,0.573364,0.61342,0.688878,0.841147,0.644098,0.834166,0.713997,0.646747,0.659659,0.643529,0.635104,0.744275,0.546064,0.710442,0.646731,0.827554,0.670116,0.699778,0.541027,0.76428,0.60926,0.764531,0.679062,0.691226,0.813562,0.670484,0.690414,0.752164,0.880087,0.628972,0.436495
Pen,0.591759,0.655731,0.510029,0.590236,0.69895,0.502035,0.557878,0.557796,0.730966,0.699905,0.809985,0.802062,0.602818,0.752533,0.600846,0.678931,0.746516,0.548341,0.699402,0.688281,0.689791,0.726673,0.726637,0.5724,0.735387,0.660612,0.581313,0.787533,0.708103,0.653961,0.514415,0.701746,0.662573,0.783765,0.587133,0.766304,0.648058,0.632981,0.713826,0.70387,0.673212,0.745933,0.688095,0.740219,0.581387,0.867463,0.54163,0.533226,0.676835,0.753781,0.666734,0.71609,0.725449,0.704056,0.709566,0.694461,0.702287,0.571,0.678183,0.822599,0.769042,0.670565,0.638211,0.713581,0.667613,0.703469,0.677153,0.765645,0.571829,0.677673,0.616174,0.716434,0.588098,0.682015,0.652922,0.705367,0.620191,0.657378,0.79251,1.0,0.633101,0.495732,0.35192,0.688508,0.789833,0.598148,0.783207,0.723803,0.721078,0.641132,0.653576,0.540757,0.655935,0.708546,0.708136,0.587019,0.714843,0.71049,0.504025,0.563058,0.603506,0.750027,0.684031,0.624374,0.773253,0.831219,0.717587,0.7189,0.655541,0.555385,0.720363,0.50548,0.69573,0.700515,0.82488,0.789824,0.673276,0.523107,0.718999,0.700835,0.755073,0.623881,0.757336,0.726823,0.731134,0.700786,0.697183,0.727402,0.634901,0.43596
Pictureframe,0.579454,0.561108,0.456886,0.583305,0.666152,0.467151,0.54921,0.506621,0.640568,0.645271,0.595281,0.645265,0.541452,0.672502,0.51937,0.644211,0.622957,0.49841,0.653893,0.665924,0.565459,0.574001,0.660969,0.537791,0.626209,0.583136,0.573572,0.641854,0.658144,0.598788,0.53605,0.68943,0.558598,0.594823,0.538275,0.659831,0.690782,0.558208,0.599061,0.599278,0.553889,0.609316,0.622202,0.633991,0.494294,0.610829,0.522207,0.477254,0.546153,0.568502,0.590329,0.560384,0.635384,0.603865,0.572389,0.627199,0.575204,0.513722,0.660798,0.593274,0.643514,0.583335,0.620609,0.627165,0.669618,0.591236,0.598006,0.666656,0.573652,0.573985,0.543873,0.64137,0.522637,0.58111,0.567206,0.632304,0.526413,0.657453,0.676998,0.633101,1.0,0.468153,0.388657,0.581624,0.687831,0.583419,0.639244,0.62393,0.643143,0.554023,0.561832,0.510887,0.615967,0.65514,0.645454,0.574938,0.583432,0.599841,0.461711,0.512652,0.559282,0.599746,0.658249,0.608967,0.613926,0.632466,0.578746,0.617869,0.574774,0.566871,0.658624,0.499554,0.580813,0.583681,0.625861,0.614237,0.631611,0.454034,0.634646,0.583678,0.618301,0.588962,0.633947,0.64442,0.57172,0.593274,0.617444,0.632285,0.55619,0.445216
Pinecone,0.529971,0.609935,0.450651,0.580648,0.532786,0.480061,0.507565,0.474243,0.524045,0.585305,0.502503,0.552632,0.480747,0.469572,0.531082,0.557933,0.541097,0.57358,0.514908,0.579469,0.506281,0.51359,0.483904,0.505906,0.515112,0.564291,0.499392,0.547442,0.530325,0.507995,0.46903,0.473377,0.502824,0.512285,0.488288,0.510657,0.472265,0.506196,0.5732,0.498078,0.520368,0.527943,0.509902,0.546444,0.603421,0.499636,0.614126,0.417129,0.496264,0.499074,0.575214,0.489121,0.533303,0.602999,0.548933,0.544417,0.524393,0.489949,0.561387,0.511378,0.596847,0.540169,0.489423,0.560766,0.524164,0.56384,0.558597,0.539033,0.494763,0.510742,0.556458,0.601049,0.609963,0.614595,0.535336,0.557257,0.570681,0.446701,0.533748,0.495732,0.468153,1.0,0.478441,0.485752,0.54317,0.502168,0.548754,0.535015,0.482591,0.520343,0.558238,0.515199,0.518192,0.636324,0.519395,0.54752,0.527578,0.561137,0.553836,0.611193,0.517788,0.555576,0.527768,0.573623,0.541731,0.520734,0.530463,0.482642,0.570951,0.513281,0.559938,0.561359,0.474754,0.508184,0.521978,0.538082,0.495819,0.540717,0.615342,0.527646,0.552344,0.528627,0.471073,0.542175,0.539353,0.529076,0.601092,0.508836,0.59413,0.505022
Pizza,0.469357,0.563494,0.593355,0.494907,0.398277,0.514303,0.495809,0.448589,0.445381,0.471322,0.41988,0.403013,0.481544,0.357089,0.47764,0.48772,0.446352,0.425169,0.43433,0.458911,0.492206,0.455836,0.389554,0.536321,0.436637,0.464979,0.49069,0.383162,0.432043,0.482205,0.513819,0.356226,0.486602,0.422967,0.453984,0.397437,0.335283,0.481234,0.458747,0.356787,0.47473,0.436759,0.428433,0.425177,0.474346,0.372987,0.567139,0.499557,0.486595,0.42936,0.476952,0.468577,0.422746,0.463722,0.473573,0.487285,0.481086,0.482271,0.453024,0.443832,0.443947,0.479933,0.343868,0.469805,0.416707,0.46899,0.480612,0.38212,0.488525,0.501265,0.475641,0.446867,0.559021,0.515322,0.482782,0.413738,0.506357,0.387552,0.374608,0.35192,0.388657,0.478441,1.0,0.435881,0.369397,0.4563,0.408365,0.476409,0.386981,0.508493,0.493609,0.495438,0.452421,0.491747,0.42858,0.482521,0.439907,0.44832,0.520745,0.614808,0.474766,0.48963,0.395152,0.573124,0.430449,0.418715,0.468384,0.408835,0.458529,0.430267,0.394106,0.548791,0.459916,0.46247,0.391708,0.461699,0.397456,0.387244,0.474316,0.449878,0.43735,0.489171,0.396182,0.393135,0.469619,0.485603,0.478678,0.437216,0.68939,0.511505
Plug,0.616627,0.663029,0.589775,0.655398,0.664483,0.572561,0.570641,0.556889,0.701477,0.693732,0.671905,0.695504,0.616721,0.703027,0.660511,0.660138,0.675277,0.50136,0.675007,0.685331,0.653103,0.716886,0.716295,0.624254,0.706687,0.634744,0.623161,0.661266,0.727357,0.68852,0.606081,0.691932,0.709833,0.700288,0.568063,0.690846,0.618106,0.670116,0.711676,0.607859,0.706309,0.714769,0.666836,0.70219,0.565758,0.656774,0.558912,0.607149,0.687804,0.693824,0.68571,0.716109,0.715424,0.654141,0.654385,0.693068,0.695981,0.640822,0.668232,0.698694,0.696501,0.659703,0.56227,0.680028,0.65757,0.69641,0.697465,0.700877,0.651755,0.6796,0.650788,0.714284,0.627834,0.660795,0.622007,0.646302,0.60404,0.677824,0.662508,0.688508,0.581624,0.485752,0.435881,1.0,0.695681,0.60763,0.717031,0.724213,0.682534,0.659677,0.680244,0.527618,0.679423,0.648276,0.675088,0.612039,0.680066,0.69162,0.567743,0.584648,0.619943,0.712974,0.617253,0.675,0.695292,0.732639,0.727009,0.662245,0.68369,0.617891,0.712435,0.580357,0.634249,0.688331,0.687358,0.713377,0.673055,0.447354,0.708471,0.701981,0.698579,0.646868,0.671706,0.690232,0.716569,0.711528,0.676656,0.63822,0.655817,0.481118
Pogostick,0.611054,0.663159,0.511029,0.661324,0.783445,0.538695,0.552825,0.544548,0.70687,0.744999,0.692843,0.747263,0.638395,0.798403,0.605935,0.731756,0.711694,0.57573,0.723203,0.740476,0.654676,0.670445,0.80139,0.596491,0.763733,0.715422,0.626088,0.826034,0.790403,0.700511,0.575627,0.778991,0.665102,0.675267,0.569852,0.740233,0.752148,0.633662,0.75376,0.696242,0.665381,0.774463,0.757691,0.793604,0.615684,0.741215,0.537726,0.551695,0.657283,0.708589,0.70559,0.680347,0.73807,0.727601,0.678463,0.721663,0.670373,0.612035,0.783128,0.738396,0.810474,0.707292,0.733053,0.748658,0.760078,0.733745,0.724352,0.854037,0.640738,0.731815,0.63692,0.798781,0.594006,0.697663,0.705619,0.78743,0.58962,0.684641,0.883821,0.789833,0.687831,0.54317,0.369397,0.695681,1.0,0.631393,0.816679,0.716968,0.803157,0.641545,0.688017,0.544585,0.705828,0.791333,0.743558,0.659271,0.73527,0.754112,0.519608,0.56342,0.638665,0.710876,0.818454,0.676521,0.808807,0.738196,0.691932,0.670491,0.711403,0.632185,0.787648,0.563224,0.731683,0.659252,0.809743,0.722181,0.72478,0.544285,0.780972,0.675687,0.771031,0.682136,0.69764,0.821349,0.720898,0.716509,0.77539,0.768685,0.623333,0.444446
Pot,0.60558,0.660037,0.611548,0.614778,0.629577,0.559936,0.639298,0.565764,0.621693,0.674219,0.583253,0.611275,0.587313,0.628862,0.587614,0.634487,0.631789,0.480584,0.641089,0.650071,0.603416,0.59969,0.651615,0.583328,0.653897,0.602837,0.584682,0.601305,0.675818,0.683977,0.608687,0.638286,0.602908,0.601542,0.574716,0.61163,0.600634,0.636623,0.610119,0.57307,0.631607,0.629341,0.641388,0.621611,0.52039,0.569967,0.590377,0.586536,0.669109,0.628752,0.629796,0.629485,0.639742,0.639181,0.582778,0.65299,0.659908,0.587812,0.648673,0.625546,0.625362,0.597268,0.547221,0.652278,0.640537,0.596102,0.679856,0.647202,0.626901,0.622026,0.609782,0.629613,0.586447,0.626464,0.605784,0.630965,0.557304,0.621428,0.619507,0.598148,0.583419,0.502168,0.4563,0.60763,0.631393,1.0,0.655144,0.660178,0.617431,0.633363,0.592614,0.53715,0.653742,0.622264,0.63481,0.613176,0.62041,0.611797,0.567628,0.572543,0.582058,0.655823,0.590756,0.680404,0.640842,0.626894,0.631243,0.637481,0.596413,0.604431,0.648215,0.570027,0.621939,0.607302,0.610529,0.609316,0.679935,0.435059,0.6709,0.579996,0.616968,0.659123,0.616364,0.645611,0.590345,0.661583,0.605809,0.624615,0.622473,0.569005
Razor,0.632068,0.711887,0.57041,0.687621,0.741037,0.559489,0.581123,0.564705,0.715693,0.771038,0.715813,0.746531,0.661718,0.752503,0.693445,0.711275,0.72587,0.565492,0.715173,0.74046,0.698735,0.745965,0.789827,0.615622,0.777237,0.711568,0.634083,0.770872,0.790006,0.727541,0.62065,0.743565,0.739155,0.712489,0.587385,0.721552,0.679763,0.700654,0.776793,0.672749,0.731862,0.78307,0.760048,0.780832,0.616176,0.738591,0.583154,0.590307,0.717421,0.749178,0.735572,0.739699,0.758736,0.737178,0.697143,0.7505,0.716158,0.672174,0.766839,0.765556,0.804793,0.709929,0.657915,0.754003,0.727892,0.755925,0.772749,0.819749,0.684376,0.738061,0.694325,0.793261,0.653142,0.721245,0.708979,0.763811,0.622784,0.680789,0.806415,0.783207,0.639244,0.548754,0.408365,0.717031,0.816679,0.655144,1.0,0.758569,0.7766,0.703102,0.733347,0.553106,0.725093,0.780968,0.734318,0.673047,0.774935,0.777663,0.587124,0.601788,0.640279,0.750483,0.744041,0.715402,0.815096,0.772807,0.743668,0.67808,0.753312,0.650272,0.774881,0.609758,0.706466,0.693628,0.797345,0.750213,0.725576,0.526413,0.808871,0.723744,0.762664,0.707434,0.696183,0.797352,0.747336,0.754616,0.755338,0.755695,0.672455,0.492047
Recordplayer,0.647226,0.719398,0.636945,0.712261,0.710966,0.593398,0.629256,0.578194,0.750464,0.779986,0.707697,0.733431,0.710097,0.703999,0.733279,0.718205,0.746683,0.557279,0.701511,0.735818,0.70987,0.775757,0.738059,0.646051,0.742339,0.672682,0.671115,0.688917,0.785407,0.742703,0.700134,0.707305,0.75179,0.734771,0.598302,0.731921,0.631789,0.74137,0.766522,0.654166,0.753813,0.746999,0.723853,0.755561,0.598089,0.685858,0.624181,0.640573,0.767562,0.754244,0.711773,0.764337,0.781508,0.68534,0.686339,0.754028,0.751481,0.713302,0.74424,0.741366,0.749383,0.696929,0.597738,0.731271,0.707223,0.757099,0.764581,0.717512,0.72672,0.702535,0.716747,0.780277,0.686019,0.707623,0.678164,0.66205,0.643966,0.715308,0.675357,0.723803,0.62393,0.535015,0.476409,0.724213,0.716968,0.660178,0.758569,1.0,0.685768,0.73735,0.734404,0.569099,0.725907,0.714714,0.736328,0.658439,0.746319,0.760774,0.628749,0.638619,0.64,0.768621,0.636202,0.765696,0.734569,0.784287,0.783774,0.685721,0.75527,0.652009,0.748826,0.635958,0.680834,0.732687,0.71143,0.766139,0.705502,0.492395,0.787092,0.752638,0.733766,0.695356,0.69129,0.712685,0.74611,0.766084,0.709295,0.685622,0.707883,0.544061
Remotecontrol,0.588929,0.64442,0.522726,0.607154,0.679179,0.545231,0.539866,0.53778,0.636825,0.692933,0.650666,0.662964,0.586447,0.761459,0.58985,0.661987,0.64315,0.502034,0.695993,0.702967,0.608566,0.639744,0.814196,0.578529,0.753711,0.676255,0.608912,0.731703,0.742072,0.678544,0.576298,0.774497,0.674494,0.620412,0.549662,0.64075,0.719715,0.644137,0.683102,0.609649,0.653971,0.729227,0.720105,0.71511,0.555544,0.682037,0.51147,0.555013,0.640073,0.669388,0.671991,0.66063,0.678878,0.692789,0.633261,0.688365,0.647895,0.586202,0.691549,0.694077,0.740325,0.639666,0.638584,0.696523,0.696035,0.667939,0.703536,0.81927,0.636661,0.725071,0.607852,0.715855,0.563347,0.650469,0.648732,0.769282,0.540782,0.677203,0.793056,0.721078,0.643143,0.482591,0.386981,0.682534,0.803157,0.617431,0.7766,0.685768,1.0,0.63383,0.680445,0.509229,0.694298,0.722203,0.68005,0.641602,0.692796,0.68996,0.507801,0.525194,0.599791,0.672413,0.74046,0.656004,0.773209,0.681814,0.624692,0.63747,0.659845,0.5917,0.735532,0.540561,0.676122,0.606842,0.754215,0.651908,0.704264,0.47193,0.722075,0.625642,0.695615,0.670859,0.684546,0.789732,0.655907,0.674448,0.700421,0.700412,0.599881,0.441743
Ring,0.590873,0.736579,0.678809,0.640509,0.63872,0.60282,0.624068,0.5532,0.661991,0.725963,0.641916,0.651795,0.715712,0.617163,0.706901,0.658599,0.664444,0.516437,0.624938,0.670225,0.695769,0.693214,0.668752,0.614966,0.691501,0.645326,0.642614,0.624933,0.716058,0.719931,0.712764,0.609375,0.701014,0.649338,0.558267,0.640812,0.552362,0.752108,0.690482,0.596481,0.719429,0.696091,0.691598,0.717016,0.577037,0.616428,0.621146,0.653494,0.773561,0.736455,0.659282,0.749293,0.685717,0.652726,0.648773,0.707537,0.723398,0.727814,0.684638,0.693286,0.708903,0.64663,0.537226,0.681283,0.657066,0.682949,0.760051,0.655353,0.724072,0.702159,0.694538,0.683572,0.66227,0.68777,0.664878,0.619402,0.621029,0.612452,0.613571,0.641132,0.554023,0.520343,0.508493,0.659677,0.641545,0.633363,0.703102,0.73735,0.63383,1.0,0.6761,0.536708,0.674694,0.675635,0.657153,0.635224,0.73808,0.696323,0.632841,0.641938,0.580601,0.725563,0.578268,0.734303,0.71165,0.693449,0.717356,0.614305,0.691265,0.577879,0.650739,0.611595,0.675408,0.669465,0.650366,0.679841,0.641582,0.4685,0.737955,0.651711,0.672326,0.67656,0.611648,0.651612,0.672726,0.747503,0.657717,0.663675,0.706896,0.589616
Rollerskates,0.615598,0.666698,0.56035,0.710199,0.658175,0.590534,0.552174,0.530464,0.673139,0.724787,0.663436,0.66938,0.686915,0.64903,0.719224,0.66096,0.671636,0.575103,0.649637,0.692112,0.635452,0.753768,0.710043,0.608781,0.703316,0.675608,0.635614,0.648768,0.733404,0.688278,0.639401,0.642228,0.772795,0.649268,0.563457,0.650031,0.572251,0.674197,0.77256,0.579049,0.717241,0.711832,0.671369,0.709937,0.617731,0.626048,0.585431,0.587224,0.669806,0.698581,0.701188,0.723058,0.726189,0.65645,0.669736,0.722578,0.678448,0.677923,0.7012,0.693306,0.731603,0.691871,0.567483,0.684207,0.656997,0.777865,0.697801,0.698591,0.67666,0.687591,0.693825,0.768723,0.689961,0.678528,0.656657,0.664443,0.615813,0.62351,0.63658,0.653576,0.561832,0.558238,0.493609,0.680244,0.688017,0.592614,0.733347,0.734404,0.680445,0.6761,1.0,0.552943,0.68751,0.714811,0.676482,0.647557,0.73768,0.771226,0.625724,0.609866,0.627472,0.726278,0.629414,0.726555,0.709324,0.703795,0.724635,0.602629,0.793907,0.622826,0.708875,0.645717,0.616284,0.656598,0.681318,0.717396,0.637136,0.500879,0.770794,0.752817,0.690777,0.662954,0.627862,0.700695,0.75876,0.712383,0.711636,0.62279,0.676717,0.485692
Rug,0.54899,0.58326,0.52191,0.569563,0.554561,0.518031,0.539771,0.549603,0.568636,0.581014,0.55677,0.566682,0.531079,0.524479,0.52413,0.587108,0.570294,0.514543,0.568592,0.573111,0.555688,0.545015,0.518912,0.553636,0.556501,0.561903,0.53161,0.554451,0.545758,0.544693,0.504134,0.510725,0.556116,0.560374,0.544094,0.555669,0.495136,0.530333,0.55993,0.528797,0.549573,0.565166,0.542796,0.558848,0.531374,0.531087,0.584618,0.509806,0.540528,0.544803,0.56876,0.544392,0.557166,0.575511,0.557179,0.586413,0.575064,0.521672,0.565743,0.553706,0.574351,0.575214,0.510072,0.583746,0.550376,0.561348,0.560226,0.540684,0.534341,0.537171,0.543114,0.572065,0.574219,0.585063,0.559075,0.562154,0.560835,0.503821,0.541214,0.540757,0.510887,0.515199,0.495438,0.527618,0.544585,0.53715,0.553106,0.569099,0.509229,0.536708,0.552943,1.0,0.536483,0.595379,0.55499,0.557515,0.547586,0.559682,0.534535,0.566767,0.568711,0.586849,0.530377,0.601896,0.552318,0.567271,0.567823,0.553477,0.558306,0.549702,0.554353,0.554924,0.571787,0.582827,0.549024,0.585479,0.529,0.476047,0.579495,0.546622,0.590057,0.548786,0.545794,0.537246,0.559488,0.565213,0.582883,0.552576,0.597728,0.512708
Saltpeppershaker,0.617244,0.687905,0.594863,0.68184,0.6936,0.543842,0.59579,0.540427,0.680276,0.749095,0.636874,0.672481,0.631372,0.688954,0.666326,0.688444,0.66999,0.523897,0.669792,0.710416,0.635736,0.679757,0.730312,0.624621,0.715161,0.644592,0.621227,0.660709,0.773798,0.728225,0.633779,0.699723,0.695704,0.662565,0.57104,0.676743,0.641814,0.690521,0.70307,0.605062,0.705917,0.695308,0.695311,0.718184,0.56647,0.619578,0.58754,0.572796,0.689946,0.693572,0.689727,0.691267,0.711101,0.655424,0.637513,0.710992,0.688873,0.64637,0.730483,0.668396,0.70452,0.638873,0.586996,0.707335,0.705478,0.687649,0.740071,0.748903,0.678837,0.674995,0.66275,0.730462,0.63661,0.681428,0.640558,0.664743,0.571169,0.666653,0.681064,0.655935,0.615967,0.518192,0.452421,0.679423,0.705828,0.653742,0.725093,0.725907,0.694298,0.674694,0.68751,0.536483,1.0,0.692809,0.692718,0.639771,0.679895,0.702684,0.582371,0.597397,0.606462,0.69624,0.653381,0.730958,0.71194,0.689789,0.692053,0.650559,0.686344,0.660887,0.717324,0.613521,0.617624,0.657675,0.674642,0.66671,0.70495,0.466387,0.748224,0.674044,0.684985,0.680369,0.650684,0.729547,0.679146,0.72453,0.693093,0.673656,0.664737,0.497975
Saxophone,0.656801,0.728385,0.53829,0.714418,0.730367,0.53841,0.586249,0.554935,0.686482,0.785683,0.664342,0.717627,0.643289,0.683443,0.663952,0.755794,0.707172,0.664172,0.691441,0.74795,0.684837,0.678035,0.714013,0.617508,0.726576,0.719104,0.642199,0.759677,0.746253,0.676022,0.61203,0.689164,0.68291,0.642755,0.582868,0.688117,0.659291,0.655329,0.764735,0.649535,0.67676,0.73614,0.728784,0.779527,0.652877,0.687541,0.64891,0.528155,0.648519,0.671536,0.719535,0.649056,0.720581,0.734116,0.680061,0.747424,0.667116,0.648105,0.773128,0.696177,0.811704,0.696627,0.695814,0.744914,0.736067,0.748655,0.736629,0.796651,0.673417,0.684905,0.675804,0.808772,0.690274,0.731724,0.726669,0.760743,0.6285,0.61285,0.781548,0.708546,0.65514,0.636324,0.491747,0.648276,0.791333,0.622264,0.780968,0.714714,0.722203,0.675635,0.714811,0.595379,0.692809,1.0,0.713892,0.690044,0.722428,0.766086,0.58657,0.660317,0.630507,0.705338,0.78642,0.7359,0.77174,0.699721,0.688552,0.621845,0.753195,0.644779,0.758215,0.646877,0.678619,0.667645,0.748936,0.715043,0.669613,0.628412,0.805726,0.689985,0.749769,0.686085,0.6293,0.755895,0.690879,0.707197,0.789472,0.748082,0.699228,0.50335
Scale,0.634716,0.651513,0.55246,0.682412,0.727816,0.535326,0.597079,0.562377,0.72136,0.745438,0.671196,0.715901,0.662322,0.705237,0.645227,0.706299,0.72128,0.555609,0.689611,0.71562,0.65652,0.707336,0.721692,0.604892,0.715212,0.657896,0.637658,0.707546,0.758671,0.693919,0.631617,0.711084,0.676317,0.690442,0.581358,0.723353,0.662148,0.659901,0.727688,0.661029,0.682173,0.716125,0.705793,0.732938,0.575955,0.669544,0.578234,0.573395,0.679095,0.694898,0.682228,0.683405,0.744475,0.671185,0.653746,0.719269,0.686587,0.63812,0.740642,0.693334,0.730946,0.67229,0.648042,0.714724,0.720538,0.718452,0.714987,0.726625,0.665979,0.658569,0.654948,0.759071,0.619401,0.66761,0.658593,0.670428,0.60307,0.697067,0.712989,0.708136,0.645454,0.519395,0.42858,0.675088,0.743558,0.63481,0.734318,0.736328,0.68005,0.657153,0.676482,0.55499,0.692718,0.713892,1.0,0.636849,0.699208,0.723504,0.561768,0.589696,0.624334,0.708788,0.67315,0.713529,0.706179,0.740342,0.716287,0.666261,0.705671,0.64444,0.743252,0.589001,0.670606,0.690732,0.70264,0.723442,0.69029,0.500173,0.752964,0.704324,0.718958,0.660162,0.67142,0.713611,0.697693,0.708218,0.70294,0.698654,0.645591,0.495472
Scarf,0.649386,0.677554,0.599314,0.65751,0.644319,0.587099,0.599416,0.611409,0.621723,0.691138,0.587927,0.606897,0.596858,0.621815,0.631404,0.651832,0.624067,0.521043,0.646817,0.675864,0.639647,0.618862,0.65807,0.590292,0.670233,0.640394,0.60203,0.620238,0.671235,0.641825,0.611723,0.640226,0.654179,0.59397,0.580993,0.597382,0.60688,0.638361,0.654866,0.56354,0.65823,0.68348,0.669238,0.66136,0.567518,0.562543,0.633138,0.575897,0.649751,0.605266,0.667713,0.635533,0.651832,0.678022,0.612406,0.687899,0.661616,0.647607,0.66902,0.612844,0.665078,0.649627,0.587295,0.672396,0.658354,0.643644,0.687636,0.684795,0.663417,0.648223,0.644725,0.673561,0.646661,0.65881,0.637597,0.682702,0.612601,0.606086,0.641436,0.587019,0.574938,0.54752,0.482521,0.612039,0.659271,0.613176,0.673047,0.658439,0.641602,0.635224,0.647557,0.557515,0.639771,0.690044,0.636849,1.0,0.646014,0.653755,0.632713,0.615223,0.623705,0.661027,0.641398,0.688579,0.676246,0.633186,0.639023,0.60119,0.656981,0.6687,0.670267,0.634716,0.660515,0.641028,0.635675,0.631753,0.640863,0.474202,0.693038,0.605366,0.659323,0.653448,0.606254,0.668474,0.624131,0.663831,0.650066,0.649361,0.654128,0.572968
Scissors,0.606592,0.667185,0.573363,0.664333,0.717599,0.586673,0.580139,0.539829,0.68969,0.7428,0.67923,0.696787,0.794152,0.674763,0.721075,0.676024,0.687897,0.539881,0.65477,0.687773,0.699131,0.729999,0.717979,0.6075,0.735928,0.693716,0.654458,0.723972,0.759438,0.724257,0.673249,0.648519,0.744807,0.666356,0.571652,0.694038,0.597469,0.72744,0.744529,0.677423,0.710496,0.747728,0.735844,0.780245,0.60372,0.677995,0.568447,0.631175,0.735706,0.804718,0.689765,0.779029,0.728559,0.676673,0.680262,0.755126,0.700938,0.746143,0.737766,0.728328,0.78538,0.718833,0.642153,0.715097,0.716876,0.764272,0.76011,0.721749,0.730916,0.708831,0.710112,0.744562,0.634764,0.682375,0.710711,0.675578,0.632558,0.629304,0.701379,0.714843,0.583432,0.527578,0.439907,0.680066,0.73527,0.62041,0.774935,0.746319,0.692796,0.73808,0.73768,0.547586,0.679895,0.722428,0.699208,0.646014,1.0,0.772633,0.59733,0.604083,0.612527,0.741266,0.651783,0.702262,0.769644,0.737261,0.750392,0.623416,0.77188,0.593494,0.695331,0.595711,0.727298,0.696281,0.727783,0.71664,0.658678,0.507161,0.793648,0.693345,0.738514,0.677474,0.635439,0.712566,0.729766,0.773356,0.708034,0.734803,0.661181,0.526026
Scooter,0.629116,0.679237,0.548742,0.725722,0.725936,0.542732,0.561517,0.529362,0.714855,0.757828,0.685955,0.717064,0.735396,0.684222,0.729411,0.711335,0.722019,0.598953,0.670195,0.719959,0.664629,0.781371,0.729123,0.608987,0.728082,0.687979,0.641674,0.722233,0.780084,0.706299,0.649729,0.682263,0.76872,0.68494,0.572641,0.712729,0.613209,0.699491,0.799079,0.654832,0.730618,0.737523,0.724772,0.778021,0.627013,0.667271,0.590979,0.570911,0.699172,0.743056,0.710446,0.728898,0.766484,0.672223,0.679668,0.75266,0.691764,0.705871,0.755977,0.714668,0.781645,0.709551,0.639967,0.721592,0.712294,0.807202,0.733954,0.735036,0.700939,0.692159,0.710031,0.811914,0.685763,0.696876,0.700325,0.68044,0.630974,0.65316,0.702233,0.71049,0.599841,0.561137,0.44832,0.69162,0.754112,0.611797,0.777663,0.760774,0.68996,0.696323,0.771226,0.559682,0.702684,0.766086,0.723504,0.653755,0.772633,1.0,0.6019,0.615316,0.627111,0.729418,0.674192,0.72649,0.752971,0.742707,0.757203,0.633383,0.817856,0.651131,0.752075,0.640779,0.664327,0.694336,0.721825,0.745502,0.669114,0.544146,0.802553,0.776865,0.743826,0.669603,0.641492,0.724665,0.758695,0.739716,0.750115,0.690281,0.675927,0.486159
Scrunchie,0.594662,0.681621,0.642202,0.629074,0.546172,0.586616,0.570416,0.579162,0.583568,0.634538,0.556309,0.554648,0.585941,0.513824,0.656152,0.581824,0.580583,0.484501,0.574372,0.605383,0.630774,0.613107,0.538788,0.577558,0.584759,0.572601,0.557803,0.514613,0.591374,0.602853,0.599229,0.517689,0.642954,0.591771,0.556487,0.540775,0.46665,0.630348,0.612089,0.487699,0.669043,0.621451,0.586752,0.574181,0.559413,0.485367,0.659604,0.594106,0.674142,0.592492,0.633407,0.640049,0.601804,0.616262,0.577132,0.643189,0.667179,0.651782,0.594655,0.579432,0.586754,0.614525,0.454961,0.608017,0.542373,0.606276,0.6532,0.545561,0.615143,0.594492,0.649812,0.601711,0.683199,0.642676,0.591786,0.569821,0.645408,0.523155,0.494815,0.504025,0.461711,0.553836,0.520745,0.567743,0.519608,0.567628,0.587124,0.628749,0.507801,0.632841,0.625724,0.534535,0.582371,0.58657,0.561768,0.632713,0.59733,0.6019,1.0,0.645421,0.599529,0.654629,0.49109,0.666656,0.588969,0.600505,0.651701,0.54829,0.634509,0.646537,0.571901,0.63471,0.588049,0.63818,0.538023,0.601364,0.559135,0.425678,0.648957,0.58676,0.602025,0.602213,0.549786,0.552322,0.610686,0.645547,0.566982,0.555954,0.674824,0.574201
Seashell,0.597445,0.732908,0.656843,0.637078,0.591345,0.594686,0.604422,0.5588,0.624183,0.666824,0.591153,0.615493,0.587723,0.527974,0.627952,0.64102,0.61632,0.541935,0.586845,0.635868,0.657604,0.609179,0.540423,0.616597,0.599705,0.606965,0.588221,0.584268,0.600862,0.610621,0.597264,0.5165,0.607803,0.618679,0.561297,0.59736,0.49633,0.630345,0.627301,0.540901,0.642843,0.629072,0.59277,0.620844,0.591677,0.566578,0.691576,0.568737,0.646259,0.606759,0.643972,0.620005,0.608998,0.642383,0.621945,0.651649,0.654325,0.623149,0.630643,0.610637,0.636804,0.620907,0.510112,0.64145,0.589585,0.620435,0.657654,0.581451,0.614275,0.613826,0.630146,0.628389,0.684941,0.689094,0.617395,0.577213,0.649072,0.524696,0.573364,0.563058,0.512652,0.611193,0.614808,0.584648,0.56342,0.572543,0.601788,0.638619,0.525194,0.641938,0.609866,0.566767,0.597397,0.660317,0.589696,0.615223,0.604083,0.615316,0.645421,1.0,0.586468,0.661367,0.544436,0.682719,0.618499,0.617768,0.649192,0.571572,0.619225,0.595163,0.588779,0.637964,0.599481,0.639228,0.583519,0.631688,0.559346,0.496246,0.669264,0.594644,0.637634,0.613306,0.554457,0.565455,0.61905,0.65379,0.629198,0.626183,0.734833,0.578287
Shirt,0.609892,0.599765,0.545311,0.650397,0.634131,0.567172,0.543164,0.595926,0.648796,0.638062,0.604046,0.625248,0.570621,0.633191,0.589937,0.632929,0.629262,0.53635,0.652542,0.639295,0.608617,0.618873,0.621327,0.599132,0.637486,0.631461,0.571081,0.616891,0.63681,0.608046,0.545898,0.620281,0.638402,0.629773,0.595424,0.625611,0.572063,0.582973,0.635529,0.594389,0.625245,0.670787,0.614074,0.626347,0.592965,0.575991,0.589329,0.579926,0.593451,0.604909,0.659777,0.628199,0.643887,0.629883,0.620258,0.665839,0.638177,0.588195,0.634352,0.614249,0.631002,0.678117,0.560386,0.658876,0.609345,0.636312,0.640251,0.638018,0.592597,0.616174,0.611662,0.653421,0.637869,0.626276,0.609314,0.642263,0.639436,0.597304,0.61342,0.603506,0.559282,0.517788,0.474766,0.619943,0.638665,0.582058,0.640279,0.64,0.599791,0.580601,0.627472,0.568711,0.606462,0.630507,0.624334,0.623705,0.612527,0.627111,0.599529,0.586468,1.0,0.654759,0.605772,0.650984,0.621276,0.653682,0.664143,0.617003,0.633828,0.669367,0.65982,0.58335,0.621484,0.674559,0.622739,0.655809,0.616126,0.487293,0.648752,0.620684,0.679801,0.614609,0.617785,0.637909,0.657162,0.638474,0.646666,0.600786,0.638586,0.538146
Shoe,0.644785,0.74396,0.656298,0.687211,0.694026,0.617854,0.642876,0.603578,0.737912,0.753801,0.740237,0.743746,0.689289,0.69315,0.708137,0.700203,0.741933,0.570248,0.698943,0.719645,0.73327,0.745484,0.702722,0.64885,0.731236,0.685506,0.646975,0.701678,0.733249,0.72612,0.653974,0.663976,0.725644,0.756703,0.618567,0.725708,0.602694,0.716085,0.748828,0.650412,0.746572,0.75771,0.697312,0.727027,0.618743,0.721838,0.64664,0.649598,0.765652,0.760141,0.720508,0.769314,0.741985,0.709676,0.706763,0.749462,0.774276,0.685829,0.710117,0.781406,0.743698,0.712782,0.595505,0.726983,0.681167,0.737466,0.734207,0.710284,0.672873,0.708417,0.703886,0.741485,0.693846,0.724704,0.684864,0.681812,0.66279,0.658828,0.688878,0.750027,0.599746,0.555576,0.48963,0.712974,0.710876,0.655823,0.750483,0.768621,0.672413,0.725563,0.726278,0.586849,0.69624,0.705338,0.708788,0.661027,0.741266,0.729418,0.654629,0.661367,0.654759,1.0,0.63627,0.732398,0.739132,0.788283,0.784474,0.700726,0.722114,0.636519,0.714527,0.62333,0.700922,0.736364,0.737021,0.774586,0.686234,0.506934,0.768568,0.717118,0.73717,0.693577,0.707703,0.700029,0.75601,0.762851,0.698794,0.695521,0.730004,0.561278
Skiis,0.613181,0.619048,0.485277,0.643981,0.721227,0.502832,0.529209,0.524416,0.631826,0.694348,0.60752,0.654911,0.556337,0.711395,0.549683,0.680932,0.650457,0.553869,0.667334,0.691172,0.602225,0.580432,0.717144,0.560402,0.692619,0.673812,0.593561,0.746784,0.705011,0.628684,0.533772,0.708201,0.59374,0.581604,0.544666,0.648161,0.698126,0.566867,0.668501,0.619457,0.595372,0.710445,0.702219,0.705793,0.58006,0.648493,0.519294,0.506937,0.572785,0.596682,0.672877,0.595116,0.653576,0.681925,0.618249,0.68265,0.598629,0.558354,0.738112,0.652424,0.726979,0.669646,0.712991,0.700703,0.720798,0.659048,0.670302,0.818852,0.595175,0.671113,0.589015,0.720969,0.566359,0.637465,0.662445,0.751745,0.556621,0.609133,0.841147,0.684031,0.658249,0.527768,0.395152,0.617253,0.818454,0.590756,0.744041,0.636202,0.74046,0.578268,0.629414,0.530377,0.653381,0.78642,0.67315,0.641398,0.651783,0.674192,0.49109,0.544436,0.605772,0.63627,1.0,0.640054,0.738762,0.640587,0.598895,0.603902,0.641774,0.628112,0.721217,0.549593,0.66144,0.603903,0.734133,0.641712,0.658571,0.532761,0.718518,0.599279,0.698904,0.648507,0.623231,0.760091,0.6333,0.643004,0.726079,0.741051,0.591255,0.44342
Snowglobe,0.643975,0.745276,0.677869,0.733747,0.685949,0.640164,0.65568,0.597765,0.709159,0.788601,0.638217,0.664071,0.698654,0.64612,0.706525,0.734889,0.720859,0.625673,0.681313,0.728729,0.68297,0.712463,0.700875,0.66173,0.721174,0.682984,0.6807,0.645348,0.762488,0.745558,0.731402,0.656571,0.716275,0.658854,0.610265,0.661068,0.610503,0.726486,0.737566,0.609418,0.73212,0.720866,0.717864,0.728024,0.628904,0.595192,0.68585,0.660325,0.736758,0.689615,0.710329,0.709662,0.738368,0.685162,0.664585,0.746026,0.733099,0.712714,0.752395,0.679974,0.716312,0.686847,0.57714,0.735814,0.711492,0.727801,0.787468,0.696863,0.742431,0.698604,0.712189,0.764021,0.722389,0.718561,0.69265,0.664537,0.651606,0.664702,0.644098,0.624374,0.608967,0.573623,0.573124,0.675,0.676521,0.680404,0.715402,0.765696,0.656004,0.734303,0.726555,0.601896,0.730958,0.7359,0.713529,0.688579,0.702262,0.72649,0.666656,0.682719,0.650984,0.732398,0.640054,1.0,0.705935,0.701363,0.734042,0.645224,0.734992,0.672487,0.727286,0.696512,0.683176,0.698955,0.658551,0.71552,0.690548,0.550036,0.782191,0.700636,0.707778,0.719139,0.626263,0.704807,0.700986,0.747974,0.725978,0.67111,0.752646,0.601773
Spoon,0.597279,0.754195,0.626709,0.655077,0.717795,0.575108,0.58637,0.580362,0.679155,0.766744,0.703131,0.720226,0.658376,0.728192,0.674246,0.70439,0.688703,0.557564,0.693304,0.728766,0.708375,0.691173,0.768104,0.62353,0.764272,0.712925,0.626055,0.778428,0.75544,0.714071,0.61921,0.706041,0.713665,0.685309,0.583599,0.687126,0.664984,0.719094,0.730583,0.653097,0.727946,0.796693,0.762223,0.781554,0.621329,0.736184,0.598592,0.598086,0.729675,0.755082,0.727031,0.736154,0.712906,0.742286,0.690086,0.741979,0.727415,0.68481,0.754899,0.758875,0.797102,0.685852,0.646562,0.752768,0.716323,0.722309,0.777045,0.83259,0.697843,0.769627,0.683552,0.745725,0.641769,0.738496,0.717325,0.768135,0.614312,0.631818,0.834166,0.773253,0.613926,0.541731,0.430449,0.695292,0.808807,0.640842,0.815096,0.734569,0.773209,0.71165,0.709324,0.552318,0.71194,0.77174,0.706179,0.676246,0.769644,0.752971,0.588969,0.618499,0.621276,0.739132,0.738762,0.705935,1.0,0.739094,0.704741,0.658538,0.715777,0.630822,0.734382,0.61966,0.734144,0.675037,0.79959,0.701952,0.701793,0.526303,0.789442,0.663206,0.757808,0.705371,0.688889,0.786619,0.712362,0.753365,0.739611,0.788425,0.690121,0.509766
Stapler,0.651955,0.675997,0.578447,0.67773,0.716436,0.55471,0.603913,0.606153,0.787534,0.755181,0.787513,0.804489,0.656336,0.737393,0.691397,0.696835,0.768802,0.550018,0.717555,0.724387,0.745209,0.801293,0.726796,0.628587,0.746557,0.662074,0.635166,0.729114,0.754875,0.699903,0.607887,0.709868,0.736145,0.81847,0.614051,0.786033,0.631524,0.692329,0.763491,0.694393,0.73714,0.776951,0.699909,0.753823,0.59533,0.785582,0.595496,0.610939,0.740053,0.755636,0.712041,0.773831,0.790019,0.705101,0.720212,0.743396,0.75409,0.674684,0.715548,0.797021,0.754685,0.714617,0.611626,0.731375,0.682938,0.750187,0.726829,0.723616,0.662151,0.675832,0.690946,0.76649,0.659905,0.701705,0.65823,0.674784,0.677432,0.730189,0.713997,0.831219,0.632466,0.520734,0.418715,0.732639,0.738196,0.626894,0.772807,0.784287,0.681814,0.693449,0.703795,0.567271,0.689789,0.699721,0.740342,0.633186,0.737261,0.742707,0.600505,0.617768,0.653682,0.788283,0.640587,0.701363,0.739094,1.0,0.81175,0.729487,0.723717,0.637891,0.754578,0.582818,0.694765,0.778285,0.770781,0.819377,0.693846,0.490759,0.7541,0.762453,0.770012,0.653467,0.755154,0.711431,0.777606,0.7552,0.696975,0.716257,0.689824,0.492852
Stapleremover,0.633182,0.687021,0.611894,0.713799,0.706308,0.585396,0.595568,0.56583,0.767348,0.754573,0.709551,0.745645,0.688218,0.686138,0.737055,0.697105,0.739483,0.558395,0.68331,0.708959,0.733789,0.789253,0.679891,0.656951,0.719891,0.658313,0.637719,0.673885,0.753402,0.71982,0.647006,0.654466,0.752419,0.767003,0.600076,0.745188,0.570684,0.707057,0.774496,0.65563,0.751396,0.759007,0.684806,0.739066,0.612809,0.68151,0.610876,0.645106,0.756818,0.746459,0.721858,0.77407,0.776162,0.672968,0.696238,0.743631,0.746368,0.718037,0.726279,0.745704,0.735347,0.728087,0.571168,0.718035,0.662895,0.762338,0.742605,0.671631,0.682918,0.664292,0.72343,0.779401,0.70067,0.704702,0.670949,0.633411,0.677539,0.680638,0.646747,0.717587,0.578746,0.530463,0.468384,0.727009,0.691932,0.631243,0.743668,0.783774,0.624692,0.717356,0.724635,0.567823,0.692053,0.688552,0.716287,0.639023,0.750392,0.757203,0.651701,0.649192,0.664143,0.784474,0.598895,0.734042,0.704741,0.81175,1.0,0.682255,0.765138,0.663005,0.725902,0.630919,0.663537,0.768415,0.702984,0.78123,0.677477,0.4887,0.771406,0.757339,0.749986,0.665863,0.665874,0.679075,0.785295,0.773565,0.701493,0.679866,0.715772,0.516311
Storagebin,0.636384,0.64248,0.56559,0.609233,0.65348,0.547688,0.632651,0.60529,0.697248,0.665908,0.699718,0.711023,0.573805,0.692703,0.582472,0.657427,0.687545,0.493855,0.687064,0.667655,0.638085,0.662846,0.667747,0.596415,0.680607,0.612004,0.583025,0.662037,0.672188,0.658669,0.551884,0.674778,0.628745,0.721408,0.612331,0.704511,0.631826,0.622606,0.63881,0.6337,0.649867,0.667707,0.64175,0.651841,0.532624,0.694173,0.586736,0.568922,0.658322,0.669406,0.648089,0.661327,0.680301,0.662496,0.640634,0.669051,0.691945,0.56068,0.637904,0.698349,0.658346,0.628495,0.575004,0.669599,0.646544,0.628893,0.653181,0.669047,0.588966,0.624942,0.601256,0.645149,0.588989,0.64343,0.604012,0.642818,0.601088,0.663404,0.659659,0.7189,0.617869,0.482642,0.408835,0.662245,0.670491,0.637481,0.67808,0.685721,0.63747,0.614305,0.602629,0.553477,0.650559,0.621845,0.666261,0.60119,0.623416,0.633383,0.54829,0.571572,0.617003,0.700726,0.603902,0.645224,0.658538,0.729487,0.682255,1.0,0.601798,0.607598,0.682255,0.539309,0.65066,0.677038,0.682842,0.700997,0.678126,0.450305,0.656986,0.648461,0.67916,0.621704,0.715882,0.653312,0.656967,0.667017,0.632306,0.638218,0.632604,0.512718
Stroller,0.635353,0.667159,0.542909,0.753304,0.719698,0.560876,0.548979,0.527132,0.710132,0.752837,0.659972,0.702609,0.749873,0.651001,0.741182,0.691345,0.698907,0.593285,0.65441,0.713765,0.649295,0.785948,0.704626,0.598773,0.709926,0.679974,0.652916,0.683334,0.776831,0.700157,0.661269,0.658094,0.778172,0.664735,0.562649,0.699072,0.585569,0.688549,0.814372,0.629835,0.73392,0.724672,0.703758,0.764037,0.627645,0.615533,0.589962,0.575855,0.692522,0.723359,0.713446,0.728441,0.775619,0.654866,0.66977,0.75452,0.683301,0.729191,0.75335,0.681295,0.767767,0.71872,0.62075,0.705844,0.703867,0.820392,0.728039,0.704909,0.708732,0.672967,0.724067,0.823111,0.7053,0.686508,0.681347,0.65791,0.646456,0.642038,0.643529,0.655541,0.574774,0.570951,0.458529,0.68369,0.711403,0.596413,0.753312,0.75527,0.659845,0.691265,0.793907,0.558306,0.686344,0.753195,0.705671,0.656981,0.77188,0.817856,0.634509,0.619225,0.633828,0.722114,0.641774,0.734992,0.715777,0.723717,0.765138,0.601798,1.0,0.664497,0.750135,0.655191,0.642462,0.694389,0.677752,0.738165,0.650037,0.528881,0.814365,0.786711,0.727861,0.663165,0.613093,0.699261,0.767968,0.736741,0.740482,0.648976,0.667025,0.486971
Suit,0.659895,0.630892,0.567283,0.734854,0.660909,0.519528,0.542356,0.604421,0.646793,0.701916,0.551296,0.606198,0.544054,0.623078,0.619926,0.657846,0.631073,0.503941,0.654044,0.68683,0.62118,0.614551,0.63163,0.601894,0.63259,0.602797,0.573505,0.606012,0.682565,0.624545,0.568272,0.658256,0.665933,0.619105,0.595322,0.626359,0.589682,0.607159,0.651457,0.548531,0.668009,0.68819,0.649177,0.650391,0.550443,0.520377,0.60923,0.554303,0.600264,0.572834,0.709364,0.594437,0.665695,0.626825,0.586816,0.715332,0.655398,0.641709,0.689084,0.571279,0.620068,0.655424,0.567836,0.677523,0.647507,0.642693,0.676114,0.683621,0.638104,0.590007,0.639617,0.687313,0.657857,0.644575,0.613547,0.645702,0.602978,0.61435,0.635104,0.555385,0.566871,0.513281,0.430267,0.617891,0.632185,0.604431,0.650272,0.652009,0.5917,0.577879,0.622826,0.549702,0.660887,0.644779,0.64444,0.6687,0.593494,0.651131,0.646537,0.595163,0.669367,0.636519,0.628112,0.672487,0.630822,0.637891,0.663005,0.607598,0.664497,1.0,0.69752,0.635276,0.593247,0.711986,0.603259,0.610364,0.646857,0.442678,0.683364,0.625883,0.687229,0.629776,0.610268,0.660989,0.635608,0.651115,0.6382,0.677108,0.625601,0.504275
Suitcase,0.649837,0.672763,0.544601,0.749681,0.74837,0.536789,0.588482,0.584836,0.738339,0.77266,0.672087,0.731771,0.627877,0.752782,0.652106,0.721389,0.726067,0.583344,0.728703,0.759239,0.639081,0.727075,0.777608,0.609546,0.740026,0.681645,0.638826,0.733566,0.798656,0.71407,0.617027,0.775536,0.699534,0.699651,0.586207,0.726526,0.722581,0.657615,0.772843,0.663031,0.705347,0.755563,0.727038,0.764511,0.596611,0.674695,0.581622,0.563367,0.675646,0.683161,0.735599,0.684405,0.785798,0.691747,0.665709,0.749985,0.698444,0.646766,0.760398,0.694823,0.755359,0.6848,0.672466,0.742374,0.750845,0.754395,0.732128,0.800474,0.686797,0.682464,0.675093,0.811337,0.660449,0.68726,0.664947,0.726655,0.594019,0.734532,0.744275,0.720363,0.658624,0.559938,0.394106,0.712435,0.787648,0.648215,0.774881,0.748826,0.735532,0.650739,0.708875,0.554353,0.717324,0.758215,0.743252,0.670267,0.695331,0.752075,0.571901,0.588779,0.65982,0.714527,0.721217,0.727286,0.734382,0.754578,0.725902,0.682255,0.750135,0.69752,1.0,0.604786,0.659087,0.70709,0.72827,0.736487,0.738424,0.523356,0.789854,0.741038,0.74654,0.683009,0.700689,0.780389,0.728332,0.720021,0.745307,0.68976,0.633105,0.480664
Teddy Bear,0.598684,0.688375,0.618776,0.663451,0.567729,0.571197,0.572266,0.553525,0.586185,0.666409,0.538173,0.556411,0.574531,0.524084,0.649365,0.618058,0.580007,0.512945,0.575458,0.632558,0.616529,0.622481,0.566756,0.599644,0.605266,0.585915,0.572721,0.534697,0.622223,0.612015,0.599968,0.535974,0.655726,0.562523,0.543584,0.537186,0.49439,0.62293,0.645299,0.478593,0.657399,0.6257,0.61062,0.612258,0.564961,0.491517,0.650653,0.550569,0.613256,0.562179,0.645147,0.601874,0.610404,0.623854,0.576768,0.641636,0.632067,0.637788,0.633233,0.562152,0.614704,0.605458,0.479774,0.623294,0.584275,0.632457,0.654102,0.594659,0.649803,0.606201,0.634648,0.652338,0.664176,0.660724,0.598592,0.591991,0.596398,0.531042,0.546064,0.50548,0.499554,0.561359,0.548791,0.580357,0.563224,0.570027,0.609758,0.635958,0.540561,0.611595,0.645717,0.554924,0.613521,0.646877,0.589001,0.634716,0.595711,0.640779,0.63471,0.637964,0.58335,0.62333,0.549593,0.696512,0.61966,0.582818,0.630919,0.539309,0.655191,0.635276,0.604786,1.0,0.578796,0.600266,0.559309,0.599373,0.569302,0.450528,0.660008,0.61843,0.602462,0.609844,0.527174,0.592991,0.624884,0.637322,0.627584,0.58148,0.67921,0.544854
Tennisracket,0.650564,0.678384,0.628986,0.592246,0.679347,0.612116,0.638282,0.649979,0.655549,0.674434,0.66001,0.660907,0.711587,0.66954,0.604193,0.670274,0.66478,0.505349,0.6521,0.647704,0.709947,0.633066,0.677129,0.592925,0.720575,0.661048,0.628404,0.704309,0.684491,0.659116,0.636311,0.644613,0.643247,0.640225,0.599899,0.655628,0.617981,0.662436,0.654467,0.65858,0.657432,0.729079,0.727227,0.719827,0.561303,0.665294,0.589978,0.653065,0.722544,0.707273,0.643129,0.701761,0.66356,0.709363,0.647244,0.699549,0.705169,0.685847,0.677627,0.698339,0.712835,0.695466,0.641172,0.698829,0.69968,0.656659,0.715448,0.705922,0.672957,0.709632,0.629009,0.660907,0.579621,0.661412,0.69881,0.699948,0.656519,0.612707,0.710442,0.69573,0.580813,0.474754,0.459916,0.634249,0.731683,0.621939,0.706466,0.680834,0.676122,0.675408,0.616284,0.571787,0.617624,0.678619,0.670606,0.660515,0.727298,0.664327,0.588049,0.599481,0.621484,0.700922,0.66144,0.683176,0.734144,0.694765,0.663537,0.65066,0.642462,0.593247,0.659087,0.578796,1.0,0.690232,0.713486,0.685782,0.659337,0.494424,0.688152,0.589519,0.725023,0.646783,0.655399,0.675466,0.644574,0.707068,0.663346,0.710641,0.653702,0.571702
Tent,0.644295,0.6652,0.598534,0.699646,0.690421,0.564289,0.582028,0.619039,0.747549,0.721501,0.700969,0.722239,0.648078,0.673168,0.67623,0.694611,0.717554,0.548547,0.690264,0.690028,0.736999,0.732989,0.656107,0.638546,0.686283,0.641138,0.622683,0.673551,0.702521,0.664959,0.612834,0.655057,0.711463,0.755025,0.618008,0.730155,0.593307,0.6686,0.705876,0.658429,0.702121,0.74667,0.669506,0.716254,0.593266,0.675543,0.620087,0.635191,0.699542,0.714214,0.701842,0.731109,0.733154,0.656004,0.675309,0.749644,0.724359,0.694805,0.696879,0.707871,0.6917,0.724911,0.600697,0.719234,0.667595,0.712556,0.714004,0.670547,0.664881,0.64388,0.676774,0.705833,0.680863,0.684594,0.65648,0.632473,0.694307,0.669882,0.646731,0.700515,0.583681,0.508184,0.46247,0.688331,0.659252,0.607302,0.693628,0.732687,0.606842,0.669465,0.656598,0.582827,0.657675,0.667645,0.690732,0.641028,0.696281,0.694336,0.63818,0.639228,0.674559,0.736364,0.603903,0.698955,0.675037,0.778285,0.768415,0.677038,0.694389,0.711986,0.70709,0.600266,0.690232,1.0,0.686547,0.762114,0.651046,0.485862,0.71749,0.709702,0.766026,0.638,0.687831,0.655052,0.726415,0.735412,0.670704,0.71185,0.700736,0.518758
Toothbrush,0.599451,0.68384,0.539255,0.620978,0.705617,0.540297,0.558837,0.568761,0.698716,0.723768,0.743263,0.751086,0.599972,0.745555,0.61918,0.69136,0.710323,0.563956,0.701803,0.704914,0.69546,0.690445,0.745715,0.599643,0.745604,0.691636,0.597581,0.785039,0.717969,0.667038,0.543683,0.705905,0.673958,0.723573,0.585383,0.715447,0.663838,0.641395,0.72095,0.668824,0.677905,0.771396,0.715158,0.746067,0.605613,0.795711,0.561429,0.559233,0.66941,0.721507,0.699178,0.701292,0.705889,0.727521,0.697073,0.711802,0.695763,0.601004,0.711385,0.781673,0.779372,0.686664,0.652251,0.731192,0.687533,0.71011,0.707226,0.804835,0.607302,0.712343,0.631379,0.733142,0.609918,0.702024,0.686554,0.750138,0.613976,0.634734,0.827554,0.82488,0.625861,0.521978,0.391708,0.687358,0.809743,0.610529,0.797345,0.71143,0.754215,0.650366,0.681318,0.549024,0.674642,0.748936,0.70264,0.635675,0.727783,0.721825,0.538023,0.583519,0.622739,0.737021,0.734133,0.658551,0.79959,0.770781,0.702984,0.682842,0.677752,0.603259,0.72827,0.559309,0.713486,0.686547,1.0,0.742424,0.682672,0.532344,0.743501,0.670072,0.759569,0.658708,0.713557,0.764809,0.7234,0.710296,0.727413,0.768491,0.65988,0.456425
Train,0.655447,0.677884,0.559806,0.687158,0.698217,0.573194,0.599244,0.589363,0.774284,0.720128,0.78094,0.780149,0.675909,0.704207,0.695783,0.70813,0.777302,0.594478,0.700787,0.702657,0.71932,0.810079,0.694939,0.614783,0.718351,0.668146,0.633857,0.706232,0.728744,0.677843,0.611506,0.679302,0.722293,0.785297,0.608541,0.762497,0.607032,0.660949,0.786364,0.673005,0.723271,0.735144,0.679624,0.738364,0.614889,0.761984,0.618518,0.60264,0.700856,0.735995,0.695847,0.751571,0.770708,0.687251,0.719611,0.727679,0.723642,0.657172,0.700049,0.781254,0.750246,0.735051,0.605794,0.711558,0.680481,0.76958,0.692631,0.690821,0.64103,0.670405,0.678493,0.764594,0.689218,0.696576,0.662457,0.657265,0.690821,0.685951,0.670116,0.789824,0.614237,0.538082,0.461699,0.713377,0.722181,0.609316,0.750213,0.766139,0.651908,0.679841,0.717396,0.585479,0.66671,0.715043,0.723442,0.631753,0.71664,0.745502,0.601364,0.631688,0.655809,0.774586,0.641712,0.71552,0.701952,0.819377,0.78123,0.700997,0.738165,0.610364,0.736487,0.599373,0.685782,0.762114,0.742424,1.0,0.659225,0.535151,0.747786,0.797219,0.755147,0.644509,0.709391,0.681943,0.787452,0.729363,0.720877,0.650694,0.704615,0.513422
Trashbin,0.637112,0.660585,0.584675,0.650722,0.693166,0.549404,0.620973,0.5788,0.673374,0.714638,0.624184,0.669682,0.594526,0.72226,0.613653,0.670143,0.669611,0.505848,0.694025,0.705719,0.624775,0.652254,0.742241,0.597966,0.718492,0.637351,0.606331,0.671439,0.751967,0.713327,0.605337,0.741735,0.644986,0.650406,0.581418,0.670926,0.688945,0.654127,0.673384,0.622404,0.668795,0.699333,0.696797,0.689402,0.546254,0.629691,0.559188,0.583657,0.687262,0.664289,0.67446,0.664798,0.708155,0.676095,0.620341,0.692274,0.683538,0.609364,0.699122,0.669857,0.687422,0.636585,0.604431,0.699682,0.705018,0.656,0.713749,0.748035,0.650701,0.665451,0.634025,0.706693,0.597121,0.648739,0.629146,0.693997,0.57445,0.698928,0.699778,0.673276,0.631611,0.495819,0.397456,0.673055,0.72478,0.679935,0.725576,0.705502,0.704264,0.641582,0.637136,0.529,0.70495,0.669613,0.69029,0.640863,0.658678,0.669114,0.559135,0.559346,0.616126,0.686234,0.658571,0.690548,0.701793,0.693846,0.677477,0.678126,0.650037,0.646857,0.738424,0.569302,0.659337,0.651046,0.682672,0.659225,1.0,0.458082,0.721466,0.635098,0.680148,0.6785,0.673184,0.73051,0.647992,0.697004,0.661086,0.659146,0.614734,0.516248
Tree,0.461389,0.515405,0.398095,0.49483,0.527075,0.414697,0.405865,0.415723,0.500525,0.526167,0.493735,0.535093,0.492394,0.472961,0.44051,0.548181,0.531028,0.770632,0.489135,0.517869,0.461381,0.469179,0.471892,0.460772,0.492912,0.548025,0.459883,0.577914,0.497111,0.464885,0.408413,0.461952,0.4555,0.472519,0.456749,0.510605,0.451575,0.439401,0.527026,0.512832,0.458092,0.514996,0.491691,0.548138,0.628776,0.513244,0.481272,0.380953,0.438007,0.490538,0.50206,0.454862,0.503516,0.539206,0.512366,0.517803,0.46892,0.431651,0.534792,0.510628,0.577155,0.518273,0.503266,0.529184,0.514,0.543828,0.498555,0.528042,0.433987,0.488146,0.481436,0.560619,0.522617,0.526606,0.52952,0.522703,0.522668,0.408378,0.541027,0.523107,0.454034,0.540717,0.387244,0.447354,0.544285,0.435059,0.526413,0.492395,0.47193,0.4685,0.500879,0.476047,0.466387,0.628412,0.500173,0.474202,0.507161,0.544146,0.425678,0.496246,0.487293,0.506934,0.532761,0.550036,0.526303,0.490759,0.4887,0.450305,0.528881,0.442678,0.523356,0.450528,0.494424,0.485862,0.532344,0.535151,0.458082,1.0,0.548499,0.487105,0.561806,0.476643,0.44445,0.508781,0.5021,0.490245,0.589234,0.47787,0.512492,0.391167
Trophy,0.641629,0.754919,0.617591,0.769491,0.778975,0.588122,0.618078,0.559974,0.743744,0.833296,0.689206,0.749227,0.733342,0.707498,0.734766,0.741256,0.740892,0.618284,0.706187,0.770589,0.699032,0.754659,0.758682,0.63629,0.75717,0.73008,0.680178,0.758946,0.824138,0.760961,0.690446,0.71169,0.746867,0.704636,0.593173,0.739935,0.664247,0.733406,0.813678,0.679501,0.751285,0.775857,0.759416,0.80277,0.653612,0.681804,0.63108,0.609329,0.74997,0.769734,0.760389,0.751181,0.79511,0.717479,0.70537,0.793696,0.739417,0.726207,0.825964,0.736236,0.813495,0.729525,0.677306,0.777234,0.772265,0.803954,0.802252,0.799816,0.736054,0.730382,0.742424,0.842207,0.708706,0.747634,0.726907,0.724335,0.648346,0.681507,0.76428,0.718999,0.634646,0.615342,0.474316,0.708471,0.780972,0.6709,0.808871,0.787092,0.722075,0.737955,0.770794,0.579495,0.748224,0.805726,0.752964,0.693038,0.793648,0.802553,0.648957,0.669264,0.648752,0.768568,0.718518,0.782191,0.789442,0.7541,0.771406,0.656986,0.814365,0.683364,0.789854,0.660008,0.688152,0.71749,0.743501,0.747786,0.721466,0.548499,1.0,0.751213,0.766384,0.733787,0.666033,0.775559,0.763659,0.788539,0.778684,0.759667,0.713942,0.526775
Truck,0.638854,0.637379,0.518426,0.726489,0.675177,0.528231,0.55318,0.527194,0.740902,0.709025,0.720206,0.73125,0.675294,0.660056,0.716562,0.672723,0.729686,0.558765,0.660291,0.689924,0.645124,0.834555,0.68742,0.594263,0.687156,0.630531,0.622625,0.650598,0.744812,0.673819,0.617684,0.665693,0.764847,0.73727,0.568235,0.725445,0.574668,0.657487,0.7969,0.613698,0.728958,0.684072,0.656299,0.718065,0.587244,0.671002,0.579676,0.55302,0.660581,0.705397,0.690195,0.720386,0.770679,0.630771,0.672002,0.714012,0.676953,0.661132,0.695996,0.704578,0.722489,0.684254,0.567386,0.675348,0.66058,0.796875,0.676556,0.66115,0.65778,0.637364,0.680707,0.780991,0.683672,0.664747,0.624991,0.607175,0.632737,0.679254,0.60926,0.700835,0.583678,0.527646,0.449878,0.701981,0.675687,0.579996,0.723744,0.752638,0.625642,0.651711,0.752817,0.546622,0.674044,0.689985,0.704324,0.605366,0.693345,0.776865,0.58676,0.594644,0.620684,0.717118,0.599279,0.700636,0.663206,0.762453,0.757339,0.648461,0.786711,0.625883,0.741038,0.61843,0.589519,0.709702,0.670072,0.797219,0.635098,0.487105,0.751213,1.0,0.70167,0.6209,0.665024,0.660599,0.785564,0.704193,0.706081,0.592211,0.659776,0.450592
Umbrella,0.635204,0.685874,0.570358,0.692974,0.745632,0.572822,0.575223,0.604621,0.739792,0.748136,0.71245,0.750999,0.67025,0.720127,0.655676,0.728182,0.729662,0.602257,0.702572,0.71603,0.709264,0.71422,0.713561,0.640946,0.734199,0.706314,0.632332,0.769263,0.740112,0.677314,0.593237,0.690919,0.702829,0.731783,0.614851,0.746176,0.64671,0.664447,0.739489,0.714488,0.697359,0.776504,0.719001,0.771484,0.645078,0.723207,0.607735,0.604734,0.682383,0.739667,0.722179,0.71619,0.743652,0.706452,0.704242,0.753847,0.71236,0.669743,0.746442,0.733863,0.767707,0.738178,0.67758,0.755767,0.714373,0.741051,0.73964,0.766238,0.655417,0.697239,0.675035,0.760174,0.664352,0.715967,0.706361,0.711606,0.679619,0.65343,0.764531,0.755073,0.618301,0.552344,0.43735,0.698579,0.771031,0.616968,0.762664,0.733766,0.695615,0.672326,0.690777,0.590057,0.684985,0.749769,0.718958,0.659323,0.738514,0.743826,0.602025,0.637634,0.679801,0.73717,0.698904,0.707778,0.757808,0.770012,0.749986,0.67916,0.727861,0.687229,0.74654,0.602462,0.725023,0.766026,0.759569,0.755147,0.680148,0.561806,0.766384,0.70167,1.0,0.666299,0.685157,0.734324,0.739871,0.738562,0.74551,0.765615,0.694266,0.508647
Vase,0.614056,0.716598,0.646312,0.663643,0.668405,0.595025,0.613736,0.56625,0.645253,0.721965,0.606706,0.634704,0.627922,0.649444,0.645073,0.66549,0.649966,0.527163,0.662353,0.688972,0.647207,0.63688,0.69457,0.617165,0.692372,0.660024,0.623297,0.646796,0.714413,0.706059,0.650354,0.654145,0.66353,0.611142,0.57575,0.629688,0.618159,0.68125,0.6715,0.591797,0.67954,0.701499,0.685027,0.678229,0.578839,0.591618,0.613671,0.619509,0.694937,0.664091,0.68207,0.678685,0.67413,0.669853,0.627223,0.70146,0.686777,0.651918,0.701338,0.660884,0.684266,0.65463,0.584075,0.699775,0.677498,0.660771,0.728695,0.705477,0.676675,0.689224,0.657519,0.688839,0.643793,0.673214,0.652587,0.67695,0.593173,0.622963,0.679062,0.623881,0.588962,0.528627,0.489171,0.646868,0.682136,0.659123,0.707434,0.695356,0.670859,0.67656,0.662954,0.548786,0.680369,0.686085,0.660162,0.653448,0.677474,0.669603,0.602213,0.613306,0.614609,0.693577,0.648507,0.719139,0.705371,0.653467,0.665863,0.621704,0.663165,0.629776,0.683009,0.609844,0.646783,0.638,0.658708,0.644509,0.6785,0.476643,0.733787,0.6209,0.666299,1.0,0.619037,0.697213,0.65213,0.705914,0.666375,0.673773,0.670845,0.577953
Wallet,0.622242,0.640999,0.55692,0.613319,0.647358,0.539925,0.596011,0.611834,0.695578,0.667416,0.733864,0.72729,0.573795,0.722657,0.587248,0.64321,0.681801,0.488763,0.711612,0.68679,0.649497,0.68075,0.711476,0.583746,0.689516,0.614635,0.591395,0.686342,0.67818,0.655895,0.547121,0.712035,0.662424,0.740421,0.613052,0.70944,0.662805,0.629613,0.648709,0.61468,0.662189,0.691112,0.6502,0.667572,0.532704,0.73025,0.565203,0.555901,0.659651,0.685765,0.659155,0.682889,0.689249,0.666359,0.650207,0.688406,0.699003,0.570468,0.639561,0.7239,0.67855,0.627277,0.580186,0.668725,0.646974,0.645277,0.643273,0.701481,0.60507,0.650331,0.600936,0.647149,0.589371,0.646287,0.597424,0.669274,0.600403,0.692396,0.691226,0.757336,0.633947,0.471073,0.396182,0.671706,0.69764,0.616364,0.696183,0.69129,0.684546,0.611648,0.627862,0.545794,0.650684,0.6293,0.67142,0.606254,0.635439,0.641492,0.549786,0.554457,0.617785,0.707703,0.623231,0.626263,0.688889,0.755154,0.665874,0.715882,0.613093,0.610268,0.700689,0.527174,0.655399,0.687831,0.713557,0.709391,0.673184,0.44445,0.666033,0.665024,0.685157,0.619037,1.0,0.677012,0.672757,0.671103,0.628732,0.651396,0.617052,0.465214
Waterbottle,0.603206,0.67286,0.543423,0.680004,0.726643,0.535738,0.551888,0.55347,0.674051,0.751464,0.649838,0.690475,0.601635,0.758231,0.624471,0.694896,0.679991,0.551686,0.705096,0.728158,0.633062,0.660708,0.79517,0.614534,0.754548,0.697301,0.613264,0.748555,0.779077,0.713391,0.586274,0.75584,0.681565,0.651605,0.571835,0.670134,0.714416,0.651408,0.728773,0.645034,0.681444,0.767413,0.737121,0.750492,0.603149,0.683726,0.542993,0.568406,0.659696,0.687581,0.72046,0.68401,0.71751,0.704747,0.658873,0.719941,0.674244,0.620427,0.752936,0.708341,0.758027,0.675217,0.665411,0.746354,0.726613,0.70997,0.748894,0.844365,0.660172,0.723421,0.651216,0.766224,0.616585,0.691927,0.680381,0.77506,0.564522,0.67283,0.813562,0.726823,0.64442,0.542175,0.393135,0.690232,0.821349,0.645611,0.797352,0.712685,0.789732,0.651612,0.700695,0.537246,0.729547,0.755895,0.713611,0.668474,0.712566,0.724665,0.552322,0.565455,0.637909,0.700029,0.760091,0.704807,0.786619,0.711431,0.679075,0.653312,0.699261,0.660989,0.780389,0.592991,0.675466,0.655052,0.764809,0.681943,0.73051,0.508781,0.775559,0.660599,0.734324,0.697213,0.677012,1.0,0.709159,0.716572,0.746513,0.735002,0.631568,0.45929
Watergun,0.624557,0.672994,0.577721,0.715148,0.687503,0.575664,0.55057,0.549191,0.73399,0.716499,0.723716,0.740974,0.664075,0.68681,0.703531,0.669543,0.714207,0.573288,0.66799,0.683728,0.686821,0.780506,0.692556,0.638536,0.706569,0.671816,0.618911,0.681684,0.737754,0.696639,0.600572,0.648748,0.756576,0.744189,0.58623,0.720187,0.567632,0.660231,0.794195,0.63224,0.732296,0.753715,0.66861,0.730864,0.638133,0.705156,0.566559,0.619197,0.683673,0.729986,0.725993,0.762923,0.750094,0.663238,0.706466,0.726847,0.704097,0.678798,0.705434,0.751603,0.737888,0.732792,0.581742,0.713389,0.655102,0.788736,0.704814,0.699387,0.646987,0.693223,0.687423,0.769704,0.686929,0.699733,0.667876,0.652407,0.652036,0.640435,0.670484,0.731134,0.57172,0.539353,0.469619,0.716569,0.720898,0.590345,0.747336,0.74611,0.655907,0.672726,0.75876,0.559488,0.679146,0.690879,0.697693,0.624131,0.729766,0.758695,0.610686,0.61905,0.657162,0.75601,0.6333,0.700986,0.712362,0.777606,0.785295,0.656967,0.767968,0.635608,0.728332,0.624884,0.644574,0.726415,0.7234,0.787452,0.647992,0.5021,0.763659,0.785564,0.739871,0.65213,0.672757,0.709159,1.0,0.745721,0.731618,0.656179,0.695321,0.465448
Wateringcan,0.632656,0.741316,0.680747,0.70508,0.715285,0.607006,0.629313,0.584747,0.72072,0.771507,0.68604,0.716046,0.72237,0.688213,0.730006,0.699172,0.702616,0.547186,0.681561,0.7168,0.73634,0.733483,0.717026,0.653058,0.735026,0.67933,0.658214,0.690814,0.774058,0.758926,0.688693,0.667552,0.740028,0.711485,0.597804,0.713138,0.60957,0.744478,0.745286,0.644105,0.754913,0.763752,0.724361,0.766642,0.609418,0.664552,0.617631,0.665039,0.779151,0.771356,0.725386,0.787923,0.743013,0.687534,0.688759,0.761027,0.753007,0.75143,0.746594,0.73452,0.748308,0.711686,0.604704,0.736454,0.712802,0.740037,0.782559,0.729815,0.738885,0.723275,0.721625,0.745338,0.681362,0.719816,0.694991,0.668261,0.651495,0.661805,0.690414,0.700786,0.593274,0.529076,0.485603,0.711528,0.716509,0.661583,0.754616,0.766084,0.674448,0.747503,0.712383,0.565213,0.72453,0.707197,0.708218,0.663831,0.773356,0.739716,0.645547,0.65379,0.638474,0.762851,0.643004,0.747974,0.753365,0.7552,0.773565,0.667017,0.736741,0.651115,0.720021,0.637322,0.707068,0.735412,0.710296,0.729363,0.697004,0.490245,0.788539,0.704193,0.738562,0.705914,0.671103,0.716572,0.745721,1.0,0.708852,0.730209,0.718931,0.553337
Windchime,0.61608,0.683915,0.533429,0.70423,0.728317,0.555593,0.558157,0.546239,0.698058,0.740625,0.665095,0.716849,0.650433,0.6918,0.646839,0.72185,0.702076,0.642198,0.676224,0.711921,0.638462,0.687782,0.707787,0.620637,0.715266,0.708427,0.633533,0.740452,0.746285,0.682479,0.593395,0.671972,0.6881,0.660018,0.582606,0.697954,0.640602,0.637161,0.757204,0.660662,0.672102,0.722448,0.702765,0.758768,0.661079,0.672268,0.591061,0.550943,0.63221,0.687035,0.708021,0.66584,0.717932,0.684505,0.686356,0.719871,0.658308,0.628505,0.752335,0.690824,0.77571,0.700313,0.664774,0.731964,0.717709,0.747048,0.723147,0.762627,0.639049,0.693688,0.660063,0.792283,0.665958,0.708882,0.695396,0.711619,0.626749,0.617835,0.752164,0.697183,0.617444,0.601092,0.478678,0.676656,0.77539,0.605809,0.755338,0.709295,0.700421,0.657717,0.711636,0.582883,0.693093,0.789472,0.70294,0.650066,0.708034,0.750115,0.566982,0.629198,0.646666,0.698794,0.726079,0.725978,0.739611,0.696975,0.701493,0.632306,0.740482,0.6382,0.745307,0.627584,0.663346,0.670704,0.727413,0.720877,0.661086,0.589234,0.778684,0.706081,0.74551,0.666375,0.628732,0.746513,0.731618,0.708852,1.0,0.700208,0.681955,0.481639
Wishbone,0.590917,0.691396,0.578912,0.649824,0.749477,0.512393,0.589685,0.561342,0.67673,0.770014,0.653524,0.707309,0.599891,0.689768,0.610543,0.706221,0.670547,0.516697,0.677434,0.712093,0.727595,0.614928,0.701439,0.623585,0.712484,0.6846,0.617837,0.780581,0.705681,0.668316,0.588878,0.661172,0.63209,0.665829,0.577957,0.707476,0.65488,0.659721,0.668512,0.672822,0.646302,0.779925,0.727619,0.751346,0.569636,0.711892,0.58143,0.572579,0.660668,0.697806,0.708719,0.66211,0.668939,0.700261,0.665475,0.752074,0.67593,0.651273,0.775683,0.69994,0.754376,0.678668,0.706494,0.74867,0.727362,0.668865,0.744349,0.790746,0.652267,0.68324,0.634194,0.704209,0.590409,0.706993,0.708486,0.716887,0.5961,0.603843,0.880087,0.727402,0.632285,0.508836,0.437216,0.63822,0.768685,0.624615,0.755695,0.685622,0.700412,0.663675,0.62279,0.552576,0.673656,0.748082,0.698654,0.649361,0.734803,0.690281,0.555954,0.626183,0.600786,0.695521,0.741051,0.67111,0.788425,0.716257,0.679866,0.638218,0.648976,0.677108,0.68976,0.58148,0.710641,0.71185,0.768491,0.650694,0.659146,0.47787,0.759667,0.592211,0.765615,0.673773,0.651396,0.735002,0.656179,0.730209,0.700208,1.0,0.690052,0.493614
Wrap,0.609866,0.775116,0.712537,0.6646,0.624184,0.61786,0.634345,0.592819,0.676862,0.714495,0.666119,0.665538,0.637616,0.602822,0.68266,0.696903,0.665938,0.585514,0.649339,0.676685,0.712965,0.678519,0.616943,0.684684,0.667875,0.657322,0.624526,0.627556,0.657874,0.67265,0.649091,0.581376,0.682773,0.682379,0.606602,0.64323,0.537758,0.690119,0.684908,0.585335,0.706527,0.696903,0.652129,0.668029,0.640881,0.632405,0.714,0.638493,0.70474,0.677514,0.68943,0.695911,0.657855,0.677648,0.67809,0.69576,0.720721,0.661664,0.671609,0.696943,0.688134,0.677562,0.5307,0.701391,0.619637,0.687883,0.720605,0.635391,0.652129,0.691807,0.675809,0.675518,0.738594,0.736611,0.67036,0.63511,0.67727,0.577596,0.628972,0.634901,0.55619,0.59413,0.68939,0.655817,0.623333,0.622473,0.672455,0.707883,0.599881,0.706896,0.676717,0.597728,0.664737,0.699228,0.645591,0.654128,0.661181,0.675927,0.674824,0.734833,0.638586,0.730004,0.591255,0.752646,0.690121,0.689824,0.715772,0.632604,0.667025,0.625601,0.633105,0.67921,0.653702,0.700736,0.65988,0.704615,0.614734,0.512492,0.713942,0.659776,0.694266,0.670845,0.617052,0.631568,0.695321,0.718931,0.681955,0.690052,1.0,0.599461
Yarn,0.579907,0.624223,0.62202,0.505611,0.488418,0.598149,0.628883,0.596988,0.499448,0.541913,0.473109,0.473186,0.559116,0.43908,0.543394,0.521268,0.507707,0.414396,0.510013,0.529591,0.546096,0.487292,0.466438,0.499245,0.523109,0.544364,0.526101,0.444585,0.507753,0.538152,0.606793,0.447741,0.499085,0.464505,0.52752,0.469885,0.429721,0.601076,0.481034,0.480106,0.54597,0.5188,0.530729,0.511529,0.478282,0.420078,0.656073,0.585949,0.598937,0.516765,0.51759,0.548453,0.497977,0.574297,0.520261,0.550491,0.579768,0.581484,0.50475,0.490546,0.497943,0.544572,0.419684,0.538961,0.521051,0.476383,0.585074,0.456802,0.597934,0.542259,0.551595,0.477431,0.571505,0.55396,0.526103,0.500994,0.580755,0.468284,0.436495,0.43596,0.445216,0.505022,0.511505,0.481118,0.444446,0.569005,0.492047,0.544061,0.441743,0.589616,0.485692,0.512708,0.497975,0.50335,0.495472,0.572968,0.526026,0.486159,0.574201,0.578287,0.538146,0.561278,0.44342,0.601773,0.509766,0.492852,0.516311,0.512718,0.486971,0.504275,0.480664,0.544854,0.571702,0.518758,0.456425,0.513422,0.516248,0.391167,0.526775,0.450592,0.508647,0.577953,0.465214,0.45929,0.465448,0.553337,0.481639,0.493614,0.599461,1.0
