,Accordion,Acorn,Apple,Backpack,Barstool,Baseball,Basket,Beanie,Bed,Bell,Belt,Bench,Bike,Binder,Binoculars,Birdfeeder,Boat,Bonzai,Book,Bookend,Boomerang,Car,Cellphone,Cheese,Cheesegrater,Christmasstreeornament,Clock,Coatrack,Coffeemaker,Coffeemug,Compass,Computertower,Controller,Couch,Cushion,Desk,Door,Doorknob,Drill,Dryingrack,Dumbbell,Dustpan,Fan,Faucet,Flower,Flute,Fossils,Frisbee,Fryingpan,Glasses,Glove,Goggles,Grill,Hairbrush,Hairclip,Handbag,Hat,Headphones,Hourglass,Kayak,Key,Kite,Ladder,Lamp,Lantern,Lawnmower,Lightbulb,Lipstick,Lock,Lollipop,Mask,Microscope,Minerals,Mushroom,Necklace,Necktie,Orifan,Oven,Paintbrush,Pen,Pictureframe,Pinecone,Pizza,Plug,Pogostick,Pot,Razor,Recordplayer,Remotecontrol,Ring,Rollerskates,Rug,Saltpeppershaker,Saxophone,Scale,Scarf,Scissors,Scooter,Scrunchie,Seashell,Shirt,Shoe,Skiis,Snowglobe,Spoon,Stapler,Stapleremover,Storagebin,Stroller,Suit,Suitcase,Teddy Bear,Tennisracket,Tent,Toothbrush,Train,Trashbin,Tree,Trophy,Truck,Umbrella,Vase,Wallet,Waterbottle,Watergun,Wateringcan,Windchime,Wishbone,Wrap,Yarn
Accordion,1.0,0.875039,0.901198,0.852554,0.845783,0.89127,0.885459,0.8897,0.88024,0.85746,0.872567,0.882358,0.853777,0.89021,0.87725,0.868746,0.87245,0.855172,0.875955,0.862152,0.868734,0.876065,0.876047,0.887188,0.872356,0.874504,0.867156,0.876651,0.856996,0.891808,0.860539,0.878942,0.880841,0.867693,0.884538,0.879016,0.86241,0.876658,0.849275,0.872472,0.86955,0.875297,0.8681,0.862302,0.879742,0.885441,0.87485,0.886651,0.881582,0.880208,0.858627,0.88307,0.872235,0.867424,0.882855,0.871067,0.888659,0.851206,0.83323,0.881943,0.863803,0.866355,0.865179,0.858059,0.855511,0.858782,0.861185,0.878642,0.853412,0.879123,0.870212,0.837821,0.891043,0.870812,0.861115,0.876592,0.884859,0.879234,0.888641,0.888966,0.850558,0.852765,0.881238,0.887583,0.879378,0.869609,0.874768,0.871797,0.879636,0.878418,0.866287,0.88237,0.878242,0.849365,0.857017,0.858857,0.861769,0.855156,0.892646,0.877451,0.868382,0.862297,0.856361,0.846577,0.882234,0.879305,0.866783,0.898305,0.850579,0.865914,0.86586,0.830703,0.867181,0.884593,0.880696,0.873146,0.868954,0.875993,0.842673,0.86531,0.876998,0.869221,0.891806,0.866226,0.872978,0.878599,0.855541,0.878392,0.874652,0.893531
Acorn,0.875039,1.0,0.890338,0.888838,0.889693,0.879636,0.880491,0.889141,0.884711,0.905237,0.883187,0.879291,0.857987,0.905993,0.886629,0.885982,0.890125,0.8909,0.901906,0.886331,0.884722,0.888574,0.918205,0.89037,0.906125,0.911479,0.887903,0.892755,0.907891,0.899681,0.888102,0.90383,0.875344,0.879242,0.878662,0.865779,0.909944,0.89537,0.881859,0.897472,0.86506,0.90493,0.900737,0.883086,0.906009,0.893623,0.881085,0.876685,0.903874,0.891029,0.909957,0.896141,0.895371,0.893485,0.893099,0.898811,0.911365,0.861084,0.898801,0.899512,0.883554,0.894305,0.906041,0.889958,0.917474,0.879052,0.913537,0.910774,0.885118,0.912934,0.898116,0.892742,0.884441,0.902987,0.862257,0.909396,0.903006,0.893441,0.904305,0.896537,0.835024,0.90055,0.864565,0.903175,0.904772,0.891668,0.899408,0.890018,0.919017,0.914286,0.886611,0.882384,0.902656,0.891221,0.872883,0.908016,0.87689,0.860331,0.882789,0.885916,0.881905,0.879166,0.891307,0.901048,0.901139,0.893736,0.868089,0.889904,0.8949,0.89139,0.909456,0.880879,0.896441,0.895873,0.894392,0.89383,0.899685,0.901431,0.887398,0.883919,0.895087,0.909984,0.894278,0.914642,0.884086,0.893424,0.89901,0.901265,0.891882,0.885323
Apple,0.901198,0.890338,1.0,0.892463,0.87114,0.925248,0.900555,0.917279,0.879689,0.882463,0.883593,0.893106,0.851782,0.911426,0.883639,0.889405,0.880571,0.894769,0.900802,0.889082,0.879088,0.877677,0.905063,0.913728,0.893313,0.893651,0.892153,0.900997,0.893445,0.912217,0.880721,0.900313,0.887678,0.872642,0.896148,0.883283,0.903938,0.882971,0.876552,0.891348,0.875777,0.896309,0.900212,0.881605,0.903603,0.900889,0.897393,0.90907,0.88668,0.892576,0.891142,0.889825,0.887992,0.887084,0.893238,0.889116,0.895544,0.886565,0.879237,0.897531,0.889658,0.885166,0.892538,0.894635,0.891172,0.866054,0.894664,0.90538,0.892523,0.910794,0.895959,0.870507,0.905799,0.8943,0.876393,0.902983,0.893308,0.902548,0.910759,0.907065,0.885033,0.884835,0.910525,0.90802,0.898656,0.902623,0.900062,0.883338,0.907811,0.889245,0.871404,0.902291,0.900679,0.873099,0.880693,0.899909,0.876882,0.863315,0.932772,0.894754,0.903098,0.867208,0.880696,0.890595,0.906222,0.887051,0.86978,0.902521,0.875516,0.899859,0.8981,0.866574,0.88815,0.881206,0.8989,0.880314,0.909271,0.902862,0.882346,0.866401,0.894218,0.907957,0.896732,0.901074,0.882234,0.887008,0.880759,0.90032,0.882846,0.928722
Backpack,0.852554,0.888838,0.892463,1.0,0.863133,0.879431,0.860062,0.882092,0.849102,0.879659,0.842185,0.847618,0.822632,0.891165,0.843481,0.870875,0.860645,0.880434,0.885413,0.882242,0.852243,0.841456,0.895366,0.882426,0.877455,0.881188,0.870472,0.871041,0.89216,0.877784,0.864014,0.882013,0.841357,0.832438,0.859999,0.833095,0.901683,0.858337,0.860806,0.870216,0.829343,0.879065,0.88338,0.861993,0.87957,0.865945,0.86421,0.864914,0.859878,0.852274,0.882561,0.851436,0.865258,0.864169,0.861764,0.882896,0.872483,0.870868,0.883839,0.865665,0.865187,0.865947,0.882079,0.874829,0.893149,0.852553,0.883311,0.884829,0.891586,0.889056,0.875763,0.870924,0.86515,0.870668,0.843944,0.88459,0.85136,0.88222,0.884739,0.870051,0.852294,0.878848,0.863817,0.880846,0.880981,0.884369,0.875339,0.861002,0.891623,0.874482,0.87,0.872959,0.886923,0.861347,0.861407,0.903561,0.850213,0.842542,0.88263,0.863874,0.878909,0.83988,0.861462,0.901784,0.878883,0.853575,0.831502,0.85835,0.876831,0.897576,0.893095,0.887745,0.867172,0.853617,0.868742,0.848746,0.897212,0.873989,0.871654,0.839761,0.864522,0.895054,0.859369,0.889163,0.84514,0.855442,0.869972,0.886469,0.854359,0.882935
Barstool,0.845783,0.889693,0.87114,0.863133,1.0,0.868768,0.874623,0.880127,0.845012,0.88423,0.864472,0.856135,0.84132,0.885508,0.84261,0.864996,0.86137,0.868653,0.878017,0.867102,0.873737,0.848241,0.905821,0.869734,0.885893,0.882268,0.87369,0.896502,0.890256,0.86862,0.882742,0.903841,0.833457,0.860396,0.861638,0.847616,0.90569,0.875566,0.871554,0.883678,0.836058,0.892852,0.899379,0.879007,0.872969,0.892761,0.835227,0.872552,0.869979,0.874334,0.88651,0.859712,0.865363,0.889504,0.855858,0.861989,0.870916,0.845273,0.903035,0.884333,0.886066,0.870641,0.903718,0.891365,0.902286,0.853399,0.892555,0.913759,0.87363,0.908009,0.862316,0.881915,0.832354,0.878116,0.862348,0.905988,0.858729,0.868807,0.910899,0.895768,0.854763,0.868869,0.842598,0.874127,0.91239,0.875525,0.901838,0.856076,0.912736,0.867927,0.848716,0.867458,0.864542,0.89175,0.869384,0.895088,0.872906,0.868174,0.854462,0.844578,0.872009,0.862352,0.91298,0.865441,0.905915,0.863842,0.841068,0.862746,0.865776,0.871047,0.891457,0.873383,0.894504,0.848806,0.895626,0.854562,0.889941,0.874527,0.897176,0.857879,0.876086,0.890918,0.86664,0.914351,0.851112,0.859053,0.890113,0.90633,0.841674,0.864662
Baseball,0.89127,0.879636,0.925248,0.879431,0.868768,1.0,0.894509,0.905206,0.872839,0.870417,0.871918,0.878215,0.84994,0.899568,0.868786,0.885158,0.874883,0.875593,0.889816,0.877818,0.873389,0.870091,0.891959,0.900949,0.883221,0.880765,0.887152,0.889845,0.878341,0.89358,0.871845,0.889347,0.876297,0.86438,0.885868,0.877223,0.893001,0.873366,0.86852,0.884513,0.867418,0.887333,0.891129,0.872412,0.885226,0.893143,0.88197,0.910606,0.881106,0.88121,0.878044,0.878879,0.875124,0.879382,0.880614,0.876117,0.886389,0.873206,0.869604,0.885911,0.87878,0.871629,0.886247,0.884213,0.879687,0.861948,0.880206,0.898661,0.884653,0.895835,0.881171,0.862629,0.882334,0.880543,0.873595,0.894626,0.877736,0.892067,0.906006,0.898335,0.874255,0.867069,0.908422,0.893614,0.899325,0.890843,0.889092,0.873774,0.897377,0.872338,0.862955,0.897914,0.885848,0.869426,0.875785,0.885509,0.874167,0.862721,0.91875,0.878746,0.893026,0.863468,0.878407,0.876239,0.897192,0.878743,0.867033,0.897092,0.865887,0.879346,0.885254,0.861027,0.879837,0.874272,0.892075,0.870065,0.897526,0.888285,0.875098,0.862788,0.880711,0.893037,0.891496,0.890495,0.87207,0.876487,0.873652,0.894019,0.871142,0.918731
Basket,0.885459,0.880491,0.900555,0.860062,0.874623,0.894509,1.0,0.901253,0.87927,0.867177,0.894848,0.89885,0.877574,0.897465,0.871684,0.872748,0.883254,0.866608,0.885376,0.865135,0.890181,0.884038,0.889435,0.891671,0.884685,0.883251,0.880179,0.901258,0.866784,0.886378,0.884475,0.900878,0.881445,0.895948,0.893573,0.890224,0.883557,0.890261,0.858542,0.889333,0.882547,0.895847,0.885228,0.880876,0.87899,0.911061,0.865992,0.899487,0.893904,0.901758,0.872385,0.896557,0.877454,0.886534,0.887501,0.876534,0.894588,0.865444,0.853867,0.903809,0.883138,0.874628,0.884745,0.874898,0.873069,0.868883,0.87121,0.901715,0.871868,0.893149,0.873751,0.857709,0.871095,0.875875,0.883843,0.894722,0.885719,0.884761,0.914058,0.914798,0.879314,0.85452,0.877351,0.894204,0.904434,0.884654,0.893454,0.87808,0.896119,0.882524,0.861191,0.889931,0.878716,0.875947,0.87431,0.873452,0.885959,0.878544,0.887143,0.870455,0.881501,0.884735,0.891108,0.857153,0.903318,0.896361,0.869748,0.900593,0.852931,0.876816,0.878588,0.847834,0.890873,0.881713,0.906623,0.888582,0.883973,0.881394,0.860822,0.882462,0.886799,0.879798,0.900639,0.88738,0.882593,0.883496,0.870135,0.902179,0.870329,0.894828
Beanie,0.8897,0.889141,0.917279,0.882092,0.880127,0.905206,0.901253,1.0,0.881679,0.878934,0.890206,0.895008,0.8676,0.906531,0.877058,0.883191,0.886704,0.883527,0.896275,0.879542,0.892191,0.884809,0.903054,0.905144,0.890918,0.8928,0.889011,0.9077,0.884386,0.897994,0.884259,0.905148,0.887232,0.884181,0.897636,0.884774,0.899585,0.886663,0.872083,0.892747,0.876018,0.898147,0.899871,0.888026,0.893201,0.908512,0.881537,0.902401,0.888123,0.897362,0.885203,0.894397,0.88294,0.891614,0.892046,0.886053,0.898691,0.879914,0.873681,0.903047,0.892926,0.884708,0.895534,0.889434,0.885052,0.868898,0.889374,0.910088,0.887933,0.909836,0.886009,0.867881,0.884354,0.887985,0.879832,0.906132,0.893207,0.894964,0.920521,0.913215,0.887021,0.876263,0.887834,0.901967,0.911681,0.890793,0.904195,0.88449,0.908059,0.887941,0.873419,0.901568,0.890343,0.88182,0.882724,0.895164,0.885583,0.87596,0.905865,0.884358,0.889077,0.879414,0.894002,0.877198,0.912302,0.895801,0.87041,0.898789,0.867176,0.907222,0.892399,0.871186,0.893733,0.886511,0.907246,0.887483,0.897689,0.894899,0.87806,0.877304,0.894409,0.896329,0.899946,0.901356,0.878958,0.883775,0.882932,0.90781,0.875237,0.909525
Bed,0.88024,0.884711,0.879689,0.849102,0.845012,0.872839,0.87927,0.881679,1.0,0.858838,0.88836,0.88957,0.872578,0.884023,0.878583,0.86265,0.887349,0.851646,0.874329,0.851969,0.877595,0.895322,0.875313,0.87787,0.874373,0.880382,0.865213,0.87609,0.854582,0.877458,0.862506,0.875875,0.88676,0.889843,0.87684,0.873185,0.860572,0.880855,0.838428,0.874094,0.875069,0.880226,0.863231,0.860525,0.875672,0.887905,0.870363,0.875713,0.893923,0.89294,0.860908,0.900159,0.869295,0.867569,0.888641,0.874436,0.902512,0.847237,0.831683,0.892943,0.858219,0.865964,0.864911,0.850128,0.857514,0.865206,0.85863,0.879751,0.854309,0.872395,0.870369,0.840833,0.880379,0.866856,0.857678,0.87573,0.892241,0.871817,0.886133,0.891084,0.833177,0.853848,0.863972,0.886383,0.880193,0.860594,0.872387,0.881491,0.87859,0.888499,0.872893,0.872825,0.874573,0.857466,0.853996,0.85623,0.868164,0.854291,0.875446,0.874304,0.847403,0.880347,0.860331,0.844833,0.878816,0.90029,0.869057,0.891153,0.847277,0.864463,0.862077,0.835838,0.865058,0.899445,0.884096,0.898708,0.858704,0.873741,0.834782,0.884879,0.872915,0.866722,0.895514,0.864705,0.873515,0.876279,0.856224,0.870274,0.880142,0.877982
Bell,0.85746,0.905237,0.882463,0.879659,0.88423,0.870417,0.867177,0.878934,0.858838,1.0,0.864766,0.85687,0.832703,0.88908,0.859583,0.890114,0.880158,0.884487,0.885733,0.886733,0.867518,0.858629,0.909422,0.883173,0.896468,0.904814,0.876959,0.894776,0.901454,0.883896,0.875095,0.892237,0.841594,0.854685,0.865961,0.84079,0.904896,0.872973,0.870479,0.878207,0.839958,0.903447,0.897428,0.874599,0.891988,0.881713,0.860546,0.868275,0.878904,0.873354,0.8953,0.867919,0.877745,0.883513,0.867937,0.893095,0.883583,0.852929,0.901462,0.886692,0.878913,0.873478,0.907904,0.885046,0.919538,0.869254,0.8964,0.918748,0.878992,0.903658,0.877439,0.892978,0.862722,0.885663,0.856338,0.910288,0.866396,0.875861,0.909106,0.887118,0.839737,0.892009,0.855473,0.885081,0.906552,0.878444,0.897692,0.872152,0.917823,0.885673,0.880493,0.870895,0.880608,0.895932,0.869789,0.903476,0.866412,0.854291,0.871777,0.866446,0.871218,0.861712,0.898173,0.890056,0.905374,0.871891,0.847614,0.867446,0.885058,0.887661,0.901857,0.879082,0.885618,0.868156,0.888731,0.865068,0.889121,0.885797,0.889469,0.859138,0.879064,0.90303,0.871339,0.918701,0.856868,0.871549,0.893318,0.904276,0.864892,0.877279
Belt,0.872567,0.883187,0.883593,0.842185,0.864472,0.871918,0.894848,0.890206,0.88836,0.864766,1.0,0.919698,0.893039,0.88775,0.883683,0.856643,0.896947,0.86147,0.8805,0.850036,0.898044,0.91379,0.88412,0.880463,0.887721,0.887297,0.874867,0.905774,0.85933,0.874295,0.879214,0.893667,0.896524,0.929723,0.885418,0.886203,0.873918,0.891798,0.840121,0.894591,0.89909,0.897055,0.878479,0.881539,0.877003,0.921357,0.860927,0.892402,0.906794,0.936819,0.871951,0.925965,0.875317,0.892722,0.895761,0.873691,0.902943,0.851677,0.845169,0.933005,0.879565,0.876055,0.881408,0.864972,0.866726,0.863424,0.869632,0.899732,0.860906,0.889113,0.873839,0.856024,0.861705,0.871528,0.874025,0.891735,0.908043,0.872766,0.906791,0.927999,0.857775,0.850714,0.863713,0.895043,0.896639,0.867419,0.895993,0.88695,0.893733,0.892596,0.855506,0.876701,0.872046,0.875999,0.861387,0.861326,0.891332,0.86972,0.871062,0.867948,0.860234,0.899234,0.889432,0.844673,0.901626,0.921584,0.871332,0.892867,0.840212,0.860762,0.867251,0.833138,0.896067,0.889597,0.913294,0.926329,0.866092,0.883229,0.844137,0.896286,0.887356,0.873363,0.901437,0.884049,0.894709,0.886554,0.86856,0.892506,0.878911,0.879225
Bench,0.882358,0.879291,0.893106,0.847618,0.856135,0.878215,0.89885,0.895008,0.88957,0.85687,0.919698,1.0,0.89012,0.889416,0.886279,0.855999,0.891578,0.860133,0.879299,0.849533,0.902041,0.911701,0.878905,0.883932,0.881833,0.881468,0.874418,0.899861,0.852919,0.881325,0.873368,0.886858,0.902448,0.925729,0.890469,0.905679,0.867516,0.891042,0.836289,0.89045,0.904411,0.890295,0.874558,0.876131,0.878081,0.914451,0.869551,0.893341,0.905703,0.924514,0.867684,0.924231,0.877327,0.883596,0.902343,0.874825,0.907394,0.852256,0.833821,0.916851,0.876755,0.876543,0.871402,0.861225,0.85872,0.858713,0.862881,0.888796,0.85627,0.888974,0.875284,0.842982,0.8758,0.871682,0.870817,0.885033,0.906676,0.877033,0.905528,0.920684,0.861992,0.848202,0.869776,0.896544,0.892952,0.869497,0.887875,0.885138,0.884825,0.895303,0.852994,0.881073,0.874598,0.85914,0.860903,0.857419,0.88116,0.868753,0.880888,0.873263,0.862769,0.891375,0.874601,0.838107,0.897221,0.921434,0.876519,0.900958,0.833196,0.868724,0.864974,0.832291,0.885474,0.897549,0.904557,0.920506,0.866133,0.882108,0.838491,0.894881,0.889599,0.869793,0.908982,0.874285,0.896794,0.88619,0.860596,0.891514,0.882737,0.883887
Bike,0.853777,0.857987,0.851782,0.822632,0.84132,0.84994,0.877574,0.8676,0.872578,0.832703,0.893039,0.89012,1.0,0.863316,0.85951,0.833984,0.876914,0.823769,0.852606,0.81847,0.878592,0.891801,0.854021,0.852482,0.854528,0.850207,0.849355,0.862157,0.826391,0.847909,0.855389,0.870471,0.886713,0.905772,0.861011,0.872915,0.84072,0.875131,0.8098,0.865717,0.881612,0.860502,0.842636,0.853308,0.844619,0.889404,0.842074,0.867189,0.882958,0.892882,0.839928,0.898336,0.852063,0.858098,0.877715,0.858763,0.891223,0.835187,0.803505,0.889826,0.845046,0.848221,0.843714,0.82612,0.835581,0.850284,0.824133,0.855031,0.841813,0.8557,0.847053,0.811963,0.842486,0.837907,0.849372,0.851178,0.875847,0.85027,0.873768,0.890759,0.82849,0.818234,0.837515,0.867944,0.86038,0.838022,0.855159,0.867246,0.851884,0.870013,0.843668,0.855484,0.849979,0.830924,0.841238,0.83728,0.867198,0.864723,0.846098,0.844384,0.824164,0.883055,0.849778,0.81555,0.86171,0.901962,0.857584,0.876097,0.818323,0.849254,0.840344,0.822851,0.862229,0.888318,0.878549,0.897569,0.837313,0.849083,0.801212,0.887776,0.858468,0.839414,0.886419,0.841589,0.868613,0.854862,0.832611,0.870405,0.857669,0.852215
Binder,0.89021,0.905993,0.911426,0.891165,0.885508,0.899568,0.897465,0.906531,0.884023,0.88908,0.88775,0.889416,0.863316,1.0,0.875184,0.884005,0.887089,0.886272,0.906969,0.891069,0.889113,0.881125,0.910025,0.903914,0.899735,0.89995,0.890253,0.904206,0.897305,0.902263,0.891083,0.910734,0.878604,0.880927,0.894562,0.878318,0.907604,0.894115,0.880131,0.901855,0.873637,0.90624,0.900747,0.890469,0.898466,0.910067,0.87943,0.897251,0.895571,0.897921,0.892447,0.893315,0.888569,0.895028,0.892918,0.893338,0.901828,0.883423,0.881776,0.905095,0.892729,0.891319,0.900135,0.891695,0.896641,0.877801,0.896915,0.910668,0.892699,0.910128,0.89348,0.87903,0.888726,0.892455,0.882834,0.907501,0.890183,0.902146,0.91727,0.913152,0.884514,0.879053,0.881492,0.906312,0.909295,0.90249,0.903068,0.886518,0.912431,0.899846,0.8843,0.895389,0.903319,0.883458,0.88481,0.902409,0.885912,0.877565,0.898978,0.884318,0.89937,0.879242,0.892235,0.894764,0.910054,0.892068,0.870495,0.898271,0.884573,0.896134,0.903426,0.878123,0.900643,0.884017,0.907173,0.887392,0.911931,0.895941,0.884556,0.876873,0.895155,0.903106,0.897627,0.903146,0.881755,0.888222,0.886466,0.913736,0.880182,0.902522
Binoculars,0.87725,0.886629,0.883639,0.843481,0.84261,0.868786,0.871684,0.877058,0.878583,0.859583,0.883683,0.886279,0.85951,0.875184,1.0,0.858011,0.873762,0.858421,0.87105,0.843537,0.869505,0.894511,0.874873,0.874477,0.871,0.876602,0.862623,0.871676,0.857522,0.882036,0.857484,0.870057,0.888776,0.885282,0.866654,0.875549,0.858218,0.876811,0.837437,0.869541,0.873168,0.870297,0.863141,0.854858,0.879812,0.87802,0.874529,0.870798,0.890096,0.88857,0.868296,0.900628,0.874179,0.863628,0.886889,0.869014,0.897456,0.835968,0.835879,0.885696,0.857603,0.869112,0.863049,0.855775,0.862669,0.850176,0.86911,0.87714,0.845869,0.88041,0.874989,0.839466,0.882955,0.876566,0.842955,0.874073,0.908796,0.867302,0.878409,0.882021,0.81514,0.86,0.864915,0.885626,0.87147,0.856685,0.872475,0.874837,0.878493,0.891548,0.851105,0.86744,0.872189,0.852829,0.843446,0.858428,0.856167,0.836683,0.879013,0.875412,0.848814,0.866352,0.856244,0.847006,0.876885,0.893744,0.863472,0.887176,0.843497,0.860966,0.864685,0.820256,0.861289,0.895463,0.873392,0.894629,0.855853,0.880622,0.837617,0.876761,0.87869,0.868671,0.891107,0.868872,0.881962,0.879644,0.857901,0.86012,0.880224,0.877057
Birdfeeder,0.868746,0.885982,0.889405,0.870875,0.864996,0.885158,0.872748,0.883191,0.86265,0.890114,0.856643,0.855999,0.833984,0.884005,0.858011,1.0,0.879153,0.872805,0.878042,0.878179,0.860376,0.856939,0.894844,0.886968,0.884711,0.893461,0.872457,0.886685,0.884385,0.884083,0.865329,0.880268,0.852033,0.847016,0.870876,0.847859,0.889531,0.865233,0.863238,0.866952,0.84047,0.893469,0.886507,0.864846,0.883134,0.875847,0.865166,0.875834,0.871035,0.863429,0.8776,0.862615,0.870739,0.872365,0.866618,0.885795,0.880137,0.85453,0.878081,0.877223,0.871108,0.86186,0.894394,0.877003,0.893614,0.86824,0.879789,0.913486,0.871592,0.885283,0.869521,0.876678,0.869765,0.87614,0.860224,0.900997,0.860193,0.874123,0.899631,0.881559,0.845629,0.875966,0.868585,0.882425,0.897932,0.87498,0.887515,0.870016,0.90634,0.87252,0.879873,0.878678,0.876625,0.88925,0.868272,0.885242,0.864882,0.852261,0.882328,0.867549,0.863292,0.859404,0.886589,0.874785,0.894725,0.867847,0.853652,0.87548,0.870578,0.882006,0.885304,0.869089,0.870484,0.87154,0.883959,0.856689,0.877645,0.877638,0.879208,0.854917,0.871298,0.891471,0.875076,0.903041,0.852578,0.871542,0.878836,0.887277,0.863865,0.887193
Boat,0.87245,0.890125,0.880571,0.860645,0.86137,0.874883,0.883254,0.886704,0.887349,0.880158,0.896947,0.891578,0.876914,0.887089,0.873762,0.879153,1.0,0.863342,0.881062,0.865583,0.884154,0.895884,0.888396,0.883797,0.887908,0.894466,0.874053,0.892937,0.870534,0.87777,0.87255,0.885452,0.878959,0.894543,0.879997,0.867009,0.878628,0.882747,0.846632,0.880728,0.876229,0.897798,0.878172,0.873358,0.880039,0.900811,0.868334,0.88143,0.896456,0.900106,0.872796,0.901593,0.873694,0.879541,0.889069,0.888546,0.903912,0.854523,0.855405,0.906472,0.871281,0.868998,0.886291,0.861247,0.879591,0.875329,0.864707,0.901019,0.868845,0.882644,0.871873,0.86328,0.871091,0.870009,0.865689,0.892712,0.885071,0.874758,0.903499,0.905514,0.846485,0.864567,0.863239,0.89051,0.896417,0.867049,0.88678,0.887223,0.896036,0.889417,0.88395,0.877337,0.877105,0.878843,0.866445,0.873568,0.880179,0.867259,0.872925,0.871721,0.852577,0.889529,0.88194,0.861881,0.895049,0.906365,0.869416,0.886771,0.860009,0.879581,0.876903,0.861284,0.879512,0.896678,0.898493,0.901489,0.86789,0.877873,0.85182,0.887366,0.878385,0.88,0.89405,0.887027,0.872832,0.87789,0.870322,0.896201,0.880089,0.879542
Bonzai,0.855172,0.8909,0.894769,0.880434,0.868653,0.875593,0.866608,0.883527,0.851646,0.884487,0.86147,0.860133,0.823769,0.886272,0.858421,0.872805,0.863342,1.0,0.883753,0.876484,0.857769,0.854087,0.90039,0.88257,0.8851,0.890297,0.872545,0.882589,0.894946,0.882947,0.869417,0.885355,0.843071,0.849744,0.860465,0.84287,0.900759,0.865768,0.861681,0.873736,0.840502,0.887634,0.889895,0.865779,0.888237,0.874421,0.866797,0.86712,0.870074,0.86928,0.891724,0.865001,0.874851,0.870381,0.865838,0.879012,0.874463,0.862949,0.893751,0.878056,0.871322,0.871427,0.888648,0.885757,0.903004,0.852266,0.89348,0.899278,0.883983,0.895461,0.878585,0.880824,0.869408,0.881647,0.849315,0.894542,0.871773,0.875585,0.890605,0.880603,0.841958,0.883803,0.862982,0.883939,0.887572,0.881391,0.885285,0.864414,0.902884,0.880449,0.856804,0.871156,0.881744,0.873174,0.860124,0.901785,0.856855,0.839951,0.883771,0.867993,0.878214,0.847172,0.877953,0.895567,0.88882,0.86506,0.836013,0.864523,0.869647,0.891102,0.896661,0.862585,0.871587,0.858276,0.877154,0.861957,0.892115,0.884811,0.883581,0.847002,0.874354,0.89799,0.865043,0.901688,0.856625,0.868115,0.876325,0.87932,0.862433,0.88506
Book,0.875955,0.901906,0.900802,0.885413,0.878017,0.889816,0.885376,0.896275,0.874329,0.885733,0.8805,0.879299,0.852606,0.906969,0.87105,0.878042,0.881062,0.883753,1.0,0.882324,0.878347,0.875724,0.904305,0.894736,0.893116,0.895752,0.883007,0.894962,0.893466,0.892001,0.882623,0.899706,0.867384,0.872711,0.882397,0.864502,0.903311,0.883628,0.871604,0.891978,0.864334,0.898543,0.893841,0.880886,0.892133,0.898088,0.874331,0.886589,0.888142,0.889327,0.88998,0.886591,0.882097,0.88577,0.8843,0.88738,0.894815,0.873132,0.882531,0.897004,0.883274,0.882695,0.894014,0.884841,0.895171,0.87027,0.892269,0.903578,0.887273,0.901826,0.887025,0.876931,0.878574,0.886104,0.870078,0.900428,0.88524,0.891664,0.907103,0.902211,0.865538,0.877971,0.874204,0.897465,0.901069,0.89273,0.894919,0.88036,0.906388,0.893371,0.875214,0.885515,0.894452,0.880301,0.87454,0.897943,0.876603,0.863508,0.889586,0.877616,0.888716,0.870789,0.885237,0.892044,0.900764,0.885628,0.859607,0.886235,0.878315,0.889462,0.89786,0.874296,0.890278,0.877767,0.896698,0.881747,0.901532,0.890054,0.878785,0.86963,0.88642,0.898609,0.888211,0.898041,0.874152,0.881853,0.881361,0.900773,0.875332,0.893356
Bookend,0.862152,0.886331,0.889082,0.882242,0.867102,0.877818,0.865135,0.879542,0.851969,0.886733,0.850036,0.849533,0.81847,0.891069,0.843537,0.878179,0.865583,0.876484,0.882324,1.0,0.856622,0.841026,0.89546,0.882826,0.884271,0.887454,0.868976,0.880502,0.888391,0.880475,0.866393,0.885503,0.83447,0.836011,0.867458,0.836004,0.897084,0.863875,0.86201,0.87098,0.829468,0.890202,0.88463,0.866095,0.880993,0.876862,0.856795,0.867786,0.866855,0.862325,0.877534,0.852073,0.86677,0.872239,0.859588,0.881812,0.86771,0.861328,0.882775,0.873394,0.87157,0.864108,0.888617,0.877212,0.895734,0.859104,0.8814,0.896994,0.879792,0.887653,0.869629,0.879033,0.863196,0.871641,0.854461,0.891258,0.848413,0.878067,0.893314,0.880096,0.856844,0.876275,0.860498,0.879672,0.889376,0.881728,0.882863,0.860109,0.899392,0.870282,0.877328,0.87272,0.881963,0.873199,0.864626,0.894069,0.857722,0.850496,0.877432,0.863088,0.876957,0.845326,0.873566,0.889398,0.888787,0.85341,0.836856,0.863596,0.875349,0.883621,0.890269,0.872998,0.873037,0.851531,0.87881,0.846912,0.891517,0.871851,0.878396,0.839738,0.868427,0.892143,0.861018,0.895248,0.846153,0.859592,0.873061,0.891852,0.853084,0.882744
Boomerang,0.868734,0.884722,0.879088,0.852243,0.873737,0.873389,0.890181,0.892191,0.877595,0.867518,0.898044,0.902041,0.878592,0.889113,0.869505,0.860376,0.884154,0.857769,0.878347,0.856622,1.0,0.890205,0.886414,0.878182,0.882705,0.882685,0.873269,0.900047,0.860937,0.872403,0.874499,0.893444,0.882786,0.900097,0.885147,0.888156,0.876469,0.885072,0.851645,0.889137,0.87718,0.891397,0.883346,0.878094,0.873155,0.910129,0.85264,0.885232,0.894666,0.904621,0.872376,0.89929,0.871,0.889102,0.88936,0.875839,0.899586,0.845682,0.850043,0.905741,0.881717,0.877665,0.885089,0.868874,0.871749,0.859207,0.871721,0.901058,0.857947,0.89715,0.865182,0.85496,0.85508,0.872782,0.866546,0.894353,0.885728,0.874594,0.911753,0.913479,0.864025,0.852507,0.855176,0.888104,0.902479,0.868796,0.894211,0.87652,0.895513,0.88579,0.858464,0.879181,0.871976,0.870799,0.865001,0.869309,0.882084,0.874112,0.86517,0.860516,0.860131,0.882008,0.890083,0.844249,0.904089,0.903346,0.866008,0.889385,0.847434,0.873263,0.872213,0.848946,0.893529,0.88824,0.903842,0.899345,0.873376,0.87493,0.857043,0.885023,0.889606,0.872778,0.896906,0.8886,0.881063,0.874864,0.871894,0.903433,0.868549,0.873196
Car,0.876065,0.888574,0.877677,0.841456,0.848241,0.870091,0.884038,0.884809,0.895322,0.858629,0.91379,0.911701,0.891801,0.881125,0.894511,0.856939,0.895884,0.854087,0.875724,0.841026,0.890205,1.0,0.874568,0.875065,0.878668,0.881471,0.868851,0.882658,0.851715,0.876663,0.86686,0.877331,0.902986,0.921455,0.878194,0.888005,0.858239,0.88812,0.831617,0.882641,0.896839,0.880804,0.864297,0.865497,0.877761,0.897598,0.873941,0.880096,0.906131,0.91327,0.866309,0.927443,0.874906,0.873256,0.90009,0.874927,0.914087,0.841686,0.828665,0.908348,0.861408,0.872578,0.866465,0.849833,0.85761,0.862798,0.86094,0.882367,0.85049,0.878364,0.875586,0.839867,0.877309,0.870909,0.856326,0.877599,0.919845,0.869597,0.88899,0.902369,0.827851,0.851769,0.862911,0.890664,0.880677,0.856532,0.877184,0.890029,0.88032,0.900809,0.859046,0.871307,0.873046,0.858456,0.851343,0.853829,0.873316,0.856279,0.874734,0.876288,0.843776,0.893948,0.866029,0.842152,0.882789,0.923692,0.880947,0.89568,0.839878,0.863298,0.86147,0.826962,0.873343,0.910953,0.890858,0.925817,0.853294,0.880763,0.829326,0.902261,0.880776,0.865652,0.906791,0.867286,0.890296,0.884995,0.858704,0.874945,0.890948,0.8755
Cellphone,0.876047,0.918205,0.905063,0.895366,0.905821,0.891959,0.889435,0.903054,0.875313,0.909422,0.88412,0.878905,0.854021,0.910025,0.874873,0.894844,0.888396,0.90039,0.904305,0.89546,0.886414,0.874568,1.0,0.900796,0.910923,0.912129,0.895446,0.911521,0.91791,0.903904,0.896743,0.916086,0.864005,0.873384,0.88669,0.863883,0.92859,0.891365,0.892737,0.901042,0.861887,0.914944,0.917888,0.895373,0.90606,0.907216,0.874673,0.890444,0.893719,0.893237,0.913756,0.886138,0.893455,0.904084,0.886068,0.895383,0.899756,0.876653,0.922696,0.905928,0.901756,0.893129,0.919409,0.910338,0.92605,0.880657,0.919437,0.92944,0.900469,0.92584,0.894758,0.904133,0.877631,0.904288,0.878057,0.924625,0.887175,0.896768,0.922105,0.910976,0.867823,0.903085,0.873172,0.904316,0.921318,0.901926,0.917989,0.885793,0.934028,0.899555,0.882295,0.891566,0.898545,0.906439,0.887088,0.91895,0.889127,0.872088,0.890834,0.880894,0.893574,0.878051,0.912495,0.899637,0.919084,0.888761,0.86464,0.887989,0.893752,0.901534,0.916587,0.894058,0.906942,0.879108,0.908987,0.880908,0.911709,0.903051,0.912065,0.875164,0.898037,0.920786,0.889508,0.933255,0.875718,0.888368,0.908584,0.911541,0.878483,0.896825
Cheese,0.887188,0.89037,0.913728,0.882426,0.869734,0.900949,0.891671,0.905144,0.87787,0.883173,0.880463,0.883932,0.852482,0.903914,0.874477,0.886968,0.883797,0.88257,0.894736,0.882826,0.878182,0.875065,0.900796,1.0,0.891138,0.894922,0.884287,0.898561,0.887256,0.897426,0.87915,0.896315,0.875439,0.871032,0.890241,0.872017,0.898329,0.880561,0.870589,0.887146,0.870338,0.898508,0.893362,0.879157,0.893693,0.897374,0.881536,0.895619,0.886958,0.888258,0.884206,0.88519,0.881388,0.884117,0.886233,0.887751,0.892856,0.875811,0.874808,0.89586,0.883374,0.877777,0.892753,0.88385,0.8884,0.871553,0.88668,0.90568,0.884397,0.89974,0.884867,0.871966,0.888516,0.885249,0.875129,0.902077,0.881172,0.892109,0.909543,0.903124,0.874943,0.877211,0.888835,0.899194,0.902326,0.891023,0.895731,0.881495,0.905867,0.885898,0.877157,0.893663,0.891067,0.880947,0.876612,0.891836,0.876882,0.865334,0.904131,0.882223,0.886899,0.870877,0.88409,0.881554,0.903366,0.886504,0.864314,0.892769,0.873012,0.892654,0.891718,0.869625,0.886598,0.88124,0.898269,0.878664,0.895471,0.890653,0.875735,0.868086,0.887488,0.897574,0.891935,0.898035,0.872927,0.882869,0.878856,0.899904,0.877961,0.905746
Cheesegrater,0.872356,0.906125,0.893313,0.877455,0.885893,0.883221,0.884685,0.890918,0.874373,0.896468,0.887721,0.881833,0.854528,0.899735,0.871,0.884711,0.887908,0.8851,0.893116,0.884271,0.882705,0.878668,0.910923,0.891138,1.0,0.902628,0.884011,0.90165,0.897725,0.892203,0.884888,0.900954,0.863897,0.878516,0.881658,0.863976,0.906088,0.886101,0.873809,0.892433,0.866153,0.907944,0.900213,0.883745,0.894723,0.902351,0.868286,0.884014,0.895366,0.894774,0.896194,0.888327,0.884595,0.893872,0.883338,0.889593,0.895648,0.862201,0.894987,0.904315,0.8875,0.882052,0.904808,0.889727,0.908006,0.875494,0.897775,0.915357,0.882799,0.906993,0.883376,0.889422,0.872309,0.890183,0.87066,0.91004,0.883352,0.885447,0.910796,0.907006,0.856369,0.884005,0.866168,0.896415,0.90811,0.887696,0.903933,0.881758,0.918605,0.893216,0.8773,0.882035,0.888464,0.893417,0.875013,0.898189,0.881087,0.866594,0.881164,0.873716,0.879854,0.877991,0.89853,0.884954,0.907414,0.891026,0.864775,0.885284,0.880077,0.883986,0.899516,0.873049,0.896809,0.878599,0.902307,0.885259,0.893992,0.890949,0.888898,0.873932,0.889139,0.90222,0.887626,0.914034,0.87376,0.883923,0.891752,0.903929,0.878966,0.887449
Christmasstreeornament,0.874504,0.911479,0.893651,0.881188,0.882268,0.880765,0.883251,0.8928,0.880382,0.904814,0.887297,0.881468,0.850207,0.89995,0.876602,0.893461,0.894466,0.890297,0.895752,0.887454,0.882685,0.881471,0.912129,0.894922,0.902628,1.0,0.884882,0.905092,0.900645,0.893563,0.884798,0.898295,0.863037,0.87723,0.882123,0.861291,0.905425,0.886923,0.87473,0.889858,0.861147,0.912633,0.900944,0.882597,0.901125,0.898436,0.875676,0.88075,0.896632,0.893116,0.898013,0.890887,0.887824,0.890767,0.887046,0.895603,0.900921,0.8646,0.893859,0.904581,0.885685,0.883484,0.907669,0.888472,0.909491,0.878386,0.901388,0.925609,0.88132,0.904958,0.888233,0.892407,0.881631,0.893642,0.871826,0.915982,0.887364,0.886683,0.920013,0.905546,0.851962,0.893513,0.867937,0.899647,0.916791,0.888263,0.902753,0.887476,0.920859,0.899728,0.886148,0.883494,0.890874,0.902082,0.875983,0.898968,0.879531,0.862268,0.885955,0.880396,0.878158,0.878785,0.901645,0.889976,0.912172,0.893693,0.861157,0.885335,0.883307,0.893809,0.901334,0.871312,0.894975,0.887361,0.903366,0.889229,0.893033,0.896451,0.888477,0.876691,0.892625,0.905511,0.889683,0.916679,0.876249,0.889438,0.895119,0.908234,0.882531,0.889039
Clock,0.867156,0.887903,0.892153,0.870472,0.87369,0.887152,0.880179,0.889011,0.865213,0.876959,0.874867,0.874418,0.849355,0.890253,0.862623,0.872457,0.874053,0.872545,0.883007,0.868976,0.873269,0.868851,0.895446,0.884287,0.884011,0.884882,1.0,0.891011,0.881418,0.881099,0.87463,0.890241,0.862274,0.870024,0.873135,0.862404,0.892587,0.874874,0.860799,0.881645,0.859015,0.889824,0.889657,0.872944,0.880909,0.891289,0.862304,0.885349,0.880636,0.883037,0.881578,0.87936,0.871412,0.881749,0.874459,0.874986,0.884705,0.860292,0.876745,0.889603,0.877065,0.871219,0.890454,0.880746,0.887508,0.860221,0.884681,0.901502,0.877189,0.896456,0.875569,0.868278,0.863558,0.87832,0.863409,0.897429,0.874968,0.879047,0.90265,0.894847,0.856027,0.87011,0.870065,0.886358,0.900088,0.879304,0.892172,0.87066,0.901411,0.878851,0.860835,0.87975,0.876822,0.877847,0.867743,0.886442,0.872293,0.85716,0.880419,0.865487,0.875709,0.865931,0.88678,0.872464,0.896132,0.881139,0.854553,0.878975,0.862568,0.879817,0.884919,0.86153,0.883195,0.869539,0.890784,0.874659,0.885529,0.882151,0.874413,0.865197,0.877759,0.889486,0.882054,0.898303,0.866296,0.872142,0.878517,0.890468,0.863444,0.885968
Coatrack,0.876651,0.892755,0.900997,0.871041,0.896502,0.889845,0.901258,0.9077,0.87609,0.894776,0.905774,0.899861,0.862157,0.904206,0.871676,0.886685,0.892937,0.882589,0.894962,0.880502,0.900047,0.882658,0.911521,0.898561,0.90165,0.905092,0.891011,1.0,0.888107,0.887826,0.892403,0.911393,0.871269,0.895708,0.894962,0.878246,0.905398,0.890637,0.879823,0.898764,0.874366,0.922112,0.91749,0.898855,0.891909,0.928532,0.859347,0.902586,0.896812,0.913415,0.891428,0.895503,0.879197,0.910146,0.886866,0.883105,0.894332,0.869976,0.888414,0.925268,0.911853,0.886394,0.920348,0.904753,0.900009,0.872886,0.902951,0.945438,0.881209,0.924023,0.878983,0.886525,0.859373,0.894729,0.895436,0.932622,0.887309,0.887251,0.95581,0.936785,0.895601,0.876754,0.871017,0.901921,0.948017,0.891651,0.930609,0.880508,0.931768,0.886539,0.86806,0.89523,0.876983,0.921793,0.893742,0.89129,0.899602,0.880617,0.878723,0.867258,0.886952,0.889609,0.935488,0.865864,0.948107,0.899645,0.868941,0.892486,0.865528,0.894107,0.893558,0.867128,0.91278,0.87236,0.933817,0.889838,0.897034,0.898451,0.899013,0.879555,0.904638,0.900445,0.895005,0.929412,0.8788,0.887396,0.900857,0.918551,0.866588,0.89193
Coffeemaker,0.856996,0.907891,0.893445,0.89216,0.890256,0.878341,0.866784,0.884386,0.854582,0.901454,0.85933,0.852919,0.826391,0.897305,0.857522,0.884385,0.870534,0.894946,0.893466,0.888391,0.860937,0.851715,0.91791,0.887256,0.897725,0.900645,0.881418,0.888107,1.0,0.891795,0.881524,0.8975,0.838109,0.845286,0.863472,0.836396,0.920184,0.872389,0.881027,0.884108,0.837654,0.899409,0.902748,0.877679,0.895036,0.881182,0.866883,0.870425,0.872569,0.86624,0.90385,0.861928,0.880415,0.883092,0.866099,0.886149,0.881378,0.868396,0.918879,0.883119,0.881167,0.876851,0.905995,0.897592,0.920894,0.865576,0.909545,0.91047,0.894703,0.908136,0.88574,0.897019,0.868913,0.891122,0.857689,0.908113,0.865426,0.884286,0.897416,0.885757,0.846812,0.897756,0.861516,0.889049,0.899719,0.891158,0.897272,0.87035,0.919531,0.88618,0.872551,0.873972,0.890473,0.889215,0.870599,0.915694,0.866374,0.850695,0.883349,0.869265,0.883452,0.854652,0.890596,0.904859,0.896014,0.865301,0.84174,0.865349,0.888687,0.890359,0.910295,0.889251,0.885474,0.859788,0.884163,0.858299,0.904696,0.889821,0.905473,0.851521,0.87642,0.9143,0.866077,0.921101,0.854367,0.871511,0.893964,0.893174,0.864442,0.885665
Coffeemug,0.891808,0.899681,0.912217,0.877784,0.86862,0.89358,0.886378,0.897994,0.877458,0.883896,0.874295,0.881325,0.847909,0.902263,0.882036,0.884083,0.87777,0.882947,0.892001,0.880475,0.872403,0.876663,0.903904,0.897426,0.892203,0.893563,0.881099,0.887826,0.891795,1.0,0.877852,0.894279,0.878678,0.867342,0.886691,0.874734,0.894471,0.883084,0.873706,0.885362,0.869015,0.892556,0.89027,0.874679,0.898953,0.889895,0.884754,0.887295,0.885963,0.883078,0.888438,0.886541,0.88789,0.881153,0.887035,0.884261,0.896585,0.865386,0.877209,0.888844,0.880671,0.880965,0.887139,0.885043,0.890472,0.869044,0.894906,0.897757,0.875606,0.902707,0.888852,0.869924,0.899768,0.892828,0.866316,0.896841,0.894048,0.891688,0.898356,0.894127,0.855623,0.883288,0.882737,0.899395,0.890985,0.889541,0.891747,0.880783,0.905721,0.894717,0.872141,0.887148,0.895097,0.872957,0.868797,0.89007,0.870684,0.85496,0.902671,0.886564,0.881826,0.865915,0.874256,0.878867,0.894228,0.883705,0.870684,0.896168,0.874111,0.885936,0.894633,0.857877,0.880881,0.884248,0.888882,0.877359,0.892134,0.893907,0.87758,0.867468,0.88781,0.89842,0.891973,0.897361,0.87658,0.886579,0.87974,0.887835,0.881711,0.901522
Compass,0.860539,0.888102,0.880721,0.864014,0.882742,0.871845,0.884475,0.884259,0.862506,0.875095,0.879214,0.873368,0.855389,0.891083,0.857484,0.865329,0.87255,0.869417,0.882623,0.866393,0.874499,0.86686,0.896743,0.87915,0.884888,0.884798,0.87463,0.892403,0.881524,0.877852,1.0,0.900889,0.853845,0.875844,0.872779,0.858221,0.893203,0.882004,0.862105,0.883212,0.858114,0.893661,0.887268,0.875637,0.877534,0.896893,0.852832,0.879051,0.881902,0.885985,0.879794,0.878236,0.870866,0.882469,0.871283,0.870459,0.88334,0.857788,0.878121,0.893482,0.878883,0.87075,0.889067,0.879116,0.886778,0.862893,0.883141,0.90131,0.874484,0.89448,0.871496,0.870076,0.856187,0.87551,0.869733,0.895601,0.871855,0.876043,0.902366,0.900218,0.860032,0.86403,0.856018,0.883605,0.899653,0.879914,0.89248,0.868644,0.901578,0.880198,0.857986,0.873258,0.874653,0.881165,0.867506,0.884712,0.875179,0.864522,0.867214,0.858327,0.873268,0.871738,0.893719,0.869218,0.896802,0.879903,0.851616,0.8757,0.861551,0.873325,0.885276,0.859553,0.886729,0.865653,0.895326,0.873497,0.885675,0.877463,0.875711,0.869078,0.876912,0.886401,0.878838,0.896791,0.863417,0.870774,0.876836,0.892327,0.859971,0.876174
Computertower,0.878942,0.90383,0.900313,0.882013,0.903841,0.889347,0.900878,0.905148,0.875875,0.892237,0.893667,0.886858,0.870471,0.910734,0.870057,0.880268,0.885452,0.885355,0.899706,0.885503,0.893444,0.877331,0.916086,0.896315,0.900954,0.898295,0.890241,0.911393,0.8975,0.894279,0.900889,1.0,0.872077,0.888613,0.891153,0.874979,0.913417,0.897074,0.881349,0.900619,0.871022,0.90963,0.906164,0.895227,0.893709,0.916527,0.865066,0.895515,0.894012,0.902059,0.897786,0.889169,0.887005,0.901918,0.886348,0.887063,0.895684,0.87495,0.895059,0.90968,0.899133,0.890785,0.906516,0.897954,0.904242,0.875205,0.900326,0.919541,0.89152,0.91612,0.886069,0.8859,0.866838,0.891381,0.884526,0.913245,0.885115,0.894076,0.923486,0.919019,0.883522,0.877327,0.869856,0.900131,0.917565,0.896891,0.911764,0.881234,0.919052,0.892499,0.875684,0.890842,0.892567,0.895317,0.886013,0.904561,0.89305,0.884762,0.882807,0.871687,0.89398,0.884993,0.913475,0.885692,0.917256,0.890895,0.864976,0.89181,0.880423,0.893718,0.904303,0.879372,0.90711,0.87586,0.914057,0.884565,0.907741,0.893591,0.892268,0.882177,0.897296,0.902633,0.893129,0.913881,0.879028,0.884567,0.893127,0.914408,0.870937,0.89288
Controller,0.880841,0.875344,0.887678,0.841357,0.833457,0.876297,0.881445,0.887232,0.88676,0.841594,0.896524,0.902448,0.886713,0.878604,0.888776,0.852033,0.878959,0.843071,0.867384,0.83447,0.882786,0.902986,0.864005,0.875439,0.863897,0.863037,0.862274,0.871269,0.838109,0.878678,0.853845,0.872077,1.0,0.899635,0.877103,0.895785,0.847143,0.8781,0.831058,0.874035,0.888645,0.861546,0.858142,0.855882,0.872225,0.889886,0.872818,0.882214,0.886272,0.89727,0.853629,0.908957,0.870686,0.87361,0.897847,0.866135,0.900437,0.834167,0.80786,0.893856,0.86078,0.870826,0.851867,0.844953,0.837327,0.845425,0.854871,0.866469,0.838341,0.879338,0.869411,0.820695,0.878597,0.866989,0.838081,0.863717,0.909866,0.874645,0.881371,0.892541,0.831426,0.841172,0.86887,0.887979,0.862906,0.855041,0.868557,0.875646,0.866448,0.885592,0.851384,0.87615,0.871542,0.834939,0.843626,0.845702,0.867342,0.847563,0.876987,0.872853,0.844147,0.872833,0.84694,0.833776,0.872496,0.902941,0.875322,0.895294,0.832804,0.865891,0.849501,0.822182,0.872207,0.902486,0.881814,0.905614,0.85173,0.87376,0.813543,0.883765,0.884984,0.854547,0.900686,0.851903,0.893088,0.873898,0.847935,0.87102,0.878796,0.881923
Couch,0.867693,0.879242,0.872642,0.832438,0.860396,0.86438,0.895948,0.884181,0.889843,0.854685,0.929723,0.925729,0.905772,0.880927,0.885282,0.847016,0.894543,0.849744,0.872711,0.836011,0.900097,0.921455,0.873384,0.871032,0.878516,0.87723,0.870024,0.895708,0.845286,0.867342,0.875844,0.888613,0.899635,1.0,0.880417,0.898708,0.860405,0.8953,0.82609,0.888885,0.906194,0.888932,0.866991,0.873651,0.869568,0.912309,0.858019,0.88569,0.910978,0.931676,0.864838,0.933499,0.871211,0.882257,0.897325,0.868198,0.908636,0.844171,0.828749,0.918814,0.869371,0.871803,0.869899,0.852578,0.856749,0.860876,0.85575,0.889401,0.850563,0.880671,0.870921,0.840102,0.858931,0.865098,0.869328,0.881506,0.91269,0.864876,0.901456,0.916486,0.846157,0.839906,0.854734,0.887667,0.890244,0.857894,0.885085,0.885723,0.881164,0.895351,0.847214,0.86916,0.864061,0.865702,0.856375,0.85085,0.883771,0.870537,0.863679,0.863403,0.850614,0.904582,0.88301,0.832759,0.89245,0.930317,0.879652,0.894224,0.827665,0.856363,0.858953,0.821882,0.885885,0.899007,0.904524,0.932527,0.854859,0.876901,0.828066,0.909499,0.882129,0.861948,0.908774,0.871235,0.89534,0.883099,0.858363,0.8864,0.878134,0.869309
Cushion,0.884538,0.878662,0.896148,0.859999,0.861638,0.885868,0.893573,0.897636,0.87684,0.865961,0.885418,0.890469,0.861011,0.894562,0.866654,0.870876,0.879997,0.860465,0.882397,0.867458,0.885147,0.878194,0.88669,0.890241,0.881658,0.882123,0.873135,0.894962,0.863472,0.886691,0.872779,0.891153,0.877103,0.880417,1.0,0.879443,0.877971,0.876725,0.85914,0.883278,0.87261,0.890704,0.880949,0.874737,0.878609,0.903978,0.861554,0.887653,0.886636,0.893146,0.866726,0.88908,0.871572,0.884314,0.884712,0.875232,0.889885,0.856484,0.847264,0.897636,0.881036,0.871219,0.87914,0.869093,0.865225,0.866273,0.870399,0.897345,0.86198,0.891342,0.868407,0.854101,0.87153,0.873064,0.872133,0.891019,0.879192,0.883606,0.907705,0.906987,0.877571,0.854708,0.870788,0.890676,0.89605,0.880924,0.889635,0.875855,0.894808,0.879395,0.867293,0.885904,0.879335,0.870105,0.866043,0.866634,0.879945,0.865249,0.880381,0.870055,0.874746,0.874034,0.879824,0.851216,0.898217,0.890656,0.867786,0.895496,0.854776,0.873947,0.872075,0.848689,0.887669,0.875921,0.901006,0.883085,0.878132,0.876461,0.857966,0.871647,0.885092,0.875687,0.896381,0.881472,0.876207,0.879041,0.86812,0.895153,0.869847,0.888472
Desk,0.879016,0.865779,0.883283,0.833095,0.847616,0.877223,0.890224,0.884774,0.873185,0.84079,0.886203,0.905679,0.872915,0.878318,0.875549,0.847859,0.867009,0.84287,0.864502,0.836004,0.888156,0.888005,0.863883,0.872017,0.863976,0.861291,0.862404,0.878246,0.836396,0.874734,0.858221,0.874979,0.895785,0.898708,0.879443,1.0,0.851904,0.877686,0.832265,0.875839,0.885315,0.869407,0.861427,0.859245,0.864343,0.890389,0.856611,0.884638,0.887698,0.895791,0.853515,0.901064,0.867086,0.869744,0.886087,0.856533,0.890041,0.833081,0.818006,0.885255,0.863362,0.866116,0.85689,0.851027,0.843549,0.843595,0.85214,0.875222,0.834857,0.878802,0.861085,0.825609,0.865416,0.86358,0.85483,0.870507,0.893808,0.867338,0.89163,0.893616,0.848206,0.832088,0.863351,0.880554,0.877433,0.858716,0.87149,0.865431,0.870553,0.878412,0.83506,0.873704,0.861846,0.842571,0.848642,0.843303,0.863975,0.85554,0.873772,0.859736,0.858879,0.868433,0.859766,0.823178,0.881252,0.895422,0.870451,0.897361,0.822311,0.853005,0.853086,0.811912,0.873073,0.885202,0.883831,0.893112,0.855958,0.867797,0.828781,0.877962,0.879746,0.853808,0.901454,0.860191,0.887533,0.874102,0.847963,0.88252,0.865765,0.874796
Door,0.86241,0.909944,0.903938,0.901683,0.90569,0.893001,0.883557,0.899585,0.860572,0.904896,0.873918,0.867516,0.84072,0.907604,0.858218,0.889531,0.878628,0.900759,0.903311,0.897084,0.876469,0.858239,0.92859,0.898329,0.906088,0.905425,0.892587,0.905398,0.920184,0.894471,0.893203,0.913417,0.847143,0.860405,0.877971,0.851904,1.0,0.880593,0.889739,0.897579,0.850265,0.911959,0.915302,0.891979,0.898155,0.900473,0.867127,0.887782,0.882373,0.884142,0.911746,0.872568,0.885289,0.897732,0.873948,0.889997,0.88633,0.881513,0.930498,0.897583,0.89665,0.885191,0.916327,0.909619,0.926831,0.873653,0.915065,0.922561,0.907167,0.919629,0.890518,0.9068,0.865071,0.895391,0.875023,0.919001,0.869609,0.894446,0.915636,0.904524,0.873743,0.898329,0.87193,0.897709,0.916261,0.904602,0.911811,0.876337,0.929391,0.888056,0.873627,0.887582,0.895651,0.902886,0.885525,0.922335,0.88292,0.867866,0.890319,0.870882,0.900279,0.867154,0.906531,0.908757,0.912281,0.876239,0.849622,0.875194,0.891803,0.898415,0.917593,0.903473,0.902926,0.860806,0.902158,0.867962,0.917881,0.89594,0.913979,0.861202,0.887494,0.922202,0.877458,0.930541,0.864412,0.878423,0.903067,0.913981,0.865817,0.895737
Doorknob,0.876658,0.89537,0.882971,0.858337,0.875566,0.873366,0.890261,0.886663,0.880855,0.872973,0.891798,0.891042,0.875131,0.894115,0.876811,0.865233,0.882747,0.865768,0.883628,0.863875,0.885072,0.88812,0.891365,0.880561,0.886101,0.886923,0.874874,0.890637,0.872389,0.883084,0.882004,0.897074,0.8781,0.8953,0.876725,0.877686,0.880593,1.0,0.853071,0.886741,0.874018,0.891277,0.880603,0.876161,0.882018,0.901392,0.864929,0.882035,0.895669,0.89817,0.877162,0.898496,0.878515,0.88259,0.887014,0.878203,0.899604,0.854529,0.858772,0.900528,0.875469,0.877939,0.883729,0.870057,0.880118,0.866365,0.87677,0.895025,0.865945,0.891555,0.876826,0.860072,0.87225,0.878933,0.868232,0.890811,0.89415,0.877698,0.899955,0.90438,0.847535,0.863142,0.859643,0.8915,0.895509,0.874013,0.888927,0.878759,0.894364,0.894021,0.866983,0.87737,0.879793,0.87137,0.865791,0.876549,0.876479,0.870869,0.873143,0.870715,0.866173,0.883447,0.885744,0.862003,0.895187,0.894718,0.866026,0.889367,0.857454,0.874602,0.880223,0.847389,0.884613,0.889925,0.895678,0.89222,0.877534,0.881776,0.857907,0.885038,0.883405,0.880387,0.893138,0.887921,0.879826,0.880553,0.872572,0.891802,0.874016,0.878167
Drill,0.849275,0.881859,0.876552,0.860806,0.871554,0.86852,0.858542,0.872083,0.838428,0.870479,0.840121,0.836289,0.8098,0.880131,0.837437,0.863238,0.846632,0.861681,0.871604,0.86201,0.851645,0.831617,0.892737,0.870589,0.873809,0.87473,0.860799,0.879823,0.881027,0.873706,0.862105,0.881349,0.831058,0.82609,0.85914,0.832265,0.889739,0.853071,1.0,0.868225,0.820222,0.878549,0.887222,0.861372,0.872553,0.870663,0.83998,0.860601,0.853121,0.848285,0.8732,0.840877,0.857373,0.874166,0.849443,0.853114,0.859856,0.838523,0.882121,0.864517,0.875156,0.86034,0.888516,0.880265,0.881125,0.845578,0.88911,0.90049,0.857775,0.896844,0.858701,0.867632,0.844813,0.875521,0.848303,0.893579,0.849857,0.868986,0.895144,0.875489,0.847364,0.865286,0.845136,0.869998,0.894021,0.873767,0.887022,0.84668,0.902993,0.85815,0.844744,0.862688,0.867058,0.875695,0.85624,0.878741,0.857369,0.835216,0.861318,0.845071,0.868144,0.838275,0.883952,0.862456,0.890891,0.844175,0.835131,0.85955,0.866294,0.861883,0.879752,0.855797,0.879485,0.837729,0.878172,0.833902,0.883546,0.869441,0.88717,0.833175,0.869131,0.8832,0.854898,0.899286,0.84163,0.856507,0.878977,0.882271,0.841302,0.866416
Dryingrack,0.872472,0.897472,0.891348,0.870216,0.883678,0.884513,0.889333,0.892747,0.874094,0.878207,0.894591,0.89045,0.865717,0.901855,0.869541,0.866952,0.880728,0.873736,0.891978,0.87098,0.889137,0.882641,0.901042,0.887146,0.892433,0.889858,0.881645,0.898764,0.884108,0.885362,0.883212,0.900619,0.874035,0.888885,0.883278,0.875839,0.897579,0.886741,0.868225,1.0,0.875055,0.897845,0.893734,0.884099,0.88531,0.907805,0.862639,0.889279,0.894652,0.902502,0.886545,0.895245,0.880151,0.894185,0.885705,0.878347,0.894759,0.862541,0.87631,0.904938,0.886729,0.881933,0.894424,0.882514,0.888278,0.867023,0.888634,0.90298,0.87713,0.904187,0.880955,0.871578,0.865301,0.88316,0.870927,0.899827,0.888045,0.886895,0.910266,0.910759,0.865441,0.867522,0.866106,0.894514,0.903544,0.8867,0.897899,0.879256,0.905341,0.890383,0.862868,0.881964,0.88549,0.878522,0.871494,0.88774,0.884413,0.869106,0.876994,0.86902,0.88253,0.877696,0.889498,0.872681,0.902201,0.894683,0.864436,0.888816,0.868524,0.87508,0.889556,0.86187,0.900805,0.876757,0.903571,0.890591,0.893982,0.885666,0.874411,0.875981,0.889652,0.89088,0.891644,0.898481,0.882506,0.882149,0.881503,0.905717,0.871314,0.884765
Dumbbell,0.86955,0.86506,0.875777,0.829343,0.836058,0.867418,0.882547,0.876018,0.875069,0.839958,0.89909,0.904411,0.881612,0.873637,0.873168,0.84047,0.876229,0.840502,0.864334,0.829468,0.87718,0.896839,0.861887,0.870338,0.866153,0.861147,0.859015,0.874366,0.837654,0.869015,0.858114,0.871022,0.888645,0.906194,0.87261,0.885315,0.850265,0.874018,0.820222,0.875055,1.0,0.872462,0.852655,0.857782,0.861235,0.89595,0.858919,0.88137,0.894433,0.903406,0.852947,0.907327,0.863751,0.861703,0.886328,0.86084,0.892156,0.843327,0.815097,0.898227,0.851314,0.856092,0.850524,0.839254,0.84225,0.853343,0.842542,0.862833,0.845388,0.863227,0.860848,0.823307,0.862796,0.852477,0.856637,0.862505,0.890709,0.861128,0.880506,0.900052,0.837532,0.827597,0.859435,0.878966,0.867662,0.851648,0.863309,0.871714,0.863903,0.878012,0.836838,0.863847,0.859811,0.841054,0.843944,0.842196,0.866984,0.85238,0.865637,0.857998,0.847969,0.878593,0.849971,0.828421,0.869794,0.905416,0.868026,0.888218,0.825587,0.846811,0.851734,0.811943,0.866251,0.885304,0.884215,0.900351,0.849522,0.864688,0.815172,0.881443,0.870727,0.852186,0.894631,0.850024,0.879932,0.87378,0.83791,0.871495,0.875163,0.871742
Dustpan,0.875297,0.90493,0.896309,0.879065,0.892852,0.887333,0.895847,0.898147,0.880226,0.903447,0.897055,0.890295,0.860502,0.90624,0.870297,0.893469,0.897798,0.887634,0.898543,0.890202,0.891397,0.880804,0.914944,0.898508,0.907944,0.912633,0.889824,0.922112,0.899409,0.892556,0.893661,0.90963,0.861546,0.888932,0.890704,0.869407,0.911959,0.891277,0.878549,0.897845,0.872462,1.0,0.906848,0.895227,0.895427,0.916147,0.865742,0.8939,0.901392,0.904921,0.897307,0.893012,0.885953,0.900012,0.885366,0.89407,0.898773,0.873401,0.897497,0.915562,0.897253,0.883583,0.914363,0.895019,0.913596,0.886262,0.896522,0.930875,0.889018,0.90789,0.885303,0.897389,0.869618,0.890433,0.891966,0.921217,0.877805,0.888985,0.933968,0.92183,0.875949,0.882399,0.869382,0.901801,0.928157,0.89525,0.912829,0.88702,0.925598,0.893094,0.885594,0.888932,0.888753,0.912778,0.888471,0.900383,0.894925,0.878996,0.882228,0.872712,0.8887,0.890164,0.915327,0.886405,0.924414,0.898761,0.866872,0.890918,0.880122,0.888746,0.90447,0.877446,0.901487,0.878252,0.91981,0.890104,0.900834,0.893438,0.894128,0.88088,0.892176,0.905824,0.893611,0.920469,0.876925,0.890215,0.894126,0.918927,0.875757,0.891397
Fan,0.8681,0.900737,0.900212,0.88338,0.899379,0.891129,0.885228,0.899871,0.863231,0.897428,0.878479,0.874558,0.842636,0.900747,0.863141,0.886507,0.878172,0.889895,0.893841,0.88463,0.883346,0.864297,0.917888,0.893362,0.900213,0.900944,0.889657,0.91749,0.902748,0.89027,0.887268,0.906164,0.858142,0.866991,0.880949,0.861427,0.915302,0.880603,0.887222,0.893734,0.852655,0.906848,1.0,0.888551,0.895455,0.904425,0.861818,0.890431,0.883219,0.88727,0.899852,0.875239,0.879729,0.904733,0.876535,0.881025,0.885458,0.865615,0.909537,0.900774,0.903449,0.884654,0.918744,0.908637,0.909875,0.866614,0.913432,0.935505,0.888245,0.926363,0.882208,0.892628,0.861775,0.898534,0.87356,0.926424,0.877329,0.88771,0.9296,0.910405,0.873034,0.889621,0.868945,0.89476,0.928897,0.892829,0.921394,0.873162,0.931589,0.883097,0.865285,0.889021,0.882995,0.908048,0.883721,0.906723,0.884399,0.864572,0.881802,0.867802,0.888338,0.869274,0.921479,0.884564,0.926746,0.879552,0.857178,0.880317,0.880678,0.895547,0.901343,0.879944,0.907614,0.864538,0.910264,0.870245,0.903109,0.897637,0.909914,0.863876,0.897103,0.908431,0.881147,0.932418,0.867855,0.878692,0.90643,0.909153,0.864061,0.891155
Faucet,0.862302,0.883086,0.881605,0.861993,0.879007,0.872412,0.880876,0.888026,0.860525,0.874599,0.881539,0.876131,0.853308,0.890469,0.854858,0.864846,0.873358,0.865779,0.880886,0.866095,0.878094,0.865497,0.895373,0.879157,0.883745,0.882597,0.872944,0.898855,0.877679,0.874679,0.875637,0.895227,0.855882,0.873651,0.874737,0.859245,0.891979,0.876161,0.861372,0.884099,0.857782,0.895227,0.888551,1.0,0.873684,0.903555,0.848722,0.87998,0.876442,0.888388,0.87667,0.87838,0.867529,0.88575,0.871279,0.871973,0.880752,0.859905,0.873548,0.898119,0.882435,0.870516,0.892059,0.876753,0.885189,0.861339,0.87742,0.901107,0.873743,0.896437,0.867239,0.865872,0.84978,0.871646,0.869356,0.895965,0.869203,0.875041,0.910286,0.906795,0.866012,0.860702,0.853733,0.884807,0.90339,0.876417,0.895497,0.866963,0.900491,0.874968,0.858766,0.87514,0.872398,0.877422,0.869042,0.882913,0.878036,0.8664,0.866071,0.856237,0.873163,0.870846,0.891349,0.864314,0.902567,0.880876,0.850101,0.875324,0.858486,0.873732,0.883027,0.860939,0.8895,0.860769,0.8994,0.872745,0.884474,0.87464,0.86789,0.862867,0.876735,0.883526,0.87793,0.896265,0.864273,0.871064,0.875554,0.902583,0.853936,0.874169
Flower,0.879742,0.906009,0.903603,0.87957,0.872969,0.885226,0.87899,0.893201,0.875672,0.891988,0.877003,0.878081,0.844619,0.898466,0.879812,0.883134,0.880039,0.888237,0.892133,0.880993,0.873155,0.877761,0.90606,0.893693,0.894723,0.901125,0.880909,0.891909,0.895036,0.898953,0.877534,0.893709,0.872225,0.869568,0.878609,0.864343,0.898155,0.882018,0.872553,0.88531,0.861235,0.895427,0.895455,0.873684,1.0,0.886543,0.882191,0.878509,0.888884,0.884557,0.893764,0.886431,0.886369,0.885481,0.885916,0.886686,0.895088,0.86134,0.885036,0.891185,0.881172,0.883579,0.894952,0.887367,0.899467,0.867567,0.902333,0.907911,0.877062,0.907864,0.890637,0.878268,0.890531,0.895809,0.860623,0.90441,0.893834,0.886882,0.902601,0.892294,0.845029,0.891191,0.874014,0.897141,0.898906,0.88532,0.897134,0.880823,0.912244,0.896812,0.873861,0.881538,0.891936,0.882353,0.867826,0.895988,0.868871,0.850962,0.895972,0.884188,0.879552,0.86637,0.885473,0.887107,0.900279,0.885439,0.86161,0.885759,0.879798,0.889535,0.896175,0.861894,0.886173,0.883809,0.89009,0.881858,0.891611,0.898671,0.883401,0.869354,0.89035,0.901995,0.887104,0.9057,0.875015,0.884858,0.888759,0.889861,0.882932,0.895542
Flute,0.885441,0.893623,0.900889,0.865945,0.892761,0.893143,0.911061,0.908512,0.887905,0.881713,0.921357,0.914451,0.889404,0.910067,0.87802,0.875847,0.900811,0.874421,0.898088,0.876862,0.910129,0.897598,0.907216,0.897374,0.902351,0.898436,0.891289,0.928532,0.881182,0.889895,0.896893,0.916527,0.889886,0.912309,0.903978,0.890389,0.900473,0.901392,0.870663,0.907805,0.89595,0.916147,0.904425,0.903555,0.886543,1.0,0.861796,0.909195,0.906337,0.931262,0.885329,0.913412,0.885027,0.913571,0.901382,0.885584,0.9046,0.875186,0.872337,0.944198,0.908013,0.888779,0.905658,0.891667,0.886419,0.878769,0.888387,0.922006,0.883155,0.912866,0.879606,0.876133,0.863776,0.886531,0.896334,0.914511,0.895268,0.893269,0.936496,0.961802,0.898157,0.864227,0.873202,0.907588,0.926251,0.892005,0.919416,0.887803,0.916538,0.892584,0.87377,0.896615,0.88641,0.897295,0.886599,0.884829,0.914218,0.894695,0.877622,0.873331,0.883546,0.902558,0.916464,0.862811,0.929785,0.912064,0.87384,0.903716,0.863368,0.88291,0.888934,0.864618,0.918125,0.883905,0.937096,0.906699,0.895627,0.892079,0.878111,0.891578,0.905018,0.891693,0.90612,0.908765,0.895378,0.890875,0.889754,0.922336,0.875146,0.892907
Fossils,0.87485,0.881085,0.897393,0.86421,0.835227,0.88197,0.865992,0.881537,0.870363,0.860546,0.860927,0.869551,0.842074,0.87943,0.874529,0.865166,0.868334,0.866797,0.874331,0.856795,0.85264,0.873941,0.874673,0.881536,0.868286,0.875676,0.862304,0.859347,0.866883,0.884754,0.852832,0.865066,0.872818,0.858019,0.861554,0.856611,0.867127,0.864929,0.83998,0.862639,0.858919,0.865742,0.861818,0.848722,0.882191,0.861796,1.0,0.868203,0.873287,0.865584,0.866979,0.878663,0.869724,0.85109,0.87764,0.874074,0.888248,0.853329,0.844252,0.86863,0.847298,0.860445,0.859615,0.853165,0.865692,0.850671,0.864899,0.867017,0.862429,0.871988,0.876876,0.840797,0.893382,0.869343,0.839955,0.868378,0.885754,0.872416,0.86823,0.867529,0.821924,0.866972,0.876515,0.882523,0.862192,0.863774,0.860741,0.871037,0.873503,0.883016,0.8601,0.87005,0.878719,0.842581,0.846481,0.871505,0.844191,0.833034,0.898519,0.87992,0.856898,0.851224,0.840516,0.869619,0.864553,0.875249,0.853265,0.877511,0.854017,0.875232,0.871017,0.838879,0.849801,0.885814,0.859958,0.873501,0.867609,0.878128,0.839691,0.858608,0.864912,0.877145,0.878297,0.864133,0.861555,0.868545,0.851432,0.86096,0.877918,0.891886
Frisbee,0.886651,0.876685,0.90907,0.864914,0.872552,0.910606,0.899487,0.902401,0.875713,0.868275,0.892402,0.893341,0.867189,0.897251,0.870798,0.875834,0.88143,0.86712,0.886589,0.867786,0.885232,0.880096,0.890444,0.895619,0.884014,0.88075,0.885349,0.902586,0.870425,0.887295,0.879051,0.895515,0.882214,0.88569,0.887653,0.884638,0.887782,0.882035,0.860601,0.889279,0.88137,0.8939,0.890431,0.87998,0.878509,0.909195,0.868203,1.0,0.888065,0.898981,0.873626,0.890775,0.873838,0.887641,0.884079,0.874075,0.889847,0.866545,0.862815,0.90286,0.885062,0.872871,0.888201,0.881572,0.873725,0.864309,0.8748,0.903539,0.876462,0.89589,0.874824,0.860123,0.869523,0.876362,0.880305,0.897678,0.881448,0.885691,0.914245,0.9136,0.878934,0.856059,0.893362,0.893287,0.906409,0.88426,0.896528,0.875407,0.898555,0.874394,0.859252,0.894462,0.876767,0.876788,0.876566,0.876356,0.885297,0.872191,0.893453,0.87,0.884947,0.877374,0.890719,0.860239,0.905547,0.89186,0.869785,0.897369,0.85455,0.875524,0.879028,0.854041,0.890121,0.877632,0.90464,0.881844,0.887544,0.883409,0.867839,0.873387,0.885211,0.884359,0.895627,0.892259,0.878108,0.879523,0.873224,0.900492,0.867848,0.902196
Fryingpan,0.881582,0.903874,0.88668,0.859878,0.869979,0.881106,0.893904,0.888123,0.893923,0.878904,0.906794,0.905703,0.882958,0.895571,0.890096,0.871035,0.896456,0.870074,0.888142,0.866855,0.894666,0.906131,0.893719,0.886958,0.895366,0.896632,0.880636,0.896812,0.872569,0.885963,0.881902,0.894012,0.886272,0.910978,0.886636,0.887698,0.882373,0.895669,0.853121,0.894652,0.894433,0.901392,0.883219,0.876442,0.888884,0.906337,0.873287,0.888065,1.0,0.916186,0.88439,0.915079,0.884792,0.887045,0.898079,0.887306,0.91021,0.85838,0.858093,0.910423,0.87519,0.880358,0.887719,0.871096,0.883397,0.878314,0.881496,0.902119,0.870158,0.891468,0.884646,0.866724,0.878611,0.883159,0.874728,0.896998,0.904034,0.882288,0.906225,0.909285,0.847266,0.866456,0.867427,0.898877,0.902271,0.877574,0.892505,0.892139,0.900111,0.903861,0.872741,0.881454,0.885033,0.883164,0.867624,0.875024,0.882671,0.868439,0.880069,0.878119,0.87007,0.894589,0.886156,0.864862,0.898889,0.917955,0.878345,0.899479,0.863327,0.871891,0.882402,0.844482,0.890288,0.900269,0.903082,0.913279,0.876593,0.889387,0.857314,0.897039,0.892838,0.884489,0.906193,0.889849,0.89195,0.893901,0.876078,0.893064,0.893162,0.88471
Glasses,0.880208,0.891029,0.892576,0.852274,0.874334,0.88121,0.901758,0.897362,0.89294,0.873354,0.936819,0.924514,0.892882,0.897921,0.88857,0.863429,0.900106,0.86928,0.889327,0.862325,0.904621,0.91327,0.893237,0.888258,0.894774,0.893116,0.883037,0.913415,0.86624,0.883078,0.885985,0.902059,0.89727,0.931676,0.893146,0.895791,0.884142,0.89817,0.848285,0.902502,0.903406,0.904921,0.88727,0.888388,0.884557,0.931262,0.865584,0.898981,0.916186,1.0,0.881284,0.93068,0.882382,0.899738,0.901531,0.881145,0.906155,0.862337,0.855729,0.934465,0.889782,0.884752,0.889876,0.875631,0.876417,0.870389,0.878284,0.906444,0.870869,0.899063,0.882169,0.864952,0.867639,0.879436,0.882808,0.899906,0.913748,0.881654,0.917055,0.935273,0.870659,0.858472,0.869202,0.901283,0.9076,0.877904,0.905504,0.891637,0.90163,0.900044,0.863181,0.883929,0.880618,0.884541,0.871988,0.870506,0.898449,0.87742,0.877632,0.876027,0.873805,0.902043,0.897057,0.854832,0.912363,0.924073,0.876244,0.899708,0.84944,0.868807,0.876972,0.842692,0.903253,0.891111,0.92038,0.928024,0.877841,0.89043,0.855086,0.898995,0.897262,0.882177,0.908078,0.891893,0.901077,0.892414,0.877129,0.903237,0.882691,0.885745
Glove,0.858627,0.909957,0.891142,0.882561,0.88651,0.878044,0.872385,0.885203,0.860908,0.8953,0.871951,0.867684,0.839928,0.892447,0.868296,0.8776,0.872796,0.891724,0.88998,0.877534,0.872376,0.866309,0.913756,0.884206,0.896194,0.898013,0.881578,0.891428,0.90385,0.888438,0.879794,0.897786,0.853629,0.864838,0.866726,0.853515,0.911746,0.877162,0.8732,0.886545,0.852947,0.897307,0.899852,0.87667,0.893764,0.885329,0.866979,0.873626,0.88439,0.881284,1.0,0.877113,0.882437,0.883058,0.874563,0.884598,0.8884,0.861399,0.907184,0.888376,0.878545,0.881206,0.901355,0.8929,0.917026,0.862628,0.908674,0.907907,0.886258,0.907702,0.885312,0.889155,0.866876,0.890946,0.857193,0.905612,0.881317,0.88082,0.897771,0.889335,0.840081,0.892914,0.862152,0.890317,0.898441,0.885112,0.896875,0.873455,0.91518,0.891852,0.861952,0.874593,0.885815,0.886519,0.867448,0.907492,0.866557,0.851391,0.882187,0.869543,0.880597,0.862044,0.890415,0.892628,0.897632,0.877709,0.848787,0.873143,0.879313,0.886712,0.904889,0.873893,0.88604,0.869043,0.885664,0.873826,0.896911,0.892148,0.891378,0.864067,0.883002,0.908216,0.87626,0.917119,0.867119,0.877649,0.890566,0.890796,0.871784,0.883859
Goggles,0.88307,0.896141,0.889825,0.851436,0.859712,0.878879,0.896557,0.894397,0.900159,0.867919,0.925965,0.924231,0.898336,0.893315,0.900628,0.862615,0.901593,0.865001,0.886591,0.852073,0.89929,0.927443,0.886138,0.88519,0.888327,0.890887,0.87936,0.895503,0.861928,0.886541,0.878236,0.889169,0.908957,0.933499,0.88908,0.901064,0.872568,0.898496,0.840877,0.895245,0.907327,0.893012,0.875239,0.87838,0.886431,0.913412,0.878663,0.890775,0.915079,0.93068,0.877113,1.0,0.88433,0.886354,0.908158,0.881566,0.91944,0.855843,0.841194,0.921897,0.874192,0.8828,0.877365,0.862248,0.869052,0.870128,0.872009,0.893692,0.861216,0.889309,0.886848,0.851103,0.882889,0.880009,0.870369,0.888889,0.929088,0.880145,0.901421,0.917799,0.846107,0.860485,0.870712,0.901101,0.891675,0.871248,0.889548,0.896212,0.89046,0.910346,0.863367,0.879839,0.882525,0.868911,0.861631,0.863961,0.885801,0.866601,0.883806,0.883619,0.860939,0.901252,0.877331,0.852343,0.895135,0.931034,0.886854,0.90484,0.845238,0.869369,0.872415,0.833342,0.888895,0.91124,0.90434,0.935539,0.867401,0.890467,0.838671,0.908248,0.890742,0.877493,0.916421,0.879398,0.904341,0.895245,0.8691,0.890373,0.893138,0.884219
Grill,0.872235,0.895371,0.887992,0.865258,0.865363,0.875124,0.877454,0.88294,0.869295,0.877745,0.875317,0.877327,0.852063,0.888569,0.874179,0.870739,0.873694,0.874851,0.882097,0.86677,0.871,0.874906,0.893455,0.881388,0.884595,0.887824,0.871412,0.879197,0.880415,0.88789,0.870866,0.887005,0.870686,0.871211,0.871572,0.867086,0.885289,0.878515,0.857373,0.880151,0.863751,0.885953,0.879729,0.867529,0.886369,0.885027,0.869724,0.873838,0.884792,0.882382,0.882437,0.88433,1.0,0.87487,0.880513,0.879793,0.890234,0.851664,0.867777,0.886864,0.869321,0.874023,0.8805,0.871559,0.888224,0.860405,0.881811,0.889899,0.867308,0.890318,0.878151,0.865679,0.876825,0.880241,0.853653,0.886999,0.887021,0.878308,0.89064,0.889801,0.835844,0.871091,0.862386,0.888584,0.884394,0.87467,0.880736,0.873758,0.894511,0.889884,0.863453,0.87362,0.882787,0.865362,0.857972,0.883428,0.865877,0.851989,0.879351,0.872483,0.869243,0.862489,0.870257,0.872901,0.885039,0.880841,0.856534,0.883335,0.864724,0.876199,0.886944,0.849246,0.878009,0.880697,0.882805,0.878647,0.879792,0.881577,0.863232,0.866411,0.881404,0.884935,0.884413,0.887306,0.875598,0.878843,0.870845,0.884904,0.874057,0.881557
Hairbrush,0.867424,0.893485,0.887084,0.864169,0.889504,0.879382,0.886534,0.891614,0.867569,0.883513,0.892722,0.883596,0.858098,0.895028,0.863628,0.872365,0.879541,0.870381,0.88577,0.872239,0.889102,0.873256,0.904084,0.884117,0.893872,0.890767,0.881749,0.910146,0.883092,0.881153,0.882469,0.901918,0.87361,0.882257,0.884314,0.869744,0.897732,0.88259,0.874166,0.894185,0.861703,0.900012,0.904733,0.88575,0.885481,0.913571,0.85109,0.887641,0.887045,0.899738,0.883058,0.886354,0.87487,1.0,0.880182,0.873797,0.885919,0.850725,0.88161,0.908943,0.900373,0.880645,0.906997,0.892577,0.888958,0.86544,0.897035,0.922306,0.871154,0.917227,0.873489,0.878786,0.85287,0.889668,0.869435,0.914153,0.879225,0.882093,0.921585,0.916367,0.869478,0.871143,0.858314,0.89076,0.91676,0.883404,0.916125,0.872627,0.919921,0.879707,0.863652,0.882883,0.877331,0.896222,0.873769,0.885926,0.891869,0.867453,0.864365,0.862132,0.877312,0.87679,0.913655,0.864906,0.917362,0.888057,0.861262,0.883109,0.869333,0.876329,0.883203,0.864629,0.913866,0.867273,0.913415,0.882836,0.887474,0.886974,0.887308,0.870935,0.895421,0.890476,0.887098,0.914777,0.878877,0.87848,0.89769,0.907286,0.861167,0.878973
Hairclip,0.882855,0.893099,0.893238,0.861764,0.855858,0.880614,0.887501,0.892046,0.888641,0.867937,0.895761,0.902343,0.877715,0.892918,0.886889,0.866618,0.889069,0.865838,0.8843,0.859588,0.88936,0.90009,0.886068,0.886233,0.883338,0.887046,0.874459,0.886866,0.866099,0.887035,0.871283,0.886348,0.897847,0.897325,0.884712,0.886087,0.873948,0.887014,0.849443,0.885705,0.886328,0.885366,0.876535,0.871279,0.885916,0.901382,0.87764,0.884079,0.898079,0.901531,0.874563,0.908158,0.880513,0.880182,1.0,0.883544,0.907459,0.85514,0.844293,0.903617,0.873294,0.879417,0.876167,0.8636,0.868721,0.864811,0.873232,0.889087,0.862995,0.890814,0.880251,0.849821,0.884689,0.878904,0.859101,0.885909,0.903301,0.882568,0.89643,0.905779,0.846857,0.863329,0.870229,0.897017,0.886945,0.872524,0.884497,0.885153,0.889404,0.898394,0.86816,0.881131,0.885154,0.860904,0.860263,0.871163,0.875332,0.860087,0.883688,0.87977,0.863021,0.881219,0.869633,0.860792,0.890871,0.905631,0.872435,0.896313,0.856449,0.879155,0.874962,0.845698,0.883124,0.901031,0.893788,0.904545,0.873375,0.885234,0.84637,0.88632,0.889855,0.877994,0.90175,0.878158,0.888989,0.884226,0.867334,0.887641,0.886533,0.886472
Handbag,0.871067,0.898811,0.889116,0.882896,0.861989,0.876117,0.876534,0.886053,0.874436,0.893095,0.873691,0.874825,0.858763,0.893338,0.869014,0.885795,0.888546,0.879012,0.88738,0.881812,0.875839,0.874927,0.895383,0.887751,0.889593,0.895603,0.874986,0.883105,0.886149,0.884261,0.870459,0.887063,0.866135,0.868198,0.875232,0.856533,0.889997,0.878203,0.853114,0.878347,0.86084,0.89407,0.881025,0.871973,0.886686,0.885584,0.874074,0.874075,0.887306,0.881145,0.884598,0.881566,0.879793,0.873797,0.883544,1.0,0.896739,0.866637,0.868589,0.889553,0.867185,0.872799,0.889558,0.866379,0.900627,0.875294,0.874315,0.893757,0.884481,0.886174,0.87868,0.871815,0.87844,0.87437,0.857114,0.890145,0.871775,0.882218,0.892067,0.889378,0.845806,0.878534,0.864691,0.891889,0.884924,0.87639,0.880817,0.883171,0.896471,0.892993,0.888614,0.878801,0.890827,0.867878,0.866977,0.895095,0.866852,0.862768,0.881534,0.877443,0.867821,0.868396,0.87051,0.890866,0.888286,0.885847,0.853591,0.879662,0.877229,0.895753,0.892876,0.875362,0.874938,0.888517,0.882938,0.881036,0.883684,0.878918,0.857858,0.869681,0.876585,0.891628,0.883849,0.892887,0.86816,0.876885,0.872501,0.898641,0.878167,0.884437
Hat,0.888659,0.911365,0.895544,0.872483,0.870916,0.886389,0.894588,0.898691,0.902512,0.883583,0.902943,0.907394,0.891223,0.901828,0.897456,0.880137,0.903912,0.874463,0.894815,0.86771,0.899586,0.914087,0.899756,0.892856,0.895648,0.900921,0.884705,0.894332,0.881378,0.896585,0.88334,0.895684,0.900437,0.908636,0.889885,0.890041,0.88633,0.899604,0.859856,0.894759,0.892156,0.898773,0.885458,0.880752,0.895088,0.9046,0.888248,0.889847,0.91021,0.906155,0.8884,0.91944,0.890234,0.885919,0.907459,0.896739,1.0,0.861929,0.860833,0.910463,0.877771,0.887396,0.888531,0.871629,0.887224,0.880365,0.882252,0.899584,0.874165,0.897828,0.89038,0.864013,0.894695,0.888754,0.870882,0.896979,0.912774,0.889855,0.904603,0.908756,0.846103,0.876918,0.875258,0.905075,0.898249,0.880113,0.891919,0.899419,0.900935,0.913564,0.883668,0.88754,0.89462,0.875581,0.871637,0.883502,0.883385,0.872382,0.891007,0.889421,0.865023,0.896374,0.880194,0.870347,0.898297,0.918645,0.886071,0.905524,0.86859,0.886985,0.889131,0.863022,0.887318,0.920149,0.899754,0.917677,0.881747,0.893662,0.858381,0.904081,0.892618,0.891019,0.912293,0.891377,0.892213,0.894104,0.878704,0.897738,0.899631,0.890442
Headphones,0.851206,0.861084,0.886565,0.870868,0.845273,0.873206,0.865444,0.879914,0.847237,0.852929,0.851677,0.852256,0.835187,0.883423,0.835968,0.85453,0.854523,0.862949,0.873132,0.861328,0.845682,0.841686,0.876653,0.875811,0.862201,0.8646,0.860292,0.869976,0.868396,0.865386,0.857788,0.87495,0.834167,0.844171,0.856484,0.833081,0.881513,0.854529,0.838523,0.862541,0.843327,0.873401,0.865615,0.859905,0.86134,0.875186,0.853329,0.866545,0.85838,0.862337,0.861399,0.855843,0.851664,0.850725,0.85514,0.866637,0.861929,1.0,0.853044,0.871026,0.850634,0.848286,0.862472,0.859006,0.865509,0.84979,0.861284,0.871322,0.888163,0.863661,0.865073,0.845268,0.855136,0.849797,0.862054,0.870389,0.843216,0.868105,0.879048,0.878307,0.86291,0.850635,0.857751,0.873361,0.874421,0.873175,0.864286,0.85562,0.87057,0.8604,0.854275,0.866105,0.870928,0.853467,0.856785,0.879692,0.851938,0.847184,0.881946,0.852175,0.870915,0.847661,0.853157,0.876004,0.87038,0.858676,0.82687,0.856633,0.84849,0.877334,0.872552,0.853535,0.852581,0.841775,0.870925,0.849115,0.882993,0.86341,0.84409,0.838502,0.849083,0.876115,0.856431,0.865953,0.83749,0.85183,0.846174,0.867707,0.842384,0.88062
Hourglass,0.83323,0.898801,0.879237,0.883839,0.903035,0.869604,0.853867,0.873681,0.831683,0.901462,0.845169,0.833821,0.803505,0.881776,0.835879,0.878081,0.855405,0.893751,0.882531,0.882775,0.850043,0.828665,0.922696,0.874808,0.894987,0.893859,0.876745,0.888414,0.918879,0.877209,0.878121,0.895059,0.80786,0.828749,0.847264,0.818006,0.930498,0.858772,0.882121,0.87631,0.815097,0.897497,0.909537,0.873548,0.885036,0.872337,0.844252,0.862815,0.858093,0.855729,0.907184,0.841194,0.867777,0.88161,0.844293,0.868589,0.860833,0.853044,1.0,0.871902,0.883263,0.867311,0.912285,0.906931,0.931042,0.854,0.912684,0.916987,0.891135,0.91203,0.871638,0.907663,0.84109,0.885914,0.850515,0.912464,0.845906,0.868783,0.897096,0.8769,0.837212,0.896878,0.847716,0.873541,0.9058,0.883775,0.90325,0.852794,0.926607,0.866679,0.852566,0.863006,0.871319,0.899481,0.868263,0.91678,0.860358,0.842175,0.864625,0.849001,0.877945,0.84161,0.903282,0.895786,0.899853,0.847167,0.825542,0.844925,0.880941,0.877921,0.909566,0.893487,0.883982,0.834612,0.879116,0.837213,0.900854,0.881705,0.923347,0.835912,0.867013,0.915839,0.84735,0.934024,0.834677,0.857051,0.900399,0.888631,0.843998,0.872371
Kayak,0.881943,0.899512,0.897531,0.865665,0.884333,0.885911,0.903809,0.903047,0.892943,0.886692,0.933005,0.916851,0.889826,0.905095,0.885696,0.877223,0.906472,0.878056,0.897004,0.873394,0.905741,0.908348,0.905928,0.89586,0.904315,0.904581,0.889603,0.925268,0.883119,0.888844,0.893482,0.90968,0.893856,0.918814,0.897636,0.885255,0.897583,0.900528,0.864517,0.904938,0.898227,0.915562,0.900774,0.898119,0.891185,0.944198,0.86863,0.90286,0.910423,0.934465,0.888376,0.921897,0.886864,0.908943,0.903617,0.889553,0.910463,0.871026,0.871902,1.0,0.900157,0.88895,0.904498,0.887254,0.889104,0.878689,0.891609,0.923266,0.881308,0.908906,0.884282,0.878487,0.869895,0.888457,0.889389,0.91446,0.905199,0.889451,0.929075,0.950968,0.879885,0.870678,0.872467,0.908779,0.921123,0.886984,0.916353,0.892816,0.916581,0.900809,0.875148,0.891364,0.886658,0.899558,0.880419,0.884139,0.907278,0.883742,0.879063,0.877162,0.876296,0.904495,0.912407,0.866288,0.924886,0.918379,0.874924,0.900416,0.863598,0.882113,0.888185,0.861386,0.912858,0.891306,0.931366,0.918583,0.888644,0.896897,0.873305,0.895929,0.901835,0.893709,0.905816,0.909076,0.89681,0.89457,0.890154,0.913373,0.884796,0.890751
Key,0.863803,0.883554,0.889658,0.865187,0.886066,0.87878,0.883138,0.892926,0.858219,0.878913,0.879565,0.876755,0.845046,0.892729,0.857603,0.871108,0.871281,0.871322,0.883274,0.87157,0.881717,0.861408,0.901756,0.883374,0.8875,0.885685,0.877065,0.911853,0.881167,0.880671,0.878883,0.899133,0.86078,0.869371,0.881036,0.863362,0.89665,0.875469,0.875156,0.886729,0.851314,0.897253,0.903449,0.882435,0.881172,0.908013,0.847298,0.885062,0.87519,0.889782,0.878545,0.874192,0.869321,0.900373,0.873294,0.867185,0.877771,0.850634,0.883263,0.900157,1.0,0.877517,0.902067,0.895317,0.885469,0.856728,0.891118,0.920954,0.869195,0.917793,0.86754,0.875111,0.850146,0.885276,0.868251,0.910483,0.872891,0.879449,0.928154,0.91331,0.876616,0.866685,0.857364,0.887104,0.919662,0.882426,0.913295,0.86426,0.916873,0.872234,0.856131,0.880397,0.873222,0.892504,0.87425,0.884829,0.887836,0.861458,0.862444,0.857116,0.877246,0.866489,0.910631,0.862497,0.92164,0.875798,0.854229,0.877682,0.862908,0.882469,0.883727,0.863513,0.903456,0.857099,0.911167,0.867775,0.889308,0.882615,0.894521,0.85907,0.891975,0.888172,0.878157,0.910825,0.868265,0.87038,0.889987,0.901257,0.851611,0.878573
Kite,0.866355,0.894305,0.885166,0.865947,0.870641,0.871629,0.874628,0.884708,0.865964,0.873478,0.876055,0.876543,0.848221,0.891319,0.869112,0.86186,0.868998,0.871427,0.882695,0.864108,0.877665,0.872578,0.893129,0.877777,0.882052,0.883484,0.871219,0.886394,0.876851,0.880965,0.87075,0.890785,0.870826,0.871803,0.871219,0.866116,0.885191,0.877939,0.86034,0.881933,0.856092,0.883583,0.884654,0.870516,0.883579,0.888779,0.860445,0.872871,0.880358,0.884752,0.881206,0.8828,0.874023,0.880645,0.879417,0.872799,0.887396,0.848286,0.867311,0.88895,0.877517,1.0,0.883331,0.875897,0.882267,0.851994,0.886481,0.894996,0.864723,0.901371,0.875436,0.862422,0.865384,0.881551,0.8513,0.891338,0.888938,0.877347,0.898609,0.892449,0.845692,0.867576,0.856717,0.887054,0.891391,0.874732,0.889393,0.86781,0.897383,0.887512,0.857221,0.872621,0.879732,0.865926,0.858966,0.88351,0.865869,0.851683,0.871267,0.866476,0.870473,0.861795,0.879514,0.870723,0.894606,0.879789,0.852588,0.878448,0.862493,0.879467,0.883389,0.853587,0.88427,0.872874,0.887312,0.878882,0.883242,0.882462,0.867138,0.865265,0.884776,0.883298,0.881109,0.890089,0.872769,0.87273,0.874792,0.888972,0.86596,0.876116
Ladder,0.865179,0.906041,0.892538,0.882079,0.903718,0.886247,0.884745,0.895534,0.864911,0.907904,0.881408,0.871402,0.843714,0.900135,0.863049,0.894394,0.886291,0.888648,0.894014,0.888617,0.885089,0.866465,0.919409,0.892753,0.904808,0.907669,0.890454,0.920348,0.905995,0.887139,0.889067,0.906516,0.851867,0.869899,0.87914,0.85689,0.916327,0.883729,0.888516,0.894424,0.850524,0.914363,0.918744,0.892059,0.894952,0.905658,0.859615,0.888201,0.887719,0.889876,0.901355,0.877365,0.8805,0.906997,0.876167,0.889558,0.888531,0.862472,0.912285,0.904498,0.902067,0.883331,1.0,0.906336,0.919381,0.875661,0.910619,0.945902,0.887135,0.919536,0.88119,0.900695,0.85815,0.898146,0.876417,0.934132,0.873197,0.885977,0.926373,0.911023,0.869114,0.893571,0.863686,0.894198,0.93215,0.890474,0.923535,0.877072,0.937778,0.885372,0.875809,0.888047,0.883144,0.919244,0.886439,0.908787,0.888165,0.869652,0.875252,0.86692,0.885791,0.876275,0.933286,0.889051,0.928512,0.883462,0.857906,0.878575,0.886934,0.893199,0.904829,0.885186,0.911242,0.86864,0.911695,0.872876,0.899955,0.894772,0.912345,0.868488,0.893741,0.910815,0.881737,0.942654,0.867922,0.881632,0.911927,0.918823,0.865234,0.884459
Lamp,0.858059,0.889958,0.894635,0.874829,0.891365,0.884213,0.874898,0.889434,0.850128,0.885046,0.864972,0.861225,0.82612,0.891695,0.855775,0.877003,0.861247,0.885757,0.884841,0.877212,0.868874,0.849833,0.910338,0.88385,0.889727,0.888472,0.880746,0.904753,0.897592,0.885043,0.879116,0.897954,0.844953,0.852578,0.869093,0.851027,0.909619,0.870057,0.880265,0.882514,0.839254,0.895019,0.908637,0.876753,0.887367,0.891667,0.853165,0.881572,0.871096,0.875631,0.8929,0.862248,0.871559,0.892577,0.8636,0.866379,0.871629,0.859006,0.906931,0.887254,0.895317,0.875897,0.906336,1.0,0.90199,0.853124,0.912709,0.926167,0.882213,0.916223,0.875563,0.887444,0.854308,0.893183,0.866302,0.916888,0.868962,0.878705,0.913743,0.896843,0.864271,0.88244,0.862839,0.884822,0.917135,0.88807,0.911105,0.860018,0.922888,0.87294,0.848319,0.879117,0.875064,0.900844,0.872706,0.898373,0.874851,0.84954,0.874534,0.858731,0.88343,0.853448,0.912097,0.876945,0.913112,0.865368,0.845122,0.86987,0.867348,0.882718,0.894482,0.865682,0.89178,0.849237,0.897604,0.856368,0.897775,0.889664,0.914029,0.849672,0.885851,0.902073,0.86891,0.924159,0.856621,0.868181,0.89716,0.882638,0.85182,0.884814
Lantern,0.855511,0.917474,0.891172,0.893149,0.902286,0.879687,0.873069,0.885052,0.857514,0.919538,0.866726,0.85872,0.835581,0.896641,0.862669,0.893614,0.879591,0.903004,0.895171,0.895734,0.871749,0.85761,0.92605,0.8884,0.908006,0.909491,0.887508,0.900009,0.920894,0.890472,0.886778,0.904242,0.837327,0.856749,0.865225,0.843549,0.926831,0.880118,0.881125,0.888278,0.84225,0.913596,0.909875,0.885189,0.899467,0.886419,0.865692,0.873725,0.883397,0.876417,0.917026,0.869052,0.888224,0.888958,0.868721,0.900627,0.887224,0.865509,0.931042,0.889104,0.885469,0.882267,0.919381,0.90199,1.0,0.874608,0.911055,0.921059,0.898416,0.913817,0.887862,0.910213,0.864573,0.895348,0.865407,0.91723,0.868566,0.882989,0.906957,0.890599,0.842414,0.906202,0.861165,0.891625,0.907328,0.891296,0.904189,0.87568,0.928427,0.892686,0.877707,0.875797,0.889651,0.898714,0.879185,0.925624,0.872119,0.861514,0.882123,0.870113,0.8857,0.862465,0.904985,0.908448,0.908413,0.872348,0.845253,0.869789,0.893211,0.89541,0.92193,0.892361,0.889272,0.867364,0.890386,0.866888,0.907076,0.892983,0.908506,0.861727,0.880185,0.920708,0.872399,0.935247,0.860642,0.876242,0.90253,0.908042,0.867939,0.885815
Lawnmower,0.858782,0.879052,0.866054,0.852553,0.853399,0.861948,0.868883,0.868898,0.865206,0.869254,0.863424,0.858713,0.850284,0.877801,0.850176,0.86824,0.875329,0.852266,0.87027,0.859104,0.859207,0.862798,0.880657,0.871553,0.875494,0.878386,0.860221,0.872886,0.865576,0.869044,0.862893,0.875205,0.845425,0.860876,0.866273,0.843595,0.873653,0.866365,0.845578,0.867023,0.853343,0.886262,0.866614,0.861339,0.867567,0.878769,0.850671,0.864309,0.878314,0.870389,0.862628,0.870128,0.860405,0.86544,0.864811,0.875294,0.880365,0.84979,0.854,0.878689,0.856728,0.851994,0.875661,0.853124,0.874608,1.0,0.857676,0.884291,0.863763,0.867875,0.860119,0.855325,0.85857,0.858825,0.861076,0.879037,0.853866,0.864291,0.884462,0.881075,0.836482,0.853508,0.84716,0.874138,0.88173,0.862946,0.872446,0.869173,0.886036,0.871464,0.869355,0.863228,0.868126,0.869078,0.856918,0.866933,0.864495,0.85197,0.859495,0.856182,0.853743,0.867218,0.867831,0.859531,0.876871,0.877937,0.850688,0.870837,0.859631,0.858778,0.870366,0.849873,0.86595,0.870258,0.87904,0.867072,0.863828,0.861919,0.847399,0.862364,0.858594,0.871687,0.874559,0.876844,0.851882,0.867583,0.860267,0.879039,0.861442,0.865353
Lightbulb,0.861185,0.913537,0.894664,0.883311,0.892555,0.880206,0.87121,0.889374,0.85863,0.8964,0.869632,0.862881,0.824133,0.896915,0.86911,0.879789,0.864707,0.89348,0.892269,0.8814,0.871721,0.86094,0.919437,0.88668,0.897775,0.901388,0.884681,0.902951,0.909545,0.894906,0.883141,0.900326,0.854871,0.85575,0.870399,0.85214,0.915065,0.87677,0.88911,0.888634,0.842542,0.896522,0.913432,0.87742,0.902333,0.888387,0.864899,0.8748,0.881496,0.878284,0.908674,0.872009,0.881811,0.897035,0.873232,0.874315,0.882252,0.861284,0.912684,0.891609,0.891118,0.886481,0.910619,0.912709,0.911055,0.857676,1.0,0.92965,0.885776,0.92409,0.890525,0.895051,0.865984,0.909913,0.862573,0.924558,0.886895,0.884881,0.908697,0.893387,0.849279,0.904081,0.862438,0.892548,0.917373,0.892389,0.913827,0.86861,0.930818,0.890865,0.853997,0.879039,0.886894,0.908263,0.86924,0.907602,0.869353,0.841881,0.883416,0.870128,0.887169,0.856289,0.91055,0.891484,0.911947,0.871701,0.847615,0.873003,0.882549,0.886905,0.902627,0.866466,0.896401,0.858819,0.894369,0.867682,0.9017,0.905888,0.914022,0.856744,0.893851,0.913398,0.873842,0.934089,0.865615,0.880945,0.911136,0.883248,0.867068,0.886478
Lipstick,0.878642,0.910774,0.90538,0.884829,0.913759,0.898661,0.901715,0.910088,0.879751,0.918748,0.899732,0.888796,0.855031,0.910668,0.87714,0.913486,0.901019,0.899278,0.903578,0.896994,0.901058,0.882367,0.92944,0.90568,0.915357,0.925609,0.901502,0.945438,0.91047,0.897757,0.90131,0.919541,0.866469,0.889401,0.897345,0.875222,0.922561,0.895025,0.90049,0.90298,0.862833,0.930875,0.935505,0.901107,0.907911,0.922006,0.867017,0.903539,0.902119,0.906444,0.907907,0.893692,0.889899,0.922306,0.889087,0.893757,0.899584,0.871322,0.916987,0.923266,0.920954,0.894996,0.945902,0.926167,0.921059,0.884291,0.92965,1.0,0.889441,0.933036,0.89003,0.913645,0.867302,0.914193,0.896712,0.959599,0.889707,0.8938,0.956805,0.930292,0.8904,0.899113,0.874874,0.90578,0.960303,0.902382,0.944169,0.887788,0.957469,0.894948,0.88294,0.900581,0.888251,0.952995,0.899759,0.909842,0.905824,0.877596,0.884702,0.875501,0.894143,0.89287,0.965198,0.887527,0.956146,0.900713,0.875585,0.894101,0.889609,0.906049,0.909346,0.881841,0.925626,0.878959,0.937311,0.889909,0.908317,0.911981,0.932732,0.884426,0.914669,0.918675,0.898164,0.958672,0.880725,0.896002,0.926873,0.925039,0.874543,0.897538
Lock,0.853412,0.885118,0.892523,0.891586,0.87363,0.884653,0.871868,0.887933,0.854309,0.878992,0.860906,0.85627,0.841813,0.892699,0.845869,0.871592,0.868845,0.883983,0.887273,0.879792,0.857947,0.85049,0.900469,0.884397,0.882799,0.88132,0.877189,0.881209,0.894703,0.875606,0.874484,0.89152,0.838341,0.850563,0.86198,0.834857,0.907167,0.865945,0.857775,0.87713,0.845388,0.889018,0.888245,0.873743,0.877062,0.883155,0.862429,0.876462,0.870158,0.870869,0.886258,0.861216,0.867308,0.871154,0.862995,0.884481,0.874165,0.888163,0.891135,0.881308,0.869195,0.864723,0.887135,0.882213,0.898416,0.863763,0.885776,0.889441,1.0,0.889314,0.877685,0.875071,0.858571,0.869777,0.864399,0.889815,0.851877,0.879904,0.892035,0.88614,0.860991,0.876494,0.866205,0.883464,0.891002,0.885372,0.883447,0.867575,0.895167,0.872968,0.868055,0.876641,0.884263,0.872231,0.870146,0.909082,0.866013,0.858513,0.884029,0.862857,0.882903,0.856593,0.874907,0.902162,0.884367,0.867052,0.833029,0.862604,0.873581,0.896937,0.896379,0.886727,0.869643,0.853082,0.881827,0.859165,0.898472,0.877456,0.875259,0.850407,0.862482,0.897339,0.863988,0.894341,0.846186,0.861092,0.872909,0.884954,0.854512,0.887537
Lollipop,0.879123,0.912934,0.910794,0.889056,0.908009,0.895835,0.893149,0.909836,0.872395,0.903658,0.889113,0.888974,0.8557,0.910128,0.88041,0.885283,0.882644,0.895461,0.901826,0.887653,0.89715,0.878364,0.92584,0.89974,0.906993,0.904958,0.896456,0.924023,0.908136,0.902707,0.89448,0.91612,0.879338,0.880671,0.891342,0.878802,0.919629,0.891555,0.896844,0.904187,0.863227,0.90789,0.926363,0.896437,0.907864,0.912866,0.871988,0.89589,0.891468,0.899063,0.907702,0.889309,0.890318,0.917227,0.890814,0.886174,0.897828,0.863661,0.91203,0.908906,0.917793,0.901371,0.919536,0.916223,0.913817,0.867875,0.92409,0.933036,0.889314,1.0,0.892406,0.893484,0.873357,0.912814,0.873058,0.929263,0.900159,0.897557,0.942887,0.918294,0.878134,0.897949,0.874926,0.905531,0.934535,0.899333,0.931671,0.880919,0.937628,0.897492,0.867292,0.895279,0.892782,0.902901,0.887342,0.912958,0.891103,0.870893,0.889776,0.879222,0.894454,0.875887,0.921771,0.887094,0.936573,0.890052,0.869206,0.891856,0.887822,0.906026,0.907431,0.88487,0.920052,0.877208,0.917542,0.88464,0.910233,0.910582,0.915376,0.875535,0.913336,0.914168,0.89377,0.935585,0.883631,0.887002,0.916716,0.917812,0.875043,0.897821
Mask,0.870212,0.898116,0.895959,0.875763,0.862316,0.881171,0.873751,0.886009,0.870369,0.877439,0.873839,0.875284,0.847053,0.89348,0.874989,0.869521,0.871873,0.878585,0.887025,0.869629,0.865182,0.875586,0.894758,0.884867,0.883376,0.888233,0.875569,0.878983,0.88574,0.888852,0.871496,0.886069,0.869411,0.870921,0.868407,0.861085,0.890518,0.876826,0.858701,0.880955,0.860848,0.885303,0.882208,0.867239,0.890637,0.879606,0.876876,0.874824,0.884646,0.882169,0.885312,0.886848,0.878151,0.873489,0.880251,0.87868,0.89038,0.865073,0.871638,0.884282,0.86754,0.875436,0.88119,0.875563,0.887862,0.860119,0.890525,0.89003,0.877685,0.892406,1.0,0.863806,0.882316,0.883454,0.856777,0.889242,0.889631,0.882254,0.888234,0.883359,0.839209,0.878488,0.870244,0.891101,0.884832,0.881556,0.882516,0.875613,0.894614,0.893112,0.862919,0.874827,0.887668,0.867203,0.860673,0.88938,0.861493,0.844353,0.892271,0.877276,0.8783,0.862331,0.868465,0.885255,0.88423,0.883569,0.85469,0.879515,0.867585,0.879896,0.888072,0.855163,0.875093,0.876688,0.879227,0.881683,0.887531,0.889711,0.864609,0.866067,0.876905,0.893292,0.882846,0.889411,0.873,0.878101,0.873835,0.878343,0.874103,0.889023
Microscope,0.837821,0.892742,0.870507,0.870924,0.881915,0.862629,0.857709,0.867881,0.840833,0.892978,0.856024,0.842982,0.811963,0.87903,0.839466,0.876678,0.86328,0.880824,0.876931,0.879033,0.85496,0.839867,0.904133,0.871966,0.889422,0.892407,0.868278,0.886525,0.897019,0.869924,0.870076,0.8859,0.820695,0.840102,0.854101,0.825609,0.9068,0.860072,0.867632,0.871578,0.823307,0.897389,0.892628,0.865872,0.878268,0.876133,0.840797,0.860123,0.866724,0.864952,0.889155,0.851103,0.865679,0.878786,0.849821,0.871815,0.864013,0.845268,0.907663,0.878487,0.875111,0.862422,0.900695,0.887444,0.910213,0.855325,0.895051,0.913645,0.875071,0.893484,0.863806,1.0,0.840537,0.876515,0.850929,0.902701,0.849137,0.865616,0.895887,0.881136,0.839036,0.879455,0.842307,0.872736,0.898767,0.876094,0.891329,0.856208,0.913663,0.866721,0.863087,0.860947,0.870945,0.896842,0.861169,0.89572,0.862878,0.843623,0.855204,0.847897,0.868384,0.848273,0.89526,0.886571,0.893835,0.85505,0.830859,0.851474,0.874031,0.872701,0.894029,0.873567,0.880431,0.842071,0.883326,0.848782,0.886128,0.872996,0.898327,0.841232,0.867292,0.896646,0.853869,0.914531,0.842678,0.860286,0.886879,0.888242,0.847009,0.864907
Minerals,0.891043,0.884441,0.905799,0.86515,0.832354,0.882334,0.871095,0.884354,0.880379,0.862722,0.861705,0.8758,0.842486,0.888726,0.882955,0.869765,0.871091,0.869408,0.878574,0.863196,0.85508,0.877309,0.877631,0.888516,0.872309,0.881631,0.863558,0.859373,0.868913,0.899768,0.856187,0.866838,0.878597,0.858931,0.87153,0.865416,0.865071,0.87225,0.844813,0.865301,0.862796,0.869618,0.861775,0.84978,0.890531,0.863776,0.893382,0.869523,0.878611,0.867639,0.866876,0.882889,0.876825,0.85287,0.884689,0.87844,0.894695,0.855136,0.84109,0.869895,0.850146,0.865384,0.85815,0.854308,0.864573,0.85857,0.865984,0.867302,0.858571,0.873357,0.882316,0.840537,1.0,0.875191,0.846277,0.868751,0.888798,0.878445,0.868149,0.869245,0.824559,0.870324,0.88017,0.889557,0.860176,0.868008,0.862291,0.877043,0.875931,0.890431,0.869461,0.873729,0.887343,0.840998,0.848188,0.869154,0.844573,0.83546,0.907479,0.890508,0.860526,0.853725,0.836541,0.86638,0.865457,0.879248,0.860036,0.887577,0.858907,0.874721,0.873002,0.836698,0.850742,0.893741,0.861451,0.876639,0.869543,0.881918,0.841431,0.862533,0.869521,0.878761,0.885461,0.862529,0.868504,0.876777,0.851714,0.859951,0.886026,0.897353
Mushroom,0.870812,0.902987,0.8943,0.870668,0.878116,0.880543,0.875875,0.887985,0.866856,0.885663,0.871528,0.871682,0.837907,0.892455,0.876566,0.87614,0.870009,0.881647,0.886104,0.871641,0.872782,0.870909,0.904288,0.885249,0.890183,0.893642,0.87832,0.894729,0.891122,0.892828,0.87551,0.891381,0.866989,0.865098,0.873064,0.86358,0.895391,0.878933,0.875521,0.88316,0.852477,0.890433,0.898534,0.871646,0.895809,0.886531,0.869343,0.876362,0.883159,0.879436,0.890946,0.880009,0.880241,0.889668,0.878904,0.87437,0.888754,0.849797,0.885914,0.888457,0.885276,0.881551,0.898146,0.893183,0.895348,0.858825,0.909913,0.914193,0.869777,0.912814,0.883454,0.876515,0.875191,1.0,0.857856,0.908651,0.892388,0.881152,0.904913,0.891726,0.842865,0.886637,0.865234,0.890913,0.90457,0.882074,0.902172,0.871236,0.915283,0.889894,0.85754,0.878065,0.882951,0.887563,0.864992,0.890912,0.86934,0.845537,0.882459,0.873636,0.875194,0.86119,0.89614,0.876028,0.904856,0.877873,0.858148,0.881714,0.872394,0.881716,0.890595,0.854865,0.888822,0.87445,0.891009,0.87445,0.887481,0.895885,0.891346,0.864098,0.890764,0.896949,0.882767,0.912151,0.871825,0.880306,0.893774,0.885329,0.871606,0.884739
Necklace,0.861115,0.862257,0.876393,0.843944,0.862348,0.873595,0.883843,0.879832,0.857678,0.856338,0.874025,0.870817,0.849372,0.882834,0.842955,0.860224,0.865689,0.849315,0.870078,0.854461,0.866546,0.856326,0.878057,0.875129,0.87066,0.871826,0.863409,0.895436,0.857689,0.866316,0.869733,0.884526,0.838081,0.869328,0.872133,0.85483,0.875023,0.868232,0.848303,0.870927,0.856637,0.891966,0.87356,0.869356,0.860623,0.896334,0.839955,0.880305,0.874728,0.882808,0.857193,0.870369,0.853653,0.869435,0.859101,0.857114,0.870882,0.862054,0.850515,0.889389,0.868251,0.8513,0.876417,0.866302,0.865407,0.861076,0.862573,0.896712,0.864399,0.873058,0.856777,0.850929,0.846277,0.857856,1.0,0.888599,0.850913,0.863584,0.90515,0.900758,0.872276,0.840526,0.854952,0.874785,0.902301,0.87061,0.883595,0.859437,0.886949,0.86011,0.847501,0.869423,0.858359,0.879393,0.866229,0.859454,0.872076,0.863419,0.86827,0.846155,0.867144,0.869104,0.887216,0.84153,0.895876,0.874661,0.846257,0.874714,0.838817,0.853269,0.865562,0.835337,0.871375,0.850435,0.895848,0.861752,0.872549,0.86562,0.856785,0.858417,0.860428,0.869198,0.873528,0.880735,0.849944,0.865072,0.859741,0.88297,0.844758,0.872953
Necktie,0.876592,0.909396,0.902983,0.88459,0.905988,0.894626,0.894722,0.906132,0.87573,0.910288,0.891735,0.885033,0.851178,0.907501,0.874073,0.900997,0.892712,0.894542,0.900428,0.891258,0.894353,0.877599,0.924625,0.902077,0.91004,0.915982,0.897429,0.932622,0.908113,0.896841,0.895601,0.913245,0.863717,0.881506,0.891019,0.870507,0.919001,0.890811,0.893579,0.899827,0.862505,0.921217,0.926424,0.895965,0.90441,0.914511,0.868378,0.897678,0.896998,0.899906,0.905612,0.888889,0.886999,0.914153,0.885909,0.890145,0.896979,0.870389,0.912464,0.91446,0.910483,0.891338,0.934132,0.916888,0.91723,0.879037,0.924558,0.959599,0.889815,0.929263,0.889242,0.902701,0.868751,0.908651,0.888599,1.0,0.886735,0.89175,0.941372,0.921247,0.880494,0.897802,0.87374,0.902575,0.946873,0.898096,0.933636,0.884036,0.945986,0.893634,0.877711,0.896356,0.886995,0.931893,0.892127,0.908689,0.894941,0.87324,0.886145,0.875183,0.891536,0.884518,0.944133,0.885412,0.941269,0.894208,0.868889,0.889819,0.885872,0.899829,0.906733,0.880662,0.916726,0.876832,0.923696,0.884177,0.904854,0.907397,0.921196,0.878124,0.906049,0.915391,0.89316,0.94733,0.875768,0.890616,0.918708,0.916758,0.874497,0.89548
Orifan,0.884859,0.903006,0.893308,0.85136,0.858729,0.877736,0.885719,0.893207,0.892241,0.866396,0.908043,0.906676,0.875847,0.890183,0.908796,0.860193,0.885071,0.871773,0.88524,0.848413,0.885728,0.919845,0.887175,0.881172,0.883352,0.887364,0.874968,0.887309,0.865426,0.894048,0.871855,0.885115,0.909866,0.91269,0.879192,0.893808,0.869609,0.89415,0.849857,0.888045,0.890709,0.877805,0.877329,0.869203,0.893834,0.895268,0.885754,0.881448,0.904034,0.913748,0.881317,0.929088,0.887021,0.879225,0.903301,0.871775,0.912774,0.843216,0.845906,0.905199,0.872891,0.888938,0.873197,0.868962,0.868566,0.853866,0.886895,0.889707,0.851877,0.900159,0.889631,0.849137,0.888798,0.892388,0.850913,0.886735,1.0,0.879847,0.895164,0.90098,0.827052,0.869213,0.871168,0.898464,0.886743,0.869626,0.888538,0.886656,0.89151,0.912388,0.849873,0.877639,0.882776,0.862186,0.854168,0.866683,0.870108,0.846448,0.886835,0.887889,0.859817,0.883618,0.873036,0.857305,0.893413,0.911739,0.883462,0.901048,0.847864,0.874551,0.874629,0.820464,0.881886,0.909521,0.89037,0.919717,0.867613,0.898888,0.847583,0.895257,0.896658,0.87862,0.907107,0.880434,0.89875,0.892928,0.873757,0.876904,0.892454,0.885488
Oven,0.879234,0.893441,0.902548,0.88222,0.868807,0.892067,0.884761,0.894964,0.871817,0.875861,0.872766,0.877033,0.85027,0.902146,0.867302,0.874123,0.874758,0.875585,0.891664,0.878067,0.874594,0.869597,0.896768,0.892109,0.885447,0.886683,0.879047,0.887251,0.884286,0.891688,0.876043,0.894076,0.874645,0.864876,0.883606,0.867338,0.894446,0.877698,0.868986,0.886895,0.861128,0.888985,0.88771,0.875041,0.886882,0.893269,0.872416,0.885691,0.882288,0.881654,0.88082,0.880145,0.878308,0.882093,0.882568,0.882218,0.889855,0.868105,0.868783,0.889451,0.879449,0.877347,0.885977,0.878705,0.882989,0.864291,0.884881,0.8938,0.879904,0.897557,0.882254,0.865616,0.878445,0.881152,0.863584,0.89175,0.879847,1.0,0.9009,0.896434,0.867066,0.870636,0.876222,0.894928,0.892842,0.890871,0.888174,0.875363,0.897694,0.88625,0.869863,0.886067,0.891656,0.867986,0.869649,0.888867,0.872365,0.858699,0.889964,0.875025,0.886423,0.863591,0.874311,0.882545,0.893195,0.879655,0.858969,0.887724,0.871868,0.885321,0.889145,0.865516,0.886181,0.874697,0.890533,0.874212,0.89624,0.884284,0.868477,0.863063,0.884263,0.890919,0.886567,0.889174,0.873722,0.87757,0.875045,0.896694,0.871053,0.893478
Paintbrush,0.888641,0.904305,0.910759,0.884739,0.910899,0.906006,0.914058,0.920521,0.886133,0.909106,0.906791,0.905528,0.873768,0.91727,0.878409,0.899631,0.903499,0.890605,0.907103,0.893314,0.911753,0.88899,0.922105,0.909543,0.910796,0.920013,0.90265,0.95581,0.897416,0.898356,0.902366,0.923486,0.881371,0.901456,0.907705,0.89163,0.915636,0.899955,0.895144,0.910266,0.880506,0.933968,0.9296,0.910286,0.902601,0.936496,0.86823,0.914245,0.906225,0.917055,0.897771,0.901421,0.89064,0.921585,0.89643,0.892067,0.904603,0.879048,0.897096,0.929075,0.928154,0.898609,0.926373,0.913743,0.906957,0.884462,0.908697,0.956805,0.892035,0.942887,0.888234,0.895887,0.868149,0.904913,0.90515,0.941372,0.895164,0.9009,1.0,0.946031,0.909068,0.882727,0.881692,0.911337,0.97485,0.905241,0.938564,0.890035,0.940198,0.894506,0.88229,0.906622,0.887283,0.931989,0.907671,0.902058,0.912986,0.894905,0.887688,0.876403,0.900752,0.899342,0.94605,0.87701,0.964703,0.906244,0.881595,0.905356,0.881883,0.914229,0.905555,0.880451,0.926699,0.882738,0.950106,0.896227,0.911561,0.908661,0.908834,0.889344,0.920973,0.906597,0.90753,0.931827,0.889954,0.89688,0.912098,0.942407,0.873617,0.902524
Pen,0.888966,0.896537,0.907065,0.870051,0.895768,0.898335,0.914798,0.913215,0.891084,0.887118,0.927999,0.920684,0.890759,0.913152,0.882021,0.881559,0.905514,0.880603,0.902211,0.880096,0.913479,0.902369,0.910976,0.903124,0.907006,0.905546,0.894847,0.936785,0.885757,0.894127,0.900218,0.919019,0.892541,0.916486,0.906987,0.893616,0.904524,0.90438,0.875489,0.910759,0.900052,0.92183,0.910405,0.906795,0.892294,0.961802,0.867529,0.9136,0.909285,0.935273,0.889335,0.917799,0.889801,0.916367,0.905779,0.889378,0.908756,0.878307,0.8769,0.950968,0.91331,0.892449,0.911023,0.896843,0.890599,0.881075,0.893387,0.930292,0.88614,0.918294,0.883359,0.881136,0.869245,0.891726,0.900758,0.921247,0.90098,0.896434,0.946031,1.0,0.902034,0.868963,0.878618,0.912288,0.93516,0.895699,0.924857,0.891633,0.922665,0.897523,0.874448,0.901022,0.889372,0.904383,0.890991,0.888405,0.916695,0.896044,0.884579,0.877266,0.886884,0.904701,0.92349,0.866642,0.938551,0.914202,0.875669,0.907078,0.866946,0.888678,0.893499,0.866283,0.921864,0.888062,0.943754,0.910994,0.899099,0.898372,0.884053,0.893929,0.911239,0.896464,0.909176,0.914897,0.898638,0.89626,0.894504,0.927711,0.879954,0.898134
Pictureframe,0.850558,0.835024,0.885033,0.852294,0.854763,0.874255,0.879314,0.887021,0.833177,0.839737,0.857775,0.861992,0.82849,0.884514,0.81514,0.845629,0.846485,0.841958,0.865538,0.856844,0.864025,0.827851,0.867823,0.874943,0.856369,0.851962,0.856027,0.895601,0.846812,0.855623,0.860032,0.883522,0.831426,0.846157,0.877571,0.848206,0.873743,0.847535,0.847364,0.865441,0.837532,0.875949,0.873034,0.866012,0.845029,0.898157,0.821924,0.878934,0.847266,0.870659,0.840081,0.846107,0.835844,0.869478,0.846857,0.845806,0.846103,0.86291,0.837212,0.879885,0.876616,0.845692,0.869114,0.864271,0.842414,0.836482,0.849279,0.8904,0.860991,0.878134,0.839209,0.839036,0.824559,0.842865,0.872276,0.880494,0.827052,0.867066,0.909068,0.902034,1.0,0.822249,0.850904,0.865321,0.894936,0.875133,0.883278,0.839362,0.87925,0.835977,0.834333,0.870928,0.853482,0.860165,0.863455,0.856104,0.867074,0.859847,0.859648,0.8294,0.875006,0.845638,0.879734,0.838517,0.89739,0.851892,0.828978,0.860419,0.830452,0.865291,0.855207,0.845942,0.878105,0.818359,0.895196,0.837558,0.880389,0.849235,0.856235,0.829687,0.860741,0.859611,0.85715,0.872477,0.835461,0.84118,0.849452,0.895459,0.818385,0.870908
Pinecone,0.852765,0.90055,0.884835,0.878848,0.868869,0.867069,0.85452,0.876263,0.853848,0.892009,0.850714,0.848202,0.818234,0.879053,0.86,0.875966,0.864567,0.883803,0.877971,0.876275,0.852507,0.851769,0.903085,0.877211,0.884005,0.893513,0.87011,0.876754,0.897756,0.883288,0.86403,0.877327,0.841172,0.839906,0.854708,0.832088,0.898329,0.863142,0.865286,0.867522,0.827597,0.882399,0.889621,0.860702,0.891191,0.864227,0.866972,0.856059,0.866456,0.858472,0.892914,0.860485,0.871091,0.871143,0.863329,0.878534,0.876918,0.850635,0.896878,0.870678,0.866685,0.867576,0.893571,0.88244,0.906202,0.853508,0.904081,0.899113,0.876494,0.897949,0.878488,0.879455,0.870324,0.886637,0.840526,0.897802,0.869213,0.870636,0.882727,0.868963,0.822249,1.0,0.856392,0.879331,0.887002,0.87202,0.886304,0.864597,0.907166,0.881101,0.864437,0.865921,0.877967,0.877533,0.855274,0.899174,0.850015,0.832446,0.880065,0.869792,0.861266,0.845101,0.876043,0.886341,0.885313,0.861288,0.834852,0.858699,0.874539,0.886811,0.892222,0.867882,0.868242,0.863151,0.868541,0.857276,0.880659,0.885961,0.885381,0.847806,0.869011,0.902044,0.861431,0.911448,0.848486,0.863145,0.887451,0.873435,0.861013,0.879149
Pizza,0.881238,0.864565,0.910525,0.863817,0.842598,0.908422,0.877351,0.887834,0.863972,0.855473,0.863713,0.869776,0.837515,0.881492,0.864915,0.868585,0.863239,0.862982,0.874204,0.860498,0.855176,0.862911,0.873172,0.888835,0.866168,0.867937,0.870065,0.871017,0.861516,0.882737,0.856018,0.869856,0.86887,0.854734,0.870788,0.863351,0.87193,0.859643,0.845136,0.866106,0.859435,0.869382,0.868945,0.853733,0.874014,0.873202,0.876515,0.893362,0.867427,0.869202,0.862152,0.870712,0.862386,0.858314,0.870229,0.864691,0.875258,0.857751,0.847716,0.872467,0.857364,0.856717,0.863686,0.862839,0.861165,0.84716,0.862438,0.874874,0.866205,0.874926,0.870244,0.842307,0.88017,0.865234,0.854952,0.87374,0.871168,0.876222,0.881692,0.878618,0.850904,0.856392,1.0,0.880127,0.87349,0.873095,0.868795,0.862995,0.876038,0.863819,0.850362,0.882167,0.871861,0.848484,0.85512,0.86707,0.853049,0.841665,0.906004,0.872098,0.874803,0.849099,0.853049,0.860143,0.875397,0.869134,0.853006,0.883249,0.846838,0.864867,0.86721,0.840157,0.857042,0.867845,0.87048,0.862792,0.875059,0.876352,0.848615,0.851559,0.863981,0.876784,0.878373,0.868499,0.860035,0.864647,0.853417,0.870288,0.864837,0.904728
Plug,0.887583,0.903175,0.90802,0.880846,0.874127,0.893614,0.894204,0.901967,0.886383,0.885081,0.895043,0.896544,0.867944,0.906312,0.885626,0.882425,0.89051,0.883939,0.897465,0.879672,0.888104,0.890664,0.904316,0.899194,0.896415,0.899647,0.886358,0.901921,0.889049,0.899395,0.883605,0.900131,0.887979,0.887667,0.890676,0.880554,0.897709,0.8915,0.869998,0.894514,0.878966,0.901801,0.89476,0.884807,0.897141,0.907588,0.882523,0.893287,0.898877,0.901283,0.890317,0.901101,0.888584,0.89076,0.897017,0.891889,0.905075,0.873361,0.873541,0.908779,0.887104,0.887054,0.894198,0.884822,0.891625,0.874138,0.892548,0.90578,0.883464,0.905531,0.891101,0.872736,0.889557,0.890913,0.874785,0.902575,0.898464,0.894928,0.911337,0.912288,0.865321,0.879331,0.880127,1.0,0.903766,0.891658,0.899614,0.88828,0.907341,0.900721,0.877496,0.89193,0.896229,0.880702,0.875882,0.892509,0.883098,0.867814,0.897424,0.885457,0.884426,0.881399,0.885973,0.882853,0.905661,0.899603,0.870104,0.898063,0.873384,0.891898,0.894376,0.865182,0.893515,0.891595,0.90364,0.895208,0.895571,0.896378,0.871919,0.880557,0.894768,0.898016,0.899431,0.899527,0.887879,0.890939,0.883221,0.90044,0.885879,0.899074
Pogostick,0.879378,0.904772,0.898656,0.880981,0.91239,0.899325,0.904434,0.911681,0.880193,0.906552,0.896639,0.892952,0.86038,0.909295,0.87147,0.897932,0.896417,0.887572,0.901069,0.889376,0.902479,0.880677,0.921318,0.902326,0.90811,0.916791,0.900088,0.948017,0.899719,0.890985,0.899653,0.917565,0.862906,0.890244,0.89605,0.877433,0.916261,0.895509,0.894021,0.903544,0.867662,0.928157,0.928897,0.90339,0.898906,0.926251,0.862192,0.906409,0.902271,0.9076,0.898441,0.891675,0.884394,0.91676,0.886945,0.884924,0.898249,0.874421,0.9058,0.921123,0.919662,0.891391,0.93215,0.917135,0.907328,0.88173,0.917373,0.960303,0.891002,0.934535,0.884832,0.898767,0.860176,0.90457,0.902301,0.946873,0.886743,0.892842,0.97485,0.93516,0.894936,0.887002,0.87349,0.903766,1.0,0.899134,0.938752,0.884269,0.943423,0.889404,0.877041,0.90197,0.880323,0.94177,0.901596,0.900588,0.905575,0.885911,0.879441,0.870901,0.893734,0.894141,0.952211,0.874011,0.957363,0.898542,0.87208,0.895064,0.879438,0.902912,0.901922,0.877435,0.921056,0.876697,0.939204,0.886157,0.904092,0.906429,0.919483,0.883595,0.911346,0.907371,0.898325,0.940473,0.877697,0.892849,0.918459,0.924354,0.86867,0.894041
Pot,0.869609,0.891668,0.902623,0.884369,0.875525,0.890843,0.884654,0.890793,0.860594,0.878444,0.867419,0.869497,0.838022,0.90249,0.856685,0.87498,0.867049,0.881391,0.89273,0.881728,0.868796,0.856532,0.901926,0.891023,0.887696,0.888263,0.879304,0.891651,0.891158,0.889541,0.879914,0.896891,0.855041,0.857894,0.880924,0.858716,0.904602,0.874013,0.873767,0.8867,0.851648,0.89525,0.892829,0.876417,0.88532,0.892005,0.863774,0.88426,0.877574,0.877904,0.885112,0.871248,0.87467,0.883404,0.872524,0.87639,0.880113,0.873175,0.883775,0.886984,0.882426,0.874732,0.890474,0.88807,0.891296,0.862946,0.892389,0.902382,0.885372,0.899333,0.881556,0.876094,0.868008,0.882074,0.87061,0.898096,0.869626,0.890871,0.905241,0.895699,0.875133,0.87202,0.873095,0.891658,0.899134,1.0,0.891785,0.868369,0.904042,0.880775,0.861843,0.882663,0.889302,0.878252,0.872513,0.893714,0.872609,0.856432,0.887505,0.86665,0.895755,0.859217,0.883532,0.889281,0.897036,0.871287,0.8501,0.880785,0.871865,0.881077,0.893223,0.86679,0.88887,0.857242,0.893032,0.86491,0.904735,0.884462,0.88232,0.854159,0.880432,0.897802,0.87849,0.898614,0.866388,0.87512,0.879245,0.896023,0.861598,0.891672
Razor,0.874768,0.899408,0.900062,0.875339,0.901838,0.889092,0.893454,0.904195,0.872387,0.897692,0.895993,0.887875,0.855159,0.903068,0.872475,0.887515,0.88678,0.885285,0.894919,0.882863,0.894211,0.877184,0.917989,0.895731,0.903933,0.902753,0.892172,0.930609,0.897272,0.891747,0.89248,0.911764,0.868557,0.885085,0.889635,0.87149,0.911811,0.888927,0.887022,0.897899,0.863309,0.912829,0.921394,0.895497,0.897134,0.919416,0.860741,0.896528,0.892505,0.905504,0.896875,0.889548,0.880736,0.916125,0.884497,0.880817,0.891919,0.864286,0.90325,0.916353,0.913295,0.889393,0.923535,0.911105,0.904189,0.872446,0.913827,0.944169,0.883447,0.931671,0.882516,0.891329,0.862291,0.902172,0.883595,0.933636,0.888538,0.888174,0.938564,0.924857,0.883278,0.886304,0.868795,0.899614,0.938752,0.891785,1.0,0.878729,0.937904,0.887399,0.868266,0.892629,0.881747,0.919615,0.888715,0.899436,0.89542,0.87301,0.878242,0.870276,0.886436,0.88342,0.935522,0.873849,0.940129,0.893237,0.867465,0.887457,0.876133,0.891861,0.896168,0.874478,0.916855,0.871554,0.923559,0.883566,0.898567,0.901879,0.909502,0.875552,0.904263,0.906207,0.890324,0.936054,0.876243,0.885644,0.912341,0.91168,0.867726,0.890862
Recordplayer,0.871797,0.890018,0.883338,0.861002,0.856076,0.873774,0.87808,0.88449,0.881491,0.872152,0.88695,0.885138,0.867246,0.886518,0.874837,0.870016,0.887223,0.864414,0.88036,0.860109,0.87652,0.890029,0.885793,0.881495,0.881758,0.887476,0.87066,0.880508,0.87035,0.880783,0.868644,0.881234,0.875646,0.885723,0.875855,0.865431,0.876337,0.878759,0.84668,0.879256,0.871714,0.88702,0.873162,0.866963,0.880823,0.887803,0.871037,0.875407,0.892139,0.891637,0.873455,0.896212,0.873758,0.872627,0.885153,0.883171,0.899419,0.85562,0.852794,0.892816,0.86426,0.86781,0.877072,0.860018,0.87568,0.869173,0.86861,0.887788,0.867575,0.880919,0.875613,0.856208,0.877043,0.871236,0.859437,0.884036,0.886656,0.875363,0.890035,0.891633,0.839362,0.864597,0.862995,0.88828,0.884269,0.868369,0.878729,1.0,0.889025,0.890403,0.87288,0.873769,0.880239,0.866784,0.859386,0.872998,0.870114,0.856528,0.878204,0.873759,0.857829,0.877453,0.868003,0.864377,0.883223,0.900014,0.864035,0.884339,0.859143,0.874461,0.875342,0.850429,0.873316,0.892356,0.885866,0.895663,0.870151,0.877668,0.84873,0.880033,0.874539,0.879234,0.891252,0.879583,0.873222,0.878754,0.865662,0.88153,0.87883,0.880271
Remotecontrol,0.879636,0.919017,0.907811,0.891623,0.912736,0.897377,0.896119,0.908059,0.87859,0.917823,0.893733,0.884825,0.851884,0.912431,0.878493,0.90634,0.896036,0.902884,0.906388,0.899392,0.895513,0.88032,0.934028,0.905867,0.918605,0.920859,0.901411,0.931768,0.919531,0.905721,0.901578,0.919052,0.866448,0.881164,0.894808,0.870553,0.929391,0.894364,0.902993,0.905341,0.863903,0.925598,0.931589,0.900491,0.912244,0.916538,0.873503,0.898555,0.900111,0.90163,0.91518,0.89046,0.894511,0.919921,0.889404,0.896471,0.900935,0.87057,0.926607,0.916581,0.916873,0.897383,0.937778,0.922888,0.928427,0.886036,0.930818,0.957469,0.895167,0.937628,0.894614,0.913663,0.875931,0.915283,0.886949,0.945986,0.89151,0.897694,0.940198,0.922665,0.87925,0.907166,0.876038,0.907341,0.943423,0.904042,0.937904,0.889025,1.0,0.899518,0.88365,0.898319,0.896157,0.931255,0.895179,0.916938,0.900046,0.874271,0.889301,0.881033,0.895871,0.886597,0.941952,0.896004,0.940992,0.89644,0.873308,0.893243,0.897476,0.902509,0.91617,0.891435,0.921808,0.880529,0.924549,0.886479,0.911472,0.910967,0.932392,0.880401,0.909535,0.92474,0.895567,0.954159,0.880151,0.895753,0.924883,0.919343,0.881518,0.899879
Ring,0.878418,0.914286,0.889245,0.874482,0.867927,0.872338,0.882524,0.887941,0.888499,0.885673,0.892596,0.895303,0.870013,0.899846,0.891548,0.87252,0.889417,0.880449,0.893371,0.870282,0.88579,0.900809,0.899555,0.885898,0.893216,0.899728,0.878851,0.886539,0.88618,0.894717,0.880198,0.892499,0.885592,0.895351,0.879395,0.878412,0.888056,0.894021,0.85815,0.890383,0.878012,0.893094,0.883097,0.874968,0.896812,0.892584,0.883016,0.874394,0.903861,0.900044,0.891852,0.910346,0.889884,0.879707,0.898394,0.892993,0.913564,0.8604,0.866679,0.900809,0.872234,0.887512,0.885372,0.87294,0.892686,0.871464,0.890865,0.894948,0.872968,0.897492,0.893112,0.866721,0.890431,0.889894,0.86011,0.893634,0.912388,0.88625,0.894506,0.897523,0.835977,0.881101,0.863819,0.900721,0.889404,0.880775,0.887399,0.890403,0.899518,1.0,0.874722,0.877662,0.895282,0.870888,0.863236,0.888604,0.870429,0.857166,0.884781,0.886277,0.869852,0.879344,0.873349,0.882484,0.891802,0.903488,0.87112,0.892801,0.870269,0.884586,0.892288,0.854732,0.883305,0.903655,0.889242,0.907674,0.884323,0.893947,0.860173,0.888506,0.889867,0.8929,0.899984,0.891339,0.887931,0.890275,0.8776,0.888391,0.893275,0.882572
Rollerskates,0.866287,0.886611,0.871404,0.87,0.848716,0.862955,0.861191,0.873419,0.872893,0.880493,0.855506,0.852994,0.843668,0.8843,0.851105,0.879873,0.88395,0.856804,0.875214,0.877328,0.858464,0.859046,0.882295,0.877157,0.8773,0.886148,0.860835,0.86806,0.872551,0.872141,0.857986,0.875684,0.851384,0.847214,0.867293,0.83506,0.873627,0.866983,0.844744,0.862868,0.836838,0.885594,0.865285,0.858766,0.873861,0.87377,0.8601,0.859252,0.872741,0.863181,0.861952,0.863367,0.863453,0.863652,0.86816,0.888614,0.883668,0.854275,0.852566,0.875148,0.856131,0.857221,0.875809,0.848319,0.877707,0.869355,0.853997,0.88294,0.868055,0.867292,0.862919,0.863087,0.869461,0.85754,0.847501,0.877711,0.849873,0.869863,0.88229,0.874448,0.834333,0.864437,0.850362,0.877496,0.877041,0.861843,0.868266,0.87288,0.88365,0.874722,1.0,0.867561,0.879934,0.86517,0.857971,0.877836,0.860175,0.857682,0.863575,0.86702,0.848068,0.862705,0.858622,0.873205,0.874237,0.868225,0.848555,0.867257,0.87172,0.881416,0.874769,0.877336,0.859385,0.877438,0.875067,0.862963,0.868139,0.860688,0.846541,0.859717,0.858455,0.875688,0.871319,0.872383,0.846256,0.860761,0.859363,0.880228,0.862473,0.870863
Rug,0.88237,0.882384,0.902291,0.872959,0.867458,0.897914,0.889931,0.901568,0.872825,0.870895,0.876701,0.881073,0.855484,0.895389,0.86744,0.878678,0.877337,0.871156,0.885515,0.87272,0.879181,0.871307,0.891566,0.893663,0.882035,0.883494,0.87975,0.89523,0.873972,0.887148,0.873258,0.890842,0.87615,0.86916,0.885904,0.873704,0.887582,0.87737,0.862688,0.881964,0.863847,0.888932,0.889021,0.87514,0.881538,0.896615,0.87005,0.894462,0.881454,0.883929,0.874593,0.879839,0.87362,0.882883,0.881131,0.878801,0.88754,0.866105,0.863006,0.891364,0.880397,0.872621,0.888047,0.879117,0.875797,0.863228,0.879039,0.900581,0.876641,0.895279,0.874827,0.860947,0.873729,0.878065,0.869423,0.896356,0.877639,0.886067,0.906622,0.901022,0.870928,0.865921,0.882167,0.89193,0.90197,0.882663,0.892629,0.873769,0.898319,0.877662,0.867561,1.0,0.881512,0.874982,0.872108,0.88209,0.875374,0.864366,0.890127,0.872576,0.880732,0.868244,0.884187,0.869047,0.89979,0.88204,0.861405,0.889941,0.860928,0.887918,0.880835,0.861332,0.883859,0.876292,0.895121,0.873627,0.885569,0.883038,0.867733,0.865728,0.883382,0.885086,0.888884,0.892318,0.870447,0.875935,0.874797,0.894694,0.867792,0.897004
Saltpeppershaker,0.878242,0.902656,0.900679,0.886923,0.864542,0.885848,0.878716,0.890343,0.874573,0.880608,0.872046,0.874598,0.849979,0.903319,0.872189,0.876625,0.877105,0.881744,0.894452,0.881963,0.871976,0.873046,0.898545,0.891067,0.888464,0.890874,0.876822,0.876983,0.890473,0.895097,0.874653,0.892567,0.871542,0.864061,0.879335,0.861846,0.895651,0.879793,0.867058,0.88549,0.859811,0.888753,0.882995,0.872398,0.891936,0.88641,0.878719,0.876767,0.885033,0.880618,0.885815,0.882525,0.882787,0.877331,0.885154,0.890827,0.89462,0.870928,0.871319,0.886658,0.873222,0.879732,0.883144,0.875064,0.889651,0.868126,0.886894,0.888251,0.884263,0.892782,0.887668,0.870945,0.887343,0.882951,0.858359,0.886995,0.882776,0.891656,0.887283,0.889372,0.853482,0.877967,0.871861,0.896229,0.880323,0.889302,0.881747,0.880239,0.896157,0.895282,0.879934,0.881512,1.0,0.862424,0.865112,0.895988,0.86879,0.855277,0.891961,0.88093,0.883406,0.86266,0.865142,0.896166,0.88344,0.880928,0.857341,0.884856,0.880266,0.888676,0.89466,0.871645,0.879165,0.880678,0.883012,0.879196,0.897185,0.885496,0.867094,0.864984,0.880618,0.89467,0.885281,0.886364,0.874175,0.88061,0.873202,0.890709,0.878762,0.891804
Saxophone,0.849365,0.891221,0.873099,0.861347,0.89175,0.869426,0.875947,0.88182,0.857466,0.895932,0.875999,0.85914,0.830924,0.883458,0.852829,0.88925,0.878843,0.873174,0.880301,0.873199,0.870799,0.858456,0.906439,0.880947,0.893417,0.902082,0.877847,0.921793,0.889215,0.872957,0.881165,0.895317,0.834939,0.865702,0.870105,0.842571,0.902886,0.87137,0.875695,0.878522,0.841054,0.912778,0.908048,0.877422,0.882353,0.897295,0.842581,0.876788,0.883164,0.884541,0.886519,0.868911,0.865362,0.896222,0.860904,0.867878,0.875581,0.853467,0.899481,0.899558,0.892504,0.865926,0.919244,0.900844,0.898714,0.869078,0.908263,0.952995,0.872231,0.902901,0.867203,0.896842,0.840998,0.887563,0.879393,0.931893,0.862186,0.867986,0.931989,0.904383,0.860165,0.877533,0.848484,0.880702,0.94177,0.878252,0.919615,0.866784,0.931255,0.870888,0.86517,0.874982,0.862424,1.0,0.877621,0.885733,0.882997,0.855651,0.854938,0.850806,0.870161,0.874804,0.938611,0.866393,0.927744,0.876993,0.850877,0.867086,0.869168,0.874463,0.88518,0.860709,0.896853,0.85381,0.914296,0.865213,0.881075,0.887669,0.904061,0.862378,0.883388,0.896624,0.872454,0.930182,0.851634,0.874935,0.902284,0.888548,0.851308,0.871205
Scale,0.857017,0.872883,0.880693,0.861407,0.869384,0.875785,0.87431,0.882724,0.853996,0.869789,0.861387,0.860903,0.841238,0.88481,0.843446,0.868272,0.866445,0.860124,0.87454,0.864626,0.865001,0.851343,0.887088,0.876612,0.875013,0.875983,0.867743,0.893742,0.870599,0.868797,0.867506,0.886013,0.843626,0.856375,0.866043,0.848642,0.885525,0.865791,0.85624,0.871494,0.843944,0.888471,0.883721,0.869042,0.867826,0.886599,0.846481,0.876566,0.867624,0.871988,0.867448,0.861631,0.857972,0.873769,0.860263,0.866977,0.871637,0.856785,0.868263,0.880419,0.87425,0.858966,0.886439,0.872706,0.879185,0.856918,0.86924,0.899759,0.870146,0.887342,0.860673,0.861169,0.848188,0.864992,0.866229,0.892127,0.854168,0.869649,0.907671,0.890991,0.863455,0.855274,0.85512,0.875882,0.901596,0.872513,0.888715,0.859386,0.895179,0.863236,0.857971,0.872108,0.865112,0.877621,1.0,0.876969,0.867239,0.858624,0.867205,0.85046,0.868002,0.860103,0.887183,0.861803,0.899006,0.866619,0.845107,0.86808,0.854858,0.874421,0.876515,0.859693,0.87613,0.855268,0.889787,0.855541,0.880436,0.868892,0.868371,0.853212,0.86813,0.879399,0.869071,0.891638,0.84815,0.859532,0.869228,0.892462,0.846459,0.874261
Scarf,0.858857,0.908016,0.899909,0.903561,0.895088,0.885509,0.873452,0.895164,0.85623,0.903476,0.861326,0.857419,0.83728,0.902409,0.858428,0.885242,0.873568,0.901785,0.897943,0.894069,0.869309,0.853829,0.91895,0.891836,0.898189,0.898968,0.886442,0.89129,0.915694,0.89007,0.884712,0.904561,0.845702,0.85085,0.866634,0.843303,0.922335,0.876549,0.878741,0.88774,0.842196,0.900383,0.906723,0.882913,0.895988,0.884829,0.871505,0.876356,0.875024,0.870506,0.907492,0.863961,0.883428,0.885926,0.871163,0.895095,0.883502,0.879692,0.91678,0.884139,0.884829,0.88351,0.908787,0.898373,0.925624,0.866933,0.907602,0.909842,0.909082,0.912958,0.88938,0.89572,0.869154,0.890912,0.859454,0.908689,0.866683,0.888867,0.902058,0.888405,0.856104,0.899174,0.86707,0.892509,0.900588,0.893714,0.899436,0.872998,0.916938,0.888604,0.877836,0.88209,0.895988,0.885733,0.876969,1.0,0.868873,0.861259,0.888711,0.872976,0.892122,0.856599,0.893085,0.918837,0.899977,0.867441,0.841465,0.867896,0.894078,0.911393,0.917143,0.899322,0.887922,0.8641,0.887148,0.861688,0.912806,0.891999,0.898864,0.855122,0.88091,0.914795,0.869526,0.919501,0.857897,0.869687,0.893318,0.905587,0.864339,0.89216
Scissors,0.861769,0.87689,0.876882,0.850213,0.872906,0.874167,0.885959,0.885583,0.868164,0.866412,0.891332,0.88116,0.867198,0.885912,0.856167,0.864882,0.880179,0.856855,0.876603,0.857722,0.882084,0.873316,0.889127,0.876882,0.881087,0.879531,0.872293,0.899602,0.866374,0.870684,0.875179,0.89305,0.867342,0.883771,0.879945,0.863975,0.88292,0.876479,0.857369,0.884413,0.866984,0.894925,0.884399,0.878036,0.868871,0.914218,0.844191,0.885297,0.882671,0.898449,0.866557,0.885801,0.865877,0.891869,0.875332,0.866852,0.883385,0.851938,0.860358,0.907278,0.887836,0.865869,0.888165,0.874851,0.872119,0.864495,0.869353,0.905824,0.866013,0.891103,0.861493,0.862878,0.844573,0.86934,0.872076,0.894941,0.870108,0.872365,0.912986,0.916695,0.867074,0.850015,0.853049,0.883098,0.905575,0.872609,0.89542,0.870114,0.900046,0.870429,0.860175,0.875374,0.86879,0.882997,0.867239,0.868873,1.0,0.867107,0.854276,0.853188,0.863478,0.879657,0.896645,0.850498,0.902186,0.8897,0.857998,0.881271,0.851018,0.866803,0.872514,0.85101,0.893883,0.867087,0.90971,0.882331,0.874485,0.870408,0.869295,0.87089,0.878843,0.874354,0.885375,0.891078,0.871686,0.870802,0.872953,0.892636,0.853935,0.87233
Scooter,0.855156,0.860331,0.863315,0.842542,0.868174,0.862721,0.878544,0.87596,0.854291,0.854291,0.86972,0.868753,0.864723,0.877565,0.836683,0.852261,0.867259,0.839951,0.863508,0.850496,0.874112,0.856279,0.872088,0.865334,0.866594,0.862268,0.85716,0.880617,0.850695,0.85496,0.864522,0.884762,0.847563,0.870537,0.865249,0.85554,0.867866,0.870869,0.835216,0.869106,0.85238,0.878996,0.864572,0.8664,0.850962,0.894695,0.833034,0.872191,0.868439,0.87742,0.851391,0.866601,0.851989,0.867453,0.860087,0.862768,0.872382,0.847184,0.842175,0.883742,0.861458,0.851683,0.869652,0.84954,0.861514,0.85197,0.841881,0.877596,0.858513,0.870893,0.844353,0.843623,0.83546,0.845537,0.863419,0.87324,0.846448,0.858699,0.894905,0.896044,0.859847,0.832446,0.841665,0.867814,0.885911,0.856432,0.87301,0.856528,0.874271,0.857166,0.857682,0.864366,0.855277,0.855651,0.858624,0.861259,0.867107,1.0,0.851608,0.840562,0.849966,0.867421,0.87389,0.838561,0.883328,0.870311,0.843566,0.868001,0.838676,0.861723,0.861537,0.851277,0.871923,0.859213,0.886654,0.861294,0.86381,0.850451,0.840159,0.86163,0.858871,0.858071,0.870761,0.868691,0.848356,0.851206,0.850491,0.896974,0.841235,0.859954
Scrunchie,0.892646,0.882789,0.932772,0.88263,0.854462,0.91875,0.887143,0.905865,0.875446,0.871777,0.871062,0.880888,0.846098,0.898978,0.879013,0.882328,0.872925,0.883771,0.889586,0.877432,0.86517,0.874734,0.890834,0.904131,0.881164,0.885955,0.880419,0.878723,0.883349,0.902671,0.867214,0.882807,0.876987,0.863679,0.880381,0.873772,0.890319,0.873143,0.861318,0.876994,0.865637,0.882228,0.881802,0.866071,0.895972,0.877622,0.898519,0.893453,0.880069,0.877632,0.882187,0.883806,0.879351,0.864365,0.883688,0.881534,0.891007,0.881946,0.864625,0.879063,0.862444,0.871267,0.875252,0.874534,0.882123,0.859495,0.883416,0.884702,0.884029,0.889776,0.892271,0.855204,0.907479,0.882459,0.86827,0.886145,0.886835,0.889964,0.887688,0.884579,0.859648,0.880065,0.906004,0.897424,0.879441,0.887505,0.878242,0.878204,0.889301,0.884781,0.863575,0.890127,0.891961,0.854938,0.867205,0.888711,0.854276,0.851608,1.0,0.890907,0.887285,0.858704,0.856448,0.881456,0.884043,0.880981,0.860576,0.892963,0.865927,0.884105,0.887495,0.855329,0.864965,0.881181,0.875273,0.875238,0.894356,0.895464,0.861796,0.861776,0.874395,0.898646,0.888184,0.883865,0.869074,0.878427,0.8658,0.886881,0.881615,0.922949
Seashell,0.877451,0.885916,0.894754,0.863874,0.844578,0.878746,0.870455,0.884358,0.874304,0.866446,0.867948,0.873263,0.844384,0.884318,0.875412,0.867549,0.871721,0.867993,0.877616,0.863088,0.860516,0.876288,0.880894,0.882223,0.873716,0.880396,0.865487,0.867258,0.869265,0.886564,0.858327,0.871687,0.872853,0.863403,0.870055,0.859736,0.870882,0.870715,0.845071,0.86902,0.857998,0.872712,0.867802,0.856237,0.884188,0.873331,0.87992,0.87,0.878119,0.876027,0.869543,0.883619,0.872483,0.862132,0.87977,0.877443,0.889421,0.852175,0.849001,0.877162,0.857116,0.866476,0.86692,0.858731,0.870113,0.856182,0.870128,0.875501,0.862857,0.879222,0.877276,0.847897,0.890508,0.873636,0.846155,0.875183,0.887889,0.875025,0.876403,0.877266,0.8294,0.869792,0.872098,0.885457,0.870901,0.86665,0.870276,0.873759,0.881033,0.886277,0.86702,0.872576,0.88093,0.850806,0.85046,0.872976,0.853188,0.840562,0.890907,1.0,0.859821,0.856539,0.850908,0.867432,0.873321,0.878271,0.854011,0.881414,0.857179,0.876567,0.873243,0.843172,0.860552,0.885105,0.869733,0.877358,0.869055,0.879287,0.846217,0.862565,0.871069,0.878672,0.882854,0.87117,0.867634,0.873214,0.85971,0.867399,0.875379,0.88864
Shirt,0.868382,0.881905,0.903098,0.878909,0.872009,0.893026,0.881501,0.889077,0.847403,0.871218,0.860234,0.862769,0.824164,0.89937,0.848814,0.863292,0.852577,0.878214,0.888716,0.876957,0.860131,0.843776,0.893574,0.886899,0.879854,0.878158,0.875709,0.886952,0.883452,0.881826,0.873268,0.89398,0.844147,0.850614,0.874746,0.858879,0.900279,0.866173,0.868144,0.88253,0.847969,0.8887,0.888338,0.873163,0.879552,0.883546,0.856898,0.884947,0.87007,0.873805,0.880597,0.860939,0.869243,0.877312,0.863021,0.867821,0.865023,0.870915,0.877945,0.876296,0.877246,0.870473,0.885791,0.88343,0.8857,0.853743,0.887169,0.894143,0.882903,0.894454,0.8783,0.868384,0.860526,0.875194,0.867144,0.891536,0.859817,0.886423,0.900752,0.886884,0.875006,0.861266,0.874803,0.884426,0.893734,0.895755,0.886436,0.857829,0.895871,0.869852,0.848068,0.880732,0.883406,0.870161,0.868002,0.892122,0.863478,0.849966,0.887285,0.859821,1.0,0.848382,0.878782,0.894495,0.892297,0.861022,0.840572,0.876257,0.868206,0.87532,0.892136,0.856742,0.886459,0.839957,0.885434,0.853029,0.904166,0.880781,0.872427,0.842323,0.874554,0.890342,0.872644,0.889784,0.866547,0.873599,0.870866,0.901118,0.851782,0.890781
Shoe,0.862297,0.879166,0.867208,0.83988,0.862352,0.863468,0.884735,0.879414,0.880347,0.861712,0.899234,0.891375,0.883055,0.879242,0.866352,0.859404,0.889529,0.847172,0.870789,0.845326,0.882008,0.893948,0.878051,0.870877,0.877991,0.878785,0.865931,0.889609,0.854652,0.865915,0.871738,0.884993,0.872833,0.904582,0.874034,0.868433,0.867154,0.883447,0.838275,0.877696,0.878593,0.890164,0.869274,0.870846,0.86637,0.902558,0.851224,0.877374,0.894589,0.902043,0.862044,0.901252,0.862489,0.87679,0.881219,0.868396,0.896374,0.847661,0.84161,0.904495,0.866489,0.861795,0.876275,0.853448,0.862465,0.867218,0.856289,0.89287,0.856593,0.875887,0.862331,0.848273,0.853725,0.86119,0.869104,0.884518,0.883618,0.863591,0.899342,0.904701,0.845638,0.845101,0.849099,0.881399,0.894141,0.859217,0.88342,0.877453,0.886597,0.879344,0.862705,0.868244,0.86266,0.874804,0.860103,0.856599,0.879657,0.867421,0.858704,0.856539,0.848382,1.0,0.885498,0.840877,0.890466,0.906817,0.867397,0.882568,0.843031,0.860413,0.861949,0.841901,0.878434,0.884158,0.897862,0.899086,0.857504,0.870113,0.840995,0.890022,0.870238,0.866255,0.891248,0.877195,0.869247,0.873302,0.862626,0.885638,0.868041,0.866754
Skiis,0.856361,0.891307,0.880696,0.861462,0.91298,0.878407,0.891108,0.894002,0.860331,0.898173,0.889432,0.874601,0.849778,0.892235,0.856244,0.886589,0.88194,0.877953,0.885237,0.873566,0.890083,0.866029,0.912495,0.88409,0.89853,0.901645,0.88678,0.935488,0.890596,0.874256,0.893719,0.913475,0.84694,0.88301,0.879824,0.859766,0.906531,0.885744,0.883952,0.889498,0.849971,0.915327,0.921479,0.891349,0.885473,0.916464,0.840516,0.890719,0.886156,0.897057,0.890415,0.877331,0.870257,0.913655,0.869633,0.87051,0.880194,0.853157,0.903282,0.912407,0.910631,0.879514,0.933286,0.912097,0.904985,0.867831,0.91055,0.965198,0.874907,0.921771,0.868465,0.89526,0.836541,0.89614,0.887216,0.944133,0.873036,0.874311,0.94605,0.92349,0.879734,0.876043,0.853049,0.885973,0.952211,0.883532,0.935522,0.868003,0.941952,0.873349,0.858622,0.884187,0.865142,0.938611,0.887183,0.893085,0.896645,0.87389,0.856448,0.850908,0.878782,0.885498,1.0,0.862758,0.946598,0.88544,0.857439,0.875724,0.868104,0.883951,0.890835,0.866108,0.915215,0.857795,0.927336,0.873114,0.890084,0.89403,0.918177,0.874529,0.897185,0.897504,0.881758,0.944445,0.862998,0.877072,0.915559,0.91114,0.851702,0.87464
Snowglobe,0.846577,0.901048,0.890595,0.901784,0.865441,0.876239,0.857153,0.877198,0.844833,0.890056,0.844673,0.838107,0.81555,0.894764,0.847006,0.874785,0.861881,0.895567,0.892044,0.889398,0.844249,0.842152,0.899637,0.881554,0.884954,0.889976,0.872464,0.865864,0.904859,0.878867,0.869218,0.885692,0.833776,0.832759,0.851216,0.823178,0.908757,0.862003,0.862456,0.872681,0.828421,0.886405,0.884564,0.864314,0.887107,0.862811,0.869619,0.860239,0.864862,0.854832,0.892628,0.852343,0.872901,0.864906,0.860792,0.890866,0.870347,0.876004,0.895786,0.866288,0.862497,0.870723,0.889051,0.876945,0.908448,0.859531,0.891484,0.887527,0.902162,0.887094,0.885255,0.886571,0.86638,0.876028,0.84153,0.885412,0.857305,0.882545,0.87701,0.866642,0.838517,0.886341,0.860143,0.882853,0.874011,0.889281,0.873849,0.864377,0.896004,0.882484,0.873205,0.869047,0.896166,0.866393,0.861803,0.918837,0.850498,0.838561,0.881456,0.867432,0.894495,0.840877,0.862758,1.0,0.874196,0.853188,0.825627,0.85353,0.892671,0.903153,0.907543,0.88577,0.869842,0.850819,0.865499,0.851651,0.905634,0.880503,0.87337,0.837654,0.864396,0.902603,0.855188,0.893392,0.850841,0.864271,0.872027,0.893781,0.859682,0.882975
Spoon,0.882234,0.901139,0.906222,0.878883,0.905915,0.897192,0.903318,0.912302,0.878816,0.905374,0.901626,0.897221,0.86171,0.910054,0.876885,0.894725,0.895049,0.88882,0.900764,0.888787,0.904089,0.882789,0.919084,0.903366,0.907414,0.912172,0.896132,0.948107,0.896014,0.894228,0.896802,0.917256,0.872496,0.89245,0.898217,0.881252,0.912281,0.895187,0.890891,0.902201,0.869794,0.924414,0.926746,0.902567,0.900279,0.929785,0.864553,0.905547,0.898889,0.912363,0.897632,0.895135,0.885039,0.917362,0.890871,0.888286,0.898297,0.87038,0.899853,0.924886,0.92164,0.894606,0.928512,0.913112,0.908413,0.876871,0.911947,0.956146,0.884367,0.936573,0.88423,0.893835,0.865457,0.904856,0.895876,0.941269,0.893413,0.893195,0.964703,0.938551,0.89739,0.885313,0.875397,0.905661,0.957363,0.897036,0.940129,0.883223,0.940992,0.891802,0.874237,0.89979,0.88344,0.927744,0.899006,0.899977,0.902186,0.883328,0.884043,0.873321,0.892297,0.890466,0.946598,0.874196,1.0,0.898102,0.873531,0.895867,0.877698,0.902405,0.90086,0.875059,0.920693,0.877603,0.937064,0.889421,0.904807,0.906687,0.910546,0.881867,0.913627,0.906655,0.897862,0.937666,0.881448,0.890954,0.913153,0.928684,0.870486,0.896678
Stapler,0.879305,0.893736,0.887051,0.853575,0.863842,0.878743,0.896361,0.895801,0.90029,0.871891,0.921584,0.921434,0.901962,0.892068,0.893744,0.867847,0.906365,0.86506,0.885628,0.85341,0.903346,0.923692,0.888761,0.886504,0.891026,0.893693,0.881139,0.899645,0.865301,0.883705,0.879903,0.890895,0.902941,0.930317,0.890656,0.895422,0.876239,0.894718,0.844175,0.894683,0.905416,0.898761,0.879552,0.880876,0.885439,0.912064,0.875249,0.89186,0.917955,0.924073,0.877709,0.931034,0.880841,0.888057,0.905631,0.885847,0.918645,0.858676,0.847167,0.918379,0.875798,0.879789,0.883462,0.865368,0.872348,0.877937,0.871701,0.900713,0.867052,0.890052,0.883569,0.85505,0.879248,0.877873,0.874661,0.894208,0.911739,0.879655,0.906244,0.914202,0.851892,0.861288,0.869134,0.899603,0.898542,0.871287,0.893237,0.900014,0.89644,0.903488,0.868225,0.88204,0.880928,0.876993,0.866619,0.867441,0.8897,0.870311,0.880981,0.878271,0.861022,0.906817,0.88544,0.853188,0.898102,1.0,0.885914,0.901694,0.850557,0.872922,0.873216,0.843488,0.891158,0.911457,0.906839,0.93372,0.86829,0.888654,0.846466,0.909509,0.88915,0.879431,0.914938,0.885427,0.897218,0.892665,0.872317,0.892569,0.893559,0.884763
Stapleremover,0.866783,0.868089,0.86978,0.831502,0.841068,0.867033,0.869748,0.87041,0.869057,0.847614,0.871332,0.876519,0.857584,0.870495,0.863472,0.853652,0.869416,0.836013,0.859607,0.836856,0.866008,0.880947,0.86464,0.864314,0.864775,0.861157,0.854553,0.868941,0.84174,0.870684,0.851616,0.864976,0.875322,0.879652,0.867786,0.870451,0.849622,0.866026,0.835131,0.864436,0.868026,0.866872,0.857178,0.850101,0.86161,0.87384,0.853265,0.869785,0.878345,0.876244,0.848787,0.886854,0.856534,0.861262,0.872435,0.853591,0.886071,0.82687,0.825542,0.874924,0.854229,0.852588,0.857906,0.845122,0.845253,0.850688,0.847615,0.875585,0.833029,0.869206,0.85469,0.830859,0.860036,0.858148,0.846257,0.868889,0.883462,0.858969,0.881595,0.875669,0.828978,0.834852,0.853006,0.870104,0.87208,0.8501,0.867465,0.864035,0.873308,0.87112,0.848555,0.861405,0.857341,0.850877,0.845107,0.841465,0.857998,0.843566,0.860576,0.854011,0.840572,0.867397,0.857439,0.825627,0.873531,0.885914,1.0,0.881695,0.833858,0.846272,0.850677,0.820077,0.86246,0.880574,0.874895,0.879961,0.848414,0.861026,0.833834,0.870355,0.865125,0.853983,0.885376,0.860147,0.861887,0.863883,0.849158,0.865548,0.864763,0.86478
Storagebin,0.898305,0.889904,0.902521,0.85835,0.862746,0.897092,0.900593,0.898789,0.891153,0.867446,0.892867,0.900958,0.876097,0.898271,0.887176,0.87548,0.886771,0.864523,0.886235,0.863596,0.889385,0.89568,0.887989,0.892769,0.885284,0.885335,0.878975,0.892486,0.865349,0.896168,0.8757,0.89181,0.895294,0.894224,0.895496,0.897361,0.875194,0.889367,0.85955,0.888816,0.888218,0.890918,0.880317,0.875324,0.885759,0.903716,0.877511,0.897369,0.899479,0.899708,0.873143,0.90484,0.883335,0.883109,0.896313,0.879662,0.905524,0.856633,0.844925,0.900416,0.877682,0.878448,0.878575,0.86987,0.869789,0.870837,0.873003,0.894101,0.862604,0.891856,0.879515,0.851474,0.887577,0.881714,0.874714,0.889819,0.901048,0.887724,0.905356,0.907078,0.860419,0.858699,0.883249,0.898063,0.895064,0.880785,0.887457,0.884339,0.893243,0.892801,0.867257,0.889941,0.884856,0.867086,0.86808,0.867896,0.881271,0.868001,0.892963,0.881414,0.876257,0.882568,0.875724,0.85353,0.895867,0.901694,0.881695,1.0,0.855708,0.872064,0.877164,0.838823,0.88514,0.897891,0.89874,0.896427,0.878242,0.885713,0.853788,0.885932,0.889556,0.878456,0.9096,0.880885,0.89099,0.890487,0.868678,0.892709,0.88441,0.896191
Stroller,0.850579,0.8949,0.875516,0.876831,0.865776,0.865887,0.852931,0.867176,0.847277,0.885058,0.840212,0.833196,0.818323,0.884573,0.843497,0.870578,0.860009,0.869647,0.878315,0.875349,0.847434,0.839878,0.893752,0.873012,0.880077,0.883307,0.862568,0.865528,0.888687,0.874111,0.861551,0.880423,0.832804,0.827665,0.854776,0.822311,0.891803,0.857454,0.866294,0.868524,0.825587,0.880122,0.880678,0.858486,0.879798,0.863368,0.854017,0.85455,0.863327,0.84944,0.879313,0.845238,0.864724,0.869333,0.856449,0.877229,0.86859,0.84849,0.880941,0.863598,0.862908,0.862493,0.886934,0.867348,0.893211,0.859631,0.882549,0.889609,0.873581,0.887822,0.867585,0.874031,0.858907,0.872394,0.838817,0.885872,0.847864,0.871868,0.881883,0.866946,0.830452,0.874539,0.846838,0.873384,0.879438,0.871865,0.876133,0.859143,0.897476,0.870269,0.87172,0.860928,0.880266,0.869168,0.854858,0.894078,0.851018,0.838676,0.865927,0.857179,0.868206,0.843031,0.868104,0.892671,0.877698,0.850557,0.833858,0.855708,1.0,0.876466,0.889065,0.874686,0.873688,0.852769,0.868888,0.843399,0.885474,0.870307,0.871819,0.839499,0.866372,0.887762,0.855259,0.890551,0.843384,0.859649,0.873912,0.888318,0.856414,0.869373
Suit,0.865914,0.89139,0.899859,0.897576,0.871047,0.879346,0.876816,0.907222,0.864463,0.887661,0.860762,0.868724,0.849254,0.896134,0.860966,0.882006,0.879581,0.891102,0.889462,0.883621,0.873263,0.863298,0.901534,0.892654,0.883986,0.893809,0.879817,0.894107,0.890359,0.885936,0.873325,0.893718,0.865891,0.856363,0.873947,0.853005,0.898415,0.874602,0.861883,0.87508,0.846811,0.888746,0.895547,0.873732,0.889535,0.88291,0.875232,0.875524,0.871891,0.868807,0.886712,0.869369,0.876199,0.876329,0.879155,0.895753,0.886985,0.877334,0.877921,0.882113,0.882469,0.879467,0.893199,0.882718,0.89541,0.858778,0.886905,0.906049,0.896937,0.906026,0.879896,0.872701,0.874721,0.881716,0.853269,0.899829,0.874551,0.885321,0.914229,0.888678,0.865291,0.886811,0.864867,0.891898,0.902912,0.881077,0.891861,0.874461,0.902509,0.884586,0.881416,0.887918,0.888676,0.874463,0.874421,0.911393,0.866803,0.861723,0.884105,0.876567,0.87532,0.860413,0.883951,0.903153,0.902405,0.872922,0.846272,0.872064,0.876466,1.0,0.898259,0.888513,0.876553,0.87596,0.889448,0.866827,0.893616,0.887226,0.875991,0.85915,0.885423,0.895617,0.875169,0.901833,0.85811,0.864384,0.88006,0.901899,0.863224,0.889591
Suitcase,0.86586,0.909456,0.8981,0.893095,0.891457,0.885254,0.878588,0.892399,0.862077,0.901857,0.867251,0.864974,0.840344,0.903426,0.864685,0.885304,0.876903,0.896661,0.89786,0.890269,0.872213,0.86147,0.916587,0.891718,0.899516,0.901334,0.884919,0.893558,0.910295,0.894633,0.885276,0.904303,0.849501,0.858953,0.872075,0.853086,0.917593,0.880223,0.879752,0.889556,0.851734,0.90447,0.901343,0.883027,0.896175,0.888934,0.871017,0.879028,0.882402,0.876972,0.904889,0.872415,0.886944,0.883203,0.874962,0.892876,0.889131,0.872552,0.909566,0.888185,0.883727,0.883389,0.904829,0.894482,0.92193,0.870366,0.902627,0.909346,0.896379,0.907431,0.888072,0.894029,0.873002,0.890595,0.865562,0.906733,0.874629,0.889145,0.905555,0.893499,0.855207,0.892222,0.86721,0.894376,0.901922,0.893223,0.896168,0.875342,0.91617,0.892288,0.874769,0.880835,0.89466,0.88518,0.876515,0.917143,0.872514,0.861537,0.887495,0.873243,0.892136,0.861949,0.890835,0.907543,0.90086,0.873216,0.850677,0.877164,0.889065,0.898259,1.0,0.886613,0.887252,0.869727,0.890735,0.867588,0.908782,0.890944,0.896266,0.861221,0.883696,0.9103,0.877392,0.9148,0.864928,0.877377,0.889179,0.908249,0.870097,0.88988
Teddy Bear,0.830703,0.880879,0.866574,0.887745,0.873383,0.861027,0.847834,0.871186,0.835838,0.879082,0.833138,0.832291,0.822851,0.878123,0.820256,0.869089,0.861284,0.862585,0.874296,0.872998,0.848946,0.826962,0.894058,0.869625,0.873049,0.871312,0.86153,0.867128,0.889251,0.857877,0.859553,0.879372,0.822182,0.821882,0.848689,0.811912,0.903473,0.847389,0.855797,0.86187,0.811943,0.877446,0.879944,0.860939,0.861894,0.864618,0.838879,0.854041,0.844482,0.842692,0.873893,0.833342,0.849246,0.864629,0.845698,0.875362,0.863022,0.853535,0.893487,0.861386,0.863513,0.853587,0.885186,0.865682,0.892361,0.849873,0.866466,0.881841,0.886727,0.88487,0.855163,0.873567,0.836698,0.854865,0.835337,0.880662,0.820464,0.865516,0.880451,0.866283,0.845942,0.867882,0.840157,0.865182,0.877435,0.86679,0.874478,0.850429,0.891435,0.854732,0.877336,0.861332,0.871645,0.860709,0.859693,0.899322,0.85101,0.851277,0.855329,0.843172,0.856742,0.841901,0.866108,0.88577,0.875059,0.843488,0.820077,0.838823,0.874686,0.888513,0.886613,1.0,0.865391,0.839113,0.866716,0.833908,0.883998,0.854512,0.875682,0.835506,0.848906,0.887844,0.84522,0.889873,0.822964,0.837061,0.868113,0.894754,0.838291,0.860301
Tennisracket,0.867181,0.896441,0.88815,0.867172,0.894504,0.879837,0.890873,0.893733,0.865058,0.885618,0.896067,0.885474,0.862229,0.900643,0.861289,0.870484,0.879512,0.871587,0.890278,0.873037,0.893529,0.873343,0.906942,0.886598,0.896809,0.894975,0.883195,0.91278,0.885474,0.880881,0.886729,0.90711,0.872207,0.885885,0.887669,0.873073,0.902926,0.884613,0.879485,0.900805,0.866251,0.901487,0.907614,0.8895,0.886173,0.918125,0.849801,0.890121,0.890288,0.903253,0.88604,0.888895,0.878009,0.913866,0.883124,0.874938,0.887318,0.852581,0.883982,0.912858,0.903456,0.88427,0.911242,0.89178,0.889272,0.86595,0.896401,0.925626,0.869643,0.920052,0.875093,0.880431,0.850742,0.888822,0.871375,0.916726,0.881886,0.886181,0.926699,0.921864,0.878105,0.868242,0.857042,0.893515,0.921056,0.88887,0.916855,0.873316,0.921808,0.883305,0.859385,0.883859,0.879165,0.896853,0.87613,0.887922,0.893883,0.871923,0.864965,0.860552,0.886459,0.878434,0.915215,0.869842,0.920693,0.891158,0.86246,0.88514,0.873688,0.876553,0.887252,0.865391,1.0,0.865927,0.91652,0.884559,0.893752,0.887349,0.887821,0.870813,0.902593,0.892021,0.889392,0.917181,0.885195,0.881625,0.898822,0.924321,0.862551,0.877513
Tent,0.884593,0.895873,0.881206,0.853617,0.848806,0.874272,0.881713,0.886511,0.899445,0.868156,0.889597,0.897549,0.888318,0.884017,0.895463,0.87154,0.896678,0.858276,0.877767,0.851531,0.88824,0.910953,0.879108,0.88124,0.878599,0.887361,0.869539,0.87236,0.859788,0.884248,0.865653,0.87586,0.902486,0.899007,0.875921,0.885202,0.860806,0.889925,0.837729,0.876757,0.885304,0.878252,0.864538,0.860769,0.883809,0.883905,0.885814,0.877632,0.900269,0.891111,0.869043,0.91124,0.880697,0.867273,0.901031,0.888517,0.920149,0.841775,0.834612,0.891306,0.857099,0.872874,0.86864,0.849237,0.867364,0.870258,0.858819,0.878959,0.853082,0.877208,0.876688,0.842071,0.893741,0.87445,0.850435,0.876832,0.909521,0.874697,0.882738,0.888062,0.818359,0.863151,0.867845,0.891595,0.876697,0.857242,0.871554,0.892356,0.880529,0.903655,0.877438,0.876292,0.880678,0.85381,0.855268,0.8641,0.867087,0.859213,0.881181,0.885105,0.839957,0.884158,0.857795,0.850819,0.877603,0.911457,0.880574,0.897891,0.852769,0.87596,0.869727,0.839113,0.865927,1.0,0.879145,0.909855,0.856929,0.878541,0.833344,0.898287,0.881358,0.871042,0.906201,0.86924,0.883459,0.882804,0.860023,0.877524,0.894991,0.880493
Toothbrush,0.880696,0.894392,0.8989,0.868742,0.895626,0.892075,0.906623,0.907246,0.884096,0.888731,0.913294,0.904557,0.878549,0.907173,0.873392,0.883959,0.898493,0.877154,0.896698,0.87881,0.903842,0.890858,0.908987,0.898269,0.902307,0.903366,0.890784,0.933817,0.884163,0.888882,0.895326,0.914057,0.881814,0.904524,0.901006,0.883831,0.902158,0.895678,0.878172,0.903571,0.884215,0.91981,0.910264,0.8994,0.89009,0.937096,0.859958,0.90464,0.903082,0.92038,0.885664,0.90434,0.882805,0.913415,0.893788,0.882938,0.899754,0.870925,0.879116,0.931366,0.911167,0.887312,0.911695,0.897604,0.890386,0.87904,0.894369,0.937311,0.881827,0.917542,0.879227,0.883326,0.861451,0.891009,0.895848,0.923696,0.89037,0.890533,0.950106,0.943754,0.895196,0.868541,0.87048,0.90364,0.939204,0.893032,0.923559,0.885866,0.924549,0.889242,0.875067,0.895121,0.883012,0.914296,0.889787,0.887148,0.90971,0.886654,0.875273,0.869733,0.885434,0.897862,0.927336,0.865499,0.937064,0.906839,0.874895,0.89874,0.868888,0.889448,0.890735,0.866716,0.91652,0.879145,1.0,0.899809,0.896031,0.894489,0.88971,0.887359,0.905456,0.894113,0.902019,0.915094,0.887639,0.890102,0.895773,0.919866,0.871083,0.891633
Train,0.873146,0.89383,0.880314,0.848746,0.854562,0.870065,0.888582,0.887483,0.898708,0.865068,0.926329,0.920506,0.897569,0.887392,0.894629,0.856689,0.901489,0.861957,0.881747,0.846912,0.899345,0.925817,0.880908,0.878664,0.885259,0.889229,0.874659,0.889838,0.858299,0.877359,0.873497,0.884565,0.905614,0.932527,0.883085,0.893112,0.867962,0.89222,0.833902,0.890591,0.900351,0.890104,0.870245,0.872745,0.881858,0.906699,0.873501,0.881844,0.913279,0.928024,0.873826,0.935539,0.878647,0.882836,0.904545,0.881036,0.917677,0.849115,0.837213,0.918583,0.867775,0.878882,0.872876,0.856368,0.866888,0.867072,0.867682,0.889909,0.859165,0.88464,0.881683,0.848782,0.876639,0.87445,0.861752,0.884177,0.919717,0.874212,0.896227,0.910994,0.837558,0.857276,0.862792,0.895208,0.886157,0.86491,0.883566,0.895663,0.886479,0.907674,0.862963,0.873627,0.879196,0.865213,0.855541,0.861688,0.882331,0.861294,0.875238,0.877358,0.853029,0.899086,0.873114,0.851651,0.889421,0.93372,0.879961,0.896427,0.843399,0.866827,0.867588,0.833908,0.884559,0.909855,0.899809,1.0,0.861968,0.884548,0.834131,0.908098,0.885391,0.872883,0.91152,0.874176,0.898226,0.889222,0.864334,0.88326,0.891396,0.877121
Trashbin,0.868954,0.899685,0.909271,0.897212,0.889941,0.897526,0.883973,0.897689,0.858704,0.889121,0.866092,0.866133,0.837313,0.911931,0.855853,0.877645,0.86789,0.892115,0.901532,0.891517,0.873376,0.853294,0.911709,0.895471,0.893992,0.893033,0.885529,0.897034,0.904696,0.892134,0.885675,0.907741,0.85173,0.854859,0.878132,0.855958,0.917881,0.877534,0.883546,0.893982,0.849522,0.900834,0.903109,0.884474,0.891611,0.895627,0.867609,0.887544,0.876593,0.877841,0.896911,0.867401,0.879792,0.887474,0.873375,0.883684,0.881747,0.882993,0.900854,0.888644,0.889308,0.883242,0.899955,0.897775,0.907076,0.863828,0.9017,0.908317,0.898472,0.910233,0.887531,0.886128,0.869543,0.887481,0.872549,0.904854,0.867613,0.89624,0.911561,0.899099,0.880389,0.880659,0.875059,0.895571,0.904092,0.904735,0.898567,0.870151,0.911472,0.884323,0.868139,0.885569,0.897185,0.881075,0.880436,0.912806,0.874485,0.86381,0.894356,0.869055,0.904166,0.857504,0.890084,0.905634,0.904807,0.86829,0.848414,0.878242,0.885474,0.893616,0.908782,0.883998,0.893752,0.856929,0.896031,0.861968,1.0,0.89024,0.895119,0.853554,0.88511,0.907628,0.875725,0.90754,0.86475,0.873521,0.885448,0.909117,0.861531,0.89796
Tree,0.875993,0.901431,0.902862,0.873989,0.874527,0.888285,0.881394,0.894899,0.873741,0.885797,0.883229,0.882108,0.849083,0.895941,0.880622,0.877638,0.877873,0.884811,0.890054,0.871851,0.87493,0.880763,0.903051,0.890653,0.890949,0.896451,0.882151,0.898451,0.889821,0.893907,0.877463,0.893591,0.87376,0.876901,0.876461,0.867797,0.89594,0.881776,0.869441,0.885666,0.864688,0.893438,0.897637,0.87464,0.898671,0.892079,0.878128,0.883409,0.889387,0.89043,0.892148,0.890467,0.881577,0.886974,0.885234,0.878918,0.893662,0.86341,0.881705,0.896897,0.882615,0.882462,0.894772,0.889664,0.892983,0.861919,0.905888,0.911981,0.877456,0.910582,0.889711,0.872996,0.881918,0.895885,0.86562,0.907397,0.898888,0.884284,0.908661,0.898372,0.849235,0.885961,0.876352,0.896378,0.906429,0.884462,0.901879,0.877668,0.910967,0.893947,0.860688,0.883038,0.885496,0.887669,0.868892,0.891999,0.870408,0.850451,0.895464,0.879287,0.880781,0.870113,0.89403,0.880503,0.906687,0.888654,0.861026,0.885713,0.870307,0.887226,0.890944,0.854512,0.887349,0.878541,0.894489,0.884548,0.89024,1.0,0.880561,0.871401,0.890868,0.899322,0.887827,0.906832,0.875912,0.883498,0.890466,0.888197,0.878334,0.895185
Trophy,0.842673,0.887398,0.882346,0.871654,0.897176,0.875098,0.860822,0.87806,0.834782,0.889469,0.844137,0.838491,0.801212,0.884556,0.837617,0.879208,0.85182,0.883581,0.878785,0.878396,0.857043,0.829326,0.912065,0.875735,0.888898,0.888477,0.874413,0.899013,0.905473,0.87758,0.875711,0.892268,0.813543,0.828066,0.857966,0.828781,0.913979,0.857907,0.88717,0.874411,0.815172,0.894128,0.909914,0.86789,0.883401,0.878111,0.839691,0.867839,0.857314,0.855086,0.891378,0.838671,0.863232,0.887308,0.84637,0.857858,0.858381,0.84409,0.923347,0.873305,0.894521,0.867138,0.912345,0.914029,0.908506,0.847399,0.914022,0.932732,0.875259,0.915376,0.864609,0.898327,0.841431,0.891346,0.856785,0.921196,0.847583,0.868477,0.908834,0.884053,0.856235,0.885381,0.848615,0.871919,0.919483,0.88232,0.909502,0.84873,0.932392,0.860173,0.846541,0.867733,0.867094,0.904061,0.868371,0.898864,0.869295,0.840159,0.861796,0.846217,0.872427,0.840995,0.918177,0.87337,0.910546,0.846466,0.833834,0.853788,0.871819,0.875991,0.896266,0.875682,0.887821,0.833344,0.88971,0.834131,0.895119,0.880561,1.0,0.834982,0.876267,0.904579,0.852431,0.93611,0.835279,0.854677,0.901985,0.877932,0.841069,0.873542
Truck,0.86531,0.883919,0.866401,0.839761,0.857879,0.862788,0.882462,0.877304,0.884879,0.859138,0.896286,0.894881,0.887776,0.876873,0.876761,0.854917,0.887366,0.847002,0.86963,0.839738,0.885023,0.902261,0.875164,0.868086,0.873932,0.876691,0.865197,0.879555,0.851521,0.867468,0.869078,0.882177,0.883765,0.909499,0.871647,0.877962,0.861202,0.885038,0.833175,0.875981,0.881443,0.88088,0.863876,0.862867,0.869354,0.891578,0.858608,0.873387,0.897039,0.898995,0.864067,0.908248,0.866411,0.870935,0.88632,0.869681,0.904081,0.838502,0.835912,0.895929,0.85907,0.865265,0.868488,0.849672,0.861727,0.862364,0.856744,0.884426,0.850407,0.875535,0.866067,0.841232,0.862533,0.864098,0.858417,0.878124,0.895257,0.863063,0.889344,0.893929,0.829687,0.847806,0.851559,0.880557,0.883595,0.854159,0.875552,0.880033,0.880401,0.888506,0.859717,0.865728,0.864984,0.862378,0.853212,0.855122,0.87089,0.86163,0.861776,0.862565,0.842323,0.890022,0.874529,0.837654,0.881867,0.909509,0.870355,0.885932,0.839499,0.85915,0.861221,0.835506,0.870813,0.898287,0.887359,0.908098,0.853554,0.871401,0.834982,1.0,0.87196,0.864013,0.897599,0.870872,0.875741,0.873737,0.859232,0.876987,0.87554,0.865752
Umbrella,0.876998,0.895087,0.894218,0.864522,0.876086,0.880711,0.886799,0.894409,0.872915,0.879064,0.887356,0.889599,0.858468,0.895155,0.87869,0.871298,0.878385,0.874354,0.88642,0.868427,0.889606,0.880776,0.898037,0.887488,0.889139,0.892625,0.877759,0.904638,0.87642,0.88781,0.876912,0.897296,0.884984,0.882129,0.885092,0.879746,0.887494,0.883405,0.869131,0.889652,0.870727,0.892176,0.897103,0.876735,0.89035,0.905018,0.864912,0.885211,0.892838,0.897262,0.883002,0.890742,0.881404,0.895421,0.889855,0.876585,0.892618,0.849083,0.867013,0.901835,0.891975,0.884776,0.893741,0.885851,0.880185,0.858594,0.893851,0.914669,0.862482,0.913336,0.876905,0.867292,0.869521,0.890764,0.860428,0.906049,0.896658,0.884263,0.920973,0.911239,0.860741,0.869011,0.863981,0.894768,0.911346,0.880432,0.904263,0.874539,0.909535,0.889867,0.858455,0.883382,0.880618,0.883388,0.86813,0.88091,0.878843,0.858871,0.874395,0.871069,0.874554,0.870238,0.897185,0.864396,0.913627,0.88915,0.865125,0.889556,0.866372,0.885423,0.883696,0.848906,0.902593,0.881358,0.905456,0.885391,0.88511,0.890868,0.876267,0.87196,1.0,0.885183,0.891764,0.900673,0.88472,0.882592,0.886007,0.901003,0.874474,0.883624
Vase,0.869221,0.909984,0.907957,0.895054,0.890918,0.893037,0.879798,0.896329,0.866722,0.90303,0.873363,0.869793,0.839414,0.903106,0.868671,0.891471,0.88,0.89799,0.898609,0.892143,0.872778,0.865652,0.920786,0.897574,0.90222,0.905511,0.889486,0.900445,0.9143,0.89842,0.886401,0.902633,0.854547,0.861948,0.875687,0.853808,0.922202,0.880387,0.8832,0.89088,0.852186,0.905824,0.908431,0.883526,0.901995,0.891693,0.877145,0.884359,0.884489,0.882177,0.908216,0.877493,0.884935,0.890476,0.877994,0.891628,0.891019,0.876115,0.915839,0.893709,0.888172,0.883298,0.910815,0.902073,0.920708,0.871687,0.913398,0.918675,0.897339,0.914168,0.893292,0.896646,0.878761,0.896949,0.869198,0.915391,0.87862,0.890919,0.906597,0.896464,0.859611,0.902044,0.876784,0.898016,0.907371,0.897802,0.906207,0.879234,0.92474,0.8929,0.875688,0.885086,0.89467,0.896624,0.879399,0.914795,0.874354,0.858071,0.898646,0.878672,0.890342,0.866255,0.897504,0.902603,0.906655,0.879431,0.853983,0.878456,0.887762,0.895617,0.9103,0.887844,0.892021,0.871042,0.894113,0.872883,0.907628,0.899322,0.904579,0.864013,0.885183,1.0,0.879964,0.926974,0.866232,0.880764,0.898941,0.898868,0.873642,0.899323
Wallet,0.891806,0.894278,0.896732,0.859369,0.86664,0.891496,0.900639,0.899946,0.895514,0.871339,0.901437,0.908982,0.886419,0.897627,0.891107,0.875076,0.89405,0.865043,0.888211,0.861018,0.896906,0.906791,0.889508,0.891935,0.887626,0.889683,0.882054,0.895005,0.866077,0.891973,0.878838,0.893129,0.900686,0.908774,0.896381,0.901454,0.877458,0.893138,0.854898,0.891644,0.894631,0.893611,0.881147,0.87793,0.887104,0.90612,0.878297,0.895627,0.906193,0.908078,0.87626,0.916421,0.884413,0.887098,0.90175,0.883849,0.912293,0.856431,0.84735,0.905816,0.878157,0.881109,0.881737,0.86891,0.872399,0.874559,0.873842,0.898164,0.863988,0.89377,0.882846,0.853869,0.885461,0.882767,0.873528,0.89316,0.907107,0.886567,0.90753,0.909176,0.85715,0.861431,0.878373,0.899431,0.898325,0.87849,0.890324,0.891252,0.895567,0.899984,0.871319,0.888884,0.885281,0.872454,0.869071,0.869526,0.885375,0.870761,0.888184,0.882854,0.872644,0.891248,0.881758,0.855188,0.897862,0.914938,0.885376,0.9096,0.855259,0.875169,0.877392,0.84522,0.889392,0.906201,0.902019,0.91152,0.875725,0.887827,0.852431,0.897599,0.891764,0.879964,1.0,0.883172,0.89651,0.893417,0.872424,0.895458,0.888317,0.891668
Waterbottle,0.866226,0.914642,0.901074,0.889163,0.914351,0.890495,0.88738,0.901356,0.864705,0.918701,0.884049,0.874285,0.841589,0.903146,0.868872,0.903041,0.887027,0.901688,0.898041,0.895248,0.8886,0.867286,0.933255,0.898035,0.914034,0.916679,0.898303,0.929412,0.921101,0.897361,0.896791,0.913881,0.851903,0.871235,0.881472,0.860191,0.930541,0.887921,0.899286,0.898481,0.850024,0.920469,0.932418,0.896265,0.9057,0.908765,0.864133,0.892259,0.889849,0.891893,0.917119,0.879398,0.887306,0.914777,0.878158,0.892887,0.891377,0.865953,0.934024,0.909076,0.910825,0.890089,0.942654,0.924159,0.935247,0.876844,0.934089,0.958672,0.894341,0.935585,0.889411,0.914531,0.862529,0.912151,0.880735,0.94733,0.880434,0.889174,0.931827,0.914897,0.872477,0.911448,0.868499,0.899527,0.940473,0.898614,0.936054,0.879583,0.954159,0.891339,0.872383,0.892318,0.886364,0.930182,0.891638,0.919501,0.891078,0.868691,0.883865,0.87117,0.889784,0.877195,0.944445,0.893392,0.937666,0.885427,0.860147,0.880885,0.890551,0.901833,0.9148,0.889873,0.917181,0.86924,0.915094,0.874176,0.90754,0.906832,0.93611,0.870872,0.900673,0.926974,0.883172,1.0,0.86919,0.885354,0.928375,0.915904,0.868831,0.891667
Watergun,0.872978,0.884086,0.882234,0.84514,0.851112,0.87207,0.882593,0.878958,0.873515,0.856868,0.894709,0.896794,0.868613,0.881755,0.881962,0.852578,0.872832,0.856625,0.874152,0.846153,0.881063,0.890296,0.875718,0.872927,0.87376,0.876249,0.866296,0.8788,0.854367,0.87658,0.863417,0.879028,0.893088,0.89534,0.876207,0.887533,0.864412,0.879826,0.84163,0.882506,0.879932,0.876925,0.867855,0.864273,0.875015,0.895378,0.861555,0.878108,0.89195,0.901077,0.867119,0.904341,0.875598,0.878877,0.888989,0.86816,0.892213,0.83749,0.834677,0.89681,0.868265,0.872769,0.867922,0.856621,0.860642,0.851882,0.865615,0.880725,0.846186,0.883631,0.873,0.842678,0.868504,0.871825,0.849944,0.875768,0.89875,0.873722,0.889954,0.898638,0.835461,0.848486,0.860035,0.887879,0.877697,0.866388,0.876243,0.873222,0.880151,0.887931,0.846256,0.870447,0.874175,0.851634,0.84815,0.857897,0.871686,0.848356,0.869074,0.867634,0.866547,0.869247,0.862998,0.850841,0.881448,0.897218,0.861887,0.89099,0.843384,0.85811,0.864928,0.822964,0.885195,0.883459,0.887639,0.898226,0.86475,0.875912,0.835279,0.875741,0.88472,0.866232,0.89651,0.86919,1.0,0.88314,0.858702,0.882685,0.872429,0.873226
Wateringcan,0.878599,0.893424,0.887008,0.855442,0.859053,0.876487,0.883496,0.883775,0.876279,0.871549,0.886554,0.88619,0.854862,0.888222,0.879644,0.871542,0.87789,0.868115,0.881853,0.859592,0.874864,0.884995,0.888368,0.882869,0.883923,0.889438,0.872142,0.887396,0.871511,0.886579,0.870774,0.884567,0.873898,0.883099,0.879041,0.874102,0.878423,0.880553,0.856507,0.882149,0.87378,0.890215,0.878692,0.871064,0.884858,0.890875,0.868545,0.879523,0.893901,0.892414,0.877649,0.895245,0.878843,0.87848,0.884226,0.876885,0.894104,0.85183,0.857051,0.89457,0.87038,0.87273,0.881632,0.868181,0.876242,0.867583,0.880945,0.896002,0.861092,0.887002,0.878101,0.860286,0.876777,0.880306,0.865072,0.890616,0.892928,0.87757,0.89688,0.89626,0.84118,0.863145,0.864647,0.890939,0.892849,0.87512,0.885644,0.878754,0.895753,0.890275,0.860761,0.875935,0.88061,0.874935,0.859532,0.869687,0.870802,0.851206,0.878427,0.873214,0.873599,0.873302,0.877072,0.864271,0.890954,0.892665,0.863883,0.890487,0.859649,0.864384,0.877377,0.837061,0.881625,0.882804,0.890102,0.889222,0.873521,0.883498,0.854677,0.873737,0.882592,0.880764,0.893417,0.885354,0.88314,1.0,0.871587,0.883233,0.878241,0.880644
Windchime,0.855541,0.89901,0.880759,0.869972,0.890113,0.873652,0.870135,0.882932,0.856224,0.893318,0.86856,0.860596,0.832611,0.886466,0.857901,0.878836,0.870322,0.876325,0.881361,0.873061,0.871894,0.858704,0.908584,0.878856,0.891752,0.895119,0.878517,0.900857,0.893964,0.87974,0.876836,0.893127,0.847935,0.858363,0.86812,0.847963,0.903067,0.872572,0.878977,0.881503,0.83791,0.894126,0.90643,0.875554,0.888759,0.889754,0.851432,0.873224,0.876078,0.877129,0.890566,0.8691,0.870845,0.89769,0.867334,0.872501,0.878704,0.846174,0.900399,0.890154,0.889987,0.874792,0.911927,0.89716,0.90253,0.860267,0.911136,0.926873,0.872909,0.916716,0.873835,0.886879,0.851714,0.893774,0.859741,0.918708,0.873757,0.875045,0.912098,0.894504,0.849452,0.887451,0.853417,0.883221,0.918459,0.879245,0.912341,0.865662,0.924883,0.8776,0.859363,0.874797,0.873202,0.902284,0.869228,0.893318,0.872953,0.850491,0.8658,0.85971,0.870866,0.862626,0.915559,0.872027,0.913153,0.872317,0.849158,0.868678,0.873912,0.88006,0.889179,0.868113,0.898822,0.860023,0.895773,0.864334,0.885448,0.890466,0.901985,0.859232,0.886007,0.898941,0.872424,0.928375,0.858702,0.871587,1.0,0.89452,0.857279,0.873311
Wishbone,0.878392,0.901265,0.90032,0.886469,0.90633,0.894019,0.902179,0.90781,0.870274,0.904276,0.892506,0.891514,0.870405,0.913736,0.86012,0.887277,0.896201,0.87932,0.900773,0.891852,0.903433,0.874945,0.911541,0.899904,0.903929,0.908234,0.890468,0.918551,0.893174,0.887835,0.892327,0.914408,0.87102,0.8864,0.895153,0.88252,0.913981,0.891802,0.882271,0.905717,0.871495,0.918927,0.909153,0.902583,0.889861,0.922336,0.86096,0.900492,0.893064,0.903237,0.890796,0.890373,0.884904,0.907286,0.887641,0.898641,0.897738,0.867707,0.888631,0.913373,0.901257,0.888972,0.918823,0.882638,0.908042,0.879039,0.883248,0.925039,0.884954,0.917812,0.878343,0.888242,0.859951,0.885329,0.88297,0.916758,0.876904,0.896694,0.942407,0.927711,0.895459,0.873435,0.870288,0.90044,0.924354,0.896023,0.91168,0.88153,0.919343,0.888391,0.880228,0.894694,0.890709,0.888548,0.892462,0.905587,0.892636,0.896974,0.886881,0.867399,0.901118,0.885638,0.91114,0.893781,0.928684,0.892569,0.865548,0.892709,0.888318,0.901899,0.908249,0.894754,0.924321,0.877524,0.919866,0.88326,0.909117,0.888197,0.877932,0.876987,0.901003,0.898868,0.895458,0.915904,0.882685,0.883233,0.89452,1.0,0.868112,0.888159
Wrap,0.874652,0.891882,0.882846,0.854359,0.841674,0.871142,0.870329,0.875237,0.880142,0.864892,0.878911,0.882737,0.857669,0.880182,0.880224,0.863865,0.880089,0.862433,0.875332,0.853084,0.868549,0.890948,0.878483,0.877961,0.878966,0.882531,0.863444,0.866588,0.864442,0.881711,0.859971,0.870937,0.878796,0.878134,0.869847,0.865765,0.865817,0.874016,0.841302,0.871314,0.875163,0.875757,0.864061,0.853936,0.882932,0.875146,0.877918,0.867848,0.893162,0.882691,0.871784,0.893138,0.874057,0.861167,0.886533,0.878167,0.899631,0.842384,0.843998,0.884796,0.851611,0.86596,0.865234,0.85182,0.867939,0.861442,0.867068,0.874543,0.854512,0.875043,0.874103,0.847009,0.886026,0.871606,0.844758,0.874497,0.892454,0.871053,0.873617,0.879954,0.818385,0.861013,0.864837,0.885879,0.86867,0.861598,0.867726,0.87883,0.881518,0.893275,0.862473,0.867792,0.878762,0.851308,0.846459,0.864339,0.853935,0.841235,0.881615,0.875379,0.851782,0.868041,0.851702,0.859682,0.870486,0.893559,0.864763,0.88441,0.856414,0.863224,0.870097,0.838291,0.862551,0.894991,0.871083,0.891396,0.861531,0.878334,0.841069,0.87554,0.874474,0.873642,0.888317,0.868831,0.872429,0.878241,0.857279,0.868112,1.0,0.878919
Yarn,0.893531,0.885323,0.928722,0.882935,0.864662,0.918731,0.894828,0.909525,0.877982,0.877279,0.879225,0.883887,0.852215,0.902522,0.877057,0.887193,0.879542,0.88506,0.893356,0.882744,0.873196,0.8755,0.896825,0.905746,0.887449,0.889039,0.885968,0.89193,0.885665,0.901522,0.876174,0.89288,0.881923,0.869309,0.888472,0.874796,0.895737,0.878167,0.866416,0.884765,0.871742,0.891397,0.891155,0.874169,0.895542,0.892907,0.891886,0.902196,0.88471,0.885745,0.883859,0.884219,0.881557,0.878973,0.886472,0.884437,0.890442,0.88062,0.872371,0.890751,0.878573,0.876116,0.884459,0.884814,0.885815,0.865353,0.886478,0.897538,0.887537,0.897821,0.889023,0.864907,0.897353,0.884739,0.872953,0.89548,0.885488,0.893478,0.902524,0.898134,0.870908,0.879149,0.904728,0.899074,0.894041,0.891672,0.890862,0.880271,0.899879,0.882572,0.870863,0.897004,0.891804,0.871205,0.874261,0.89216,0.87233,0.859954,0.922949,0.88864,0.890781,0.866754,0.87464,0.882975,0.896678,0.884763,0.86478,0.896191,0.869373,0.889591,0.88988,0.860301,0.877513,0.880493,0.891633,0.877121,0.89796,0.895185,0.873542,0.865752,0.883624,0.899323,0.891668,0.891667,0.873226,0.880644,0.873311,0.888159,0.878919,1.0
