,Accordion,Acorn,Apple,Backpack,Barstool,Baseball,Basket,Beanie,Bed,Bell,Belt,Bench,Bike,Binder,Binoculars,Birdfeeder,Boat,Bonzai,Book,Bookend,Boomerang,Car,Cellphone,Cheese,Cheesegrater,Christmasstreeornament,Clock,Coatrack,Coffeemaker,Coffeemug,Compass,Computertower,Controller,Couch,Cushion,Desk,Door,Doorknob,Drill,Dryingrack,Dumbbell,Dustpan,Fan,Faucet,Flower,Flute,Fossils,Frisbee,Fryingpan,Glasses,Glove,Goggles,Grill,Hairbrush,Hairclip,Handbag,Hat,Headphones,Hourglass,Kayak,Key,Kite,Ladder,Lamp,Lantern,Lawnmower,Lightbulb,Lipstick,Lock,Lollipop,Mask,Microscope,Minerals,Mushroom,Necklace,Necktie,Orifan,Oven,Paintbrush,Pen,Pictureframe,Pinecone,Pizza,Plug,Pogostick,Pot,Razor,Recordplayer,Remotecontrol,Ring,Rollerskates,Rug,Saltpeppershaker,Saxophone,Scale,Scarf,Scissors,Scooter,Scrunchie,Seashell,Shirt,Shoe,Skiis,Snowglobe,Spoon,Stapler,Stapleremover,Storagebin,Stroller,Suit,Suitcase,Teddy Bear,Tennisracket,Tent,Toothbrush,Train,Trashbin,Tree,Trophy,Truck,Umbrella,Vase,Wallet,Waterbottle,Watergun,Wateringcan,Windchime,Wishbone,Wrap,Yarn
Accordion,1.0,0.331827,0.283348,0.291313,0.172595,0.389253,0.293971,0.158924,0.269284,0.168087,0.208039,0.214147,0.252519,0.181884,0.294023,0.10692,0.214198,0.200784,0.142616,0.085842,0.126476,0.240394,0.186568,0.153365,0.095038,0.08412,0.29093,0.089595,0.228795,0.237815,0.268684,0.158623,0.24045,0.289012,0.238409,0.221773,0.195394,0.125822,0.244961,0.167436,0.291744,0.163126,0.204885,0.12189,0.139334,0.188351,0.233404,0.184421,0.25207,0.289167,0.144107,0.174359,0.138475,0.13435,0.169973,0.249313,0.201305,0.083857,0.368817,0.109721,0.096641,0.189417,0.112414,0.18647,0.147562,0.248887,0.132796,0.240762,0.236301,0.085448,0.233971,0.12438,0.165866,0.242173,0.186228,0.207444,0.15289,0.230137,0.156569,0.137401,0.191626,0.171472,0.360071,0.129289,0.051939,0.223655,0.092972,0.143033,0.200683,0.145787,0.130338,0.215329,0.213137,0.319828,0.182063,0.202417,0.135141,0.184292,0.248624,0.296481,0.258283,0.263115,0.144433,0.050403,0.159738,0.086428,0.135705,0.191915,0.160627,0.31293,0.125746,0.298889,0.336579,0.350828,0.073745,0.261713,0.212111,0.102302,0.103968,0.236081,0.226193,0.204456,0.229842,0.141563,0.170858,0.203905,0.165156,0.097952,0.29955,0.395206
Acorn,0.331827,1.0,0.26274,0.249833,0.181388,0.308657,0.241377,0.13028,0.240858,0.183955,0.19314,0.166705,0.205439,0.172098,0.280381,0.132104,0.190648,0.198944,0.135412,0.083628,0.118446,0.210227,0.20057,0.137597,0.094568,0.099369,0.277782,0.094404,0.224839,0.202159,0.255458,0.147212,0.20912,0.252158,0.186116,0.174412,0.19347,0.12201,0.245073,0.149411,0.271734,0.174785,0.207306,0.1167,0.151144,0.169489,0.230561,0.157502,0.232505,0.273813,0.141096,0.166451,0.133693,0.139957,0.156147,0.21784,0.184484,0.077197,0.386674,0.102451,0.10425,0.171167,0.106194,0.19829,0.153115,0.236823,0.16996,0.269665,0.212294,0.103628,0.230113,0.141718,0.153923,0.259858,0.179089,0.206879,0.150734,0.20853,0.175704,0.130546,0.155077,0.195336,0.29362,0.119703,0.062745,0.201432,0.107148,0.137123,0.223078,0.14178,0.121316,0.181508,0.192727,0.302114,0.178867,0.186278,0.128612,0.156849,0.232578,0.274105,0.215677,0.229014,0.173665,0.070327,0.175632,0.085909,0.130564,0.15787,0.158104,0.265007,0.119222,0.301165,0.33333,0.326986,0.082493,0.245855,0.189694,0.115021,0.129862,0.214586,0.20974,0.21085,0.197113,0.151894,0.170267,0.178798,0.193497,0.098406,0.279879,0.325787
Apple,0.283348,0.26274,1.0,0.230018,0.171168,0.298626,0.214989,0.162757,0.180114,0.145047,0.132404,0.13569,0.158688,0.158601,0.198312,0.120983,0.144474,0.15484,0.129199,0.087134,0.084914,0.158174,0.174441,0.158168,0.068345,0.101691,0.22203,0.093423,0.177663,0.202808,0.199658,0.148473,0.158484,0.187409,0.210301,0.144649,0.177632,0.104478,0.195273,0.130018,0.179751,0.14026,0.198845,0.101442,0.141296,0.122704,0.189526,0.181258,0.172415,0.179131,0.136846,0.107561,0.107116,0.095592,0.124766,0.174124,0.151574,0.065723,0.295133,0.076931,0.094255,0.138278,0.103243,0.162279,0.121706,0.161506,0.119652,0.287353,0.180435,0.076522,0.166592,0.104616,0.147655,0.211426,0.145181,0.207635,0.094382,0.183472,0.228168,0.096782,0.168741,0.148197,0.325322,0.10354,0.060187,0.213026,0.097435,0.103248,0.198058,0.115193,0.092002,0.19385,0.18052,0.244835,0.148332,0.185391,0.096261,0.139147,0.238495,0.220798,0.238768,0.160209,0.131114,0.068334,0.129096,0.062352,0.098178,0.148146,0.115489,0.257147,0.128349,0.283999,0.253304,0.247888,0.072904,0.15602,0.193771,0.096808,0.109601,0.157165,0.165564,0.235365,0.170168,0.146886,0.103747,0.155403,0.15765,0.09948,0.20558,0.336214
Backpack,0.291313,0.249833,0.230018,1.0,0.153503,0.272076,0.221308,0.141422,0.192347,0.152063,0.178472,0.133824,0.171521,0.168304,0.218713,0.102471,0.153935,0.16032,0.137392,0.087416,0.094067,0.171314,0.167815,0.121566,0.08329,0.099364,0.216259,0.076364,0.198199,0.18293,0.2125,0.139315,0.174098,0.206771,0.198485,0.138019,0.170891,0.106009,0.184926,0.119007,0.204285,0.152652,0.174621,0.116408,0.114431,0.126456,0.177125,0.157026,0.168428,0.195244,0.155573,0.124912,0.119969,0.095641,0.129921,0.349574,0.147578,0.097161,0.270788,0.083236,0.076865,0.14246,0.090083,0.150036,0.170854,0.195433,0.111625,0.210651,0.207706,0.083649,0.190839,0.110625,0.122964,0.188993,0.151236,0.178029,0.114377,0.177202,0.155054,0.103463,0.154635,0.133053,0.269508,0.106695,0.047064,0.180262,0.084489,0.117665,0.17169,0.123016,0.120333,0.174513,0.162922,0.209168,0.148494,0.19202,0.105637,0.156817,0.206771,0.221333,0.206712,0.188745,0.145029,0.068088,0.132244,0.074175,0.107189,0.147883,0.160519,0.245942,0.193944,0.2732,0.253023,0.265672,0.064631,0.172888,0.181298,0.081594,0.097632,0.168965,0.173527,0.181571,0.205922,0.149123,0.117531,0.160743,0.142776,0.106932,0.217904,0.296215
Barstool,0.172595,0.181388,0.171168,0.153503,1.0,0.163825,0.134642,0.091475,0.143585,0.126534,0.101572,0.109744,0.125048,0.109675,0.139118,0.100538,0.100687,0.128339,0.094327,0.101849,0.079591,0.109997,0.128093,0.095915,0.078092,0.075494,0.163197,0.112884,0.146966,0.123099,0.149626,0.117691,0.11235,0.146542,0.120219,0.155864,0.151306,0.092609,0.139832,0.154231,0.128796,0.097025,0.176184,0.100088,0.109794,0.07608,0.122082,0.100033,0.108099,0.125779,0.130468,0.078087,0.110528,0.100062,0.099573,0.120803,0.108966,0.065645,0.216848,0.062877,0.097671,0.113138,0.184507,0.166339,0.136587,0.12411,0.129149,0.194828,0.133471,0.112737,0.124125,0.115999,0.097652,0.174754,0.10449,0.158386,0.080977,0.123127,0.145112,0.065224,0.109838,0.122903,0.171408,0.08246,0.104162,0.137006,0.101732,0.084841,0.153321,0.107245,0.09151,0.112899,0.129561,0.159874,0.113687,0.146299,0.078964,0.110471,0.159662,0.149923,0.137708,0.120449,0.131827,0.062189,0.119665,0.053746,0.087016,0.097798,0.126543,0.174065,0.102262,0.2058,0.192179,0.155817,0.054376,0.114013,0.157932,0.088812,0.123079,0.106467,0.137857,0.143571,0.102316,0.129978,0.088303,0.1033,0.148228,0.101449,0.145263,0.18408
Baseball,0.389253,0.308657,0.298626,0.272076,0.163825,1.0,0.26488,0.164273,0.220039,0.151152,0.16358,0.168051,0.210849,0.184638,0.275045,0.092239,0.196699,0.19262,0.134671,0.087522,0.10603,0.197194,0.174765,0.153268,0.083453,0.076363,0.262171,0.086372,0.207695,0.230721,0.240834,0.151994,0.201423,0.232916,0.241184,0.171252,0.190507,0.118563,0.223442,0.150412,0.244611,0.149212,0.198373,0.11678,0.139443,0.143474,0.230918,0.195072,0.20685,0.219023,0.160683,0.135592,0.122674,0.120118,0.142587,0.215034,0.173353,0.078632,0.332507,0.089237,0.094001,0.172044,0.096897,0.167425,0.134699,0.222088,0.149126,0.22289,0.226662,0.078743,0.211484,0.120342,0.158105,0.223818,0.177576,0.190808,0.121424,0.227654,0.157302,0.112498,0.226829,0.170978,0.380496,0.119422,0.052511,0.227869,0.092397,0.124869,0.18212,0.122255,0.119744,0.219734,0.194702,0.265984,0.177559,0.201246,0.11079,0.181676,0.257796,0.293982,0.249191,0.231642,0.133126,0.056572,0.136271,0.069027,0.114967,0.170233,0.154171,0.295902,0.114464,0.29801,0.307095,0.315863,0.071343,0.204927,0.217789,0.097337,0.106489,0.197172,0.20621,0.211088,0.203102,0.133872,0.138059,0.176972,0.149072,0.128955,0.25989,0.41638
Basket,0.293971,0.241377,0.214989,0.221308,0.134642,0.26488,1.0,0.133272,0.203576,0.125704,0.180584,0.172372,0.201738,0.142833,0.22741,0.089869,0.161837,0.175696,0.121754,0.074305,0.096492,0.181972,0.136724,0.117687,0.085198,0.073618,0.21476,0.070489,0.163736,0.177636,0.204696,0.114428,0.204468,0.232321,0.186715,0.18067,0.150066,0.115275,0.17603,0.14447,0.227887,0.132599,0.151347,0.106737,0.125199,0.1444,0.179314,0.158014,0.209356,0.22524,0.118916,0.148763,0.120129,0.100527,0.145782,0.201334,0.173633,0.088043,0.248532,0.099907,0.075578,0.140502,0.078362,0.149928,0.120172,0.19358,0.111141,0.165351,0.190991,0.059847,0.183985,0.09371,0.141848,0.190083,0.149801,0.143627,0.106618,0.17496,0.107416,0.11024,0.162004,0.132166,0.27196,0.114906,0.030053,0.227926,0.070396,0.118514,0.146599,0.13067,0.101607,0.170547,0.152523,0.188952,0.135572,0.159393,0.099032,0.145226,0.201776,0.231406,0.207094,0.201111,0.112851,0.047738,0.113529,0.077219,0.1176,0.230423,0.143714,0.214954,0.092717,0.23112,0.240664,0.26553,0.061074,0.194104,0.209446,0.091326,0.083066,0.175538,0.168118,0.163179,0.189639,0.103955,0.130681,0.168127,0.119847,0.074845,0.237465,0.319506
Beanie,0.158924,0.13028,0.162757,0.141422,0.091475,0.164273,0.133272,1.0,0.118689,0.07988,0.105413,0.095375,0.100031,0.083093,0.128876,0.06057,0.090747,0.08662,0.079344,0.050214,0.064475,0.103769,0.092386,0.119059,0.03902,0.058618,0.114438,0.045917,0.089079,0.098414,0.113259,0.074614,0.118541,0.139967,0.150536,0.090617,0.090923,0.065593,0.101904,0.069994,0.118492,0.082709,0.093924,0.065563,0.073975,0.081971,0.125397,0.121677,0.09674,0.120635,0.124926,0.094619,0.060847,0.066653,0.083671,0.121268,0.16703,0.049188,0.13462,0.05936,0.055354,0.095431,0.053827,0.09184,0.063378,0.099369,0.069527,0.127268,0.109309,0.055497,0.120924,0.055268,0.090777,0.114204,0.081225,0.1074,0.083771,0.102075,0.088008,0.069371,0.096238,0.095631,0.151974,0.06671,0.027581,0.105231,0.055929,0.064503,0.098013,0.07907,0.072739,0.153081,0.087576,0.120648,0.090664,0.151991,0.069034,0.079698,0.161477,0.147698,0.137238,0.108155,0.077368,0.045237,0.075662,0.059102,0.069046,0.088856,0.089435,0.167289,0.063093,0.136793,0.13088,0.15709,0.04202,0.102374,0.099578,0.054835,0.041306,0.097352,0.109494,0.092498,0.123368,0.064468,0.068566,0.078469,0.072587,0.057411,0.124916,0.263302
Bed,0.269284,0.240858,0.180114,0.192347,0.143585,0.220039,0.203576,0.118689,1.0,0.120019,0.178053,0.221781,0.191115,0.13969,0.206702,0.077977,0.168828,0.144707,0.117362,0.072421,0.108139,0.201319,0.13214,0.111982,0.071705,0.063809,0.213765,0.077576,0.163666,0.158808,0.18363,0.110928,0.175944,0.43931,0.193883,0.198506,0.149029,0.11137,0.160984,0.139681,0.219723,0.123826,0.149691,0.098408,0.126345,0.157882,0.170343,0.138124,0.193199,0.247978,0.122971,0.15412,0.121691,0.111892,0.140079,0.170568,0.165243,0.070638,0.245411,0.117684,0.0803,0.138678,0.08341,0.164327,0.103415,0.192596,0.102757,0.15876,0.152142,0.070771,0.167723,0.099308,0.119896,0.188064,0.129934,0.134285,0.112717,0.162842,0.110666,0.125824,0.128297,0.119916,0.227857,0.099943,0.035502,0.153859,0.076422,0.125149,0.149543,0.123444,0.114292,0.160007,0.14588,0.189449,0.136971,0.136975,0.10726,0.129966,0.197711,0.21014,0.177627,0.219917,0.111572,0.048599,0.123895,0.107428,0.120439,0.147986,0.115583,0.188501,0.083706,0.22086,0.24505,0.279192,0.066162,0.216103,0.139982,0.080457,0.087786,0.182446,0.155582,0.137053,0.177762,0.09348,0.13976,0.154581,0.12609,0.058665,0.230543,0.254845
Bell,0.168087,0.183955,0.145047,0.152063,0.126534,0.151152,0.125704,0.07988,0.120019,1.0,0.106915,0.085268,0.095019,0.093206,0.155319,0.106579,0.111409,0.1195,0.079006,0.07986,0.071925,0.107612,0.119255,0.080846,0.086183,0.118502,0.160599,0.10045,0.156385,0.112133,0.152323,0.089506,0.113299,0.121193,0.102847,0.085452,0.121254,0.092669,0.138642,0.09477,0.133286,0.137654,0.141632,0.116769,0.093918,0.086363,0.121933,0.097602,0.119175,0.129032,0.095448,0.086612,0.10242,0.093402,0.102557,0.137876,0.116885,0.072474,0.190439,0.065572,0.094731,0.107331,0.097798,0.136197,0.158284,0.131308,0.144469,0.165326,0.139455,0.096999,0.130253,0.124814,0.084278,0.146448,0.10211,0.129913,0.086004,0.126939,0.138249,0.076441,0.088502,0.111906,0.153724,0.076334,0.076482,0.104139,0.078112,0.085217,0.142485,0.098054,0.074953,0.10335,0.124294,0.169105,0.111097,0.122712,0.082589,0.101207,0.129342,0.148561,0.122232,0.121054,0.135476,0.065163,0.123101,0.062503,0.089138,0.083152,0.094932,0.164267,0.103789,0.165509,0.172708,0.157415,0.072596,0.121131,0.11834,0.07926,0.119354,0.10856,0.142035,0.125156,0.102864,0.133124,0.094024,0.121056,0.16298,0.095295,0.141077,0.177608
Belt,0.208039,0.19314,0.132404,0.178472,0.101572,0.16358,0.180584,0.105413,0.178053,0.106915,1.0,0.162897,0.159434,0.108959,0.197358,0.073622,0.146655,0.130546,0.104522,0.049006,0.131345,0.176349,0.116016,0.083634,0.070558,0.063338,0.188742,0.096527,0.136046,0.126075,0.195875,0.084679,0.168382,0.236169,0.141225,0.146212,0.113789,0.114471,0.150784,0.114285,0.212315,0.115134,0.124713,0.096535,0.094556,0.193387,0.136954,0.123386,0.185454,0.271564,0.110014,0.211624,0.093332,0.106164,0.16669,0.204325,0.154276,0.059591,0.193495,0.138437,0.099269,0.130562,0.074313,0.123837,0.085164,0.173265,0.100492,0.150327,0.146267,0.069862,0.159308,0.09043,0.088742,0.158067,0.123174,0.123439,0.12268,0.13352,0.098457,0.156467,0.11178,0.099178,0.176481,0.100019,0.043103,0.117989,0.085054,0.098408,0.138342,0.173444,0.099844,0.126767,0.118135,0.160721,0.118658,0.140508,0.127219,0.10741,0.180885,0.171459,0.159879,0.21284,0.134696,0.028582,0.115049,0.123465,0.147665,0.130054,0.087739,0.148195,0.079734,0.160749,0.198774,0.215019,0.086142,0.188662,0.104149,0.070674,0.061331,0.159703,0.144829,0.115757,0.182068,0.086941,0.141427,0.133019,0.108189,0.059329,0.194015,0.194388
Bench,0.214147,0.166705,0.13569,0.133824,0.109744,0.168051,0.172372,0.095375,0.221781,0.085268,0.162897,1.0,0.164267,0.098557,0.155509,0.053005,0.129202,0.117896,0.091169,0.053991,0.100006,0.161723,0.087025,0.081595,0.059277,0.049174,0.15273,0.083894,0.118468,0.130329,0.131064,0.076555,0.151287,0.300851,0.144076,0.252815,0.098234,0.093229,0.119352,0.145251,0.198439,0.095616,0.106856,0.091582,0.086186,0.138565,0.124934,0.115155,0.170932,0.212231,0.082901,0.131569,0.112271,0.084758,0.125618,0.13043,0.140344,0.046119,0.151144,0.1055,0.072162,0.110855,0.070355,0.10859,0.072778,0.142668,0.077797,0.107667,0.118879,0.052983,0.134339,0.069716,0.094464,0.141406,0.104063,0.100253,0.094464,0.14,0.082358,0.118168,0.105576,0.087686,0.18588,0.085185,0.030569,0.122525,0.068517,0.094743,0.10508,0.107097,0.076542,0.123786,0.113033,0.122785,0.104692,0.097922,0.087185,0.103634,0.128788,0.158146,0.160731,0.167797,0.078962,0.034082,0.096304,0.104705,0.110686,0.135009,0.083283,0.134977,0.06625,0.159406,0.170866,0.206896,0.063978,0.164413,0.124878,0.065755,0.05445,0.149846,0.131954,0.100221,0.148284,0.075809,0.120504,0.125719,0.084698,0.053276,0.181129,0.180183
Bike,0.252519,0.205439,0.158688,0.171521,0.125048,0.210849,0.201738,0.100031,0.191115,0.095019,0.159434,0.164267,1.0,0.114199,0.192475,0.065012,0.14897,0.132248,0.092877,0.056875,0.090257,0.194111,0.115655,0.096294,0.060828,0.051155,0.192748,0.053968,0.140565,0.142639,0.179133,0.09534,0.175196,0.225016,0.144354,0.148951,0.115133,0.109057,0.146038,0.119521,0.2053,0.103796,0.115464,0.096806,0.10209,0.13418,0.141852,0.127713,0.186339,0.240205,0.103051,0.147565,0.098129,0.084474,0.119583,0.151924,0.14684,0.082162,0.187287,0.099344,0.071495,0.131654,0.069312,0.11466,0.078824,0.183386,0.082198,0.121463,0.146781,0.049987,0.151626,0.084232,0.102885,0.162514,0.116547,0.108427,0.103519,0.141158,0.074733,0.10095,0.109516,0.104717,0.218875,0.094016,0.028005,0.133178,0.070543,0.114429,0.128472,0.105203,0.121432,0.136798,0.135079,0.159152,0.110482,0.133192,0.093765,0.163438,0.173201,0.191019,0.156149,0.189305,0.092135,0.039317,0.091406,0.074738,0.108559,0.126954,0.134259,0.184394,0.071582,0.186059,0.213819,0.265668,0.052194,0.187296,0.123563,0.078418,0.061896,0.165072,0.144551,0.113618,0.14847,0.086257,0.125375,0.139166,0.089111,0.046592,0.201281,0.22921
Binder,0.181884,0.172098,0.158601,0.168304,0.109675,0.184638,0.142833,0.083093,0.13969,0.093206,0.108959,0.098557,0.114199,1.0,0.148821,0.067873,0.107965,0.12762,0.158425,0.08635,0.06048,0.114235,0.133645,0.092049,0.067472,0.050075,0.155649,0.063275,0.12452,0.125905,0.139473,0.153268,0.108874,0.138219,0.134795,0.117136,0.164756,0.090312,0.124704,0.105849,0.140148,0.104947,0.124163,0.082514,0.093618,0.09485,0.11672,0.109052,0.117058,0.142752,0.093626,0.094253,0.080174,0.073467,0.089456,0.145129,0.098368,0.060381,0.186187,0.057394,0.060444,0.101137,0.079956,0.108792,0.104609,0.133062,0.096167,0.143707,0.139808,0.061601,0.124707,0.081554,0.095118,0.129551,0.110766,0.132575,0.0847,0.131842,0.103413,0.076171,0.162609,0.095121,0.183587,0.099185,0.045679,0.142491,0.060274,0.092875,0.132214,0.081186,0.080528,0.123228,0.12041,0.153171,0.113314,0.116038,0.069779,0.109782,0.134955,0.15748,0.138344,0.129535,0.09322,0.038153,0.09341,0.059664,0.077298,0.118161,0.091586,0.154548,0.115546,0.171939,0.17403,0.173534,0.048594,0.121246,0.14641,0.064136,0.068394,0.120037,0.109335,0.133913,0.151233,0.092597,0.083648,0.107523,0.10214,0.06141,0.152008,0.190305
Binoculars,0.294023,0.280381,0.198312,0.218713,0.139118,0.275045,0.22741,0.128876,0.206702,0.155319,0.197358,0.155509,0.192475,0.148821,1.0,0.092099,0.181988,0.18353,0.12468,0.073735,0.104399,0.201492,0.163025,0.116678,0.096292,0.072992,0.232147,0.090423,0.199707,0.185936,0.242667,0.129428,0.245957,0.227066,0.172728,0.161245,0.158366,0.127341,0.21927,0.135271,0.266856,0.159903,0.17985,0.118594,0.123403,0.176985,0.19224,0.152647,0.22134,0.261295,0.129689,0.179546,0.114615,0.118178,0.149308,0.188937,0.171074,0.069562,0.30768,0.100006,0.092797,0.169732,0.084314,0.168436,0.117349,0.237619,0.152292,0.227683,0.197731,0.084909,0.217299,0.153157,0.138169,0.199452,0.15784,0.168973,0.138826,0.192341,0.143606,0.14391,0.142211,0.139607,0.252381,0.136565,0.048768,0.178238,0.094439,0.122506,0.192311,0.13775,0.113912,0.166454,0.174408,0.255991,0.161731,0.158758,0.12807,0.154306,0.206976,0.241658,0.199528,0.230374,0.153815,0.053106,0.153874,0.079649,0.130687,0.150582,0.137088,0.23432,0.097993,0.248791,0.282522,0.297109,0.076197,0.226296,0.159688,0.094206,0.103838,0.197596,0.194392,0.171136,0.194102,0.11583,0.178863,0.1659,0.152128,0.068226,0.25289,0.296004
Birdfeeder,0.10692,0.132104,0.120983,0.102471,0.100538,0.092239,0.089869,0.06057,0.077977,0.106579,0.073622,0.053005,0.065012,0.067873,0.092099,1.0,0.076686,0.100769,0.060241,0.068345,0.04955,0.068115,0.08498,0.074887,0.05278,0.115639,0.098152,0.068453,0.114629,0.077424,0.092546,0.060021,0.063261,0.076004,0.06685,0.073113,0.077765,0.059722,0.093783,0.070928,0.087682,0.073564,0.100414,0.076705,0.070465,0.051504,0.087493,0.062645,0.071387,0.078543,0.069572,0.056809,0.06964,0.059293,0.065726,0.098012,0.070335,0.045533,0.144185,0.041781,0.06546,0.075153,0.08305,0.099604,0.133986,0.079155,0.091331,0.119785,0.086338,0.069703,0.085899,0.084046,0.070414,0.107319,0.086441,0.098499,0.068708,0.084135,0.069844,0.043536,0.056013,0.097647,0.095797,0.05492,0.088234,0.086221,0.068652,0.061785,0.09175,0.065072,0.060292,0.074015,0.089977,0.114308,0.093491,0.091518,0.058868,0.063138,0.102038,0.094639,0.084427,0.079868,0.099277,0.05744,0.070503,0.035257,0.06154,0.064828,0.065085,0.103226,0.072569,0.109455,0.102257,0.105627,0.046937,0.073722,0.094824,0.070701,0.079834,0.065934,0.094572,0.091358,0.073008,0.08304,0.056693,0.07305,0.12734,0.059552,0.097443,0.110806
Boat,0.214198,0.190648,0.144474,0.153935,0.100687,0.196699,0.161837,0.090747,0.168828,0.111409,0.146655,0.129202,0.14897,0.107965,0.181988,0.076686,1.0,0.136826,0.087891,0.05845,0.091309,0.158088,0.118663,0.08744,0.070995,0.059794,0.167177,0.070131,0.136676,0.125871,0.158156,0.091113,0.148584,0.185709,0.136352,0.134099,0.115449,0.089918,0.132484,0.106909,0.17964,0.110206,0.118669,0.085152,0.09844,0.129463,0.136518,0.111909,0.149671,0.198852,0.095899,0.127522,0.087002,0.088046,0.113676,0.139261,0.124115,0.055012,0.206625,0.130768,0.069399,0.122756,0.075801,0.113417,0.090466,0.157613,0.096888,0.141907,0.128693,0.059178,0.142231,0.096691,0.090348,0.147042,0.108966,0.120345,0.087539,0.127987,0.097011,0.107757,0.105814,0.107281,0.193482,0.089677,0.038108,0.116098,0.067352,0.100781,0.125418,0.099399,0.096849,0.125031,0.111849,0.171764,0.108814,0.116061,0.093247,0.115791,0.140586,0.173813,0.131919,0.175081,0.094276,0.041424,0.102453,0.086895,0.104518,0.108585,0.099487,0.173701,0.071665,0.174659,0.198312,0.235079,0.062469,0.180845,0.106812,0.070571,0.067627,0.154025,0.137059,0.115052,0.136055,0.083185,0.118666,0.118495,0.102766,0.075511,0.180523,0.206078
Bonzai,0.200784,0.198944,0.15484,0.16032,0.128339,0.19262,0.175696,0.08662,0.144707,0.1195,0.130546,0.117896,0.132248,0.12762,0.18353,0.100769,0.136826,1.0,0.101198,0.096307,0.087932,0.131359,0.127921,0.113078,0.082664,0.071722,0.176863,0.091874,0.147978,0.145525,0.181337,0.109144,0.134493,0.150215,0.130283,0.119128,0.143301,0.091307,0.151471,0.118338,0.163417,0.121888,0.142125,0.092815,0.172155,0.108435,0.150451,0.109133,0.144084,0.165156,0.105424,0.109268,0.094899,0.101247,0.11415,0.145388,0.119267,0.064483,0.236195,0.075139,0.078905,0.111597,0.098144,0.152891,0.125298,0.156011,0.137957,0.149223,0.158965,0.071915,0.157093,0.113801,0.119115,0.177056,0.123034,0.142467,0.084137,0.138926,0.09891,0.088999,0.121644,0.138057,0.204228,0.096751,0.066009,0.172835,0.072448,0.089769,0.136995,0.109378,0.092753,0.135491,0.130003,0.190692,0.128676,0.140429,0.093831,0.12588,0.149323,0.188686,0.113455,0.161036,0.134462,0.078193,0.109132,0.068414,0.095642,0.115271,0.111726,0.193149,0.093053,0.191416,0.182195,0.210466,0.065544,0.132915,0.144289,0.216401,0.117769,0.128342,0.130746,0.174553,0.136275,0.099277,0.10286,0.128825,0.121158,0.08903,0.183994,0.225923
Book,0.142616,0.135412,0.129199,0.137392,0.094327,0.134671,0.121754,0.079344,0.117362,0.079006,0.104522,0.091169,0.092877,0.158425,0.12468,0.060241,0.087891,0.101198,1.0,0.080541,0.055673,0.100101,0.110687,0.093508,0.056429,0.055881,0.123824,0.061815,0.105321,0.105388,0.123175,0.113903,0.098074,0.124862,0.11687,0.093851,0.132855,0.077334,0.101407,0.086721,0.116806,0.090924,0.104755,0.071152,0.0857,0.084362,0.106113,0.100418,0.103939,0.127059,0.085486,0.080955,0.067888,0.065894,0.080647,0.13255,0.086027,0.053046,0.143383,0.058522,0.059551,0.089926,0.068056,0.096308,0.090082,0.102491,0.078408,0.11835,0.11815,0.059318,0.104027,0.068363,0.086854,0.112825,0.086953,0.109976,0.084865,0.102616,0.092152,0.075556,0.115633,0.086252,0.151823,0.083805,0.041574,0.125036,0.058485,0.086753,0.113876,0.079195,0.06173,0.116227,0.10281,0.115945,0.085747,0.102371,0.066731,0.077681,0.116087,0.125749,0.121024,0.10605,0.080298,0.048039,0.084363,0.064144,0.069126,0.106356,0.069876,0.127896,0.105825,0.139785,0.138223,0.132919,0.047929,0.106297,0.121844,0.060493,0.068342,0.093619,0.08944,0.115347,0.134008,0.083074,0.070406,0.088854,0.083875,0.056657,0.12166,0.14525
Bookend,0.085842,0.083628,0.087134,0.087416,0.101849,0.087522,0.074305,0.050214,0.072421,0.07986,0.049006,0.053991,0.056875,0.08635,0.073735,0.068345,0.05845,0.096307,0.080541,1.0,0.048414,0.053003,0.077956,0.07439,0.062042,0.056736,0.081881,0.060459,0.082221,0.074451,0.079561,0.083074,0.062406,0.066608,0.069023,0.061119,0.083416,0.072081,0.078465,0.062606,0.059815,0.069762,0.089479,0.07791,0.066744,0.041337,0.070323,0.0591,0.053135,0.061229,0.069183,0.045094,0.056861,0.04907,0.059991,0.079277,0.055572,0.052989,0.104832,0.036544,0.070599,0.067351,0.073092,0.088482,0.098217,0.066786,0.07441,0.08094,0.084372,0.052897,0.07055,0.097959,0.073523,0.089424,0.059028,0.077161,0.051931,0.067086,0.06075,0.035014,0.085854,0.070893,0.092661,0.069004,0.06574,0.087072,0.054474,0.062274,0.084683,0.070987,0.059109,0.069249,0.092151,0.072237,0.073978,0.07678,0.053518,0.056083,0.082428,0.077199,0.06801,0.063734,0.058444,0.069505,0.057797,0.044577,0.061893,0.064988,0.056631,0.082988,0.074664,0.097445,0.076631,0.081881,0.043154,0.054125,0.098069,0.062221,0.106834,0.054038,0.066308,0.092122,0.071602,0.071896,0.052142,0.06508,0.06823,0.05539,0.071288,0.096263
Boomerang,0.126476,0.118446,0.084914,0.094067,0.079591,0.10603,0.096492,0.064475,0.108139,0.071925,0.131345,0.100006,0.090257,0.06048,0.104399,0.04955,0.091309,0.087932,0.055673,0.048414,1.0,0.095286,0.067861,0.058799,0.057085,0.05305,0.093492,0.06354,0.08238,0.08109,0.087554,0.052764,0.110853,0.125608,0.086158,0.093802,0.070142,0.070549,0.086272,0.079417,0.11846,0.085087,0.075667,0.073723,0.068041,0.09376,0.089424,0.082703,0.115967,0.132509,0.073728,0.104028,0.057633,0.105491,0.115453,0.096798,0.093245,0.041189,0.118174,0.084224,0.073414,0.089716,0.064161,0.072006,0.059193,0.101437,0.072807,0.090496,0.084793,0.049049,0.090415,0.059147,0.064951,0.100776,0.074942,0.076202,0.070735,0.077338,0.078863,0.096686,0.059283,0.087046,0.108011,0.0534,0.03579,0.071609,0.069047,0.060236,0.08789,0.111565,0.073755,0.080889,0.075981,0.094246,0.070126,0.090506,0.125503,0.068173,0.119163,0.113452,0.081352,0.121649,0.070722,0.033729,0.105817,0.090638,0.107656,0.067129,0.059489,0.09104,0.041336,0.107246,0.129278,0.139661,0.074431,0.109756,0.065039,0.051877,0.056555,0.090155,0.086209,0.073996,0.088934,0.059761,0.083358,0.090257,0.071782,0.116238,0.111575,0.120136
Car,0.240394,0.210227,0.158174,0.171314,0.109997,0.197194,0.181972,0.103769,0.201319,0.107612,0.176349,0.161723,0.194111,0.114235,0.201492,0.068115,0.158088,0.131359,0.100101,0.053003,0.095286,1.0,0.125735,0.091861,0.065643,0.053289,0.187111,0.065076,0.15232,0.143969,0.179213,0.101015,0.178255,0.238193,0.15013,0.14609,0.12161,0.093282,0.144718,0.115243,0.204672,0.107523,0.132592,0.095734,0.105498,0.147028,0.147877,0.123442,0.180847,0.223562,0.106087,0.143482,0.101751,0.094339,0.126734,0.160593,0.134817,0.064378,0.219313,0.111421,0.076009,0.125186,0.06974,0.128701,0.090268,0.167332,0.096018,0.148031,0.143899,0.066455,0.153809,0.094059,0.099194,0.16584,0.112816,0.11651,0.110075,0.146255,0.095367,0.117071,0.108481,0.10461,0.206254,0.089362,0.031913,0.129323,0.069222,0.107968,0.141187,0.111131,0.093292,0.136567,0.127735,0.171895,0.117748,0.123867,0.100019,0.115884,0.164715,0.183049,0.158359,0.190948,0.102768,0.040531,0.107635,0.093896,0.110349,0.126831,0.098933,0.173035,0.076642,0.183165,0.213048,0.245755,0.061644,0.223075,0.120302,0.078777,0.073831,0.214786,0.143062,0.122101,0.161421,0.090757,0.13283,0.142924,0.104988,0.051952,0.203998,0.222384
Cellphone,0.186568,0.20057,0.174441,0.167815,0.128093,0.174765,0.136724,0.092386,0.13214,0.119255,0.116016,0.087025,0.115655,0.133645,0.163025,0.08498,0.118663,0.127921,0.110687,0.077956,0.067861,0.125735,1.0,0.091448,0.102207,0.073333,0.16997,0.083168,0.153701,0.124157,0.175836,0.174642,0.13545,0.135886,0.120882,0.095032,0.15534,0.082138,0.138215,0.099515,0.147014,0.136296,0.170372,0.095812,0.102668,0.094431,0.122203,0.111409,0.133919,0.157294,0.114601,0.095842,0.090049,0.098172,0.095779,0.147566,0.106555,0.075216,0.224749,0.074798,0.076173,0.112033,0.096933,0.12959,0.121658,0.141843,0.118416,0.197174,0.159319,0.083787,0.135537,0.112799,0.096922,0.155016,0.119736,0.149851,0.077526,0.12727,0.127924,0.085929,0.115436,0.123227,0.177411,0.090763,0.072779,0.127303,0.107092,0.111576,0.244263,0.097329,0.083019,0.120371,0.130932,0.180978,0.122666,0.13391,0.091338,0.103397,0.153731,0.152776,0.142558,0.135071,0.124,0.047118,0.12054,0.068045,0.080289,0.102256,0.106226,0.188977,0.146753,0.191509,0.193783,0.181047,0.075309,0.134788,0.140648,0.07367,0.09242,0.125563,0.135099,0.147033,0.124898,0.134762,0.085494,0.1048,0.114099,0.068645,0.16156,0.200642
Cheese,0.153365,0.137597,0.158168,0.121566,0.095915,0.153268,0.117687,0.119059,0.111982,0.080846,0.083634,0.081595,0.096294,0.092049,0.116678,0.074887,0.08744,0.113078,0.093508,0.07439,0.058799,0.091861,0.091448,1.0,0.062371,0.062652,0.108067,0.048262,0.09661,0.109977,0.102023,0.078611,0.103265,0.115131,0.133114,0.086079,0.099221,0.076,0.106353,0.087584,0.10979,0.085392,0.092203,0.067558,0.099681,0.072766,0.131001,0.122332,0.105669,0.104545,0.092937,0.07326,0.061526,0.0718,0.075042,0.11194,0.096581,0.048563,0.135478,0.053402,0.060174,0.08801,0.063274,0.106026,0.085615,0.102727,0.085924,0.119616,0.107797,0.06503,0.101041,0.072375,0.131708,0.125327,0.086473,0.107374,0.072351,0.096416,0.085155,0.061267,0.100425,0.103082,0.179172,0.082481,0.040497,0.130801,0.056264,0.067832,0.104451,0.078095,0.061723,0.137377,0.114192,0.108935,0.083648,0.1176,0.067662,0.078109,0.126133,0.146875,0.11316,0.095837,0.078844,0.059703,0.079732,0.03887,0.065643,0.089216,0.082501,0.12807,0.066001,0.133504,0.127699,0.139102,0.050825,0.085505,0.110821,0.069228,0.067141,0.090393,0.09525,0.126146,0.110037,0.075867,0.063913,0.085673,0.081396,0.075122,0.117351,0.170743
Cheesegrater,0.095038,0.094568,0.068345,0.08329,0.078092,0.083453,0.085198,0.03902,0.071705,0.086183,0.070558,0.059277,0.060828,0.067472,0.096292,0.05278,0.070995,0.082664,0.056429,0.062042,0.057085,0.065643,0.102207,0.062371,1.0,0.052352,0.076991,0.049619,0.124008,0.09253,0.080795,0.087881,0.065343,0.071928,0.066209,0.058968,0.079491,0.075402,0.083719,0.076834,0.081596,0.090129,0.091529,0.079367,0.066448,0.061135,0.071727,0.057047,0.100571,0.081237,0.069979,0.06473,0.07627,0.106846,0.069863,0.072106,0.060407,0.063491,0.105934,0.059567,0.068765,0.065205,0.066796,0.075382,0.101862,0.084825,0.095731,0.078148,0.092397,0.062927,0.085219,0.086098,0.063814,0.080494,0.065275,0.071095,0.05106,0.068402,0.061122,0.070704,0.056916,0.070868,0.092283,0.087969,0.048945,0.079237,0.089324,0.064082,0.11438,0.077132,0.052584,0.059147,0.086319,0.081384,0.061576,0.069893,0.091421,0.059913,0.07935,0.082964,0.072278,0.080438,0.059297,0.048514,0.0977,0.073318,0.081937,0.067688,0.059946,0.08976,0.091896,0.088308,0.103278,0.096774,0.070799,0.073042,0.099494,0.051872,0.079031,0.065506,0.071771,0.087266,0.062316,0.091132,0.079033,0.087862,0.065753,0.046501,0.086415,0.097462
Christmasstreeornament,0.08412,0.099369,0.101691,0.099364,0.075494,0.076363,0.073618,0.058618,0.063809,0.118502,0.063338,0.049174,0.051155,0.050075,0.072992,0.115639,0.059794,0.071722,0.055881,0.056736,0.05305,0.053289,0.073333,0.062652,0.052352,1.0,0.078815,0.076081,0.079457,0.06009,0.071313,0.051802,0.058834,0.060575,0.063764,0.04717,0.06743,0.064096,0.075025,0.06562,0.066607,0.089176,0.081599,0.06864,0.077865,0.044254,0.076775,0.059434,0.063098,0.06634,0.070597,0.051364,0.059715,0.064526,0.075388,0.095126,0.066269,0.042755,0.096317,0.048919,0.074332,0.077995,0.088093,0.083466,0.12171,0.065568,0.08527,0.090795,0.077701,0.072656,0.074232,0.070592,0.068964,0.088066,0.104299,0.096025,0.068415,0.055396,0.109654,0.045797,0.040367,0.09699,0.086767,0.049119,0.076073,0.069076,0.065217,0.046239,0.081651,0.080124,0.053231,0.069755,0.065234,0.093517,0.063791,0.091081,0.064102,0.05425,0.082497,0.085304,0.079819,0.062389,0.08116,0.060921,0.088128,0.040352,0.049378,0.046625,0.063422,0.101368,0.073381,0.100061,0.087897,0.077196,0.061887,0.058553,0.068413,0.065506,0.077488,0.050217,0.088436,0.086684,0.053613,0.087103,0.054497,0.061411,0.115461,0.098606,0.072615,0.101634
Clock,0.29093,0.277782,0.22203,0.216259,0.163197,0.262171,0.21476,0.114438,0.213765,0.160599,0.188742,0.15273,0.192748,0.155649,0.232147,0.098152,0.167177,0.176863,0.123824,0.081881,0.093492,0.187111,0.16997,0.108067,0.076991,0.078815,1.0,0.092195,0.190844,0.170232,0.281464,0.135126,0.174985,0.243156,0.182913,0.159348,0.181709,0.112487,0.187805,0.140978,0.226599,0.145657,0.184997,0.108482,0.128851,0.165842,0.178426,0.162768,0.201746,0.246199,0.130256,0.147331,0.118132,0.112725,0.135823,0.186473,0.148656,0.087317,0.338205,0.101883,0.09707,0.142063,0.09943,0.165724,0.157371,0.206582,0.129377,0.216021,0.190071,0.082032,0.191801,0.118499,0.117021,0.196107,0.159284,0.176403,0.110829,0.203879,0.140844,0.122494,0.165024,0.148293,0.272533,0.118698,0.05036,0.17416,0.083996,0.122403,0.195969,0.124376,0.107787,0.182347,0.156209,0.254123,0.152991,0.157011,0.122786,0.140827,0.204171,0.230773,0.209366,0.205694,0.149164,0.070366,0.142178,0.071212,0.113887,0.145057,0.130084,0.236208,0.098295,0.261467,0.279465,0.270708,0.070484,0.207315,0.165116,0.090179,0.102671,0.175056,0.171207,0.161391,0.176987,0.129408,0.139692,0.151245,0.172414,0.0724,0.231057,0.288566
Coatrack,0.089595,0.094404,0.093423,0.076364,0.112884,0.086372,0.070489,0.045917,0.077576,0.10045,0.096527,0.083894,0.053968,0.063275,0.090423,0.068453,0.070131,0.091874,0.061815,0.060459,0.06354,0.065076,0.083168,0.048262,0.049619,0.076081,0.092195,1.0,0.072619,0.06836,0.076106,0.06164,0.049701,0.087741,0.068409,0.074287,0.091995,0.067551,0.087201,0.084718,0.070961,0.100741,0.14366,0.0804,0.083132,0.082839,0.067669,0.059706,0.075268,0.087985,0.065065,0.058939,0.06541,0.074116,0.078424,0.068822,0.058331,0.044936,0.097895,0.058652,0.120193,0.075646,0.161231,0.109481,0.091757,0.072435,0.095624,0.106462,0.066333,0.139053,0.070736,0.086024,0.050069,0.105968,0.076128,0.113399,0.073275,0.059839,0.143366,0.066627,0.0557,0.086105,0.09701,0.060271,0.217656,0.070121,0.101829,0.052888,0.109054,0.069469,0.048845,0.075122,0.068848,0.111925,0.100429,0.085008,0.075933,0.083307,0.071583,0.079409,0.07289,0.072274,0.12161,0.026913,0.124703,0.057244,0.058714,0.057506,0.063047,0.095162,0.067787,0.089429,0.091333,0.084439,0.079206,0.068576,0.07275,0.097298,0.083116,0.062339,0.116798,0.082882,0.068645,0.084099,0.056636,0.059951,0.111012,0.089665,0.077694,0.089428
Coffeemaker,0.228795,0.224839,0.177663,0.198199,0.146966,0.207695,0.163736,0.089079,0.163666,0.156385,0.136046,0.118468,0.140565,0.12452,0.199707,0.114629,0.136676,0.147978,0.105321,0.082221,0.08238,0.15232,0.153701,0.09661,0.124008,0.079457,0.190844,0.072619,1.0,0.24325,0.195882,0.136788,0.142979,0.169944,0.1329,0.117062,0.149517,0.101626,0.17153,0.120473,0.180973,0.143211,0.166536,0.127814,0.11229,0.115322,0.149616,0.11868,0.171037,0.181167,0.116654,0.112481,0.144833,0.108076,0.114089,0.161452,0.12719,0.072253,0.283653,0.075154,0.078599,0.124808,0.087627,0.151557,0.167764,0.17757,0.142327,0.194694,0.169069,0.09561,0.168016,0.188472,0.101663,0.171433,0.128492,0.150315,0.102799,0.175252,0.127292,0.094923,0.115405,0.134903,0.209519,0.09864,0.067118,0.175476,0.103755,0.099291,0.169524,0.111873,0.088316,0.132791,0.174274,0.203496,0.133933,0.146209,0.103096,0.115927,0.184988,0.184486,0.164325,0.162763,0.134665,0.069804,0.130233,0.066605,0.104472,0.119648,0.10973,0.187207,0.121551,0.207435,0.230939,0.217806,0.063826,0.157725,0.187272,0.07666,0.153371,0.156711,0.147092,0.185113,0.134332,0.172463,0.12091,0.211508,0.138056,0.063209,0.197308,0.220212
Coffeemug,0.237815,0.202159,0.202808,0.18293,0.123099,0.230721,0.177636,0.098414,0.158808,0.112133,0.126075,0.130329,0.142639,0.125905,0.185936,0.077424,0.125871,0.145525,0.105388,0.074451,0.08109,0.143969,0.124157,0.109977,0.09253,0.06009,0.170232,0.06836,0.24325,1.0,0.162792,0.112501,0.139363,0.170852,0.150838,0.136738,0.136121,0.104287,0.155106,0.111694,0.165879,0.111537,0.141164,0.096083,0.123452,0.113853,0.135919,0.127307,0.168534,0.17076,0.108773,0.113411,0.101055,0.092622,0.112267,0.141818,0.127068,0.065486,0.211103,0.073607,0.079333,0.120413,0.083578,0.13384,0.108994,0.151285,0.116751,0.149955,0.154324,0.072464,0.153111,0.099281,0.123748,0.165361,0.122414,0.137675,0.087456,0.153192,0.114184,0.091602,0.13087,0.12748,0.233759,0.104255,0.046488,0.233005,0.088023,0.087852,0.145325,0.116874,0.080424,0.139418,0.16971,0.160043,0.115728,0.129452,0.098437,0.11265,0.161209,0.174119,0.160475,0.153292,0.100203,0.057315,0.112937,0.063577,0.095263,0.131091,0.094918,0.185412,0.088217,0.181581,0.193719,0.21009,0.059977,0.147447,0.183574,0.082583,0.154205,0.147886,0.129771,0.206041,0.145808,0.138374,0.116327,0.226436,0.114283,0.070652,0.18416,0.234571
Compass,0.268684,0.255458,0.199658,0.2125,0.149626,0.240834,0.204696,0.113259,0.18363,0.152323,0.195875,0.131064,0.179133,0.139473,0.242667,0.092546,0.158156,0.181337,0.123175,0.079561,0.087554,0.179213,0.175836,0.102023,0.080795,0.071313,0.281464,0.076106,0.195882,0.162792,1.0,0.125859,0.184408,0.204767,0.155101,0.134266,0.160033,0.113325,0.187857,0.118829,0.223936,0.151952,0.165664,0.104658,0.119231,0.150245,0.174586,0.14166,0.195269,0.237355,0.129247,0.150473,0.117058,0.106453,0.127181,0.184826,0.141749,0.080634,0.326177,0.092278,0.096614,0.146858,0.081444,0.163018,0.132775,0.202824,0.139536,0.20903,0.192306,0.075599,0.19758,0.137885,0.109542,0.19414,0.15679,0.159274,0.110881,0.179383,0.123975,0.110779,0.144378,0.136732,0.236903,0.100249,0.042848,0.164466,0.092476,0.136858,0.193418,0.127227,0.101473,0.156874,0.15299,0.249273,0.149734,0.160237,0.135997,0.133259,0.179379,0.219291,0.180331,0.198102,0.153946,0.048483,0.135768,0.07842,0.126192,0.131323,0.114064,0.221824,0.100762,0.23366,0.263707,0.249699,0.067335,0.194196,0.155235,0.088417,0.096904,0.171405,0.174809,0.158726,0.176694,0.119567,0.135902,0.150295,0.139519,0.06203,0.222389,0.262507
Computertower,0.158623,0.147212,0.148473,0.139315,0.117691,0.151994,0.114428,0.074614,0.110928,0.089506,0.084679,0.076555,0.09534,0.153268,0.129428,0.060021,0.091113,0.109144,0.113903,0.083074,0.052764,0.101015,0.174642,0.078611,0.087881,0.051802,0.135126,0.06164,0.136788,0.112501,0.125859,1.0,0.104982,0.112906,0.109043,0.088957,0.157426,0.085156,0.112144,0.093982,0.126799,0.094973,0.137748,0.077076,0.0951,0.074531,0.103795,0.094689,0.092755,0.11152,0.088531,0.073241,0.089288,0.078242,0.082669,0.112543,0.082041,0.064447,0.174123,0.056035,0.05733,0.095648,0.08204,0.112343,0.108645,0.108451,0.095057,0.132382,0.125457,0.074866,0.107895,0.094795,0.090773,0.119822,0.091367,0.119269,0.071015,0.140874,0.099792,0.06389,0.119001,0.090256,0.157597,0.095458,0.044868,0.119198,0.065377,0.10396,0.149868,0.076693,0.07302,0.101916,0.116574,0.118041,0.090029,0.115276,0.070367,0.083891,0.118555,0.129254,0.126419,0.109509,0.091461,0.048714,0.08712,0.053035,0.062403,0.094036,0.089833,0.154451,0.14684,0.157174,0.145679,0.144358,0.053687,0.107432,0.144076,0.064613,0.084577,0.10244,0.098986,0.126044,0.106844,0.100095,0.070561,0.094601,0.093382,0.056381,0.123383,0.176367
Controller,0.24045,0.20912,0.158484,0.174098,0.11235,0.201423,0.204468,0.118541,0.175944,0.113299,0.168382,0.151287,0.175196,0.108874,0.245957,0.063261,0.148584,0.134493,0.098074,0.062406,0.110853,0.178255,0.13545,0.103265,0.065343,0.058834,0.174985,0.049701,0.142979,0.139363,0.184408,0.104982,1.0,0.207232,0.143828,0.144869,0.121214,0.1006,0.176461,0.114828,0.211646,0.108082,0.128635,0.089312,0.098825,0.153849,0.147086,0.132044,0.166284,0.212369,0.106678,0.157779,0.097615,0.100876,0.144668,0.173246,0.150623,0.074364,0.202543,0.102486,0.072347,0.134306,0.063378,0.126566,0.08463,0.185116,0.104508,0.143117,0.175737,0.059412,0.165326,0.109743,0.115911,0.162687,0.110275,0.11161,0.103652,0.149668,0.090017,0.117762,0.117925,0.100346,0.200321,0.116072,0.025021,0.133445,0.086597,0.107035,0.176264,0.127554,0.111485,0.140569,0.135998,0.164588,0.124299,0.121407,0.104566,0.120595,0.146329,0.195497,0.160946,0.176177,0.104163,0.053861,0.100299,0.073905,0.124131,0.1327,0.127773,0.184147,0.078679,0.189808,0.208516,0.245617,0.070026,0.190475,0.132838,0.064105,0.066766,0.162986,0.149455,0.121612,0.160429,0.088973,0.157873,0.129259,0.105974,0.049223,0.200499,0.235784
Couch,0.289012,0.252158,0.187409,0.206771,0.146542,0.232916,0.232321,0.139967,0.43931,0.121193,0.236169,0.300851,0.225016,0.138219,0.227066,0.076004,0.185709,0.150215,0.124862,0.066608,0.125608,0.238193,0.135886,0.115131,0.071928,0.060575,0.243156,0.087741,0.169944,0.170852,0.204767,0.112906,0.207232,1.0,0.21022,0.216027,0.146105,0.126856,0.166642,0.146635,0.275606,0.139231,0.158895,0.106562,0.12712,0.19719,0.181554,0.149986,0.23183,0.296633,0.128117,0.182117,0.134782,0.122364,0.164065,0.191595,0.191948,0.076703,0.250713,0.142517,0.090003,0.146575,0.075912,0.18116,0.100774,0.202994,0.102996,0.154371,0.162727,0.072689,0.187551,0.095665,0.127061,0.196876,0.138291,0.136605,0.122247,0.18433,0.106449,0.154622,0.135953,0.126633,0.250897,0.112782,0.03049,0.154451,0.08133,0.133684,0.157745,0.139988,0.115375,0.171032,0.149261,0.186569,0.146299,0.141163,0.122447,0.141016,0.222181,0.221468,0.196107,0.255116,0.12025,0.046021,0.139879,0.14057,0.136122,0.158615,0.122459,0.202137,0.0816,0.226695,0.260764,0.305271,0.078212,0.248706,0.136752,0.080008,0.082048,0.211397,0.16732,0.136724,0.207917,0.095171,0.155587,0.164896,0.130057,0.067323,0.258002,0.281407
Cushion,0.238409,0.186116,0.210301,0.198485,0.120219,0.241184,0.186715,0.150536,0.193883,0.102847,0.141225,0.144076,0.144354,0.134795,0.172728,0.06685,0.136352,0.130283,0.11687,0.069023,0.086158,0.15013,0.120882,0.133114,0.066209,0.063764,0.182913,0.068409,0.1329,0.150838,0.155101,0.109043,0.143828,0.21022,1.0,0.14251,0.138692,0.089436,0.144178,0.119739,0.171462,0.107201,0.135473,0.087833,0.117403,0.125499,0.154435,0.153815,0.151535,0.182762,0.110394,0.114708,0.086518,0.093157,0.112117,0.179301,0.134859,0.061645,0.202809,0.082215,0.075099,0.125077,0.080133,0.122318,0.094015,0.154645,0.097627,0.152368,0.145235,0.060592,0.142962,0.080513,0.113414,0.150337,0.126994,0.131677,0.104457,0.150399,0.118811,0.108421,0.164967,0.110243,0.252396,0.089269,0.038464,0.166664,0.068584,0.095708,0.133406,0.100011,0.090038,0.190305,0.130425,0.164898,0.119515,0.140424,0.094407,0.12112,0.173464,0.201452,0.19092,0.158058,0.092352,0.044898,0.096252,0.074546,0.095805,0.139793,0.103864,0.190416,0.093329,0.206654,0.201847,0.225814,0.063243,0.154797,0.142232,0.080526,0.075552,0.140401,0.141576,0.140018,0.188377,0.095369,0.103228,0.128965,0.102767,0.073842,0.188527,0.264321
Desk,0.221773,0.174412,0.144649,0.138019,0.155864,0.171252,0.18067,0.090617,0.198506,0.085452,0.146212,0.252815,0.148951,0.117136,0.161245,0.073113,0.134099,0.119128,0.093851,0.061119,0.093802,0.14609,0.095032,0.086079,0.058968,0.04717,0.159348,0.074287,0.117062,0.136738,0.134266,0.088957,0.144869,0.216027,0.14251,1.0,0.122118,0.088031,0.119601,0.15726,0.188608,0.086354,0.114303,0.090644,0.087065,0.122164,0.121634,0.114611,0.152801,0.192146,0.091207,0.11593,0.125357,0.080632,0.115851,0.131925,0.130759,0.047678,0.162419,0.098222,0.069632,0.113699,0.106422,0.122673,0.094936,0.143503,0.078647,0.116738,0.117646,0.054253,0.130669,0.076626,0.094446,0.146454,0.101742,0.109838,0.074818,0.142588,0.087882,0.09968,0.115667,0.089323,0.194568,0.091992,0.029027,0.131113,0.065147,0.094387,0.112925,0.10153,0.084731,0.120768,0.115412,0.131603,0.104073,0.102883,0.081612,0.101693,0.140062,0.162601,0.154105,0.162987,0.077748,0.036065,0.09431,0.084066,0.109336,0.162886,0.111426,0.149796,0.071419,0.154471,0.182489,0.215357,0.05267,0.159069,0.13831,0.060368,0.057616,0.138802,0.125954,0.111934,0.147617,0.08384,0.115267,0.130842,0.091254,0.062006,0.173707,0.186507
Door,0.195394,0.19347,0.177632,0.170891,0.151306,0.190507,0.150066,0.090923,0.149029,0.121254,0.113789,0.098234,0.115133,0.164756,0.158366,0.077765,0.115449,0.143301,0.132855,0.083416,0.070142,0.12161,0.15534,0.099221,0.079491,0.06743,0.181709,0.091995,0.149517,0.136121,0.160033,0.157426,0.121214,0.146105,0.138692,0.122118,1.0,0.09802,0.137708,0.128661,0.138518,0.121511,0.154911,0.099157,0.114986,0.102751,0.135811,0.116727,0.126653,0.159142,0.116471,0.092821,0.092641,0.092208,0.097568,0.146495,0.102483,0.06405,0.226446,0.075602,0.07943,0.116781,0.137724,0.143483,0.152538,0.137636,0.11604,0.180832,0.160743,0.083382,0.133168,0.104447,0.096935,0.154613,0.121474,0.165118,0.081893,0.141637,0.132418,0.08536,0.191364,0.118437,0.198328,0.093811,0.058608,0.149836,0.083168,0.084215,0.169545,0.098019,0.085597,0.142736,0.135748,0.189398,0.112983,0.145686,0.091595,0.110552,0.14632,0.161747,0.153341,0.136823,0.13362,0.04651,0.115244,0.058183,0.081611,0.114617,0.107069,0.180258,0.122935,0.200262,0.201934,0.185113,0.059471,0.13171,0.162209,0.083003,0.100908,0.117675,0.12862,0.160038,0.130926,0.131033,0.091959,0.113055,0.133977,0.07432,0.152916,0.208327
Doorknob,0.125822,0.12201,0.104478,0.106009,0.092609,0.118563,0.115275,0.065593,0.11137,0.092669,0.114471,0.093229,0.109057,0.090312,0.127341,0.059722,0.089918,0.091307,0.077334,0.072081,0.070549,0.093282,0.082138,0.076,0.075402,0.064096,0.112487,0.067551,0.101626,0.104287,0.113325,0.085156,0.1006,0.126856,0.089436,0.088031,0.09802,1.0,0.106105,0.085519,0.149656,0.075846,0.101621,0.099788,0.088236,0.077279,0.101433,0.096898,0.110705,0.125691,0.081459,0.093582,0.073258,0.080994,0.104739,0.097705,0.102349,0.070139,0.117481,0.069159,0.097852,0.087711,0.067468,0.098825,0.089894,0.100603,0.120923,0.101855,0.121262,0.073228,0.095443,0.08665,0.089391,0.108267,0.088695,0.078501,0.086071,0.082904,0.068537,0.077285,0.083535,0.086267,0.129919,0.097995,0.038953,0.094179,0.079786,0.084591,0.107026,0.122839,0.071368,0.087876,0.112029,0.094558,0.077505,0.094544,0.089914,0.078604,0.129478,0.122633,0.084645,0.111366,0.072024,0.050232,0.092418,0.074048,0.094377,0.081966,0.081849,0.105493,0.070094,0.114271,0.116037,0.126803,0.060749,0.105006,0.084849,0.056041,0.075331,0.091424,0.089912,0.094072,0.094681,0.080244,0.102974,0.102108,0.082354,0.051744,0.112928,0.148652
Drill,0.244961,0.245073,0.195273,0.184926,0.139832,0.223442,0.17603,0.101904,0.160984,0.138642,0.150784,0.119352,0.146038,0.124704,0.21927,0.093783,0.132484,0.151471,0.101407,0.078465,0.086272,0.144718,0.138215,0.106353,0.083719,0.075025,0.187805,0.087201,0.17153,0.155106,0.187857,0.112144,0.176461,0.166642,0.144178,0.119601,0.137708,0.106105,1.0,0.112652,0.204661,0.138018,0.169214,0.120534,0.112985,0.12224,0.151061,0.119782,0.169666,0.178947,0.104806,0.109585,0.100678,0.110835,0.118813,0.167362,0.133781,0.065107,0.272116,0.074084,0.117055,0.132693,0.084308,0.152347,0.107549,0.18656,0.146621,0.220761,0.179118,0.088788,0.165732,0.160289,0.109371,0.183556,0.124953,0.169491,0.098531,0.171621,0.142648,0.095136,0.126928,0.123233,0.197921,0.107479,0.081406,0.155496,0.119015,0.101872,0.169979,0.111146,0.088059,0.137832,0.154711,0.218339,0.15103,0.150099,0.119888,0.1311,0.175931,0.197407,0.178919,0.157857,0.132916,0.05494,0.127748,0.064652,0.120568,0.123493,0.11084,0.207533,0.105065,0.245368,0.23235,0.210548,0.073215,0.15727,0.16089,0.079936,0.12434,0.142785,0.166698,0.163293,0.152722,0.120454,0.165141,0.129857,0.141143,0.063757,0.203426,0.240177
Dryingrack,0.167436,0.149411,0.130018,0.119007,0.154231,0.150412,0.14447,0.069994,0.139681,0.09477,0.114285,0.145251,0.119521,0.105849,0.135271,0.070928,0.106909,0.118338,0.086721,0.062606,0.079417,0.115243,0.099515,0.087584,0.076834,0.06562,0.140978,0.084718,0.120473,0.111694,0.118829,0.093982,0.114828,0.146635,0.119739,0.15726,0.128661,0.085519,0.112652,1.0,0.128555,0.091639,0.118525,0.089026,0.091121,0.100014,0.109402,0.107309,0.125579,0.147557,0.09059,0.096653,0.1088,0.092904,0.104399,0.100633,0.101718,0.053923,0.156686,0.079941,0.071845,0.104802,0.139016,0.105989,0.107043,0.135273,0.086711,0.110214,0.113783,0.067773,0.115528,0.081906,0.095116,0.128776,0.102611,0.108554,0.078492,0.117758,0.088076,0.088512,0.113686,0.092229,0.163486,0.080119,0.054795,0.118769,0.074688,0.07773,0.112565,0.097007,0.079168,0.107445,0.109454,0.127016,0.100115,0.107505,0.085637,0.099188,0.111295,0.134021,0.125112,0.124722,0.088763,0.047619,0.086748,0.071797,0.090841,0.110976,0.114755,0.122063,0.082724,0.152699,0.161669,0.165274,0.056172,0.120021,0.123993,0.065403,0.071169,0.113006,0.121885,0.108152,0.107663,0.087817,0.096616,0.106732,0.105731,0.066762,0.135382,0.161127
Dumbbell,0.291744,0.271734,0.179751,0.204285,0.128796,0.244611,0.227887,0.118492,0.219723,0.133286,0.212315,0.198439,0.2053,0.140148,0.266856,0.087682,0.17964,0.163417,0.116806,0.059815,0.11846,0.204672,0.147014,0.10979,0.081596,0.066607,0.226599,0.070961,0.180973,0.165879,0.223936,0.126799,0.211646,0.275606,0.171462,0.188608,0.138518,0.149656,0.204661,0.128555,1.0,0.146369,0.157284,0.11454,0.111421,0.183525,0.175202,0.146269,0.236637,0.269445,0.11876,0.172426,0.119787,0.126489,0.155329,0.198494,0.170811,0.083894,0.26838,0.127529,0.092995,0.156426,0.076796,0.157004,0.104111,0.217888,0.126539,0.181119,0.189343,0.085712,0.197639,0.106224,0.113825,0.197357,0.147587,0.144312,0.11629,0.185971,0.108299,0.153639,0.128463,0.130503,0.240565,0.119448,0.040233,0.158449,0.089067,0.135012,0.168668,0.119042,0.11478,0.153748,0.165718,0.206045,0.150358,0.146636,0.127488,0.15002,0.196972,0.230644,0.20343,0.233414,0.128587,0.035777,0.14607,0.093128,0.132063,0.15189,0.141579,0.20995,0.092225,0.22671,0.270579,0.286019,0.079003,0.225187,0.146944,0.073878,0.079126,0.200588,0.189601,0.153623,0.198949,0.10676,0.159828,0.16255,0.134399,0.059859,0.253877,0.263701
Dustpan,0.163126,0.174785,0.14026,0.152652,0.097025,0.149212,0.132599,0.082709,0.123826,0.137654,0.115134,0.095616,0.103796,0.104947,0.159903,0.073564,0.110206,0.121888,0.090924,0.069762,0.085087,0.107523,0.136296,0.085392,0.090129,0.089176,0.145657,0.100741,0.143211,0.111537,0.151952,0.094973,0.108082,0.139231,0.107201,0.086354,0.121511,0.075846,0.138018,0.091639,0.146369,1.0,0.14276,0.087233,0.096062,0.100348,0.11161,0.09665,0.21544,0.149472,0.100795,0.099591,0.097549,0.105315,0.098189,0.144153,0.10122,0.060444,0.208783,0.068139,0.085592,0.098557,0.080197,0.119173,0.116995,0.146191,0.106498,0.175438,0.129175,0.090933,0.129765,0.105636,0.088524,0.140068,0.110084,0.139748,0.093944,0.131113,0.130251,0.081539,0.097305,0.120364,0.15563,0.074633,0.09089,0.113868,0.089999,0.086591,0.146453,0.091236,0.060361,0.10959,0.103477,0.179726,0.121329,0.114053,0.1115,0.094699,0.126555,0.144294,0.121645,0.123531,0.118537,0.04305,0.191967,0.075591,0.091623,0.094346,0.081734,0.155971,0.096796,0.168887,0.18946,0.159357,0.09726,0.123856,0.119879,0.074107,0.099765,0.11077,0.132457,0.136983,0.122474,0.106339,0.088219,0.110995,0.106629,0.107594,0.147307,0.162881
Fan,0.204885,0.207306,0.198845,0.174621,0.176184,0.198373,0.151347,0.093924,0.149691,0.141632,0.124713,0.106856,0.115464,0.124163,0.17985,0.100414,0.118669,0.142125,0.104755,0.089479,0.075667,0.132592,0.170372,0.092203,0.091529,0.081599,0.184997,0.14366,0.166536,0.141164,0.165664,0.137748,0.128635,0.158895,0.135473,0.114303,0.154911,0.101621,0.169214,0.118525,0.157284,0.14276,1.0,0.115733,0.123628,0.10565,0.133394,0.115037,0.142096,0.159123,0.109754,0.097443,0.105992,0.114934,0.105374,0.14626,0.108818,0.077823,0.242983,0.076011,0.109661,0.119328,0.129104,0.174703,0.144602,0.148452,0.169481,0.240265,0.154583,0.143071,0.146476,0.128674,0.100869,0.175845,0.123117,0.184714,0.099723,0.138797,0.178193,0.094581,0.122089,0.132216,0.195987,0.095603,0.146028,0.143697,0.12134,0.099834,0.197469,0.104032,0.083319,0.13106,0.13926,0.20001,0.143931,0.154892,0.107528,0.119314,0.161455,0.165551,0.15677,0.138274,0.156154,0.055906,0.156232,0.065434,0.09389,0.103894,0.111033,0.198901,0.123876,0.221263,0.225184,0.188415,0.089233,0.135147,0.158698,0.109654,0.126719,0.125822,0.16285,0.158879,0.125305,0.161663,0.107705,0.118146,0.147101,0.072005,0.169098,0.211605
Faucet,0.12189,0.1167,0.101442,0.116408,0.100088,0.11678,0.106737,0.065563,0.098408,0.116769,0.096535,0.091582,0.096806,0.082514,0.118594,0.076705,0.085152,0.092815,0.071152,0.07791,0.073723,0.095734,0.095812,0.067558,0.079367,0.06864,0.108482,0.0804,0.127814,0.096083,0.104658,0.077076,0.089312,0.106562,0.087833,0.090644,0.099157,0.099788,0.120534,0.089026,0.11454,0.087233,0.115733,1.0,0.070046,0.075502,0.087354,0.086406,0.096558,0.125364,0.07468,0.082997,0.083808,0.073789,0.086791,0.112102,0.082609,0.104212,0.127365,0.064312,0.098213,0.082901,0.08686,0.10968,0.126217,0.105432,0.109031,0.123606,0.143599,0.067702,0.095537,0.115895,0.06872,0.112301,0.085728,0.091914,0.069678,0.095563,0.085744,0.071128,0.08285,0.082428,0.119087,0.071523,0.062371,0.099193,0.093071,0.078745,0.11137,0.092886,0.065228,0.087771,0.104629,0.105676,0.093044,0.104572,0.089442,0.088447,0.106844,0.115616,0.104208,0.09889,0.075243,0.053213,0.085518,0.069306,0.093122,0.081057,0.076923,0.106928,0.089871,0.120002,0.117016,0.12115,0.063933,0.094155,0.109222,0.056574,0.093283,0.091003,0.106159,0.102527,0.085942,0.102292,0.092375,0.106078,0.08496,0.063757,0.11097,0.134857
Flower,0.139334,0.151144,0.141296,0.114431,0.109794,0.139443,0.125199,0.073975,0.126345,0.093918,0.094556,0.086186,0.10209,0.093618,0.123403,0.070465,0.09844,0.172155,0.0857,0.066744,0.068041,0.105498,0.102668,0.099681,0.066448,0.077865,0.128851,0.083132,0.11229,0.123452,0.119231,0.0951,0.098825,0.12712,0.117403,0.087065,0.114986,0.088236,0.112985,0.091121,0.111421,0.096062,0.123628,0.070046,1.0,0.077595,0.125653,0.103695,0.105207,0.130102,0.09471,0.089527,0.072958,0.089574,0.094378,0.099099,0.09202,0.044868,0.160067,0.072606,0.071512,0.105328,0.085927,0.123051,0.096256,0.106212,0.120236,0.130876,0.102749,0.108578,0.108607,0.079731,0.121836,0.154382,0.095936,0.122803,0.095091,0.093844,0.111413,0.068805,0.081275,0.15184,0.155731,0.07754,0.068096,0.138443,0.072727,0.074596,0.13016,0.103309,0.080387,0.113477,0.094315,0.132128,0.08191,0.10146,0.07577,0.078505,0.14127,0.153713,0.105205,0.117439,0.104032,0.070094,0.105139,0.052337,0.066443,0.088795,0.084554,0.135566,0.066958,0.147042,0.13683,0.147505,0.064018,0.108523,0.104739,0.164488,0.109612,0.098985,0.102322,0.148363,0.094808,0.092639,0.083651,0.10971,0.108962,0.065214,0.132079,0.172084
Flute,0.188351,0.169489,0.122704,0.126456,0.07608,0.143474,0.1444,0.081971,0.157882,0.086363,0.193387,0.138565,0.13418,0.09485,0.176985,0.051504,0.129463,0.108435,0.084362,0.041337,0.09376,0.147028,0.094431,0.072766,0.061135,0.044254,0.165842,0.082839,0.115322,0.113853,0.150245,0.074531,0.153849,0.19719,0.125499,0.122164,0.102751,0.077279,0.12224,0.100014,0.183525,0.100348,0.10565,0.075502,0.077595,1.0,0.110082,0.102058,0.16675,0.245196,0.073521,0.151028,0.076252,0.091847,0.119127,0.128368,0.122179,0.049655,0.175062,0.12624,0.080492,0.104983,0.064749,0.108251,0.066096,0.140552,0.07522,0.117956,0.115782,0.053564,0.13336,0.07027,0.072962,0.131363,0.101866,0.100645,0.081888,0.119081,0.087014,0.187956,0.099509,0.086003,0.164689,0.101199,0.03385,0.105012,0.068644,0.08515,0.121517,0.095777,0.077534,0.113058,0.101547,0.166014,0.101183,0.091085,0.103941,0.099424,0.118158,0.146725,0.140452,0.166409,0.091336,0.02309,0.111508,0.079195,0.100701,0.104304,0.076142,0.126664,0.053291,0.137181,0.186013,0.180875,0.082669,0.171044,0.092331,0.059204,0.056622,0.135079,0.123763,0.097069,0.13155,0.077363,0.127131,0.119854,0.095207,0.052483,0.166173,0.170634
Fossils,0.233404,0.230561,0.189526,0.177125,0.122082,0.230918,0.179314,0.125397,0.170343,0.121933,0.136954,0.124934,0.141852,0.11672,0.19224,0.087493,0.136518,0.150451,0.106113,0.070323,0.089424,0.147877,0.122203,0.131001,0.071727,0.076775,0.178426,0.067669,0.149616,0.135919,0.174586,0.103795,0.147086,0.181554,0.154435,0.121634,0.135811,0.101433,0.151061,0.109402,0.175202,0.11161,0.133394,0.087354,0.125653,0.110082,1.0,0.129096,0.147458,0.171749,0.120092,0.116154,0.089578,0.096101,0.115481,0.155412,0.132268,0.06375,0.234938,0.082775,0.074425,0.127816,0.073001,0.131239,0.105837,0.163691,0.111199,0.174489,0.153373,0.074749,0.168501,0.093066,0.154955,0.177891,0.123683,0.135981,0.117962,0.143384,0.107639,0.092233,0.110217,0.154955,0.226519,0.090254,0.039827,0.143775,0.070357,0.098589,0.133653,0.112169,0.097732,0.160418,0.133887,0.194688,0.114141,0.150578,0.093854,0.113386,0.207998,0.246669,0.153187,0.171364,0.108598,0.056603,0.105343,0.070027,0.097682,0.118458,0.107016,0.190801,0.085743,0.200632,0.20866,0.219974,0.057846,0.165623,0.128371,0.090269,0.078885,0.146082,0.13952,0.143124,0.139844,0.093825,0.114138,0.121663,0.116551,0.064327,0.192066,0.274323
Frisbee,0.184421,0.157502,0.181258,0.157026,0.100033,0.195072,0.158014,0.121677,0.138124,0.097602,0.123386,0.115155,0.127713,0.109052,0.152647,0.062645,0.111909,0.109133,0.100418,0.0591,0.082703,0.123442,0.111409,0.122332,0.057047,0.059434,0.162768,0.059706,0.11868,0.127307,0.14166,0.094689,0.132044,0.149986,0.153815,0.114611,0.116727,0.096898,0.119782,0.107309,0.146269,0.09665,0.115037,0.086406,0.103695,0.102058,0.129096,1.0,0.139604,0.147823,0.098149,0.103853,0.079539,0.074763,0.103577,0.136866,0.118533,0.060236,0.172185,0.075477,0.063364,0.10743,0.068038,0.105395,0.085342,0.133917,0.097528,0.132614,0.134694,0.068507,0.125936,0.07476,0.127019,0.130759,0.111401,0.106305,0.095522,0.125478,0.104914,0.093137,0.132653,0.100687,0.217359,0.07976,0.033273,0.131096,0.064418,0.090343,0.121036,0.111766,0.068416,0.164379,0.10477,0.138149,0.097483,0.108971,0.082075,0.097203,0.183063,0.169029,0.152556,0.129536,0.082121,0.071155,0.084336,0.07351,0.090747,0.110593,0.088823,0.146827,0.081622,0.154387,0.153685,0.172472,0.057817,0.126722,0.118693,0.06094,0.065218,0.119181,0.111419,0.122924,0.124902,0.08451,0.08733,0.104028,0.092378,0.063534,0.148512,0.212593
Fryingpan,0.25207,0.232505,0.172415,0.168428,0.108099,0.20685,0.209356,0.09674,0.193199,0.119175,0.185454,0.170932,0.186339,0.117058,0.22134,0.071387,0.149671,0.144084,0.103939,0.053135,0.115967,0.180847,0.133919,0.105669,0.100571,0.063098,0.201746,0.075268,0.171037,0.168534,0.195269,0.092755,0.166284,0.23183,0.151535,0.152801,0.126653,0.110705,0.169666,0.125579,0.236637,0.21544,0.142096,0.096558,0.105207,0.16675,0.147458,0.139604,1.0,0.237638,0.09931,0.149479,0.133414,0.118415,0.135629,0.161064,0.145273,0.069521,0.228207,0.100811,0.084916,0.12507,0.072899,0.130016,0.097469,0.191,0.104118,0.164802,0.166968,0.060009,0.163583,0.098745,0.10344,0.176016,0.124061,0.128625,0.100075,0.182795,0.108438,0.132491,0.122903,0.116448,0.236566,0.100038,0.040378,0.14546,0.082855,0.133629,0.147083,0.126581,0.079204,0.141203,0.144651,0.190464,0.131263,0.124369,0.130045,0.117185,0.160815,0.195332,0.177896,0.188931,0.107734,0.039252,0.155786,0.099329,0.127238,0.137645,0.10511,0.183956,0.076058,0.194051,0.239213,0.238721,0.080134,0.192269,0.135361,0.072972,0.075475,0.17499,0.154394,0.143445,0.170433,0.109427,0.130887,0.168882,0.110955,0.065451,0.216541,0.223493
Glasses,0.289167,0.273813,0.179131,0.195244,0.125779,0.219023,0.22524,0.120635,0.247978,0.129032,0.271564,0.212231,0.240205,0.142752,0.261295,0.078543,0.198852,0.165156,0.127059,0.061229,0.132509,0.223562,0.157294,0.104545,0.081237,0.06634,0.246199,0.087985,0.181167,0.17076,0.237355,0.11152,0.212369,0.296633,0.182762,0.192146,0.159142,0.125691,0.178947,0.147557,0.269445,0.149472,0.159123,0.125364,0.130102,0.245196,0.171749,0.147823,0.237638,1.0,0.130239,0.369318,0.112858,0.128769,0.189155,0.199145,0.200171,0.093141,0.263251,0.157256,0.102949,0.170992,0.095754,0.166104,0.106678,0.212901,0.117244,0.190224,0.177236,0.07502,0.207389,0.118797,0.113759,0.20478,0.167734,0.156311,0.129255,0.170627,0.113269,0.190276,0.138798,0.126121,0.252389,0.124418,0.037424,0.158283,0.096065,0.13577,0.18194,0.160159,0.114375,0.171072,0.144319,0.23199,0.145051,0.157664,0.170686,0.141246,0.19821,0.234713,0.207444,0.25629,0.142234,0.034885,0.155722,0.133612,0.167423,0.153724,0.120512,0.220139,0.083531,0.212663,0.296872,0.313578,0.095086,0.254796,0.135303,0.098745,0.086503,0.207561,0.199296,0.13768,0.199786,0.112277,0.181548,0.182207,0.1398,0.069997,0.251315,0.275998
Glove,0.144107,0.141096,0.136846,0.155573,0.130468,0.160683,0.118916,0.124926,0.122971,0.095448,0.110014,0.082901,0.103051,0.093626,0.129689,0.069572,0.095899,0.105424,0.085486,0.069183,0.073728,0.106087,0.114601,0.092937,0.069979,0.070597,0.130256,0.065065,0.116654,0.108773,0.129247,0.088531,0.106678,0.128117,0.110394,0.091207,0.116471,0.081459,0.104806,0.09059,0.11876,0.100795,0.109754,0.07468,0.09471,0.073521,0.120092,0.098149,0.09931,0.130239,1.0,0.098667,0.075452,0.095677,0.090502,0.135446,0.114906,0.066587,0.157504,0.067949,0.073508,0.094452,0.083778,0.105988,0.105777,0.111826,0.103879,0.131904,0.117329,0.073069,0.127513,0.086669,0.091005,0.133838,0.098117,0.116005,0.076854,0.095502,0.095905,0.070591,0.078504,0.103992,0.147206,0.07817,0.046003,0.109691,0.078465,0.074087,0.126021,0.096205,0.094261,0.110207,0.098482,0.134747,0.087573,0.142069,0.086593,0.085418,0.153633,0.135357,0.127503,0.124323,0.100796,0.053506,0.093023,0.06488,0.088121,0.084731,0.096233,0.153252,0.082477,0.145732,0.148512,0.146774,0.057219,0.108203,0.101844,0.069585,0.089316,0.098161,0.097179,0.120216,0.10707,0.097945,0.086501,0.10875,0.092333,0.065256,0.138877,0.186002
Goggles,0.174359,0.166451,0.107561,0.124912,0.078087,0.135592,0.148763,0.094619,0.15412,0.086612,0.211624,0.131569,0.147565,0.094253,0.179546,0.056809,0.127522,0.109268,0.080955,0.045094,0.104028,0.143482,0.095842,0.07326,0.06473,0.051364,0.147331,0.058939,0.112481,0.113411,0.150473,0.073241,0.157779,0.182117,0.114708,0.11593,0.092821,0.093582,0.109585,0.096653,0.172426,0.099591,0.097443,0.082997,0.089527,0.151028,0.116154,0.103853,0.149479,0.369318,0.098667,1.0,0.081289,0.091634,0.145041,0.128697,0.136986,0.07695,0.154989,0.111587,0.070218,0.118512,0.058513,0.097895,0.072187,0.136844,0.085409,0.110072,0.11062,0.053049,0.166272,0.078753,0.086654,0.126205,0.112557,0.095318,0.10104,0.107256,0.067631,0.118082,0.084487,0.085125,0.151665,0.096182,0.028802,0.100239,0.070135,0.088662,0.110594,0.142569,0.088454,0.106598,0.092502,0.140941,0.091765,0.103543,0.121013,0.093155,0.13375,0.149949,0.117957,0.169588,0.092103,0.030606,0.091862,0.118173,0.137875,0.102307,0.081457,0.13092,0.056141,0.125197,0.172832,0.189599,0.074135,0.160922,0.084475,0.067582,0.0586,0.135269,0.117884,0.090718,0.126834,0.068201,0.129881,0.123654,0.088042,0.050702,0.157553,0.175743
Grill,0.138475,0.133693,0.107116,0.119969,0.110528,0.122674,0.120129,0.060847,0.121691,0.10242,0.093332,0.112271,0.098129,0.080174,0.114615,0.06964,0.087002,0.094899,0.067888,0.056861,0.057633,0.101751,0.090049,0.061526,0.07627,0.059715,0.118132,0.06541,0.144833,0.101055,0.117058,0.089288,0.097615,0.134782,0.086518,0.125357,0.092641,0.073258,0.100678,0.1088,0.119787,0.097549,0.105992,0.083808,0.072958,0.076252,0.089578,0.079539,0.133414,0.112858,0.075452,0.081289,1.0,0.082084,0.0823,0.106954,0.089226,0.063574,0.141751,0.067547,0.05097,0.08201,0.075384,0.095436,0.113762,0.104525,0.087278,0.099612,0.100948,0.065854,0.105599,0.092705,0.074921,0.109363,0.075257,0.084095,0.071435,0.147311,0.071969,0.074898,0.074356,0.075556,0.124129,0.076432,0.045607,0.089726,0.063859,0.087862,0.095993,0.078559,0.072464,0.080066,0.097969,0.109591,0.083796,0.086657,0.062507,0.084492,0.107399,0.113706,0.10522,0.106268,0.074054,0.047053,0.080271,0.064421,0.072293,0.09838,0.099544,0.113461,0.10935,0.11892,0.124072,0.134085,0.048922,0.101601,0.112493,0.05395,0.079412,0.100131,0.096565,0.0969,0.093139,0.093668,0.092386,0.113384,0.07789,0.04426,0.125337,0.134514
Hairbrush,0.13435,0.139957,0.095592,0.095641,0.100062,0.120118,0.100527,0.066653,0.111892,0.093402,0.106164,0.084758,0.084474,0.073467,0.118178,0.059293,0.088046,0.101247,0.065894,0.04907,0.105491,0.094339,0.098172,0.0718,0.106846,0.064526,0.112725,0.074116,0.108076,0.092622,0.106453,0.078242,0.100876,0.122364,0.093157,0.080632,0.092208,0.080994,0.110835,0.092904,0.126489,0.105315,0.114934,0.073789,0.089574,0.091847,0.096101,0.074763,0.118415,0.128769,0.095677,0.091634,0.082084,1.0,0.1029,0.091649,0.085862,0.06018,0.156708,0.074742,0.101123,0.085866,0.077109,0.11422,0.085176,0.109182,0.121622,0.117638,0.093846,0.115162,0.106988,0.082158,0.070964,0.136773,0.083109,0.102931,0.076167,0.09533,0.119158,0.108528,0.074231,0.115826,0.120084,0.077829,0.055282,0.093075,0.124903,0.067639,0.127165,0.094787,0.083088,0.084767,0.084935,0.1324,0.085319,0.093859,0.149589,0.072267,0.10107,0.115434,0.087566,0.123273,0.095142,0.034875,0.195571,0.076962,0.087488,0.075243,0.086065,0.113766,0.065656,0.123171,0.178691,0.125549,0.104462,0.109005,0.086703,0.069812,0.094638,0.089996,0.099032,0.098593,0.090994,0.092346,0.097372,0.091139,0.103985,0.091382,0.123069,0.137416
Hairclip,0.169973,0.156147,0.124766,0.129921,0.099573,0.142587,0.145782,0.083671,0.140079,0.102557,0.16669,0.125618,0.119583,0.089456,0.149308,0.065726,0.113676,0.11415,0.080647,0.059991,0.115453,0.126734,0.095779,0.075042,0.069863,0.075388,0.135823,0.078424,0.114089,0.112267,0.127181,0.082669,0.144668,0.164065,0.112117,0.115851,0.097568,0.104739,0.118813,0.104399,0.155329,0.098189,0.105374,0.086791,0.094378,0.119127,0.115481,0.103577,0.135629,0.189155,0.090502,0.145041,0.0823,0.1029,1.0,0.129978,0.125434,0.065881,0.147873,0.102165,0.086555,0.112221,0.071098,0.099321,0.08141,0.130189,0.090481,0.113517,0.116772,0.075625,0.124307,0.079124,0.099161,0.130701,0.103948,0.098643,0.092684,0.106237,0.094501,0.102152,0.092615,0.09958,0.150729,0.08998,0.040979,0.109651,0.081368,0.088585,0.115344,0.16016,0.092051,0.103918,0.10894,0.127718,0.099422,0.114748,0.108452,0.088943,0.137856,0.142437,0.112424,0.15042,0.095928,0.043349,0.109145,0.125007,0.119267,0.099369,0.087188,0.131979,0.072049,0.148774,0.151169,0.172489,0.083251,0.144602,0.096778,0.068213,0.062202,0.115392,0.11603,0.099867,0.119531,0.076776,0.110548,0.111747,0.103908,0.081519,0.149182,0.168276
Handbag,0.249313,0.21784,0.174124,0.349574,0.120803,0.215034,0.201334,0.121268,0.170568,0.137876,0.204325,0.13043,0.151924,0.145129,0.188937,0.098012,0.139261,0.145388,0.13255,0.079277,0.096798,0.160593,0.147566,0.11194,0.072106,0.095126,0.186473,0.068822,0.161452,0.141818,0.184826,0.112543,0.173246,0.191595,0.179301,0.131925,0.146495,0.097705,0.167362,0.100633,0.198494,0.144153,0.14626,0.112102,0.099099,0.128368,0.155412,0.136866,0.161064,0.199145,0.135446,0.128697,0.106954,0.091649,0.129978,1.0,0.13783,0.096803,0.238578,0.090654,0.069588,0.128448,0.083631,0.130849,0.160586,0.184245,0.10142,0.192322,0.201381,0.071744,0.166442,0.094553,0.109183,0.166935,0.13991,0.147665,0.121334,0.154517,0.115462,0.105573,0.136077,0.114336,0.211678,0.093566,0.034482,0.141928,0.066169,0.108094,0.160246,0.123935,0.110158,0.147448,0.134485,0.179517,0.130213,0.18536,0.104983,0.135347,0.185933,0.192096,0.177178,0.180879,0.129929,0.059808,0.123679,0.078114,0.106112,0.140496,0.148427,0.193913,0.162837,0.215955,0.220826,0.230795,0.060431,0.163909,0.140577,0.072574,0.073819,0.15514,0.159799,0.147599,0.236291,0.116715,0.110605,0.140587,0.119859,0.1077,0.204029,0.239018
Hat,0.201305,0.184484,0.151574,0.147578,0.108966,0.173353,0.173633,0.16703,0.165243,0.116885,0.154276,0.140344,0.14684,0.098368,0.171074,0.070335,0.124115,0.119267,0.086027,0.055572,0.093245,0.134817,0.106555,0.096581,0.060407,0.066269,0.148656,0.058331,0.12719,0.127068,0.141749,0.082041,0.150623,0.191948,0.134859,0.130759,0.102483,0.102349,0.133781,0.101718,0.170811,0.10122,0.108818,0.082609,0.09202,0.122179,0.132268,0.118533,0.145273,0.200171,0.114906,0.136986,0.089226,0.085862,0.125434,0.13783,1.0,0.063623,0.174521,0.089553,0.067338,0.113071,0.066367,0.106551,0.07937,0.139784,0.085206,0.131798,0.125418,0.058472,0.141648,0.081635,0.108196,0.140332,0.109656,0.112411,0.089326,0.125243,0.082928,0.09749,0.098583,0.108517,0.172145,0.093265,0.029204,0.126613,0.063416,0.09045,0.115694,0.115236,0.095094,0.125437,0.112154,0.15149,0.10457,0.128369,0.091558,0.104658,0.16753,0.173165,0.1364,0.164038,0.091615,0.041451,0.092997,0.084988,0.101759,0.114995,0.104336,0.168681,0.073836,0.175186,0.183164,0.201822,0.057718,0.158,0.111276,0.065772,0.056462,0.137001,0.128016,0.106006,0.139865,0.073433,0.115132,0.11636,0.096042,0.057514,0.179079,0.221127
Headphones,0.083857,0.077197,0.065723,0.097161,0.065645,0.078632,0.088043,0.049188,0.070638,0.072474,0.059591,0.046119,0.082162,0.060381,0.069562,0.045533,0.055012,0.064483,0.053046,0.052989,0.041189,0.064378,0.075216,0.048563,0.063491,0.042755,0.087317,0.044936,0.072253,0.065486,0.080634,0.064447,0.074364,0.076703,0.061645,0.047678,0.06405,0.070139,0.065107,0.053923,0.083894,0.060444,0.077823,0.104212,0.044868,0.049655,0.06375,0.060236,0.069521,0.093141,0.066587,0.07695,0.063574,0.06018,0.065881,0.096803,0.063623,1.0,0.084172,0.040237,0.041759,0.058862,0.049991,0.072397,0.095652,0.073975,0.077165,0.064624,0.109438,0.03531,0.087019,0.064925,0.051455,0.068358,0.082434,0.05697,0.04552,0.055993,0.039794,0.057105,0.060214,0.05081,0.078389,0.069865,0.025587,0.063396,0.056491,0.078556,0.073989,0.081865,0.067899,0.063116,0.067172,0.069629,0.058822,0.080942,0.063489,0.071572,0.094702,0.074788,0.068585,0.066578,0.051284,0.051548,0.047808,0.067613,0.071871,0.05053,0.089373,0.098715,0.063889,0.081705,0.076609,0.079439,0.041226,0.066527,0.069068,0.039977,0.053655,0.064909,0.065035,0.069058,0.065138,0.060361,0.064143,0.081349,0.051751,0.03623,0.078457,0.112017
Hourglass,0.368817,0.386674,0.295133,0.270788,0.216848,0.332507,0.248532,0.13462,0.245411,0.190439,0.193495,0.151144,0.187287,0.186187,0.30768,0.144185,0.206625,0.236195,0.143383,0.104832,0.118174,0.219313,0.224749,0.135478,0.105934,0.096317,0.338205,0.097895,0.283653,0.211103,0.326177,0.174123,0.202543,0.250713,0.202809,0.162419,0.226446,0.117481,0.272116,0.156686,0.26838,0.208783,0.242983,0.127365,0.160067,0.175062,0.234938,0.172185,0.228207,0.263251,0.157504,0.154989,0.141751,0.156708,0.147873,0.238578,0.174521,0.084172,1.0,0.102995,0.115944,0.179199,0.113397,0.223923,0.217549,0.268648,0.189886,0.346725,0.238588,0.115058,0.255884,0.181535,0.155546,0.264342,0.197082,0.253987,0.131349,0.238806,0.19428,0.133477,0.172149,0.201158,0.301168,0.121032,0.071315,0.221247,0.11951,0.153547,0.260328,0.14022,0.131257,0.205392,0.212776,0.376615,0.196905,0.221339,0.149481,0.16141,0.263997,0.286273,0.217547,0.255005,0.217033,0.074785,0.201327,0.074038,0.127494,0.156699,0.168779,0.307572,0.12772,0.355999,0.385381,0.332476,0.07914,0.253883,0.215909,0.109081,0.195375,0.214866,0.207488,0.239834,0.208607,0.184458,0.16909,0.179883,0.229528,0.097637,0.289768,0.368851
Kayak,0.109721,0.102451,0.076931,0.083236,0.062877,0.089237,0.099907,0.05936,0.117684,0.065572,0.138437,0.1055,0.099344,0.057394,0.100006,0.041781,0.130768,0.075139,0.058522,0.036544,0.084224,0.111421,0.074798,0.053402,0.059567,0.048919,0.101883,0.058652,0.075154,0.073607,0.092278,0.056035,0.102486,0.142517,0.082215,0.098222,0.075602,0.069159,0.074084,0.079941,0.127529,0.068139,0.076011,0.064312,0.072606,0.12624,0.082775,0.075477,0.100811,0.157256,0.067949,0.111587,0.067547,0.074742,0.102165,0.090654,0.089553,0.040237,0.102995,1.0,0.056803,0.08077,0.05502,0.072123,0.056294,0.097597,0.070116,0.091203,0.078095,0.052759,0.092679,0.054781,0.062876,0.09211,0.070177,0.073266,0.07119,0.07214,0.068747,0.155541,0.054283,0.071624,0.100725,0.076145,0.033171,0.066735,0.072274,0.066384,0.103989,0.092279,0.074707,0.073787,0.069107,0.092604,0.059549,0.069406,0.082438,0.063645,0.093974,0.102311,0.079283,0.129015,0.067997,0.030962,0.079737,0.096225,0.086996,0.069994,0.072668,0.077374,0.048442,0.092197,0.119059,0.138942,0.07869,0.126947,0.059668,0.054637,0.047285,0.087575,0.088893,0.06588,0.081805,0.060244,0.092271,0.082251,0.062232,0.052093,0.106689,0.110296
Key,0.096641,0.10425,0.094255,0.076865,0.097671,0.094001,0.075578,0.055354,0.0803,0.094731,0.099269,0.072162,0.071495,0.060444,0.092797,0.06546,0.069399,0.078905,0.059551,0.070599,0.073414,0.076009,0.076173,0.060174,0.068765,0.074332,0.09707,0.120193,0.078599,0.079333,0.096614,0.05733,0.072347,0.090003,0.075099,0.069632,0.07943,0.097852,0.117055,0.071845,0.092995,0.085592,0.109661,0.098213,0.071512,0.080492,0.074425,0.063364,0.084916,0.102949,0.073508,0.070218,0.05097,0.101123,0.086555,0.069588,0.067338,0.041759,0.115944,0.056803,1.0,0.080028,0.087808,0.108934,0.08024,0.084596,0.118116,0.093771,0.089894,0.122844,0.081446,0.093461,0.054622,0.115667,0.073857,0.095752,0.057882,0.064428,0.120569,0.081695,0.068232,0.08398,0.100361,0.059389,0.107587,0.079345,0.120986,0.059264,0.100891,0.088424,0.045898,0.075318,0.073574,0.103965,0.087173,0.092785,0.12797,0.066756,0.079253,0.087833,0.080453,0.080261,0.086007,0.037263,0.143518,0.074689,0.092826,0.060209,0.046592,0.098038,0.047494,0.097874,0.106381,0.092617,0.093308,0.081586,0.075474,0.062407,0.109033,0.06695,0.096044,0.081657,0.077225,0.081735,0.079963,0.072833,0.096435,0.075592,0.090353,0.103327
Kite,0.189417,0.171167,0.138278,0.14246,0.113138,0.172044,0.140502,0.095431,0.138678,0.107331,0.130562,0.110855,0.131654,0.101137,0.169732,0.075153,0.122756,0.111597,0.089926,0.067351,0.089716,0.125186,0.112033,0.08801,0.065205,0.077995,0.142063,0.075646,0.124808,0.120413,0.146858,0.095648,0.134306,0.146575,0.125077,0.113699,0.116781,0.087711,0.132693,0.104802,0.156426,0.098557,0.119328,0.082901,0.105328,0.104983,0.127816,0.10743,0.12507,0.170992,0.094452,0.118512,0.08201,0.085866,0.112221,0.128448,0.113071,0.058862,0.179199,0.08077,0.080028,1.0,0.084136,0.124825,0.099945,0.13321,0.105682,0.141558,0.115954,0.084103,0.143737,0.090347,0.105327,0.150343,0.10972,0.124788,0.141944,0.116255,0.102886,0.086098,0.095488,0.114594,0.173117,0.077557,0.050941,0.121044,0.075465,0.083502,0.123196,0.10801,0.087696,0.125828,0.112588,0.147575,0.097993,0.125636,0.088152,0.101193,0.139368,0.158417,0.146443,0.139579,0.101258,0.046946,0.098144,0.066907,0.088312,0.097397,0.096003,0.16103,0.077996,0.165535,0.176233,0.217211,0.057207,0.140017,0.11558,0.077697,0.084952,0.123859,0.17817,0.122038,0.122051,0.083831,0.099371,0.110953,0.110067,0.068713,0.154893,0.190565
Ladder,0.112414,0.106194,0.103243,0.090083,0.184507,0.096897,0.078362,0.053827,0.08341,0.097798,0.074313,0.070355,0.069312,0.079956,0.084314,0.08305,0.075801,0.098144,0.068056,0.073092,0.064161,0.06974,0.096933,0.063274,0.066796,0.088093,0.09943,0.161231,0.087627,0.083578,0.081444,0.08204,0.063378,0.075912,0.080133,0.106422,0.137724,0.067468,0.084308,0.139016,0.076796,0.080197,0.129104,0.08686,0.085927,0.064749,0.073001,0.068038,0.072899,0.095754,0.083778,0.058513,0.075384,0.077109,0.071098,0.083631,0.066367,0.049991,0.113397,0.05502,0.087808,0.084136,1.0,0.111249,0.125156,0.08969,0.08623,0.110725,0.088088,0.081302,0.07851,0.094717,0.062003,0.106878,0.092649,0.128648,0.050816,0.068918,0.1286,0.057077,0.082573,0.100691,0.117484,0.058729,0.14269,0.084981,0.089151,0.051584,0.122637,0.072275,0.0718,0.083896,0.070343,0.121655,0.080461,0.107755,0.06752,0.100125,0.08292,0.088262,0.09052,0.077548,0.124892,0.035904,0.099655,0.043599,0.056529,0.061299,0.096762,0.114398,0.107161,0.115494,0.119353,0.094241,0.053163,0.068989,0.093018,0.088394,0.088759,0.06715,0.108733,0.09901,0.071168,0.101484,0.062724,0.067669,0.116031,0.106243,0.080351,0.106176
Lamp,0.18647,0.19829,0.162279,0.150036,0.166339,0.167425,0.149928,0.09184,0.164327,0.136197,0.123837,0.10859,0.11466,0.108792,0.168436,0.099604,0.113417,0.152891,0.096308,0.088482,0.072006,0.128701,0.12959,0.106026,0.075382,0.083466,0.165724,0.109481,0.151557,0.13384,0.163018,0.112343,0.126566,0.18116,0.122318,0.122673,0.143483,0.098825,0.152347,0.105989,0.157004,0.119173,0.174703,0.10968,0.123051,0.108251,0.131239,0.105395,0.130016,0.166104,0.105988,0.097895,0.095436,0.11422,0.099321,0.130849,0.106551,0.072397,0.223923,0.072123,0.108934,0.124825,0.111249,1.0,0.146243,0.138462,0.164342,0.182743,0.13543,0.116932,0.134092,0.123406,0.108467,0.189055,0.117041,0.148372,0.089438,0.132124,0.125971,0.088964,0.106354,0.128653,0.176764,0.083978,0.084612,0.141767,0.097072,0.091222,0.16106,0.098515,0.075527,0.124772,0.130497,0.17088,0.122363,0.129578,0.094353,0.10261,0.147156,0.163186,0.142559,0.135161,0.126877,0.061785,0.142483,0.05834,0.088412,0.099852,0.094786,0.171213,0.09034,0.185853,0.187313,0.177768,0.073247,0.134329,0.140221,0.105359,0.160995,0.120919,0.151607,0.168764,0.119169,0.132827,0.09698,0.118432,0.139879,0.06882,0.170771,0.195555
Lantern,0.147562,0.153115,0.121706,0.170854,0.136587,0.134699,0.120172,0.063378,0.103415,0.158284,0.085164,0.072778,0.078824,0.104609,0.117349,0.133986,0.090466,0.125298,0.090082,0.098217,0.059193,0.090268,0.121658,0.085615,0.101862,0.12171,0.157371,0.091757,0.167764,0.108994,0.132775,0.108645,0.08463,0.100774,0.094015,0.094936,0.152538,0.089894,0.107549,0.107043,0.104111,0.116995,0.144602,0.126217,0.096256,0.066096,0.105837,0.085342,0.097469,0.106678,0.105777,0.072187,0.113762,0.085176,0.08141,0.160586,0.07937,0.095652,0.217549,0.056294,0.08024,0.099945,0.125156,0.146243,1.0,0.113424,0.145594,0.149709,0.14329,0.096689,0.113356,0.12887,0.091212,0.125569,0.121447,0.135696,0.082158,0.104257,0.104718,0.065093,0.087994,0.112525,0.137533,0.082888,0.084018,0.120683,0.088935,0.079455,0.129049,0.09292,0.07027,0.098996,0.116386,0.146461,0.111608,0.136251,0.080996,0.087866,0.120632,0.119205,0.11818,0.097742,0.121073,0.070195,0.103861,0.048822,0.066664,0.083867,0.100903,0.145913,0.153425,0.14785,0.140526,0.137971,0.063822,0.094298,0.143329,0.076366,0.136616,0.086625,0.111696,0.145749,0.095228,0.160014,0.078195,0.118229,0.132594,0.078265,0.116545,0.154547
Lawnmower,0.248887,0.236823,0.161506,0.195433,0.12411,0.222088,0.19358,0.099369,0.192596,0.131308,0.173265,0.142668,0.183386,0.133062,0.237619,0.079155,0.157613,0.156011,0.102491,0.066786,0.101437,0.167332,0.141843,0.102727,0.084825,0.065568,0.206582,0.072435,0.17757,0.151285,0.202824,0.108451,0.185116,0.202994,0.154645,0.143503,0.137636,0.100603,0.18656,0.135273,0.217888,0.146191,0.148452,0.105432,0.106212,0.140552,0.163691,0.133917,0.191,0.212901,0.111826,0.136844,0.104525,0.109182,0.130189,0.184245,0.139784,0.073975,0.268648,0.097597,0.084596,0.13321,0.08969,0.138462,0.113424,1.0,0.116816,0.167668,0.174978,0.067989,0.169299,0.115638,0.111104,0.177167,0.137343,0.133332,0.10466,0.169127,0.105315,0.112993,0.122479,0.132214,0.221014,0.096262,0.04792,0.144799,0.081106,0.114245,0.149742,0.117194,0.128788,0.144416,0.144256,0.212688,0.137786,0.134356,0.127482,0.168152,0.166272,0.216602,0.161114,0.197497,0.116961,0.050098,0.129608,0.084675,0.115657,0.126547,0.183289,0.176701,0.09786,0.206343,0.24799,0.249255,0.068286,0.193924,0.143394,0.072578,0.090579,0.189011,0.158704,0.137311,0.16214,0.097084,0.136053,0.144122,0.12182,0.067839,0.215168,0.2461
Lightbulb,0.132796,0.16996,0.119652,0.111625,0.129149,0.149126,0.111141,0.069527,0.102757,0.144469,0.100492,0.077797,0.082198,0.096167,0.152292,0.091331,0.096888,0.137957,0.078408,0.07441,0.072807,0.096018,0.118416,0.085924,0.095731,0.08527,0.129377,0.095624,0.142327,0.116751,0.139536,0.095057,0.104508,0.102996,0.097627,0.078647,0.11604,0.120923,0.146621,0.086711,0.126539,0.106498,0.169481,0.109031,0.120236,0.07522,0.111199,0.097528,0.104118,0.117244,0.103879,0.085409,0.087278,0.121622,0.090481,0.10142,0.085206,0.077165,0.189886,0.070116,0.118116,0.105682,0.08623,0.164342,0.145594,0.116816,1.0,0.165879,0.131769,0.120906,0.12443,0.125577,0.09588,0.150585,0.113133,0.126365,0.106016,0.100589,0.122595,0.080887,0.087772,0.132086,0.140283,0.082803,0.095885,0.12011,0.118781,0.073251,0.162198,0.117707,0.066878,0.097376,0.108437,0.161397,0.098079,0.100647,0.092524,0.084783,0.140866,0.138352,0.107483,0.113136,0.122092,0.067012,0.137459,0.065477,0.091305,0.078884,0.085747,0.136565,0.076895,0.135465,0.152293,0.138476,0.084474,0.106687,0.121186,0.10375,0.171045,0.095676,0.129979,0.144355,0.096252,0.135874,0.108501,0.104834,0.121266,0.0783,0.126694,0.160495
Lipstick,0.240762,0.269665,0.287353,0.210651,0.194828,0.22289,0.165351,0.127268,0.15876,0.165326,0.150327,0.107667,0.121463,0.143707,0.227683,0.119785,0.141907,0.149223,0.11835,0.08094,0.090496,0.148031,0.197174,0.119616,0.078148,0.090795,0.216021,0.106462,0.194694,0.149955,0.20903,0.132382,0.143117,0.154371,0.152368,0.116738,0.180832,0.101855,0.220761,0.110214,0.181119,0.175438,0.240265,0.123606,0.130876,0.117956,0.174489,0.132614,0.164802,0.190224,0.131904,0.110072,0.099612,0.117638,0.113517,0.192322,0.131798,0.064624,0.346725,0.091203,0.093771,0.141558,0.110725,0.182743,0.149709,0.167668,0.165879,1.0,0.182353,0.111897,0.176459,0.146648,0.111428,0.22749,0.141596,0.282127,0.105408,0.172084,0.349333,0.10475,0.129195,0.164862,0.220785,0.087281,0.071756,0.159896,0.127023,0.097163,0.239839,0.116223,0.105978,0.159602,0.174783,0.318087,0.163918,0.182408,0.115913,0.118724,0.210217,0.201066,0.18631,0.166016,0.215446,0.053906,0.20075,0.065026,0.101104,0.111658,0.116651,0.261296,0.102215,0.283039,0.296124,0.221485,0.093337,0.163181,0.169094,0.095994,0.130913,0.153393,0.181603,0.203844,0.142174,0.215762,0.118488,0.128217,0.184693,0.110593,0.209225,0.251273
Lock,0.236301,0.212294,0.180435,0.207706,0.133471,0.226662,0.190991,0.109309,0.152142,0.139455,0.146267,0.118879,0.146781,0.139808,0.197731,0.086338,0.128693,0.158965,0.11815,0.084372,0.084793,0.143899,0.159319,0.107797,0.092397,0.077701,0.190071,0.066333,0.169069,0.154324,0.192306,0.125457,0.175737,0.162727,0.145235,0.117646,0.160743,0.121262,0.179118,0.113783,0.189343,0.129175,0.154583,0.143599,0.102749,0.115782,0.153373,0.134694,0.166968,0.177236,0.117329,0.11062,0.100948,0.093846,0.116772,0.201381,0.125418,0.109438,0.238588,0.078095,0.089894,0.115954,0.088088,0.13543,0.14329,0.174978,0.131769,0.182353,1.0,0.069564,0.161191,0.112615,0.10324,0.162088,0.143158,0.137848,0.096237,0.160548,0.116841,0.093375,0.142743,0.123815,0.214079,0.125315,0.052716,0.158816,0.087127,0.105182,0.176589,0.117789,0.095479,0.143986,0.154199,0.182734,0.135352,0.169867,0.108749,0.1222,0.175005,0.195511,0.176825,0.161562,0.115648,0.05684,0.107925,0.067237,0.106097,0.123392,0.121085,0.198799,0.118301,0.221784,0.209365,0.203073,0.059533,0.157867,0.168221,0.079762,0.088843,0.146402,0.148782,0.162548,0.157334,0.115854,0.116113,0.134757,0.1236,0.075038,0.181704,0.262754
Lollipop,0.085448,0.103628,0.076522,0.083649,0.112737,0.078743,0.059847,0.055497,0.070771,0.096999,0.069862,0.052983,0.049987,0.061601,0.084909,0.069703,0.059178,0.071915,0.059318,0.052897,0.049049,0.066455,0.083787,0.06503,0.062927,0.072656,0.082032,0.139053,0.09561,0.072464,0.075599,0.074866,0.059412,0.072689,0.060592,0.054253,0.083382,0.073228,0.088788,0.067773,0.085712,0.090933,0.143071,0.067702,0.108578,0.053564,0.074749,0.068507,0.060009,0.07502,0.073069,0.053049,0.065854,0.115162,0.075625,0.071744,0.058472,0.03531,0.115058,0.052759,0.122844,0.084103,0.081302,0.116932,0.096689,0.067989,0.120906,0.111897,0.069564,1.0,0.080635,0.080759,0.069157,0.128625,0.068445,0.102226,0.101017,0.058658,0.147578,0.055889,0.043429,0.100894,0.085542,0.058712,0.175358,0.067033,0.101242,0.057023,0.110367,0.073041,0.048361,0.069744,0.073291,0.097603,0.083802,0.102897,0.07528,0.051431,0.088724,0.084601,0.064195,0.063419,0.086988,0.058938,0.157812,0.038097,0.050077,0.047319,0.063895,0.096538,0.066377,0.100996,0.106309,0.081408,0.077651,0.064933,0.075111,0.103539,0.096964,0.061174,0.119978,0.084007,0.058114,0.086389,0.06057,0.070158,0.115949,0.047711,0.077813,0.085927
Mask,0.233971,0.230113,0.166592,0.190839,0.124125,0.211484,0.183985,0.120924,0.167723,0.130253,0.159308,0.134339,0.151626,0.124707,0.217299,0.085899,0.142231,0.157093,0.104027,0.07055,0.090415,0.153809,0.135537,0.101041,0.085219,0.074232,0.191801,0.070736,0.168016,0.153111,0.19758,0.107895,0.165326,0.187551,0.142962,0.130669,0.133168,0.095443,0.165732,0.115528,0.197639,0.129765,0.146476,0.095537,0.108607,0.13336,0.168501,0.125936,0.163583,0.207389,0.127513,0.166272,0.105599,0.106988,0.124307,0.166442,0.141648,0.087019,0.255884,0.092679,0.081446,0.143737,0.07851,0.134092,0.113356,0.169299,0.12443,0.176459,0.161191,0.080635,1.0,0.109811,0.114009,0.168836,0.138277,0.14232,0.115499,0.153326,0.115706,0.108167,0.115607,0.13289,0.211893,0.098486,0.050649,0.148144,0.077341,0.097249,0.145575,0.118424,0.10199,0.143476,0.137931,0.207001,0.122664,0.14177,0.108773,0.121718,0.177568,0.201129,0.154806,0.174167,0.123605,0.045119,0.112493,0.076645,0.108979,0.118571,0.116532,0.201144,0.090933,0.193491,0.221233,0.226343,0.061824,0.171448,0.138283,0.083137,0.0886,0.155023,0.152744,0.147302,0.152463,0.101671,0.125459,0.141719,0.124245,0.064182,0.193462,0.244438
Microscope,0.12438,0.141718,0.104616,0.110625,0.115999,0.120342,0.09371,0.055268,0.099308,0.124814,0.09043,0.069716,0.084232,0.081554,0.153157,0.084046,0.096691,0.113801,0.068363,0.097959,0.059147,0.094059,0.112799,0.072375,0.086098,0.070592,0.118499,0.086024,0.188472,0.099281,0.137885,0.094795,0.109743,0.095665,0.080513,0.076626,0.104447,0.08665,0.160289,0.081906,0.106224,0.105636,0.128674,0.115895,0.079731,0.07027,0.093066,0.07476,0.098745,0.118797,0.086669,0.078753,0.092705,0.082158,0.079124,0.094553,0.081635,0.064925,0.181535,0.054781,0.093461,0.090347,0.094717,0.123406,0.12887,0.115638,0.125577,0.146648,0.112615,0.080759,0.109811,1.0,0.058131,0.110579,0.083235,0.10693,0.076777,0.090987,0.093781,0.068057,0.066898,0.094048,0.123894,0.071495,0.1,0.090174,0.094293,0.081015,0.125344,0.083734,0.079142,0.083009,0.094137,0.159605,0.113451,0.104165,0.090453,0.094677,0.118371,0.111842,0.095792,0.103424,0.107689,0.062878,0.079689,0.06315,0.108679,0.065276,0.080487,0.12949,0.09413,0.142835,0.14044,0.128919,0.060645,0.099941,0.0928,0.066454,0.134746,0.094898,0.117878,0.103703,0.083386,0.115954,0.11171,0.100222,0.103229,0.040884,0.113059,0.13664
Minerals,0.165866,0.153923,0.147655,0.122964,0.097652,0.158105,0.141848,0.090777,0.119896,0.084278,0.088742,0.094464,0.102885,0.095118,0.138169,0.070414,0.090348,0.119115,0.086854,0.073523,0.064951,0.099194,0.096922,0.131708,0.063814,0.068964,0.117021,0.050069,0.101663,0.123748,0.109542,0.090773,0.115911,0.127061,0.113414,0.094446,0.096935,0.089391,0.109371,0.095116,0.113825,0.088524,0.100869,0.06872,0.121836,0.072962,0.154955,0.127019,0.10344,0.113759,0.091005,0.086654,0.074921,0.070964,0.099161,0.109183,0.108196,0.051455,0.155546,0.062876,0.054622,0.105327,0.062003,0.108467,0.091212,0.111104,0.09588,0.111428,0.10324,0.069157,0.114009,0.058131,1.0,0.13144,0.10214,0.102979,0.0989,0.100948,0.082187,0.06531,0.089537,0.106029,0.16209,0.08185,0.032872,0.134843,0.059189,0.068645,0.104669,0.108999,0.074915,0.110387,0.10939,0.119621,0.079672,0.102041,0.062485,0.079753,0.161262,0.157894,0.1099,0.110509,0.078522,0.063435,0.079259,0.047204,0.067957,0.100026,0.083898,0.119916,0.074829,0.137829,0.127215,0.148878,0.047155,0.109137,0.11726,0.075834,0.078734,0.096952,0.097837,0.131179,0.102404,0.075299,0.078947,0.101708,0.087274,0.051169,0.126849,0.181301
Mushroom,0.242173,0.259858,0.211426,0.188993,0.174754,0.223818,0.190083,0.114204,0.188064,0.146448,0.158067,0.141406,0.162514,0.129551,0.199452,0.107319,0.147042,0.177056,0.112825,0.089424,0.100776,0.16584,0.155016,0.125327,0.080494,0.088066,0.196107,0.105968,0.171433,0.165361,0.19414,0.119822,0.162687,0.196876,0.150337,0.146454,0.154613,0.108267,0.183556,0.128776,0.197357,0.140068,0.175845,0.112301,0.154382,0.131363,0.177891,0.130759,0.176016,0.20478,0.133838,0.126205,0.109363,0.136773,0.130701,0.166935,0.140332,0.068358,0.264342,0.09211,0.115667,0.150343,0.106878,0.189055,0.125569,0.177167,0.150585,0.22749,0.162088,0.128625,0.168836,0.110579,0.13144,1.0,0.131864,0.18154,0.119203,0.155476,0.162805,0.103569,0.113956,0.171174,0.245055,0.10178,0.081084,0.165718,0.113442,0.108329,0.190747,0.122166,0.107125,0.149356,0.165498,0.22264,0.138624,0.166833,0.119204,0.122696,0.188531,0.20837,0.167273,0.175397,0.149613,0.062392,0.167923,0.077423,0.116422,0.128866,0.127784,0.208536,0.096234,0.224007,0.24872,0.233538,0.082444,0.179066,0.159405,0.123833,0.125632,0.163663,0.175901,0.176332,0.148979,0.139003,0.128447,0.14937,0.14527,0.094654,0.219883,0.247895
Necklace,0.186228,0.179089,0.145181,0.151236,0.10449,0.177576,0.149801,0.081225,0.129934,0.10211,0.123174,0.104063,0.116547,0.110766,0.15784,0.086441,0.108966,0.123034,0.086953,0.059028,0.074942,0.112816,0.119736,0.086473,0.065275,0.104299,0.159284,0.076128,0.128492,0.122414,0.15679,0.091367,0.110275,0.138291,0.126994,0.101742,0.121474,0.088695,0.124953,0.102611,0.147587,0.110084,0.123117,0.085728,0.095936,0.101866,0.123683,0.111401,0.124061,0.167734,0.098117,0.112557,0.075257,0.083109,0.103948,0.13991,0.109656,0.082434,0.197082,0.070177,0.073857,0.10972,0.092649,0.117041,0.121447,0.137343,0.113133,0.141596,0.143158,0.068445,0.138277,0.083235,0.10214,0.131864,1.0,0.134633,0.096616,0.112997,0.105896,0.088814,0.123381,0.117413,0.182854,0.077303,0.058194,0.132848,0.071246,0.079636,0.125487,0.116874,0.07711,0.121564,0.103323,0.178272,0.110243,0.121228,0.100745,0.100842,0.168954,0.148612,0.142052,0.137751,0.105307,0.041424,0.10553,0.060435,0.087411,0.098076,0.091081,0.148802,0.076812,0.155483,0.180429,0.164092,0.056628,0.127982,0.115974,0.081544,0.088205,0.112444,0.122764,0.134032,0.118734,0.092545,0.092815,0.113825,0.132935,0.061703,0.14748,0.200283
Necktie,0.207444,0.206879,0.207635,0.178029,0.158386,0.190808,0.143627,0.1074,0.134285,0.129913,0.123439,0.100253,0.108427,0.132575,0.168973,0.098499,0.120345,0.142467,0.109976,0.077161,0.076202,0.11651,0.149851,0.107374,0.071095,0.096025,0.176403,0.113399,0.150315,0.137675,0.159274,0.119269,0.11161,0.136605,0.131677,0.109838,0.165118,0.078501,0.169491,0.108554,0.144312,0.139748,0.184714,0.091914,0.122803,0.100645,0.135981,0.106305,0.128625,0.156311,0.116005,0.095318,0.084095,0.102931,0.098643,0.147665,0.112411,0.05697,0.253987,0.073266,0.095752,0.124788,0.128648,0.148372,0.135696,0.133332,0.126365,0.282127,0.137848,0.102226,0.14232,0.10693,0.102979,0.18154,0.134633,1.0,0.082715,0.129454,0.206776,0.086664,0.114604,0.15899,0.195847,0.082154,0.118991,0.153262,0.115555,0.079312,0.191542,0.096699,0.080599,0.140559,0.124938,0.245742,0.140028,0.199192,0.09463,0.114223,0.157864,0.167037,0.160903,0.13384,0.189835,0.045799,0.161673,0.055196,0.087786,0.106918,0.10844,0.294968,0.102115,0.211976,0.229809,0.178821,0.080292,0.12779,0.153137,0.100091,0.108929,0.118704,0.147954,0.185924,0.129256,0.174305,0.092052,0.110012,0.159265,0.085933,0.15623,0.215012
Orifan,0.15289,0.150734,0.094382,0.114377,0.080977,0.121424,0.106618,0.083771,0.112717,0.086004,0.12268,0.094464,0.103519,0.0847,0.138826,0.068708,0.087539,0.084137,0.084865,0.051931,0.070735,0.110075,0.077526,0.072351,0.05106,0.068415,0.110829,0.073275,0.102799,0.087456,0.110881,0.071015,0.103652,0.122247,0.104457,0.074818,0.081893,0.086071,0.098531,0.078492,0.11629,0.093944,0.099723,0.069678,0.095091,0.081888,0.117962,0.095522,0.100075,0.129255,0.076854,0.10104,0.071435,0.076167,0.092684,0.121334,0.089326,0.04552,0.131349,0.07119,0.057882,0.141944,0.050816,0.089438,0.082158,0.10466,0.106016,0.105408,0.096237,0.101017,0.115499,0.076777,0.0989,0.119203,0.096616,0.082715,1.0,0.088171,0.082972,0.085836,0.064971,0.09802,0.124294,0.066823,0.051233,0.078792,0.057647,0.077182,0.096143,0.092752,0.067932,0.102043,0.078918,0.112318,0.081811,0.078091,0.075142,0.073125,0.141103,0.12469,0.097497,0.111665,0.067161,0.048051,0.072124,0.07429,0.075744,0.075231,0.079085,0.095187,0.067124,0.112919,0.12052,0.167177,0.049156,0.125631,0.070004,0.066992,0.072286,0.104582,0.159973,0.074104,0.105859,0.052563,0.081034,0.086216,0.083572,0.027827,0.110726,0.127293
Oven,0.230137,0.20853,0.183472,0.177202,0.123127,0.227654,0.17496,0.102075,0.162842,0.126939,0.13352,0.14,0.141158,0.131842,0.192341,0.084135,0.127987,0.138926,0.102616,0.067086,0.077338,0.146255,0.12727,0.096416,0.068402,0.055396,0.203879,0.059839,0.175252,0.153192,0.179383,0.140874,0.149668,0.18433,0.150399,0.142588,0.141637,0.082904,0.171621,0.117758,0.185971,0.131113,0.138797,0.095563,0.093844,0.119081,0.143384,0.125478,0.182795,0.170627,0.095502,0.107256,0.147311,0.09533,0.106237,0.154517,0.125243,0.055993,0.238806,0.07214,0.064428,0.116255,0.068918,0.132124,0.104257,0.169127,0.100589,0.172084,0.160548,0.058658,0.153326,0.090987,0.100948,0.155476,0.112997,0.129454,0.088171,1.0,0.111609,0.094681,0.147995,0.108749,0.2064,0.0876,0.041458,0.151201,0.067791,0.103563,0.14332,0.090703,0.084273,0.143456,0.146967,0.175528,0.124375,0.126998,0.079971,0.11922,0.16715,0.187883,0.173692,0.160391,0.112128,0.041296,0.109566,0.054713,0.084706,0.12941,0.113344,0.186,0.090835,0.207796,0.207867,0.218859,0.055342,0.155361,0.16084,0.065835,0.081585,0.142266,0.138613,0.152189,0.15422,0.104859,0.107066,0.135199,0.116476,0.066447,0.202528,0.232729
Paintbrush,0.156569,0.175704,0.228168,0.155054,0.145112,0.157302,0.107416,0.088008,0.110666,0.138249,0.098457,0.082358,0.074733,0.103413,0.143606,0.069844,0.097011,0.09891,0.092152,0.06075,0.078863,0.095367,0.127924,0.085155,0.061122,0.109654,0.140844,0.143366,0.127292,0.114184,0.123975,0.099792,0.090017,0.106449,0.118811,0.087882,0.132418,0.068537,0.142648,0.088076,0.108299,0.130251,0.178193,0.085744,0.111413,0.087014,0.107639,0.104914,0.108438,0.113269,0.095905,0.067631,0.071969,0.119158,0.094501,0.115462,0.082928,0.039794,0.19428,0.068747,0.120569,0.102886,0.1286,0.125971,0.104718,0.105315,0.122595,0.349333,0.116841,0.147578,0.115706,0.093781,0.082187,0.162805,0.105896,0.206776,0.082972,0.111609,1.0,0.102053,0.094608,0.124947,0.169039,0.068714,0.149724,0.124334,0.146397,0.064857,0.167687,0.083151,0.064962,0.122482,0.127813,0.202336,0.122072,0.122135,0.106909,0.090037,0.1259,0.12753,0.148709,0.101298,0.181599,0.042085,0.21818,0.05726,0.070631,0.07982,0.079859,0.186812,0.092316,0.195086,0.191521,0.141021,0.111026,0.105443,0.123831,0.093417,0.113548,0.091901,0.136115,0.161266,0.106958,0.186974,0.075051,0.092103,0.150636,0.189126,0.121804,0.154361
Pen,0.137401,0.130546,0.096782,0.103463,0.065224,0.112498,0.11024,0.069371,0.125824,0.076441,0.156467,0.118168,0.10095,0.076171,0.14391,0.043536,0.107757,0.088999,0.075556,0.035014,0.096686,0.117071,0.085929,0.061267,0.070704,0.045797,0.122494,0.066627,0.094923,0.091602,0.110779,0.06389,0.117762,0.154622,0.108421,0.09968,0.08536,0.077285,0.095136,0.088512,0.153639,0.081539,0.094581,0.071128,0.068805,0.187956,0.092233,0.093137,0.132491,0.190276,0.070591,0.118082,0.074898,0.108528,0.102152,0.105573,0.09749,0.057105,0.133477,0.155541,0.081695,0.086098,0.057077,0.088964,0.065093,0.112993,0.080887,0.10475,0.093375,0.055889,0.108167,0.068057,0.06531,0.103569,0.088814,0.086664,0.085836,0.094681,0.102053,1.0,0.079991,0.070177,0.131082,0.081744,0.050235,0.077976,0.081352,0.075994,0.102467,0.089079,0.051295,0.094294,0.081767,0.119742,0.084499,0.075299,0.113659,0.073548,0.100241,0.116872,0.110209,0.126112,0.081228,0.026018,0.104073,0.10669,0.090308,0.083011,0.060583,0.105281,0.056663,0.110605,0.139919,0.149602,0.098999,0.131737,0.07168,0.053787,0.054011,0.110204,0.104931,0.080577,0.108417,0.074129,0.109092,0.103875,0.073622,0.046388,0.12149,0.136411
Pictureframe,0.191626,0.155077,0.168741,0.154635,0.109838,0.226829,0.162004,0.096238,0.128297,0.088502,0.11178,0.105576,0.109516,0.162609,0.142211,0.056013,0.105814,0.121644,0.115633,0.085854,0.059283,0.108481,0.115436,0.100425,0.056916,0.040367,0.165024,0.0557,0.115405,0.13087,0.144378,0.119001,0.117925,0.135953,0.164967,0.115667,0.191364,0.083535,0.126928,0.113686,0.128463,0.097305,0.122089,0.08285,0.081275,0.099509,0.110217,0.132653,0.122903,0.138798,0.078504,0.084487,0.074356,0.074231,0.092615,0.136077,0.098583,0.060214,0.172149,0.054283,0.068232,0.095488,0.082573,0.106354,0.087994,0.122479,0.087772,0.129195,0.142743,0.043429,0.115607,0.066898,0.089537,0.113956,0.123381,0.114604,0.064971,0.147995,0.094608,0.079991,1.0,0.086099,0.196508,0.085607,0.027374,0.149643,0.058316,0.071076,0.12367,0.090971,0.066172,0.149445,0.123117,0.140687,0.10571,0.115036,0.073741,0.106183,0.121891,0.150443,0.152565,0.12698,0.08478,0.030634,0.084227,0.052116,0.075594,0.12817,0.085787,0.161099,0.08432,0.176639,0.171709,0.165915,0.04706,0.110736,0.15142,0.058754,0.059952,0.104274,0.112117,0.126747,0.147688,0.08756,0.078605,0.098457,0.087003,0.07341,0.132987,0.197987
Pinecone,0.171472,0.195336,0.148197,0.133053,0.122903,0.170978,0.132166,0.095631,0.119916,0.111906,0.099178,0.087686,0.104717,0.095121,0.139607,0.097647,0.107281,0.138057,0.086252,0.070893,0.087046,0.10461,0.123227,0.103082,0.070868,0.09699,0.148293,0.086105,0.134903,0.12748,0.136732,0.090256,0.100346,0.126633,0.110243,0.089323,0.118437,0.086267,0.123233,0.092229,0.130503,0.120364,0.132216,0.082428,0.15184,0.086003,0.154955,0.100687,0.116448,0.126121,0.103992,0.085125,0.075556,0.115826,0.09958,0.114336,0.108517,0.05081,0.201158,0.071624,0.08398,0.114594,0.100691,0.128653,0.112525,0.132214,0.132086,0.164862,0.123815,0.100894,0.13289,0.094048,0.106029,0.171174,0.117413,0.15899,0.09802,0.108749,0.124947,0.070177,0.086099,1.0,0.170376,0.072643,0.085109,0.128608,0.087994,0.075632,0.14354,0.103479,0.086306,0.122923,0.105328,0.172837,0.101073,0.144413,0.087124,0.093963,0.16314,0.173727,0.111464,0.128742,0.121256,0.059408,0.141028,0.0489,0.073102,0.090142,0.095503,0.154673,0.075498,0.149914,0.172529,0.158449,0.06977,0.115902,0.111334,0.116735,0.114114,0.104621,0.119085,0.137575,0.100609,0.106266,0.084134,0.102131,0.129159,0.10461,0.160405,0.209197
Pizza,0.360071,0.29362,0.325322,0.269508,0.171408,0.380496,0.27196,0.151974,0.227857,0.153724,0.176481,0.18588,0.218875,0.183587,0.252381,0.095797,0.193482,0.204228,0.151823,0.092661,0.108011,0.206254,0.177411,0.179172,0.092283,0.086767,0.272533,0.09701,0.209519,0.233759,0.236903,0.157597,0.200321,0.250897,0.252396,0.194568,0.198328,0.129919,0.197921,0.163486,0.240565,0.15563,0.195987,0.119087,0.155731,0.164689,0.226519,0.217359,0.236566,0.252389,0.147206,0.151665,0.124129,0.120084,0.150729,0.211678,0.172145,0.078389,0.301168,0.100725,0.100361,0.173117,0.117484,0.176764,0.137533,0.221014,0.140283,0.220785,0.214079,0.085542,0.211893,0.123894,0.16209,0.245055,0.182854,0.195847,0.124294,0.2064,0.169039,0.131082,0.196508,0.170376,1.0,0.123648,0.059597,0.236959,0.089174,0.126794,0.185083,0.1363,0.109485,0.233486,0.194455,0.256087,0.166286,0.18072,0.128115,0.178649,0.239059,0.287504,0.263131,0.220229,0.13561,0.06198,0.143873,0.089739,0.125553,0.179265,0.146816,0.279478,0.124129,0.279556,0.302361,0.311649,0.080441,0.214244,0.202817,0.118408,0.120453,0.210487,0.191864,0.229015,0.214222,0.152713,0.138392,0.189131,0.152178,0.113776,0.258421,0.389667
Plug,0.129289,0.119703,0.10354,0.106695,0.08246,0.119422,0.114906,0.06671,0.099943,0.076334,0.100019,0.085185,0.094016,0.099185,0.136565,0.05492,0.089677,0.096751,0.083805,0.069004,0.0534,0.089362,0.090763,0.082481,0.087969,0.049119,0.118698,0.060271,0.09864,0.104255,0.100249,0.095458,0.116072,0.112782,0.089269,0.091992,0.093811,0.097995,0.107479,0.080119,0.119448,0.074633,0.095603,0.071523,0.07754,0.101199,0.090254,0.07976,0.100038,0.124418,0.07817,0.096182,0.076432,0.077829,0.08998,0.093566,0.093265,0.069865,0.121032,0.076145,0.059389,0.077557,0.058729,0.083978,0.082888,0.096262,0.082803,0.087281,0.125315,0.058712,0.098486,0.071495,0.08185,0.10178,0.077303,0.082154,0.066823,0.0876,0.068714,0.081744,0.085607,0.072643,0.123648,1.0,0.042184,0.103277,0.067707,0.072466,0.126715,0.085438,0.066047,0.084857,0.111474,0.101003,0.072619,0.081031,0.067853,0.071014,0.105517,0.108832,0.097168,0.099687,0.061942,0.043764,0.076301,0.064891,0.080335,0.101085,0.08133,0.102213,0.096243,0.112022,0.11764,0.123681,0.060944,0.103406,0.120476,0.06184,0.065435,0.087937,0.079089,0.103094,0.096549,0.080155,0.098244,0.102428,0.073092,0.045143,0.108057,0.137091
Pogostick,0.051939,0.062745,0.060187,0.047064,0.104162,0.052511,0.030053,0.027581,0.035502,0.076482,0.043103,0.030569,0.028005,0.045679,0.048768,0.088234,0.038108,0.066009,0.041574,0.06574,0.03579,0.031913,0.072779,0.040497,0.048945,0.076073,0.05036,0.217656,0.067118,0.046488,0.042848,0.044868,0.025021,0.03049,0.038464,0.029027,0.058608,0.038953,0.081406,0.054795,0.040233,0.09089,0.146028,0.062371,0.068096,0.03385,0.039827,0.033273,0.040378,0.037424,0.046003,0.028802,0.045607,0.055282,0.040979,0.034482,0.029204,0.025587,0.071315,0.033171,0.107587,0.050941,0.14269,0.084612,0.084018,0.04792,0.095885,0.071756,0.052716,0.175358,0.050649,0.1,0.032872,0.081084,0.058194,0.118991,0.051233,0.041458,0.149724,0.050235,0.027374,0.085109,0.059597,0.042184,1.0,0.045469,0.117254,0.034679,0.084078,0.038357,0.025854,0.04317,0.041561,0.093332,0.098704,0.066935,0.055203,0.083591,0.049014,0.043919,0.059522,0.037751,0.108495,0.022709,0.095192,0.03337,0.043857,0.026922,0.036688,0.080463,0.062712,0.065406,0.07143,0.042962,0.083201,0.035431,0.057399,0.095485,0.089591,0.032923,0.103654,0.064847,0.038121,0.087313,0.040165,0.039555,0.093575,0.062639,0.04419,0.051095
Pot,0.223655,0.201432,0.213026,0.180262,0.137006,0.227869,0.227926,0.105231,0.153859,0.104139,0.117989,0.122525,0.133178,0.142491,0.178238,0.086221,0.116098,0.172835,0.125036,0.087072,0.071609,0.129323,0.127303,0.130801,0.079237,0.069076,0.17416,0.070121,0.175476,0.233005,0.164466,0.119198,0.133445,0.154451,0.166664,0.131113,0.149836,0.094179,0.155496,0.118769,0.158449,0.113868,0.143697,0.099193,0.138443,0.105012,0.143775,0.131096,0.14546,0.158283,0.109691,0.100239,0.089726,0.093075,0.109651,0.141928,0.126613,0.063396,0.221247,0.066735,0.079345,0.121044,0.084981,0.141767,0.120683,0.144799,0.12011,0.159896,0.158816,0.067033,0.148144,0.090174,0.134843,0.165718,0.132848,0.153262,0.078792,0.151201,0.124334,0.077976,0.149643,0.128608,0.236959,0.103277,0.045469,1.0,0.081184,0.085921,0.143099,0.104967,0.078645,0.150907,0.160573,0.167708,0.119873,0.141278,0.084839,0.112788,0.173788,0.188291,0.172848,0.141998,0.110258,0.050856,0.107882,0.051936,0.086133,0.166905,0.101189,0.174868,0.088703,0.203084,0.197846,0.195565,0.057843,0.136561,0.232606,0.101076,0.136973,0.129458,0.126019,0.246869,0.146831,0.127017,0.094809,0.150374,0.124107,0.079275,0.174451,0.245104
Razor,0.092972,0.107148,0.097435,0.084489,0.101732,0.092397,0.070396,0.055929,0.076422,0.078112,0.085054,0.068517,0.070543,0.060274,0.094439,0.068652,0.067352,0.072448,0.058485,0.054474,0.069047,0.069222,0.107092,0.056264,0.089324,0.065217,0.083996,0.101829,0.103755,0.088023,0.092476,0.065377,0.086597,0.08133,0.068584,0.065147,0.083168,0.079786,0.119015,0.074688,0.089067,0.089999,0.12134,0.093071,0.072727,0.068644,0.070357,0.064418,0.082855,0.096065,0.078465,0.070135,0.063859,0.124903,0.081368,0.066169,0.063416,0.056491,0.11951,0.072274,0.120986,0.075465,0.089151,0.097072,0.088935,0.081106,0.118781,0.127023,0.087127,0.101242,0.077341,0.094293,0.059189,0.113442,0.071246,0.115555,0.057647,0.067791,0.146397,0.081352,0.058316,0.087994,0.089174,0.067707,0.117254,0.081184,1.0,0.057759,0.145938,0.086054,0.056554,0.070774,0.084063,0.109054,0.102369,0.081457,0.112733,0.070954,0.086787,0.084709,0.079343,0.078135,0.091652,0.038297,0.156729,0.087474,0.094413,0.059907,0.067928,0.105623,0.073496,0.105904,0.107385,0.092791,0.10875,0.074392,0.092471,0.062175,0.088435,0.063662,0.096008,0.096129,0.065902,0.137413,0.08117,0.072816,0.088637,0.066882,0.086637,0.104497
Recordplayer,0.143033,0.137123,0.103248,0.117665,0.084841,0.124869,0.118514,0.064503,0.125149,0.085217,0.098408,0.094743,0.114429,0.092875,0.122506,0.061785,0.100781,0.089769,0.086753,0.062274,0.060236,0.107968,0.111576,0.067832,0.064082,0.046239,0.122403,0.052888,0.099291,0.087852,0.136858,0.10396,0.107035,0.133684,0.095708,0.094387,0.084215,0.084591,0.101872,0.07773,0.135012,0.086591,0.099834,0.078745,0.074596,0.08515,0.098589,0.090343,0.133629,0.13577,0.074087,0.088662,0.087862,0.067639,0.088585,0.108094,0.09045,0.078556,0.153547,0.066384,0.059264,0.083502,0.051584,0.091222,0.079455,0.114245,0.073251,0.097163,0.105182,0.057023,0.097249,0.081015,0.068645,0.108329,0.079636,0.079312,0.077182,0.103563,0.064857,0.075994,0.071076,0.075632,0.126794,0.072466,0.034679,0.085921,0.057759,1.0,0.105459,0.07978,0.063267,0.087415,0.09021,0.110846,0.097445,0.08496,0.081046,0.076492,0.11292,0.121811,0.100301,0.118553,0.07015,0.044779,0.072735,0.082666,0.086807,0.086097,0.066562,0.114594,0.081695,0.133844,0.13195,0.148443,0.046813,0.126332,0.089963,0.052216,0.069638,0.104409,0.092852,0.084202,0.104983,0.064671,0.08343,0.093753,0.073193,0.04183,0.127069,0.144905
Remotecontrol,0.200683,0.223078,0.198058,0.17169,0.153321,0.18212,0.146599,0.098013,0.149543,0.142485,0.138342,0.10508,0.128472,0.132214,0.192311,0.09175,0.125418,0.136995,0.113876,0.084683,0.08789,0.141187,0.244263,0.104451,0.11438,0.081651,0.195969,0.109054,0.169524,0.145325,0.193418,0.149868,0.176264,0.157745,0.133406,0.112925,0.169545,0.107026,0.169979,0.112565,0.168668,0.146453,0.197469,0.11137,0.13016,0.121517,0.133653,0.121036,0.147083,0.18194,0.126021,0.110594,0.095993,0.127165,0.115344,0.160246,0.115694,0.073989,0.260328,0.103989,0.100891,0.123196,0.122637,0.16106,0.129049,0.149742,0.162198,0.239839,0.176589,0.110367,0.145575,0.125344,0.104669,0.190747,0.125487,0.191542,0.096143,0.14332,0.167687,0.102467,0.12367,0.14354,0.185083,0.126715,0.084078,0.143099,0.145938,0.105459,1.0,0.116083,0.092841,0.134384,0.143348,0.214189,0.134749,0.139129,0.115309,0.108793,0.165218,0.172606,0.145587,0.148865,0.169876,0.05446,0.160754,0.077188,0.098114,0.109258,0.115634,0.188778,0.115978,0.211141,0.234359,0.201137,0.099959,0.142689,0.147982,0.095869,0.116804,0.129833,0.151799,0.164277,0.13589,0.167262,0.109859,0.12652,0.141635,0.088395,0.170069,0.21692
Ring,0.145787,0.14178,0.115193,0.123016,0.107245,0.122255,0.13067,0.07907,0.123444,0.098054,0.173444,0.107097,0.105203,0.081186,0.13775,0.065072,0.099399,0.109378,0.079195,0.070987,0.111565,0.111131,0.097329,0.078095,0.077132,0.080124,0.124376,0.069469,0.111873,0.116874,0.127227,0.076693,0.127554,0.139988,0.100011,0.10153,0.098019,0.122839,0.111146,0.097007,0.119042,0.091236,0.104032,0.092886,0.103309,0.095777,0.112169,0.111766,0.126581,0.160159,0.096205,0.142569,0.078559,0.094787,0.16016,0.123935,0.115236,0.081865,0.14022,0.092279,0.088424,0.10801,0.072275,0.098515,0.09292,0.117194,0.117707,0.116223,0.117789,0.073041,0.118424,0.083734,0.108999,0.122166,0.116874,0.096699,0.092752,0.090703,0.083151,0.089079,0.090971,0.103479,0.1363,0.085438,0.038357,0.104967,0.086054,0.07978,0.116083,1.0,0.081819,0.094178,0.108904,0.113635,0.087657,0.107395,0.104923,0.077667,0.165764,0.132956,0.103067,0.132555,0.089478,0.067944,0.092147,0.108923,0.119408,0.092696,0.078793,0.120948,0.072855,0.123272,0.128308,0.149224,0.072435,0.127085,0.095545,0.070892,0.0841,0.1022,0.103374,0.106312,0.104177,0.090456,0.106122,0.113434,0.099691,0.068678,0.130377,0.168994
Rollerskates,0.130338,0.121316,0.092002,0.120333,0.09151,0.119744,0.101607,0.072739,0.114292,0.074953,0.099844,0.076542,0.121432,0.080528,0.113912,0.060292,0.096849,0.092753,0.06173,0.059109,0.073755,0.093292,0.083019,0.061723,0.052584,0.053231,0.107787,0.048845,0.088316,0.080424,0.101473,0.07302,0.111485,0.115375,0.090038,0.084731,0.085597,0.071368,0.088059,0.079168,0.11478,0.060361,0.083319,0.065228,0.080387,0.077534,0.097732,0.068416,0.079204,0.114375,0.094261,0.088454,0.072464,0.083088,0.092051,0.110158,0.095094,0.067899,0.131257,0.074707,0.045898,0.087696,0.0718,0.075527,0.07027,0.128788,0.066878,0.105978,0.095479,0.048361,0.10199,0.079142,0.074915,0.107125,0.07711,0.080599,0.067932,0.084273,0.064962,0.051295,0.066172,0.086306,0.109485,0.066047,0.025854,0.078645,0.056554,0.063267,0.092841,0.081819,1.0,0.081036,0.089269,0.11133,0.074145,0.102702,0.073207,0.144336,0.115488,0.115747,0.075119,0.188766,0.081406,0.053189,0.068146,0.060587,0.08476,0.06703,0.185432,0.113487,0.067366,0.127394,0.133735,0.133507,0.039142,0.117795,0.077435,0.057658,0.057801,0.095309,0.096,0.079791,0.081369,0.060533,0.075309,0.068839,0.089463,0.055966,0.118518,0.144411
Rug,0.215329,0.181508,0.19385,0.174513,0.112899,0.219734,0.170547,0.153081,0.160007,0.10335,0.126767,0.123786,0.136798,0.123228,0.166454,0.074015,0.125031,0.135491,0.116227,0.069249,0.080889,0.136567,0.120371,0.137377,0.059147,0.069755,0.182347,0.075122,0.132791,0.139418,0.156874,0.101916,0.140569,0.171032,0.190305,0.120768,0.142736,0.087876,0.137832,0.107445,0.153748,0.10959,0.13106,0.087771,0.113477,0.113058,0.160418,0.164379,0.141203,0.171072,0.110207,0.106598,0.080066,0.084767,0.103918,0.147448,0.125437,0.063116,0.205392,0.073787,0.075318,0.125828,0.083896,0.124772,0.098996,0.144416,0.097376,0.159602,0.143986,0.069744,0.143476,0.083009,0.110387,0.149356,0.121564,0.140559,0.102043,0.143456,0.122482,0.094294,0.149445,0.122923,0.233486,0.084857,0.04317,0.150907,0.070774,0.087415,0.134384,0.094178,0.081036,1.0,0.118196,0.168642,0.116067,0.143632,0.087297,0.109962,0.168106,0.194262,0.168797,0.149618,0.109287,0.049945,0.103239,0.06421,0.086767,0.121875,0.098354,0.190276,0.085683,0.186679,0.188717,0.208858,0.056375,0.141607,0.13493,0.086868,0.06827,0.13027,0.133178,0.138491,0.154401,0.097519,0.095369,0.115151,0.109608,0.077165,0.165486,0.258532
Saltpeppershaker,0.213137,0.192727,0.18052,0.162922,0.129561,0.194702,0.152523,0.087576,0.14588,0.124294,0.118135,0.113033,0.135079,0.12041,0.174408,0.089977,0.111849,0.130003,0.10281,0.092151,0.075981,0.127735,0.130932,0.114192,0.086319,0.065234,0.156209,0.068848,0.174274,0.16971,0.15299,0.116574,0.135998,0.149261,0.130425,0.115412,0.135748,0.112029,0.154711,0.109454,0.165718,0.103477,0.13926,0.104629,0.094315,0.101547,0.133887,0.10477,0.144651,0.144319,0.098482,0.092502,0.097969,0.084935,0.10894,0.134485,0.112154,0.067172,0.212776,0.069107,0.073574,0.112588,0.070343,0.130497,0.116386,0.144256,0.108437,0.174783,0.154199,0.073291,0.137931,0.094137,0.10939,0.165498,0.103323,0.124938,0.078918,0.146967,0.127813,0.081767,0.123117,0.105328,0.194455,0.111474,0.041561,0.160573,0.084063,0.09021,0.143348,0.108904,0.089269,0.118196,1.0,0.148274,0.113819,0.13671,0.088848,0.104278,0.140813,0.16545,0.147482,0.140426,0.101812,0.0732,0.111396,0.066523,0.095612,0.124032,0.102615,0.162519,0.102143,0.188305,0.18636,0.18033,0.059034,0.134513,0.181118,0.06573,0.085983,0.12844,0.129722,0.176866,0.127788,0.14036,0.106165,0.146074,0.125486,0.063433,0.175162,0.201852
Saxophone,0.319828,0.302114,0.244835,0.209168,0.159874,0.265984,0.188952,0.120648,0.189449,0.169105,0.160721,0.122785,0.159152,0.153171,0.255991,0.114308,0.171764,0.190692,0.115945,0.072237,0.094246,0.171895,0.180978,0.108935,0.081384,0.093517,0.254123,0.111925,0.203496,0.160043,0.249273,0.118041,0.164588,0.186569,0.164898,0.131603,0.189398,0.094558,0.218339,0.127016,0.206045,0.179726,0.20001,0.105676,0.132128,0.166014,0.194688,0.138149,0.190464,0.23199,0.134747,0.140941,0.109591,0.1324,0.127718,0.179517,0.15149,0.069629,0.376615,0.092604,0.103965,0.147575,0.121655,0.17088,0.146461,0.212688,0.161397,0.318087,0.182734,0.097603,0.207001,0.159605,0.119621,0.22264,0.178272,0.245742,0.112318,0.175528,0.202336,0.119742,0.140687,0.172837,0.256087,0.101003,0.093332,0.167708,0.109054,0.110846,0.214189,0.113635,0.11133,0.168642,0.148274,1.0,0.163473,0.181903,0.120341,0.151095,0.220634,0.228404,0.18285,0.209972,0.189436,0.041951,0.178199,0.067772,0.108509,0.12352,0.14688,0.255724,0.10366,0.273206,0.30564,0.264561,0.08371,0.199549,0.157181,0.10879,0.112613,0.175846,0.19322,0.192481,0.166192,0.159794,0.137484,0.141121,0.182172,0.095871,0.231056,0.287603
Scale,0.182063,0.178867,0.148332,0.148494,0.113687,0.177559,0.135572,0.090664,0.136971,0.111097,0.118658,0.104692,0.110482,0.113314,0.161731,0.093491,0.108814,0.128676,0.085747,0.073978,0.070126,0.117748,0.122666,0.083648,0.061576,0.063791,0.152991,0.100429,0.133933,0.115728,0.149734,0.090029,0.124299,0.146299,0.119515,0.104073,0.112983,0.077505,0.15103,0.100115,0.150358,0.121329,0.143931,0.093044,0.08191,0.101183,0.114141,0.097483,0.131263,0.145051,0.087573,0.091765,0.083796,0.085319,0.099422,0.130213,0.10457,0.058822,0.196905,0.059549,0.087173,0.097993,0.080461,0.122363,0.111608,0.137786,0.098079,0.163918,0.135352,0.083802,0.122664,0.113451,0.079672,0.138624,0.110243,0.140028,0.081811,0.124375,0.122072,0.084499,0.10571,0.101073,0.166286,0.072619,0.098704,0.119873,0.102369,0.097445,0.134749,0.087657,0.074145,0.116067,0.113819,0.163473,1.0,0.118965,0.088401,0.109602,0.122176,0.145987,0.136447,0.133782,0.110434,0.043611,0.111917,0.067638,0.088351,0.09917,0.09109,0.162763,0.079812,0.171056,0.172675,0.170604,0.05957,0.131289,0.122521,0.073696,0.106068,0.117224,0.124929,0.123167,0.125546,0.097521,0.089614,0.10123,0.115661,0.065695,0.151187,0.181169
Scarf,0.202417,0.186278,0.185391,0.19202,0.146299,0.201246,0.159393,0.151991,0.136975,0.122712,0.140508,0.097922,0.133192,0.116038,0.158758,0.091518,0.116061,0.140429,0.102371,0.07678,0.090506,0.123867,0.13391,0.1176,0.069893,0.091081,0.157011,0.085008,0.146209,0.129452,0.160237,0.115276,0.121407,0.141163,0.140424,0.102883,0.145686,0.094544,0.150099,0.107505,0.146636,0.114053,0.154892,0.104572,0.10146,0.091085,0.150578,0.108971,0.124369,0.157664,0.142069,0.103543,0.086657,0.093859,0.114748,0.18536,0.128369,0.080942,0.221339,0.069406,0.092785,0.125636,0.107755,0.129578,0.136251,0.134356,0.100647,0.182408,0.169867,0.102897,0.14177,0.104165,0.102041,0.166833,0.121228,0.199192,0.078091,0.126998,0.122135,0.075299,0.115036,0.144413,0.18072,0.081031,0.066935,0.141278,0.081457,0.08496,0.139129,0.107395,0.102702,0.143632,0.13671,0.181903,0.118965,1.0,0.094643,0.112368,0.227975,0.170399,0.161423,0.139966,0.148766,0.054332,0.125822,0.057288,0.088052,0.102519,0.115974,0.245199,0.102998,0.216721,0.187377,0.182381,0.05672,0.126214,0.141822,0.091404,0.089997,0.12346,0.145622,0.145278,0.12597,0.119383,0.091765,0.111098,0.129914,0.091814,0.15915,0.275259
Scissors,0.135141,0.128612,0.096261,0.105637,0.078964,0.11079,0.099032,0.069034,0.10726,0.082589,0.127219,0.087185,0.093765,0.069779,0.12807,0.058868,0.093247,0.093831,0.066731,0.053518,0.125503,0.100019,0.091338,0.067662,0.091421,0.064102,0.122786,0.075933,0.103096,0.098437,0.135997,0.070367,0.104566,0.122447,0.094407,0.081612,0.091595,0.089914,0.119888,0.085637,0.127488,0.1115,0.107528,0.089442,0.07577,0.103941,0.093854,0.082075,0.130045,0.170686,0.086593,0.121013,0.062507,0.149589,0.108452,0.104983,0.091558,0.063489,0.149481,0.082438,0.12797,0.088152,0.06752,0.094353,0.080996,0.127482,0.092524,0.115913,0.108749,0.07528,0.108773,0.090453,0.062485,0.119204,0.100745,0.09463,0.075142,0.079971,0.106909,0.113659,0.073741,0.087124,0.128115,0.067853,0.055203,0.084839,0.112733,0.081046,0.115309,0.104923,0.073207,0.087297,0.088848,0.120341,0.088401,0.094643,1.0,0.073484,0.106762,0.11024,0.086295,0.11875,0.096436,0.041007,0.152412,0.119508,0.143101,0.07296,0.076494,0.105914,0.056904,0.12007,0.169396,0.133919,0.109608,0.11246,0.079804,0.060603,0.080679,0.093428,0.103457,0.08318,0.097125,0.078819,0.105681,0.098866,0.086916,0.081601,0.121102,0.132246
Scooter,0.184292,0.156849,0.139147,0.156817,0.110471,0.181676,0.145226,0.079698,0.129966,0.101207,0.10741,0.103634,0.163438,0.109782,0.154306,0.063138,0.115791,0.12588,0.077681,0.056083,0.068173,0.115884,0.103397,0.078109,0.059913,0.05425,0.140827,0.083307,0.115927,0.11265,0.133259,0.083891,0.120595,0.141016,0.12112,0.101693,0.110552,0.078604,0.1311,0.099188,0.15002,0.094699,0.119314,0.088447,0.078505,0.099424,0.113386,0.097203,0.117185,0.141246,0.085418,0.093155,0.084492,0.072267,0.088943,0.135347,0.104658,0.071572,0.16141,0.063645,0.066756,0.101193,0.100125,0.10261,0.087866,0.168152,0.084783,0.118724,0.1222,0.051431,0.121718,0.094677,0.079753,0.122696,0.100842,0.114223,0.073125,0.11922,0.090037,0.073548,0.106183,0.093963,0.178649,0.071014,0.083591,0.112788,0.070954,0.076492,0.108793,0.077667,0.144336,0.109962,0.104278,0.151095,0.109602,0.112368,0.073484,1.0,0.122293,0.15574,0.121535,0.133613,0.088742,0.033229,0.084133,0.054007,0.083763,0.093838,0.161258,0.153034,0.097642,0.163552,0.157309,0.184159,0.05121,0.127299,0.117595,0.060257,0.065477,0.121357,0.125751,0.106967,0.115533,0.079954,0.089032,0.097707,0.094189,0.078877,0.147227,0.187247
Scrunchie,0.248624,0.232578,0.238495,0.206771,0.159662,0.257796,0.201776,0.161477,0.197711,0.129342,0.180885,0.128788,0.173201,0.134955,0.206976,0.102038,0.140586,0.149323,0.116087,0.082428,0.119163,0.164715,0.153731,0.126133,0.07935,0.082497,0.204171,0.071583,0.184988,0.161209,0.179379,0.118555,0.146329,0.222181,0.173464,0.140062,0.14632,0.129478,0.175931,0.111295,0.196972,0.126555,0.161455,0.106844,0.14127,0.118158,0.207998,0.183063,0.160815,0.19821,0.153633,0.13375,0.107399,0.10107,0.137856,0.185933,0.16753,0.094702,0.263997,0.093974,0.079253,0.139368,0.08292,0.147156,0.120632,0.166272,0.140866,0.210217,0.175005,0.088724,0.177568,0.118371,0.161262,0.188531,0.168954,0.157864,0.141103,0.16715,0.1259,0.100241,0.121891,0.16314,0.239059,0.105517,0.049014,0.173788,0.086787,0.11292,0.165218,0.165764,0.115488,0.168106,0.140813,0.220634,0.122176,0.227975,0.106762,0.122293,1.0,0.226605,0.17863,0.186409,0.12399,0.077456,0.118755,0.087489,0.12413,0.136084,0.133426,0.221899,0.099988,0.231403,0.22091,0.225097,0.063753,0.173864,0.154254,0.091605,0.100762,0.164944,0.149742,0.161733,0.15095,0.108005,0.127284,0.137281,0.129492,0.088202,0.205244,0.335912
Seashell,0.296481,0.274105,0.220798,0.221333,0.149923,0.293982,0.231406,0.147698,0.21014,0.148561,0.171459,0.158146,0.191019,0.15748,0.241658,0.094639,0.173813,0.188686,0.125749,0.077199,0.113452,0.183049,0.152776,0.146875,0.082964,0.085304,0.230773,0.079409,0.184486,0.174119,0.219291,0.129254,0.195497,0.221468,0.201452,0.162601,0.161747,0.122633,0.197407,0.134021,0.230644,0.144294,0.165551,0.115616,0.153713,0.146725,0.246669,0.169029,0.195332,0.234713,0.135357,0.149949,0.113706,0.115434,0.142437,0.192096,0.173165,0.074788,0.286273,0.102311,0.087833,0.158417,0.088262,0.163186,0.119205,0.216602,0.138352,0.201066,0.195511,0.084601,0.201129,0.111842,0.157894,0.20837,0.148612,0.167037,0.12469,0.187883,0.12753,0.116872,0.150443,0.173727,0.287504,0.108832,0.043919,0.188291,0.084709,0.121811,0.172606,0.132956,0.115747,0.194262,0.16545,0.228404,0.145987,0.170399,0.11024,0.15574,0.226605,1.0,0.199092,0.212076,0.137556,0.060433,0.133119,0.080535,0.116282,0.149398,0.136893,0.233152,0.099056,0.246244,0.27276,0.284381,0.06894,0.203189,0.163269,0.101943,0.095353,0.183898,0.175011,0.183992,0.179849,0.115622,0.139121,0.159131,0.145117,0.098495,0.249336,0.334906
Shirt,0.258283,0.215677,0.238768,0.206712,0.137708,0.249191,0.207094,0.137238,0.177627,0.122232,0.159879,0.160731,0.156149,0.138344,0.199528,0.084427,0.131919,0.113455,0.121024,0.06801,0.081352,0.158359,0.142558,0.11316,0.072278,0.079819,0.209366,0.07289,0.164325,0.160475,0.180331,0.126419,0.160946,0.196107,0.19092,0.154105,0.153341,0.084645,0.178919,0.125112,0.20343,0.121645,0.15677,0.104208,0.105205,0.140452,0.153187,0.152556,0.177896,0.207444,0.127503,0.117957,0.10522,0.087566,0.112424,0.177178,0.1364,0.068585,0.217547,0.079283,0.080453,0.146443,0.09052,0.142559,0.11818,0.161114,0.107483,0.18631,0.176825,0.064195,0.154806,0.095792,0.1099,0.167273,0.142052,0.160903,0.097497,0.173692,0.148709,0.110209,0.152565,0.111464,0.263131,0.097168,0.059522,0.172848,0.079343,0.100301,0.145587,0.103067,0.075119,0.168797,0.147482,0.18285,0.136447,0.161423,0.086295,0.121535,0.17863,0.199092,1.0,0.159786,0.117154,0.053675,0.115914,0.057969,0.096774,0.144643,0.100603,0.24323,0.103946,0.221978,0.226178,0.222921,0.060066,0.167107,0.17751,0.07134,0.085843,0.152348,0.168075,0.169811,0.163049,0.134985,0.117422,0.144372,0.132734,0.077674,0.195009,0.264084
Shoe,0.263115,0.229014,0.160209,0.188745,0.120449,0.231642,0.201111,0.108155,0.219917,0.121054,0.21284,0.167797,0.189305,0.129535,0.230374,0.079868,0.175081,0.161036,0.10605,0.063734,0.121649,0.190948,0.135071,0.095837,0.080438,0.062389,0.205694,0.072274,0.162763,0.153292,0.198102,0.109509,0.176177,0.255116,0.158058,0.162987,0.136823,0.111366,0.157857,0.124722,0.233414,0.123531,0.138274,0.09889,0.117439,0.166409,0.171364,0.129536,0.188931,0.25629,0.124323,0.169588,0.106268,0.123273,0.15042,0.180879,0.164038,0.066578,0.255005,0.129015,0.080261,0.139579,0.077548,0.135161,0.097742,0.197497,0.113136,0.166016,0.161562,0.063419,0.174167,0.103424,0.110509,0.175397,0.137751,0.13384,0.111665,0.160391,0.101298,0.126112,0.12698,0.128742,0.220229,0.099687,0.037751,0.141998,0.078135,0.118553,0.148865,0.132555,0.188766,0.149618,0.140426,0.209972,0.133782,0.139966,0.11875,0.133613,0.186409,0.212076,0.159786,1.0,0.112295,0.039778,0.125268,0.105881,0.13236,0.13239,0.124079,0.193785,0.082066,0.202256,0.248817,0.265142,0.067403,0.223099,0.125275,0.083593,0.077187,0.18211,0.15952,0.136868,0.167433,0.0915,0.136604,0.149279,0.125083,0.068439,0.228865,0.270384
Skiis,0.144433,0.173665,0.131114,0.145029,0.131827,0.133126,0.112851,0.077368,0.111572,0.135476,0.134696,0.078962,0.092135,0.09322,0.153815,0.099277,0.094276,0.134462,0.080298,0.058444,0.070722,0.102768,0.124,0.078844,0.059297,0.08116,0.149164,0.12161,0.134665,0.100203,0.153946,0.091461,0.104163,0.12025,0.092352,0.077748,0.13362,0.072024,0.132916,0.088763,0.128587,0.118537,0.156154,0.075243,0.104032,0.091336,0.108598,0.082121,0.107734,0.142234,0.100796,0.092103,0.074054,0.095142,0.095928,0.129929,0.091615,0.051284,0.217033,0.067997,0.086007,0.101258,0.124892,0.126877,0.121073,0.116961,0.122092,0.215446,0.115648,0.086988,0.123605,0.107689,0.078522,0.149613,0.105307,0.189835,0.067161,0.112128,0.181599,0.081228,0.08478,0.121256,0.13561,0.061942,0.108495,0.110258,0.091652,0.07015,0.169876,0.089478,0.081406,0.109287,0.101812,0.189436,0.110434,0.148766,0.096436,0.088742,0.12399,0.137556,0.117154,0.112295,1.0,0.039737,0.13792,0.051767,0.077077,0.075806,0.093809,0.160397,0.073941,0.176647,0.195376,0.153087,0.067522,0.108126,0.104829,0.101879,0.096543,0.097575,0.128654,0.138014,0.100719,0.127944,0.086585,0.084433,0.1667,0.091333,0.131149,0.153653
Snowglobe,0.050403,0.070327,0.068334,0.068088,0.062189,0.056572,0.047738,0.045237,0.048599,0.065163,0.028582,0.034082,0.039317,0.038153,0.053106,0.05744,0.041424,0.078193,0.048039,0.069505,0.033729,0.040531,0.047118,0.059703,0.048514,0.060921,0.070366,0.026913,0.069804,0.057315,0.048483,0.048714,0.053861,0.046021,0.044898,0.036065,0.04651,0.050232,0.05494,0.047619,0.035777,0.04305,0.055906,0.053213,0.070094,0.02309,0.056603,0.071155,0.039252,0.034885,0.053506,0.030606,0.047053,0.034875,0.043349,0.059808,0.041451,0.051548,0.074785,0.030962,0.037263,0.046946,0.035904,0.061785,0.070195,0.050098,0.067012,0.053906,0.05684,0.058938,0.045119,0.062878,0.063435,0.062392,0.041424,0.045799,0.048051,0.041296,0.042085,0.026018,0.030634,0.059408,0.06198,0.043764,0.022709,0.050856,0.038297,0.044779,0.05446,0.067944,0.053189,0.049945,0.0732,0.041951,0.043611,0.054332,0.041007,0.033229,0.077456,0.060433,0.053675,0.039778,0.039737,1.0,0.046307,0.035105,0.039716,0.03606,0.04557,0.065909,0.051442,0.082628,0.059674,0.056974,0.031825,0.044825,0.061159,0.061202,0.062186,0.040982,0.041073,0.064952,0.031249,0.046731,0.042082,0.056727,0.056155,0.045025,0.050385,0.066002
Spoon,0.159738,0.175632,0.129096,0.132244,0.119665,0.136271,0.113529,0.075662,0.123895,0.123101,0.115049,0.096304,0.091406,0.09341,0.153874,0.070503,0.102453,0.109132,0.084363,0.057797,0.105817,0.107635,0.12054,0.079732,0.0977,0.088128,0.142178,0.124703,0.130233,0.112937,0.135768,0.08712,0.100299,0.139879,0.096252,0.09431,0.115244,0.092418,0.127748,0.086748,0.14607,0.191967,0.156232,0.085518,0.105139,0.111508,0.105343,0.084336,0.155786,0.155722,0.093023,0.091862,0.080271,0.195571,0.109145,0.123679,0.092997,0.047808,0.201327,0.079737,0.143518,0.098144,0.099655,0.142483,0.103861,0.129608,0.137459,0.20075,0.107925,0.157812,0.112493,0.079689,0.079259,0.167923,0.10553,0.161673,0.072124,0.109566,0.21818,0.104073,0.084227,0.141028,0.143873,0.076301,0.095192,0.107882,0.156729,0.072735,0.160754,0.092147,0.068146,0.103239,0.111396,0.178199,0.111917,0.125822,0.152412,0.084133,0.118755,0.133119,0.115914,0.125268,0.13792,0.046307,1.0,0.07265,0.09332,0.081557,0.083567,0.162268,0.077444,0.157823,0.194379,0.145588,0.130701,0.126153,0.106232,0.090744,0.110806,0.102939,0.123729,0.136881,0.109021,0.143916,0.087687,0.106381,0.135314,0.14411,0.147541,0.138466
Stapler,0.086428,0.085909,0.062352,0.074175,0.053746,0.069027,0.077219,0.059102,0.107428,0.062503,0.123465,0.104705,0.074738,0.059664,0.079649,0.035257,0.086895,0.068414,0.064144,0.044577,0.090638,0.093896,0.068045,0.03887,0.073318,0.040352,0.071212,0.057244,0.066605,0.063577,0.07842,0.053035,0.073905,0.14057,0.074546,0.084066,0.058183,0.074048,0.064652,0.071797,0.093128,0.075591,0.065434,0.069306,0.052337,0.079195,0.070027,0.07351,0.099329,0.133612,0.06488,0.118173,0.064421,0.076962,0.125007,0.078114,0.084988,0.067613,0.074038,0.096225,0.074689,0.066907,0.043599,0.05834,0.048822,0.084675,0.065477,0.065026,0.067237,0.038097,0.076645,0.06315,0.047204,0.077423,0.060435,0.055196,0.07429,0.054713,0.05726,0.10669,0.052116,0.0489,0.089739,0.064891,0.03337,0.051936,0.087474,0.082666,0.077188,0.108923,0.060587,0.06421,0.066523,0.067772,0.067638,0.057288,0.119508,0.054007,0.087489,0.080535,0.057969,0.105881,0.051767,0.035105,0.07265,1.0,0.154833,0.065805,0.052969,0.073714,0.06202,0.07928,0.084583,0.104516,0.077351,0.124418,0.054687,0.045577,0.042354,0.08639,0.068007,0.056884,0.086546,0.052354,0.089005,0.07453,0.053586,0.042062,0.089715,0.095559
Stapleremover,0.135705,0.130564,0.098178,0.107189,0.087016,0.114967,0.1176,0.069046,0.120439,0.089138,0.147665,0.110686,0.108559,0.077298,0.130687,0.06154,0.104518,0.095642,0.069126,0.061893,0.107656,0.110349,0.080289,0.065643,0.081937,0.049378,0.113887,0.058714,0.104472,0.095263,0.126192,0.062403,0.124131,0.136122,0.095805,0.109336,0.081611,0.094377,0.120568,0.090841,0.132063,0.091623,0.09389,0.093122,0.066443,0.100701,0.097682,0.090747,0.127238,0.167423,0.088121,0.137875,0.072293,0.087488,0.119267,0.106112,0.101759,0.071871,0.127494,0.086996,0.092826,0.088312,0.056529,0.088412,0.066664,0.115657,0.091305,0.101104,0.106097,0.050077,0.108979,0.108679,0.067957,0.116422,0.087411,0.087786,0.075744,0.084706,0.070631,0.090308,0.075594,0.073102,0.125553,0.080335,0.043857,0.086133,0.094413,0.086807,0.098114,0.119408,0.08476,0.086767,0.095612,0.108509,0.088351,0.088052,0.143101,0.083763,0.12413,0.116282,0.096774,0.13236,0.077077,0.039716,0.09332,0.154833,1.0,0.092662,0.075505,0.108561,0.064148,0.117083,0.135368,0.146475,0.073683,0.129971,0.087743,0.053388,0.061423,0.102917,0.098138,0.085942,0.112451,0.077502,0.118822,0.103405,0.081412,0.049505,0.131848,0.139014
Storagebin,0.191915,0.15787,0.148146,0.147883,0.097798,0.170233,0.230423,0.088856,0.147986,0.083152,0.130054,0.135009,0.126954,0.118161,0.150582,0.064828,0.108585,0.115271,0.106356,0.064988,0.067129,0.126831,0.102256,0.089216,0.067688,0.046625,0.145057,0.057506,0.119648,0.131091,0.131323,0.094036,0.1327,0.158615,0.139793,0.162886,0.114617,0.081966,0.123493,0.110976,0.15189,0.094346,0.103894,0.081057,0.088795,0.104304,0.118458,0.110593,0.137645,0.153724,0.084731,0.102307,0.09838,0.075243,0.099369,0.140496,0.114995,0.05053,0.156699,0.069994,0.060209,0.097397,0.061299,0.099852,0.083867,0.126547,0.078884,0.111658,0.123392,0.047319,0.118571,0.065276,0.100026,0.128866,0.098076,0.106918,0.075231,0.12941,0.07982,0.083011,0.12817,0.090142,0.179265,0.101085,0.026922,0.166905,0.059907,0.086097,0.109258,0.092696,0.06703,0.121875,0.124032,0.12352,0.09917,0.102519,0.07296,0.093838,0.136084,0.149398,0.144643,0.13239,0.075806,0.03606,0.081557,0.065805,0.092662,1.0,0.08949,0.133665,0.094513,0.149993,0.159231,0.176813,0.049455,0.132158,0.18221,0.062826,0.060891,0.120951,0.107476,0.120938,0.154719,0.079586,0.096307,0.119642,0.081935,0.051375,0.152893,0.191314
Stroller,0.160627,0.158104,0.115489,0.160519,0.126543,0.154171,0.143714,0.089435,0.115583,0.094932,0.087739,0.083283,0.134259,0.091586,0.137088,0.065085,0.099487,0.111726,0.069876,0.056631,0.059489,0.098933,0.106226,0.082501,0.059946,0.063422,0.130084,0.063047,0.10973,0.094918,0.114064,0.089833,0.127773,0.122459,0.103864,0.111426,0.107069,0.081849,0.11084,0.114755,0.141579,0.081734,0.111033,0.076923,0.084554,0.076142,0.107016,0.088823,0.10511,0.120512,0.096233,0.081457,0.099544,0.086065,0.087188,0.148427,0.104336,0.089373,0.168779,0.072668,0.046592,0.096003,0.096762,0.094786,0.100903,0.183289,0.085747,0.116651,0.121085,0.063895,0.116532,0.080487,0.083898,0.127784,0.091081,0.10844,0.079085,0.113344,0.079859,0.060583,0.085787,0.095503,0.146816,0.08133,0.036688,0.101189,0.067928,0.066562,0.115634,0.078793,0.185432,0.098354,0.102615,0.14688,0.09109,0.115974,0.076494,0.161258,0.133426,0.136893,0.100603,0.124079,0.093809,0.04557,0.083567,0.052969,0.075505,0.08949,1.0,0.146587,0.095872,0.152089,0.150564,0.153896,0.049042,0.109001,0.113389,0.052763,0.066429,0.106973,0.122839,0.091999,0.102319,0.081143,0.082584,0.086503,0.098432,0.07929,0.129879,0.177312
Suit,0.31293,0.265007,0.257147,0.245942,0.174065,0.295902,0.214954,0.167289,0.188501,0.164267,0.148195,0.134977,0.184394,0.154548,0.23432,0.103226,0.173701,0.193149,0.127896,0.082988,0.09104,0.173035,0.188977,0.12807,0.08976,0.101368,0.236208,0.095162,0.187207,0.185412,0.221824,0.154451,0.184147,0.202137,0.190416,0.149796,0.180258,0.105493,0.207533,0.122063,0.20995,0.155971,0.198901,0.106928,0.135566,0.126664,0.190801,0.146827,0.183956,0.220139,0.153252,0.13092,0.113461,0.113766,0.131979,0.193913,0.168681,0.098715,0.307572,0.077374,0.098038,0.16103,0.114398,0.171213,0.145913,0.176701,0.136565,0.261296,0.198799,0.096538,0.201144,0.12949,0.119916,0.208536,0.148802,0.294968,0.095187,0.186,0.186812,0.105281,0.161099,0.154673,0.279478,0.102213,0.080463,0.174868,0.105623,0.114594,0.188778,0.120948,0.113487,0.190276,0.162519,0.255724,0.162763,0.245199,0.105914,0.153034,0.221899,0.233152,0.24323,0.193785,0.160397,0.065909,0.162268,0.073714,0.108561,0.133665,0.146587,1.0,0.118126,0.299881,0.276207,0.273727,0.075178,0.184522,0.173165,0.108048,0.108005,0.174796,0.192437,0.183167,0.171907,0.162632,0.128045,0.147416,0.164675,0.102808,0.217221,0.359331
Suitcase,0.125746,0.119222,0.128349,0.193944,0.102262,0.114464,0.092717,0.063093,0.083706,0.103789,0.079734,0.06625,0.071582,0.115546,0.097993,0.072569,0.071665,0.093053,0.105825,0.074664,0.041336,0.076642,0.146753,0.066001,0.091896,0.073381,0.098295,0.067787,0.121551,0.088217,0.100762,0.14684,0.078679,0.0816,0.093329,0.071419,0.122935,0.070094,0.105065,0.082724,0.092225,0.096796,0.123876,0.089871,0.066958,0.053291,0.085743,0.081622,0.076058,0.083531,0.082477,0.056141,0.10935,0.065656,0.072049,0.162837,0.073836,0.063889,0.12772,0.048442,0.047494,0.077996,0.107161,0.09034,0.153425,0.09786,0.076895,0.102215,0.118301,0.066377,0.090933,0.09413,0.074829,0.096234,0.076812,0.102115,0.067124,0.090835,0.092316,0.056663,0.08432,0.075498,0.124129,0.096243,0.062712,0.088703,0.073496,0.081695,0.115978,0.072855,0.067366,0.085683,0.102143,0.10366,0.079812,0.102998,0.056904,0.097642,0.099988,0.099056,0.103946,0.082066,0.073941,0.051442,0.077444,0.06202,0.064148,0.094513,0.095872,0.118126,1.0,0.137421,0.110791,0.111128,0.046358,0.079369,0.144856,0.053982,0.064645,0.077534,0.091899,0.10383,0.106903,0.109431,0.068413,0.082631,0.087741,0.055539,0.099717,0.123559
Teddy Bear,0.298889,0.301165,0.283999,0.2732,0.2058,0.29801,0.23112,0.136793,0.22086,0.165509,0.160749,0.159406,0.186059,0.171939,0.248791,0.109455,0.174659,0.191416,0.139785,0.097445,0.107246,0.183165,0.191509,0.133504,0.088308,0.100061,0.261467,0.089429,0.207435,0.181581,0.23366,0.157174,0.189808,0.226695,0.206654,0.154471,0.200262,0.114271,0.245368,0.152699,0.22671,0.168887,0.221263,0.120002,0.147042,0.137181,0.200632,0.154387,0.194051,0.212663,0.145732,0.125197,0.11892,0.123171,0.148774,0.215955,0.175186,0.081705,0.355999,0.092197,0.097874,0.165535,0.115494,0.185853,0.14785,0.206343,0.135465,0.283039,0.221784,0.100996,0.193491,0.142835,0.137829,0.224007,0.155483,0.211976,0.112919,0.207796,0.195086,0.110605,0.176639,0.149914,0.279556,0.112022,0.065406,0.203084,0.105904,0.133844,0.211141,0.123272,0.127394,0.186679,0.188305,0.273206,0.171056,0.216721,0.12007,0.163552,0.231403,0.246244,0.221978,0.202256,0.176647,0.082628,0.157823,0.07928,0.117083,0.149993,0.152089,0.299881,0.137421,1.0,0.29987,0.294306,0.083107,0.205994,0.211783,0.099728,0.11354,0.180756,0.203561,0.199283,0.180189,0.146169,0.137027,0.147822,0.175542,0.127475,0.237908,0.319427
Tennisracket,0.336579,0.33333,0.253304,0.253023,0.192179,0.307095,0.240664,0.13088,0.24505,0.172708,0.198774,0.170866,0.213819,0.17403,0.282522,0.102257,0.198312,0.182195,0.138223,0.076631,0.129278,0.213048,0.193783,0.127699,0.103278,0.087897,0.279465,0.091333,0.230939,0.193719,0.263707,0.145679,0.208516,0.260764,0.201847,0.182489,0.201934,0.116037,0.23235,0.161669,0.270579,0.18946,0.225184,0.117016,0.13683,0.186013,0.20866,0.153685,0.239213,0.296872,0.148512,0.172832,0.124072,0.178691,0.151169,0.220826,0.183164,0.076609,0.385381,0.119059,0.106381,0.176233,0.119353,0.187313,0.140526,0.24799,0.152293,0.296124,0.209365,0.106309,0.221233,0.14044,0.127215,0.24872,0.180429,0.229809,0.12052,0.207867,0.191521,0.139919,0.171709,0.172529,0.302361,0.11764,0.07143,0.197846,0.107385,0.13195,0.234359,0.128308,0.133735,0.188717,0.18636,0.30564,0.172675,0.187377,0.169396,0.157309,0.22091,0.27276,0.226178,0.248817,0.195376,0.059674,0.194379,0.084583,0.135368,0.159231,0.150564,0.276207,0.110791,0.29987,1.0,0.314995,0.083227,0.248981,0.183323,0.107878,0.115895,0.212044,0.222171,0.192887,0.197119,0.147953,0.166917,0.172929,0.196954,0.138448,0.278098,0.311245
Tent,0.350828,0.326986,0.247888,0.265672,0.155817,0.315863,0.26553,0.15709,0.279192,0.157415,0.215019,0.206896,0.265668,0.173534,0.297109,0.105627,0.235079,0.210466,0.132919,0.081881,0.139661,0.245755,0.181047,0.139102,0.096774,0.077196,0.270708,0.084439,0.217806,0.21009,0.249699,0.144358,0.245617,0.305271,0.225814,0.215357,0.185113,0.126803,0.210548,0.165274,0.286019,0.159357,0.188415,0.12115,0.147505,0.180875,0.219974,0.172472,0.238721,0.313578,0.146774,0.189599,0.134085,0.125549,0.172489,0.230795,0.201822,0.079439,0.332476,0.138942,0.092617,0.217211,0.094241,0.177768,0.137971,0.249255,0.138476,0.221485,0.203073,0.081408,0.226343,0.128919,0.148878,0.233538,0.164092,0.178821,0.167177,0.218859,0.141021,0.149602,0.165915,0.158449,0.311649,0.123681,0.042962,0.195565,0.092791,0.148443,0.201137,0.149224,0.133507,0.208858,0.18033,0.264561,0.170604,0.182381,0.133919,0.184159,0.225097,0.284381,0.222921,0.265142,0.153087,0.056974,0.145588,0.104516,0.146475,0.176813,0.153896,0.273727,0.111128,0.294306,0.314995,1.0,0.077513,0.270824,0.174796,0.112249,0.105368,0.231264,0.231733,0.181326,0.221119,0.127946,0.168899,0.197578,0.150929,0.100632,0.288778,0.352347
Toothbrush,0.073745,0.082493,0.072904,0.064631,0.054376,0.071343,0.061074,0.04202,0.066162,0.072596,0.086142,0.063978,0.052194,0.048594,0.076197,0.046937,0.062469,0.065544,0.047929,0.043154,0.074431,0.061644,0.075309,0.050825,0.070799,0.061887,0.070484,0.079206,0.063826,0.059977,0.067335,0.053687,0.070026,0.078212,0.063243,0.05267,0.059471,0.060749,0.073215,0.056172,0.079003,0.09726,0.089233,0.063933,0.064018,0.082669,0.057846,0.057817,0.080134,0.095086,0.057219,0.074135,0.048922,0.104462,0.083251,0.060431,0.057718,0.041226,0.07914,0.07869,0.093308,0.057207,0.053163,0.073247,0.063822,0.068286,0.084474,0.093337,0.059533,0.077651,0.061824,0.060645,0.047155,0.082444,0.056628,0.080292,0.049156,0.055342,0.111026,0.098999,0.04706,0.06977,0.080441,0.060944,0.083201,0.057843,0.10875,0.046813,0.099959,0.072435,0.039142,0.056375,0.059034,0.08371,0.05957,0.05672,0.109608,0.05121,0.063753,0.06894,0.060066,0.067403,0.067522,0.031825,0.130701,0.077351,0.073683,0.049455,0.049042,0.075178,0.046358,0.083107,0.083227,0.077513,1.0,0.070712,0.055256,0.057809,0.067372,0.055642,0.073006,0.071202,0.059335,0.085959,0.068245,0.064689,0.062139,0.080592,0.071394,0.075732
Train,0.261713,0.245855,0.15602,0.172888,0.114013,0.204927,0.194104,0.102374,0.216103,0.121131,0.188662,0.164413,0.187296,0.121246,0.226296,0.073722,0.180845,0.132915,0.106297,0.054125,0.109756,0.223075,0.134788,0.085505,0.073042,0.058553,0.207315,0.068576,0.157725,0.147447,0.194196,0.107432,0.190475,0.248706,0.154797,0.159069,0.13171,0.105006,0.15727,0.120021,0.225187,0.123856,0.135147,0.094155,0.108523,0.171044,0.165623,0.126722,0.192269,0.254796,0.108203,0.160922,0.101601,0.109005,0.144602,0.163909,0.158,0.066527,0.253883,0.126947,0.081586,0.140017,0.068989,0.134329,0.094298,0.193924,0.106687,0.163181,0.157867,0.064933,0.171448,0.099941,0.109137,0.179066,0.127982,0.12779,0.125631,0.155361,0.105443,0.131737,0.110736,0.115902,0.214244,0.103406,0.035431,0.136561,0.074392,0.126332,0.142689,0.127085,0.117795,0.141607,0.134513,0.199549,0.131289,0.126214,0.11246,0.127299,0.173864,0.203189,0.167107,0.223099,0.108126,0.044825,0.126153,0.124418,0.129971,0.132158,0.109001,0.184522,0.079369,0.205994,0.248981,0.270824,0.070712,1.0,0.123124,0.073551,0.077866,0.201542,0.152744,0.124117,0.1752,0.090305,0.150495,0.144941,0.117672,0.057634,0.221575,0.24187
Trashbin,0.212111,0.189694,0.193771,0.181298,0.157932,0.217789,0.209446,0.099578,0.139982,0.11834,0.104149,0.124878,0.123563,0.14641,0.159688,0.094824,0.106812,0.144289,0.121844,0.098069,0.065039,0.120302,0.140648,0.110821,0.099494,0.068413,0.165116,0.07275,0.187272,0.183574,0.155235,0.144076,0.132838,0.136752,0.142232,0.13831,0.162209,0.084849,0.16089,0.123993,0.146944,0.119879,0.158698,0.109222,0.104739,0.092331,0.128371,0.118693,0.135361,0.135303,0.101844,0.084475,0.112493,0.086703,0.096778,0.140577,0.111276,0.069068,0.215909,0.059668,0.075474,0.11558,0.093018,0.140221,0.143329,0.143394,0.121186,0.169094,0.168221,0.075111,0.138283,0.0928,0.11726,0.159405,0.115974,0.153137,0.070004,0.16084,0.123831,0.07168,0.15142,0.111334,0.202817,0.120476,0.057399,0.232606,0.092471,0.089963,0.147982,0.095545,0.077435,0.13493,0.181118,0.157181,0.122521,0.141822,0.079804,0.117595,0.154254,0.163269,0.17751,0.125275,0.104829,0.061159,0.106232,0.054687,0.087743,0.18221,0.113389,0.173165,0.144856,0.211783,0.183323,0.174796,0.055256,0.123124,1.0,0.082445,0.097954,0.119994,0.13384,0.189862,0.134811,0.144154,0.093436,0.136544,0.119928,0.076247,0.161167,0.219264
Tree,0.102302,0.115021,0.096808,0.081594,0.088812,0.097337,0.091326,0.054835,0.080457,0.07926,0.070674,0.065755,0.078418,0.064136,0.094206,0.070701,0.070571,0.216401,0.060493,0.062221,0.051877,0.078777,0.07367,0.069228,0.051872,0.065506,0.090179,0.097298,0.07666,0.082583,0.088417,0.064613,0.064105,0.080008,0.080526,0.060368,0.083003,0.056041,0.079936,0.065403,0.073878,0.074107,0.109654,0.056574,0.164488,0.059204,0.090269,0.06094,0.072972,0.098745,0.069585,0.067582,0.05395,0.069812,0.068213,0.072574,0.065772,0.039977,0.109081,0.054637,0.062407,0.077697,0.088394,0.105359,0.076366,0.072578,0.10375,0.095994,0.079762,0.103539,0.083137,0.066454,0.075834,0.123833,0.081544,0.100091,0.066992,0.065835,0.093417,0.053787,0.058754,0.116735,0.118408,0.06184,0.095485,0.101076,0.062175,0.052216,0.095869,0.070892,0.057658,0.086868,0.06573,0.10879,0.073696,0.091404,0.060603,0.060257,0.091605,0.101943,0.07134,0.083593,0.101879,0.061202,0.090744,0.045577,0.053388,0.062826,0.052763,0.108048,0.053982,0.099728,0.107878,0.112249,0.057809,0.073551,0.082445,1.0,0.089977,0.070715,0.090947,0.106247,0.0719,0.071267,0.056935,0.074833,0.088497,0.049746,0.087195,0.123662
Trophy,0.103968,0.129862,0.109601,0.097632,0.123079,0.106489,0.083066,0.041306,0.087786,0.119354,0.061331,0.05445,0.061896,0.068394,0.103838,0.079834,0.067627,0.117769,0.068342,0.106834,0.056555,0.073831,0.09242,0.067141,0.079031,0.077488,0.102671,0.083116,0.153371,0.154205,0.096904,0.084577,0.066766,0.082048,0.075552,0.057616,0.100908,0.075331,0.12434,0.071169,0.079126,0.099765,0.126719,0.093283,0.109612,0.056622,0.078885,0.065218,0.075475,0.086503,0.089316,0.0586,0.079412,0.094638,0.062202,0.073819,0.056462,0.053655,0.195375,0.047285,0.109033,0.084952,0.088759,0.160995,0.136616,0.090579,0.171045,0.130913,0.088843,0.096964,0.0886,0.134746,0.078734,0.125632,0.088205,0.108929,0.072286,0.081585,0.113548,0.054011,0.059952,0.114114,0.120453,0.065435,0.089591,0.136973,0.088435,0.069638,0.116804,0.0841,0.057801,0.06827,0.085983,0.112613,0.106068,0.089997,0.080679,0.065477,0.100762,0.095353,0.085843,0.077187,0.096543,0.062186,0.110806,0.042354,0.061423,0.060891,0.066429,0.108005,0.064645,0.11354,0.115895,0.105368,0.067372,0.077866,0.097954,0.089977,1.0,0.0742,0.089355,0.15998,0.061378,0.118516,0.069316,0.112542,0.098536,0.077687,0.097422,0.112958
Truck,0.236081,0.214586,0.157165,0.168965,0.106467,0.197172,0.175538,0.097352,0.182446,0.10856,0.159703,0.149846,0.165072,0.120037,0.197596,0.065934,0.154025,0.128342,0.093619,0.054038,0.090155,0.214786,0.125563,0.090393,0.065506,0.050217,0.175056,0.062339,0.156711,0.147886,0.171405,0.10244,0.162986,0.211397,0.140401,0.138802,0.117675,0.091424,0.142785,0.113006,0.200588,0.11077,0.125822,0.091003,0.098985,0.135079,0.146082,0.119181,0.17499,0.207561,0.098161,0.135269,0.100131,0.089996,0.115392,0.15514,0.137001,0.064909,0.214866,0.087575,0.06695,0.123859,0.06715,0.120919,0.086625,0.189011,0.095676,0.153393,0.146402,0.061174,0.155023,0.094898,0.096952,0.163663,0.112444,0.118704,0.104582,0.142266,0.091901,0.110204,0.104274,0.104621,0.210487,0.087937,0.032923,0.129458,0.063662,0.104409,0.129833,0.1022,0.095309,0.13027,0.12844,0.175846,0.117224,0.12346,0.093428,0.121357,0.164944,0.183898,0.152348,0.18211,0.097575,0.040982,0.102939,0.08639,0.102917,0.120951,0.106973,0.174796,0.077534,0.180756,0.212044,0.231264,0.055642,0.201542,0.119994,0.070715,0.0742,1.0,0.143873,0.125506,0.150084,0.087397,0.127398,0.142626,0.104376,0.052029,0.20359,0.219597
Umbrella,0.226193,0.20974,0.165564,0.173527,0.137857,0.20621,0.168118,0.109494,0.155582,0.142035,0.144829,0.131954,0.144551,0.109335,0.194392,0.094572,0.137059,0.130746,0.08944,0.066308,0.086209,0.143062,0.135099,0.09525,0.071771,0.088436,0.171207,0.116798,0.147092,0.129771,0.174809,0.098986,0.149455,0.16732,0.141576,0.125954,0.12862,0.089912,0.166698,0.121885,0.189601,0.132457,0.16285,0.106159,0.102322,0.123763,0.13952,0.111419,0.154394,0.199296,0.097179,0.117884,0.096565,0.099032,0.11603,0.159799,0.128016,0.065035,0.207488,0.088893,0.096044,0.17817,0.108733,0.151607,0.111696,0.158704,0.129979,0.181603,0.148782,0.119978,0.152744,0.117878,0.097837,0.175901,0.122764,0.147954,0.159973,0.138613,0.136115,0.104931,0.112117,0.119085,0.191864,0.079089,0.103654,0.126019,0.096008,0.092852,0.151799,0.103374,0.096,0.133178,0.129722,0.19322,0.124929,0.145622,0.103457,0.125751,0.149742,0.175011,0.168075,0.15952,0.128654,0.041073,0.123729,0.068007,0.098138,0.107476,0.122839,0.192437,0.091899,0.203561,0.222171,0.231733,0.073006,0.152744,0.13384,0.090947,0.089355,0.143873,1.0,0.125832,0.137977,0.108348,0.112056,0.119641,0.131519,0.093824,0.187067,0.218608
Vase,0.204456,0.21085,0.235365,0.181571,0.143571,0.211088,0.163179,0.092498,0.137053,0.125156,0.115757,0.100221,0.113618,0.133913,0.171136,0.091358,0.115052,0.174553,0.115347,0.092122,0.073996,0.122101,0.147033,0.126146,0.087266,0.086684,0.161391,0.082882,0.185113,0.206041,0.158726,0.126044,0.121612,0.136724,0.140018,0.111934,0.160038,0.094072,0.163293,0.108152,0.153623,0.136983,0.158879,0.102527,0.148363,0.097069,0.143124,0.122924,0.143445,0.13768,0.120216,0.090718,0.0969,0.098593,0.099867,0.147599,0.106006,0.069058,0.239834,0.06588,0.081657,0.122038,0.09901,0.168764,0.145749,0.137311,0.144355,0.203844,0.162548,0.084007,0.147302,0.103703,0.131179,0.176332,0.134032,0.185924,0.074104,0.152189,0.161266,0.080577,0.126747,0.137575,0.229015,0.103094,0.064847,0.246869,0.096129,0.084202,0.164277,0.106312,0.079791,0.138491,0.176866,0.192481,0.123167,0.145278,0.08318,0.106967,0.161733,0.183992,0.169811,0.136868,0.138014,0.064952,0.136881,0.056884,0.085942,0.120938,0.091999,0.183167,0.10383,0.199283,0.192887,0.181326,0.071202,0.124117,0.189862,0.106247,0.15998,0.125506,0.125832,1.0,0.130732,0.187935,0.08769,0.152799,0.150127,0.097068,0.169003,0.219073
Wallet,0.229842,0.197113,0.170168,0.205922,0.102316,0.203102,0.189639,0.123368,0.177762,0.102864,0.182068,0.148284,0.14847,0.151233,0.194102,0.073008,0.136055,0.136275,0.134008,0.071602,0.088934,0.161421,0.124898,0.110037,0.062316,0.053613,0.176987,0.068645,0.134332,0.145808,0.176694,0.106844,0.160429,0.207917,0.188377,0.147617,0.130926,0.094681,0.152722,0.107663,0.198949,0.122474,0.125305,0.085942,0.094808,0.13155,0.139844,0.124902,0.170433,0.199786,0.10707,0.126834,0.093139,0.090994,0.119531,0.236291,0.139865,0.065138,0.208607,0.081805,0.077225,0.122051,0.071168,0.119169,0.095228,0.16214,0.096252,0.142174,0.157334,0.058114,0.152463,0.083386,0.102404,0.148979,0.118734,0.129256,0.105859,0.15422,0.106958,0.108417,0.147688,0.100609,0.214222,0.096549,0.038121,0.146831,0.065902,0.104983,0.13589,0.104177,0.081369,0.154401,0.127788,0.166192,0.125546,0.12597,0.097125,0.115533,0.15095,0.179849,0.163049,0.167433,0.100719,0.031249,0.109021,0.086546,0.112451,0.154719,0.102319,0.171907,0.106903,0.180189,0.197119,0.221119,0.059335,0.1752,0.134811,0.0719,0.061378,0.150084,0.137977,0.130732,1.0,0.087722,0.111311,0.126224,0.101676,0.067285,0.193956,0.214157
Waterbottle,0.141563,0.151894,0.146886,0.149123,0.129978,0.133872,0.103955,0.064468,0.09348,0.133124,0.086941,0.075809,0.086257,0.092597,0.11583,0.08304,0.083185,0.099277,0.083074,0.071896,0.059761,0.090757,0.134762,0.075867,0.091132,0.087103,0.129408,0.084099,0.172463,0.138374,0.119567,0.100095,0.088973,0.095171,0.095369,0.08384,0.131033,0.080244,0.120454,0.087817,0.10676,0.106339,0.161663,0.102292,0.092639,0.077363,0.093825,0.08451,0.109427,0.112277,0.097945,0.068201,0.093668,0.092346,0.076776,0.116715,0.073433,0.060361,0.184458,0.060244,0.081735,0.083831,0.101484,0.132827,0.160014,0.097084,0.135874,0.215762,0.115854,0.086389,0.101671,0.115954,0.075299,0.139003,0.092545,0.174305,0.052563,0.104859,0.186974,0.074129,0.08756,0.106266,0.152713,0.080155,0.087313,0.127017,0.137413,0.064671,0.167262,0.090456,0.060533,0.097519,0.14036,0.159794,0.097521,0.119383,0.078819,0.079954,0.108005,0.115622,0.134985,0.0915,0.127944,0.046731,0.143916,0.052354,0.077502,0.079586,0.081143,0.162632,0.109431,0.146169,0.147953,0.127946,0.085959,0.090305,0.144154,0.071267,0.118516,0.087397,0.108348,0.187935,0.087722,1.0,0.084067,0.114432,0.130349,0.092578,0.116557,0.145157
Watergun,0.170858,0.170267,0.103747,0.117531,0.088303,0.138059,0.130681,0.068566,0.13976,0.094024,0.141427,0.120504,0.125375,0.083648,0.178863,0.056693,0.118666,0.10286,0.070406,0.052142,0.083358,0.13283,0.085494,0.063913,0.079033,0.054497,0.139692,0.056636,0.12091,0.116327,0.135902,0.070561,0.157873,0.155587,0.103228,0.115267,0.091959,0.102974,0.165141,0.096616,0.159828,0.088219,0.107705,0.092375,0.083651,0.127131,0.114138,0.08733,0.130887,0.181548,0.086501,0.129881,0.092386,0.097372,0.110548,0.110605,0.115132,0.064143,0.16909,0.092271,0.079963,0.099371,0.062724,0.09698,0.078195,0.136053,0.108501,0.118488,0.116113,0.06057,0.125459,0.11171,0.078947,0.128447,0.092815,0.092052,0.081034,0.107066,0.075051,0.109092,0.078605,0.084134,0.138392,0.098244,0.040165,0.094809,0.08117,0.08343,0.109859,0.106122,0.075309,0.095369,0.106165,0.137484,0.089614,0.091765,0.105681,0.089032,0.127284,0.139121,0.117422,0.136604,0.086585,0.042082,0.087687,0.089005,0.118822,0.096307,0.082584,0.128045,0.068413,0.137027,0.166917,0.168899,0.068245,0.150495,0.093436,0.056935,0.069316,0.127398,0.112056,0.08769,0.111311,0.084067,1.0,0.119362,0.093438,0.043459,0.157031,0.172361
Wateringcan,0.203905,0.178798,0.155403,0.160743,0.1033,0.176972,0.168127,0.078469,0.154581,0.121056,0.133019,0.125719,0.139166,0.107523,0.1659,0.07305,0.118495,0.128825,0.088854,0.06508,0.090257,0.142924,0.1048,0.085673,0.087862,0.061411,0.151245,0.059951,0.211508,0.226436,0.150295,0.094601,0.129259,0.164896,0.128965,0.130842,0.113055,0.102108,0.129857,0.106732,0.16255,0.110995,0.118146,0.106078,0.10971,0.119854,0.121663,0.104028,0.168882,0.182207,0.10875,0.123654,0.113384,0.091139,0.111747,0.140587,0.11636,0.081349,0.179883,0.082251,0.072833,0.110953,0.067669,0.118432,0.118229,0.144122,0.104834,0.128217,0.134757,0.070158,0.141719,0.100222,0.101708,0.14937,0.113825,0.110012,0.086216,0.135199,0.092103,0.103875,0.098457,0.102131,0.189131,0.102428,0.039555,0.150374,0.072816,0.093753,0.12652,0.113434,0.068839,0.115151,0.146074,0.141121,0.10123,0.111098,0.098866,0.097707,0.137281,0.159131,0.144372,0.149279,0.084433,0.056727,0.106381,0.07453,0.103405,0.119642,0.086503,0.147416,0.082631,0.147822,0.172929,0.197578,0.064689,0.144941,0.136544,0.074833,0.112542,0.142626,0.119641,0.152799,0.126224,0.114432,0.119362,1.0,0.09792,0.060692,0.169812,0.190669
Windchime,0.165156,0.193497,0.15765,0.142776,0.148228,0.149072,0.119847,0.072587,0.12609,0.16298,0.108189,0.084698,0.089111,0.10214,0.152128,0.12734,0.102766,0.121158,0.083875,0.06823,0.071782,0.104988,0.114099,0.081396,0.065753,0.115461,0.172414,0.111012,0.138056,0.114283,0.139519,0.093382,0.105974,0.130057,0.102767,0.091254,0.133977,0.082354,0.141143,0.105731,0.134399,0.106629,0.147101,0.08496,0.108962,0.095207,0.116551,0.092378,0.110955,0.1398,0.092333,0.088042,0.07789,0.103985,0.103908,0.119859,0.096042,0.051751,0.229528,0.062232,0.096435,0.110067,0.116031,0.139879,0.132594,0.12182,0.121266,0.184693,0.1236,0.115949,0.124245,0.103229,0.087274,0.14527,0.132935,0.159265,0.083572,0.116476,0.150636,0.073622,0.087003,0.129159,0.152178,0.073092,0.093575,0.124107,0.088637,0.073193,0.141635,0.099691,0.089463,0.109608,0.125486,0.182172,0.115661,0.129914,0.086916,0.094189,0.129492,0.145117,0.132734,0.125083,0.1667,0.056155,0.135314,0.053586,0.081412,0.081935,0.098432,0.164675,0.087741,0.175542,0.196954,0.150929,0.062139,0.117672,0.119928,0.088497,0.098536,0.104376,0.131519,0.150127,0.101676,0.130349,0.093438,0.09792,1.0,0.075201,0.142999,0.173511
Wishbone,0.097952,0.098406,0.09948,0.106932,0.101449,0.128955,0.074845,0.057411,0.058665,0.095295,0.059329,0.053276,0.046592,0.06141,0.068226,0.059552,0.075511,0.08903,0.056657,0.05539,0.116238,0.051952,0.068645,0.075122,0.046501,0.098606,0.0724,0.089665,0.063209,0.070652,0.06203,0.056381,0.049223,0.067323,0.073842,0.062006,0.07432,0.051744,0.063757,0.066762,0.059859,0.107594,0.072005,0.063757,0.065214,0.052483,0.064327,0.063534,0.065451,0.069997,0.065256,0.050702,0.04426,0.091382,0.081519,0.1077,0.057514,0.03623,0.097637,0.052093,0.075592,0.068713,0.106243,0.06882,0.078265,0.067839,0.0783,0.110593,0.075038,0.047711,0.064182,0.040884,0.051169,0.094654,0.061703,0.085933,0.027827,0.066447,0.189126,0.046388,0.07341,0.10461,0.113776,0.045143,0.062639,0.079275,0.066882,0.04183,0.088395,0.068678,0.055966,0.077165,0.063433,0.095871,0.065695,0.091814,0.081601,0.078877,0.088202,0.098495,0.077674,0.068439,0.091333,0.045025,0.14411,0.042062,0.049505,0.051375,0.07929,0.102808,0.055539,0.127475,0.138448,0.100632,0.080592,0.057634,0.076247,0.049746,0.077687,0.052029,0.093824,0.097068,0.067285,0.092578,0.043459,0.060692,0.075201,1.0,0.076257,0.09837
Wrap,0.29955,0.279879,0.20558,0.217904,0.145263,0.25989,0.237465,0.124916,0.230543,0.141077,0.194015,0.181129,0.201281,0.152008,0.25289,0.097443,0.180523,0.183994,0.12166,0.071288,0.111575,0.203998,0.16156,0.117351,0.086415,0.072615,0.231057,0.077694,0.197308,0.18416,0.222389,0.123383,0.200499,0.258002,0.188527,0.173707,0.152916,0.112928,0.203426,0.135382,0.253877,0.147307,0.169098,0.11097,0.132079,0.166173,0.192066,0.148512,0.216541,0.251315,0.138877,0.157553,0.125337,0.123069,0.149182,0.204029,0.179079,0.078457,0.289768,0.106689,0.090353,0.154893,0.080351,0.170771,0.116545,0.215168,0.126694,0.209225,0.181704,0.077813,0.193462,0.113059,0.126849,0.219883,0.14748,0.15623,0.110726,0.202528,0.121804,0.12149,0.132987,0.160405,0.258421,0.108057,0.04419,0.174451,0.086637,0.127069,0.170069,0.130377,0.118518,0.165486,0.175162,0.231056,0.151187,0.15915,0.121102,0.147227,0.205244,0.249336,0.195009,0.228865,0.131149,0.050385,0.147541,0.089715,0.131848,0.152893,0.129879,0.217221,0.099717,0.237908,0.278098,0.288778,0.071394,0.221575,0.161167,0.087195,0.097422,0.20359,0.187067,0.169003,0.193956,0.116557,0.157031,0.169812,0.142999,0.076257,1.0,0.287656
Yarn,0.395206,0.325787,0.336214,0.296215,0.18408,0.41638,0.319506,0.263302,0.254845,0.177608,0.194388,0.180183,0.22921,0.190305,0.296004,0.110806,0.206078,0.225923,0.14525,0.096263,0.120136,0.222384,0.200642,0.170743,0.097462,0.101634,0.288566,0.089428,0.220212,0.234571,0.262507,0.176367,0.235784,0.281407,0.264321,0.186507,0.208327,0.148652,0.240177,0.161127,0.263701,0.162881,0.211605,0.134857,0.172084,0.170634,0.274323,0.212593,0.223493,0.275998,0.186002,0.175743,0.134514,0.137416,0.168276,0.239018,0.221127,0.112017,0.368851,0.110296,0.103327,0.190565,0.106176,0.195555,0.154547,0.2461,0.160495,0.251273,0.262754,0.085927,0.244438,0.13664,0.181301,0.247895,0.200283,0.215012,0.127293,0.232729,0.154361,0.136411,0.197987,0.209197,0.389667,0.137091,0.051095,0.245104,0.104497,0.144905,0.21692,0.168994,0.144411,0.258532,0.201852,0.287603,0.181169,0.275259,0.132246,0.187247,0.335912,0.334906,0.264084,0.270384,0.153653,0.066002,0.138466,0.095559,0.139014,0.191314,0.177312,0.359331,0.123559,0.319427,0.311245,0.352347,0.075732,0.24187,0.219264,0.123662,0.112958,0.219597,0.218608,0.219073,0.214157,0.145157,0.172361,0.190669,0.173511,0.09837,0.287656,1.0
