,Accordion,Acorn,Apple,Backpack,Barstool,Baseball,Basket,Beanie,Bed,Bell,Belt,Bench,Bike,Binder,Binoculars,Birdfeeder,Boat,Bonzai,Book,Bookend,Boomerang,Car,Cellphone,Cheese,Cheesegrater,Christmasstreeornament,Clock,Coatrack,Coffeemaker,Coffeemug,Compass,Computertower,Controller,Couch,Cushion,Desk,Door,Doorknob,Drill,Dryingrack,Dumbbell,Dustpan,Fan,Faucet,Flower,Flute,Fossils,Frisbee,Fryingpan,Glasses,Glove,Goggles,Grill,Hairbrush,Hairclip,Handbag,Hat,Headphones,Hourglass,Kayak,Key,Kite,Ladder,Lamp,Lantern,Lawnmower,Lightbulb,Lipstick,Lock,Lollipop,Mask,Microscope,Minerals,Mushroom,Necklace,Necktie,Orifan,Oven,Paintbrush,Pen,Pictureframe,Pinecone,Pizza,Plug,Pogostick,Pot,Razor,Recordplayer,Remotecontrol,Ring,Rollerskates,Rug,Saltpeppershaker,Saxophone,Scale,Scarf,Scissors,Scooter,Scrunchie,Seashell,Shirt,Shoe,Skiis,Snowglobe,Spoon,Stapler,Stapleremover,Storagebin,Stroller,Suit,Suitcase,Teddy Bear,Tennisracket,Tent,Toothbrush,Train,Trashbin,Tree,Trophy,Truck,Umbrella,Vase,Wallet,Waterbottle,Watergun,Wateringcan,Windchime,Wishbone,Wrap,Yarn
Accordion,1.0,0.832141,0.717125,0.864077,0.838925,0.825856,0.889887,0.829751,0.860056,0.84187,0.827437,0.823836,0.895966,0.7666,0.88083,0.86225,0.852275,0.888792,0.84429,0.875874,0.82213,0.862488,0.831855,0.756311,0.840853,0.833133,0.891285,0.772278,0.863447,0.844481,0.892293,0.885007,0.857481,0.803939,0.833543,0.842969,0.861794,0.839176,0.858146,0.811814,0.838183,0.755442,0.832998,0.813635,0.821077,0.755067,0.920165,0.674839,0.831308,0.772627,0.812093,0.797453,0.872567,0.857896,0.826213,0.858561,0.818818,0.874744,0.863674,0.773874,0.814132,0.862203,0.812091,0.809346,0.884133,0.865694,0.81738,0.800942,0.894904,0.790179,0.869815,0.863024,0.861275,0.818668,0.825228,0.824879,0.88122,0.875137,0.748737,0.752324,0.871952,0.895236,0.850069,0.785518,0.770138,0.852603,0.797377,0.846886,0.800049,0.834927,0.859991,0.876028,0.855701,0.844159,0.842312,0.878124,0.808313,0.839633,0.835954,0.869614,0.811107,0.82341,0.82903,0.899831,0.755034,0.811012,0.812076,0.821613,0.894151,0.878765,0.841649,0.868107,0.865565,0.820098,0.761242,0.850171,0.833984,0.888133,0.843639,0.8708,0.792056,0.843419,0.821494,0.782117,0.809181,0.784532,0.832143,0.754121,0.861163,0.887682
Acorn,0.832141,1.0,0.78714,0.871162,0.953689,0.791333,0.858961,0.779717,0.939867,0.964335,0.937275,0.945416,0.9356,0.848542,0.913601,0.94893,0.946215,0.902614,0.899057,0.946745,0.960905,0.929514,0.926178,0.844527,0.941857,0.935721,0.90846,0.948697,0.943815,0.929372,0.872813,0.916351,0.910682,0.92592,0.79721,0.958019,0.933688,0.943528,0.945287,0.948885,0.919918,0.907414,0.923936,0.951126,0.905695,0.947223,0.903654,0.719721,0.944968,0.946472,0.895089,0.915009,0.932943,0.953842,0.914655,0.928284,0.914356,0.924701,0.957262,0.940917,0.955411,0.932557,0.954819,0.94345,0.945352,0.944288,0.942787,0.957596,0.912813,0.922055,0.914774,0.946883,0.879164,0.951191,0.938439,0.940187,0.922855,0.868814,0.946403,0.939637,0.927674,0.945757,0.800424,0.891959,0.938434,0.860336,0.945946,0.937595,0.945656,0.952214,0.916007,0.837841,0.942383,0.960264,0.926907,0.886245,0.942024,0.939523,0.802355,0.925393,0.835203,0.942731,0.956712,0.939133,0.934706,0.936344,0.908637,0.870475,0.929759,0.875731,0.911307,0.856861,0.939062,0.921871,0.937835,0.950579,0.86547,0.880314,0.963273,0.927728,0.936311,0.910922,0.879339,0.9276,0.912162,0.893745,0.938634,0.95061,0.94516,0.798486
Apple,0.717125,0.78714,1.0,0.769026,0.706751,0.736053,0.739105,0.691473,0.733052,0.73582,0.708061,0.701272,0.704137,0.669913,0.726777,0.735744,0.719875,0.736256,0.736403,0.753856,0.741465,0.715827,0.698684,0.761253,0.694656,0.735572,0.752177,0.674854,0.701865,0.739199,0.729358,0.708976,0.715765,0.707578,0.678713,0.72605,0.737494,0.726677,0.718532,0.687806,0.709687,0.712142,0.678163,0.684006,0.754842,0.675962,0.755603,0.660098,0.706659,0.674649,0.740109,0.723544,0.712357,0.717973,0.723583,0.76142,0.728396,0.715719,0.726354,0.698779,0.692244,0.753517,0.697514,0.733485,0.719201,0.736882,0.696594,0.708358,0.751094,0.735965,0.71773,0.703809,0.730433,0.74831,0.706435,0.700411,0.757997,0.71005,0.672893,0.66052,0.735127,0.782701,0.820787,0.726564,0.668333,0.720132,0.67702,0.721889,0.692354,0.708815,0.738104,0.738952,0.723876,0.709672,0.702123,0.73181,0.680235,0.690346,0.714858,0.805649,0.735712,0.729488,0.712998,0.729726,0.667181,0.702571,0.705379,0.705671,0.7142,0.747175,0.706805,0.743127,0.695695,0.757046,0.669276,0.719352,0.697789,0.698955,0.724494,0.748542,0.709735,0.748678,0.743358,0.690922,0.741251,0.708449,0.697664,0.68011,0.791503,0.674089
Backpack,0.864077,0.871162,0.769026,1.0,0.85657,0.810425,0.848043,0.801997,0.87287,0.868432,0.847389,0.842976,0.875267,0.795777,0.879127,0.867975,0.861896,0.870477,0.85953,0.885951,0.85486,0.869251,0.848495,0.792902,0.848361,0.854457,0.880261,0.811251,0.869052,0.863994,0.866313,0.877313,0.866619,0.841114,0.80436,0.86239,0.871389,0.857466,0.870658,0.833082,0.856115,0.807519,0.834915,0.836165,0.84381,0.802102,0.887483,0.711314,0.855642,0.812733,0.839355,0.837938,0.873218,0.865548,0.843841,0.874738,0.83959,0.875449,0.874719,0.820955,0.838928,0.877771,0.838357,0.842883,0.877885,0.875829,0.840864,0.837323,0.886868,0.830614,0.869409,0.868353,0.860916,0.851164,0.843734,0.844677,0.8799,0.86315,0.798483,0.796638,0.869791,0.895136,0.831872,0.821306,0.810633,0.841946,0.827559,0.863036,0.832208,0.854517,0.8691,0.844295,0.867313,0.856432,0.849871,0.867555,0.834031,0.850422,0.82354,0.882849,0.826554,0.854887,0.852984,0.886739,0.799562,0.840974,0.838759,0.820968,0.882878,0.876003,0.856781,0.85605,0.856562,0.854876,0.806154,0.868858,0.832341,0.851152,0.866059,0.878123,0.828229,0.857116,0.843956,0.823093,0.848637,0.818475,0.846623,0.804806,0.880461,0.833459
Barstool,0.838925,0.953689,0.706751,0.85657,1.0,0.763605,0.836711,0.777586,0.954672,0.976263,0.955801,0.968186,0.96817,0.873823,0.930637,0.957052,0.96452,0.91344,0.901301,0.950048,0.964441,0.952128,0.955085,0.799374,0.971752,0.945248,0.91052,0.977044,0.977462,0.938401,0.873994,0.944756,0.935868,0.943676,0.802998,0.973585,0.944176,0.954744,0.969268,0.97621,0.942557,0.910944,0.955321,0.984431,0.90319,0.969684,0.893429,0.701972,0.968949,0.97525,0.890942,0.928843,0.959304,0.976454,0.926339,0.929101,0.915124,0.950877,0.979963,0.959626,0.983885,0.943536,0.981375,0.949058,0.97253,0.961882,0.967955,0.980948,0.9185,0.928459,0.935305,0.979197,0.886475,0.945562,0.959181,0.967613,0.925761,0.883163,0.97118,0.969358,0.935427,0.930952,0.718946,0.88948,0.973688,0.857879,0.98021,0.954557,0.972831,0.977476,0.929737,0.819837,0.961665,0.984727,0.948748,0.898704,0.976065,0.972935,0.80228,0.89512,0.830002,0.955693,0.982209,0.958359,0.964135,0.958768,0.929494,0.871614,0.960486,0.879822,0.939157,0.849009,0.970536,0.915074,0.968007,0.973521,0.879877,0.902278,0.984409,0.935171,0.953231,0.904637,0.872916,0.95259,0.919415,0.904937,0.967291,0.973461,0.926046,0.809117
Baseball,0.825856,0.791333,0.736053,0.810425,0.763605,1.0,0.833935,0.769852,0.797191,0.78423,0.760795,0.756131,0.805639,0.71685,0.812554,0.800153,0.778169,0.829838,0.79219,0.809786,0.76845,0.78679,0.754776,0.758542,0.762159,0.774039,0.821868,0.704608,0.778786,0.784503,0.830342,0.801638,0.783159,0.751431,0.773775,0.774989,0.794958,0.785246,0.783836,0.743566,0.769944,0.710662,0.750173,0.736969,0.776753,0.696457,0.856866,0.679718,0.760205,0.708629,0.765939,0.746436,0.793094,0.778036,0.765034,0.798733,0.764758,0.796501,0.787922,0.722304,0.742429,0.801967,0.741151,0.760925,0.800882,0.800693,0.753409,0.732479,0.823009,0.738678,0.793854,0.781367,0.803824,0.772791,0.758686,0.752027,0.818539,0.803497,0.687849,0.688266,0.807187,0.833172,0.838604,0.741647,0.705827,0.794938,0.722319,0.783276,0.730525,0.766759,0.791611,0.823029,0.787178,0.768282,0.769768,0.799456,0.736139,0.761883,0.773392,0.830794,0.768664,0.768855,0.75779,0.825481,0.693439,0.750675,0.753078,0.761563,0.804045,0.807604,0.771778,0.80776,0.781655,0.784529,0.700074,0.781456,0.766008,0.808056,0.773012,0.806773,0.736758,0.789086,0.774387,0.722429,0.766774,0.739055,0.76146,0.697157,0.834345,0.816788
Basket,0.889887,0.858961,0.739105,0.848043,0.836711,0.833935,1.0,0.816489,0.871608,0.860708,0.840011,0.841857,0.898915,0.759385,0.882508,0.883035,0.862263,0.908902,0.849398,0.879069,0.840867,0.866811,0.820352,0.797819,0.844976,0.838671,0.888864,0.780143,0.854697,0.847402,0.902723,0.87235,0.842106,0.815167,0.831614,0.854333,0.858677,0.858077,0.859055,0.833392,0.833274,0.757681,0.832419,0.814779,0.826619,0.775644,0.945859,0.691718,0.834777,0.786775,0.811709,0.798094,0.875,0.857967,0.827581,0.856569,0.832124,0.861855,0.859596,0.790794,0.822329,0.858238,0.816123,0.826629,0.87629,0.872601,0.82896,0.798074,0.888621,0.788585,0.862669,0.862011,0.86031,0.842102,0.831617,0.821868,0.885944,0.878346,0.757148,0.769364,0.884615,0.912904,0.886381,0.78931,0.774888,0.863593,0.797223,0.85956,0.800473,0.845628,0.856054,0.89284,0.856952,0.848389,0.852166,0.853604,0.812467,0.840992,0.814696,0.891274,0.802046,0.837629,0.823176,0.91201,0.762736,0.82952,0.815587,0.832295,0.879776,0.8449,0.830298,0.860163,0.869395,0.838348,0.769803,0.858845,0.824229,0.8948,0.847423,0.877158,0.801105,0.848359,0.824995,0.780745,0.812438,0.790298,0.833395,0.766306,0.898751,0.889037
Beanie,0.829751,0.779717,0.691473,0.801997,0.777586,0.769852,0.816489,1.0,0.802278,0.790233,0.772233,0.767436,0.817884,0.732297,0.820313,0.801915,0.787699,0.832481,0.795783,0.813259,0.768948,0.800878,0.774693,0.7296,0.777984,0.775903,0.819002,0.721039,0.797864,0.789126,0.827686,0.823079,0.798533,0.76348,0.775344,0.782439,0.800892,0.790647,0.795687,0.756081,0.784515,0.712723,0.768593,0.754653,0.772009,0.709726,0.848774,0.663854,0.776088,0.725392,0.763736,0.752122,0.808471,0.79076,0.76814,0.798607,0.769592,0.808883,0.798027,0.732587,0.757443,0.802386,0.752837,0.762161,0.812163,0.807552,0.765674,0.745916,0.825573,0.74147,0.805496,0.798046,0.810323,0.768278,0.767446,0.768298,0.815287,0.812906,0.70246,0.706994,0.807259,0.82074,0.78122,0.739438,0.726574,0.790186,0.74255,0.791922,0.746221,0.779695,0.797215,0.809087,0.795637,0.781057,0.781514,0.806667,0.752846,0.780588,0.775819,0.808596,0.762531,0.775864,0.769737,0.833363,0.711641,0.763909,0.764158,0.761466,0.820101,0.815578,0.790664,0.800425,0.794498,0.779577,0.717817,0.792276,0.775176,0.818004,0.783396,0.809898,0.745764,0.783917,0.776428,0.735781,0.766611,0.743644,0.774301,0.710194,0.81821,0.814658
Bed,0.860056,0.939867,0.733052,0.87287,0.954672,0.797191,0.871608,0.802278,1.0,0.959893,0.941066,0.948059,0.961649,0.866195,0.9368,0.948498,0.951555,0.926573,0.906574,0.944453,0.944845,0.949141,0.934426,0.813973,0.950283,0.93127,0.918204,0.934988,0.958479,0.931073,0.895074,0.941278,0.931347,0.931038,0.82487,0.95442,0.933367,0.942302,0.956476,0.951089,0.93205,0.887611,0.932784,0.949991,0.89908,0.930768,0.918093,0.724364,0.950588,0.93857,0.885944,0.916853,0.954043,0.95634,0.915195,0.926192,0.907801,0.943012,0.959222,0.932298,0.952464,0.938948,0.94742,0.930126,0.955784,0.954037,0.944756,0.942333,0.925758,0.907467,0.932951,0.962284,0.899471,0.930787,0.937656,0.942161,0.930326,0.904821,0.923911,0.929859,0.934368,0.938835,0.773753,0.881087,0.934149,0.876156,0.944528,0.947013,0.940084,0.956975,0.929747,0.851404,0.946341,0.957141,0.937776,0.901937,0.947762,0.951529,0.826301,0.908762,0.84577,0.943232,0.949638,0.959906,0.922842,0.944315,0.92147,0.874594,0.953662,0.887037,0.929648,0.868802,0.953616,0.914675,0.929364,0.962029,0.881208,0.910229,0.96102,0.938088,0.927086,0.904067,0.88115,0.923026,0.914856,0.892557,0.943731,0.928794,0.932963,0.845726
Bell,0.84187,0.964335,0.73582,0.868432,0.976263,0.78423,0.860708,0.790233,0.959893,1.0,0.957271,0.967574,0.965986,0.873883,0.938055,0.963115,0.964871,0.925007,0.911925,0.957682,0.967672,0.95541,0.950515,0.825688,0.967293,0.94554,0.917877,0.968129,0.973474,0.942814,0.889572,0.947349,0.935728,0.946991,0.813176,0.974266,0.94663,0.961536,0.968602,0.973516,0.943116,0.909069,0.949308,0.976042,0.90862,0.964599,0.91365,0.719797,0.969698,0.969289,0.896672,0.928429,0.961949,0.973235,0.926688,0.934391,0.922888,0.949908,0.976859,0.957685,0.978483,0.944064,0.973774,0.952227,0.968617,0.964914,0.966058,0.972351,0.92677,0.925391,0.937529,0.976498,0.897417,0.953119,0.95602,0.961439,0.932559,0.896146,0.961305,0.962525,0.941694,0.944467,0.755966,0.894281,0.964041,0.871898,0.970861,0.959278,0.965412,0.975973,0.932325,0.839842,0.962169,0.979909,0.950233,0.899465,0.969277,0.968568,0.811812,0.913497,0.838126,0.95942,0.973688,0.963936,0.955797,0.961075,0.931424,0.87911,0.9583,0.886241,0.938719,0.859297,0.965143,0.926827,0.960078,0.973867,0.883354,0.906347,0.982206,0.942151,0.951076,0.912731,0.885352,0.945888,0.922318,0.907364,0.961642,0.966004,0.94546,0.82209
Belt,0.827437,0.937275,0.708061,0.847389,0.955801,0.760795,0.840011,0.772233,0.941066,0.957271,1.0,0.951802,0.952382,0.860082,0.921084,0.939385,0.950686,0.904582,0.891588,0.93309,0.948545,0.944291,0.934937,0.790967,0.950852,0.92816,0.898669,0.951,0.954303,0.922659,0.865506,0.927189,0.922607,0.931471,0.793982,0.955265,0.922312,0.934973,0.954223,0.956827,0.927384,0.895604,0.933145,0.95799,0.8901,0.94889,0.886212,0.701862,0.952975,0.953909,0.876816,0.919201,0.946595,0.957266,0.910147,0.914782,0.903519,0.932266,0.954226,0.944112,0.960698,0.930954,0.954288,0.929265,0.945093,0.947336,0.945759,0.952591,0.904416,0.912137,0.921495,0.959669,0.879173,0.928403,0.93896,0.946393,0.915054,0.882112,0.942505,0.94955,0.919656,0.923888,0.725343,0.876651,0.949209,0.850257,0.95658,0.94143,0.949199,0.958001,0.921187,0.816527,0.936806,0.960395,0.933923,0.883376,0.955908,0.952789,0.800822,0.885711,0.825684,0.943757,0.953609,0.943826,0.939306,0.94872,0.918919,0.860595,0.944035,0.861889,0.922479,0.842683,0.950878,0.904814,0.945057,0.96191,0.865861,0.890361,0.962528,0.927242,0.932622,0.89127,0.867653,0.930342,0.910947,0.88928,0.943164,0.945001,0.912996,0.804899
Bench,0.823836,0.945416,0.701272,0.842976,0.968186,0.756131,0.841857,0.767436,0.948059,0.967574,0.951802,1.0,0.961909,0.864098,0.923635,0.949174,0.95948,0.909943,0.893008,0.938218,0.958099,0.949093,0.942819,0.793046,0.962542,0.936088,0.900802,0.966498,0.963918,0.928413,0.866281,0.93161,0.925467,0.937987,0.793985,0.965584,0.929303,0.944666,0.961641,0.971365,0.932811,0.90227,0.94467,0.972278,0.894817,0.964082,0.888393,0.697918,0.96113,0.968328,0.879708,0.923696,0.953162,0.966962,0.917267,0.918766,0.908838,0.937703,0.964833,0.955047,0.974306,0.934887,0.968782,0.9398,0.956035,0.95459,0.957914,0.966309,0.906579,0.919347,0.925396,0.969438,0.878569,0.937454,0.949632,0.956537,0.918653,0.880999,0.958835,0.964492,0.926815,0.926513,0.716852,0.88063,0.963553,0.851707,0.969721,0.948777,0.961456,0.969415,0.924086,0.81489,0.946911,0.973039,0.942659,0.884173,0.967947,0.963567,0.794551,0.887721,0.822369,0.950994,0.966172,0.951132,0.953916,0.957489,0.924195,0.865329,0.949641,0.859363,0.927689,0.8396,0.962305,0.908889,0.958922,0.969209,0.868634,0.896787,0.973463,0.930415,0.943782,0.894554,0.867003,0.940809,0.913798,0.896018,0.954938,0.961156,0.919026,0.802549
Bike,0.895966,0.9356,0.704137,0.875267,0.96817,0.805639,0.898915,0.817884,0.961649,0.965986,0.952382,0.961909,1.0,0.865888,0.954247,0.962299,0.967877,0.94925,0.909619,0.95328,0.949684,0.965997,0.945476,0.798749,0.969387,0.939448,0.936845,0.942018,0.976922,0.937283,0.916447,0.957388,0.944071,0.931095,0.844234,0.965978,0.942247,0.949585,0.972117,0.966169,0.94141,0.881506,0.952505,0.964257,0.902798,0.933951,0.941266,0.708804,0.960689,0.94529,0.884857,0.917106,0.973229,0.974703,0.925201,0.932627,0.911774,0.961418,0.973655,0.932546,0.965402,0.948934,0.958741,0.931585,0.97679,0.968785,0.954724,0.948231,0.941239,0.90698,0.94978,0.982373,0.910381,0.931435,0.950277,0.953926,0.946623,0.921664,0.924947,0.935587,0.949485,0.954382,0.778207,0.877556,0.939698,0.889668,0.954989,0.95777,0.947186,0.970206,0.943626,0.870518,0.957869,0.973333,0.95374,0.918433,0.961174,0.969493,0.840786,0.911152,0.846579,0.947488,0.95936,0.982821,0.926343,0.952051,0.927855,0.886107,0.980207,0.892984,0.938125,0.882985,0.983588,0.9103,0.932822,0.974229,0.89375,0.944027,0.97247,0.950483,0.930487,0.909587,0.878724,0.92494,0.912711,0.893176,0.957917,0.928957,0.9336,0.878595
Binder,0.7666,0.848542,0.669913,0.795777,0.873823,0.71685,0.759385,0.732297,0.866195,0.873883,0.860082,0.864098,0.865888,1.0,0.853294,0.856399,0.863426,0.839885,0.832906,0.854498,0.859384,0.864842,0.862042,0.735585,0.867249,0.852688,0.826631,0.859922,0.875255,0.852585,0.802712,0.86166,0.860775,0.863396,0.750368,0.866812,0.851829,0.858652,0.873215,0.865975,0.859968,0.825706,0.851448,0.870784,0.827759,0.854868,0.810722,0.687339,0.869948,0.864428,0.816836,0.856163,0.867711,0.869636,0.837709,0.845542,0.828097,0.862535,0.873931,0.863357,0.871195,0.864862,0.866369,0.851786,0.867702,0.870748,0.867445,0.867897,0.837111,0.842914,0.852172,0.877276,0.826045,0.844123,0.858109,0.869268,0.842482,0.820261,0.853084,0.856976,0.843455,0.831694,0.661335,0.813505,0.870323,0.789463,0.871979,0.864601,0.867434,0.876008,0.852043,0.756114,0.863581,0.871912,0.852729,0.824237,0.872721,0.871796,0.75847,0.810702,0.788076,0.867957,0.873617,0.867247,0.855967,0.868343,0.854092,0.792016,0.86706,0.816305,0.864873,0.787478,0.865015,0.841305,0.862593,0.881313,0.809391,0.820878,0.87708,0.853267,0.855853,0.820528,0.811608,0.860065,0.854655,0.829164,0.867092,0.856457,0.841904,0.757646
Binoculars,0.88083,0.913601,0.726777,0.879127,0.930637,0.812554,0.882508,0.820313,0.9368,0.938055,0.921084,0.923635,0.954247,0.853294,1.0,0.932,0.932359,0.930131,0.902584,0.934484,0.919407,0.939451,0.916448,0.80489,0.928264,0.911548,0.919329,0.897138,0.943035,0.91655,0.907458,0.938389,0.925074,0.910697,0.836716,0.93205,0.920686,0.924783,0.941816,0.921684,0.91957,0.858867,0.911902,0.920501,0.885372,0.890125,0.927568,0.727075,0.930959,0.902649,0.874143,0.896184,0.944664,0.937178,0.898869,0.915014,0.892132,0.937219,0.940197,0.899861,0.92343,0.928243,0.91642,0.903796,0.942241,0.942195,0.919532,0.908895,0.926069,0.880877,0.927528,0.946704,0.904967,0.906333,0.91529,0.918899,0.926229,0.912487,0.881126,0.890288,0.924454,0.933912,0.794405,0.862442,0.899436,0.878372,0.912897,0.931532,0.909022,0.934118,0.921902,0.865165,0.929186,0.933038,0.921581,0.902451,0.920632,0.932589,0.84114,0.902364,0.846452,0.922533,0.922609,0.954133,0.885513,0.921459,0.905262,0.864872,0.949906,0.8939,0.919312,0.877082,0.938786,0.900227,0.893244,0.944023,0.878035,0.914335,0.937628,0.930767,0.898104,0.894221,0.875742,0.893866,0.898912,0.874142,0.921747,0.887506,0.924019,0.871605
Birdfeeder,0.86225,0.94893,0.735744,0.867975,0.957052,0.800153,0.883035,0.801915,0.948498,0.963115,0.939385,0.949174,0.962299,0.856399,0.932,1.0,0.951652,0.929757,0.903863,0.94723,0.948228,0.941783,0.93131,0.822815,0.952796,0.932577,0.918728,0.938562,0.957359,0.929797,0.89851,0.939072,0.922743,0.924631,0.826592,0.956464,0.936785,0.948015,0.952739,0.953956,0.926808,0.88385,0.93677,0.952759,0.898698,0.933401,0.928986,0.716322,0.947268,0.939664,0.884851,0.906648,0.94995,0.958695,0.914054,0.924783,0.909875,0.939612,0.962341,0.929745,0.955278,0.934615,0.951352,0.934499,0.96088,0.952539,0.947636,0.945613,0.925621,0.904798,0.929529,0.960807,0.894972,0.937342,0.940312,0.942986,0.930604,0.894485,0.928928,0.930119,0.93915,0.942562,0.785327,0.878075,0.934005,0.87785,0.944463,0.945119,0.94092,0.95814,0.922461,0.859002,0.950394,0.963307,0.93775,0.899256,0.945763,0.950998,0.816264,0.914534,0.83679,0.939973,0.953753,0.963719,0.924674,0.938534,0.912774,0.877932,0.949742,0.883393,0.923093,0.866624,0.958452,0.913404,0.929343,0.957297,0.87932,0.915364,0.962402,0.934025,0.928383,0.906563,0.875561,0.920497,0.904886,0.889495,0.946511,0.934174,0.941842,0.847818
Boat,0.852275,0.946215,0.719875,0.861896,0.96452,0.778169,0.862263,0.787699,0.951555,0.964871,0.950686,0.95948,0.967877,0.863426,0.932359,0.951652,1.0,0.917759,0.900365,0.944648,0.955149,0.954675,0.942913,0.798792,0.961554,0.93798,0.915011,0.95435,0.96529,0.933182,0.881147,0.939255,0.932618,0.934149,0.809959,0.963972,0.93322,0.942504,0.963337,0.965093,0.934752,0.898271,0.944082,0.964881,0.900076,0.950942,0.906754,0.702553,0.960109,0.95646,0.884285,0.923303,0.958216,0.967959,0.920649,0.927175,0.911974,0.943202,0.965429,0.945503,0.966799,0.940923,0.961639,0.936356,0.95907,0.956475,0.952811,0.958715,0.921435,0.919002,0.933802,0.969752,0.890023,0.936135,0.947037,0.953864,0.929487,0.89701,0.944439,0.951061,0.933518,0.940339,0.750908,0.883606,0.949602,0.868292,0.961474,0.950729,0.954858,0.966262,0.93343,0.837265,0.948931,0.969025,0.945075,0.90043,0.960934,0.960569,0.817051,0.90277,0.837692,0.949519,0.961054,0.959089,0.940544,0.95368,0.925496,0.875029,0.957401,0.876924,0.930048,0.859618,0.963917,0.911111,0.945815,0.969657,0.878765,0.907565,0.971322,0.939088,0.937752,0.903713,0.877158,0.933719,0.91523,0.894156,0.951145,0.946918,0.922337,0.825719
Bonzai,0.888792,0.902614,0.736256,0.870477,0.91344,0.829838,0.908902,0.832481,0.926573,0.925007,0.904582,0.909943,0.94925,0.839885,0.930131,0.929757,0.917759,1.0,0.894613,0.923712,0.903889,0.921762,0.895321,0.815458,0.913674,0.899505,0.916793,0.872498,0.923381,0.901914,0.921056,0.925568,0.905059,0.891865,0.852959,0.91744,0.912733,0.92014,0.923847,0.906155,0.901012,0.832799,0.898658,0.899936,0.881852,0.865233,0.944261,0.737216,0.905598,0.878799,0.864102,0.874404,0.929794,0.921462,0.887036,0.902935,0.881089,0.923335,0.926321,0.877857,0.904759,0.917854,0.897739,0.892578,0.935961,0.934951,0.904259,0.884835,0.918129,0.861819,0.913858,0.930538,0.903249,0.895456,0.902125,0.899882,0.923772,0.902195,0.853809,0.863005,0.92439,0.928643,0.823361,0.845261,0.877977,0.877093,0.886708,0.91741,0.884912,0.918707,0.906865,0.882588,0.917018,0.921135,0.907601,0.891696,0.898844,0.917324,0.837578,0.903052,0.839462,0.906159,0.905582,0.954442,0.861096,0.902442,0.885605,0.861322,0.935509,0.880392,0.902776,0.875778,0.93169,0.892508,0.868225,0.925953,0.868251,0.930418,0.918415,0.921285,0.881199,0.884995,0.864342,0.869269,0.883357,0.862946,0.91108,0.861535,0.936496,0.891602
Book,0.84429,0.899057,0.736403,0.85953,0.901301,0.79219,0.849398,0.795783,0.906574,0.911925,0.891588,0.893008,0.909619,0.832906,0.902584,0.903863,0.900365,0.894613,1.0,0.909022,0.895393,0.903394,0.888301,0.799424,0.895289,0.886338,0.887098,0.872332,0.908652,0.891772,0.873955,0.907383,0.893559,0.887094,0.809119,0.903405,0.89725,0.899477,0.908018,0.889601,0.891707,0.843762,0.880433,0.890227,0.863206,0.866699,0.894349,0.719798,0.900603,0.876356,0.857603,0.872978,0.908762,0.905014,0.871764,0.891807,0.870946,0.902939,0.91035,0.876877,0.893458,0.900294,0.888479,0.88378,0.909572,0.909947,0.892042,0.885881,0.896289,0.862158,0.894882,0.910513,0.876099,0.886617,0.886841,0.890957,0.894995,0.87776,0.861331,0.864518,0.895254,0.903191,0.778403,0.845368,0.875139,0.850893,0.884753,0.901832,0.884161,0.903311,0.890211,0.837839,0.901952,0.903099,0.889354,0.873316,0.888994,0.898716,0.812515,0.882129,0.827125,0.896889,0.897351,0.917956,0.862796,0.891643,0.876939,0.840921,0.909903,0.873114,0.892114,0.849536,0.899226,0.882603,0.869556,0.911577,0.851394,0.874188,0.908538,0.900428,0.875796,0.872371,0.858855,0.872013,0.8771,0.853545,0.892431,0.867349,0.902755,0.831059
Bookend,0.875874,0.946745,0.753856,0.885951,0.950048,0.809786,0.879069,0.813259,0.944453,0.957682,0.93309,0.938218,0.95328,0.854498,0.934484,0.94723,0.944648,0.923712,0.909022,1.0,0.941881,0.941122,0.930108,0.824978,0.941471,0.926148,0.923741,0.925438,0.954837,0.92971,0.90327,0.943646,0.925996,0.920822,0.827831,0.951245,0.938124,0.941334,0.949625,0.937588,0.927102,0.880818,0.925954,0.941601,0.896429,0.918373,0.928705,0.719346,0.945411,0.925937,0.889297,0.903734,0.948857,0.952704,0.910497,0.928519,0.909138,0.941172,0.958253,0.918491,0.94418,0.93242,0.940166,0.926373,0.956243,0.949092,0.935531,0.938039,0.932838,0.900295,0.930794,0.955842,0.9004,0.931484,0.930298,0.93385,0.93017,0.903354,0.914901,0.914923,0.934163,0.947478,0.801301,0.878794,0.920494,0.87891,0.933208,0.940491,0.931223,0.947351,0.923709,0.862114,0.945586,0.953512,0.93128,0.905674,0.934311,0.942765,0.830821,0.919128,0.842408,0.934614,0.945464,0.955723,0.911508,0.930625,0.909547,0.874697,0.951074,0.902764,0.923848,0.874517,0.944063,0.913127,0.916018,0.950199,0.881527,0.907101,0.95678,0.935273,0.919056,0.909039,0.885051,0.91213,0.902775,0.885824,0.935255,0.920081,0.937625,0.846242
Boomerang,0.82213,0.960905,0.741465,0.85486,0.964441,0.76845,0.840867,0.768948,0.944845,0.967672,0.948545,0.958099,0.949684,0.859384,0.919407,0.948228,0.955149,0.903889,0.895393,0.941881,1.0,0.941837,0.938277,0.816575,0.9548,0.939239,0.903542,0.964966,0.955629,0.929853,0.864665,0.922783,0.920742,0.936312,0.790315,0.964873,0.930862,0.945064,0.957346,0.963778,0.929209,0.912046,0.936213,0.966824,0.90308,0.963395,0.887542,0.710707,0.957271,0.964757,0.889361,0.925773,0.944023,0.963813,0.91893,0.924057,0.913205,0.933295,0.962699,0.955659,0.970324,0.937878,0.96702,0.944554,0.95037,0.952573,0.953225,0.967925,0.906414,0.926882,0.92071,0.960887,0.877756,0.946444,0.948247,0.953216,0.921328,0.871388,0.960675,0.960188,0.925542,0.935095,0.749097,0.889428,0.958972,0.850354,0.964216,0.94471,0.959291,0.964212,0.922442,0.818749,0.944064,0.970473,0.936112,0.88429,0.961346,0.95553,0.796341,0.903249,0.828661,0.951217,0.966621,0.942931,0.952149,0.951699,0.920229,0.865215,0.941619,0.864334,0.921315,0.845341,0.953621,0.917131,0.956517,0.964368,0.865837,0.885553,0.97206,0.930242,0.945388,0.902527,0.87261,0.940203,0.918584,0.898609,0.950314,0.963414,0.931154,0.792717
Car,0.862488,0.929514,0.715827,0.869251,0.952128,0.78679,0.866811,0.800878,0.949141,0.95541,0.944291,0.949093,0.965997,0.864842,0.939451,0.941783,0.954675,0.921762,0.903394,0.941122,0.941837,1.0,0.937719,0.793413,0.951082,0.927591,0.917041,0.933626,0.960927,0.929062,0.88993,0.943966,0.936702,0.931083,0.818431,0.95358,0.926765,0.934122,0.960169,0.951042,0.934156,0.885552,0.933119,0.949398,0.893792,0.93034,0.910656,0.71083,0.955448,0.939172,0.879889,0.919179,0.960034,0.958309,0.913628,0.923882,0.906262,0.944038,0.955277,0.932,0.951965,0.937533,0.943929,0.922461,0.950672,0.953727,0.940782,0.93969,0.924959,0.905893,0.935776,0.965504,0.899405,0.922344,0.934895,0.942278,0.928613,0.913438,0.919754,0.932584,0.928322,0.938055,0.756631,0.877187,0.932775,0.872827,0.946394,0.947707,0.939325,0.956295,0.935149,0.843915,0.940381,0.954259,0.940208,0.902926,0.949748,0.953542,0.832542,0.898623,0.843545,0.943488,0.944339,0.957873,0.921334,0.949105,0.92498,0.871228,0.959911,0.884852,0.931396,0.86672,0.954479,0.907585,0.928356,0.96562,0.880902,0.909787,0.960186,0.940643,0.923496,0.898867,0.881384,0.920723,0.913342,0.888033,0.939125,0.923347,0.916612,0.841389
Cellphone,0.831855,0.926178,0.698684,0.848495,0.955085,0.754776,0.820352,0.774693,0.934426,0.950515,0.934937,0.942819,0.945476,0.862042,0.916448,0.93131,0.942913,0.895321,0.888301,0.930108,0.938277,0.937719,1.0,0.778693,0.947264,0.922509,0.89437,0.946347,0.956038,0.92,0.859375,0.931912,0.924188,0.925209,0.792944,0.948104,0.922345,0.929067,0.948989,0.947631,0.926138,0.890069,0.931455,0.955813,0.884787,0.939542,0.875888,0.694612,0.949258,0.946784,0.87376,0.912802,0.942701,0.953013,0.905818,0.912339,0.897187,0.932731,0.95402,0.934784,0.955421,0.925873,0.950863,0.922873,0.946815,0.940939,0.941479,0.952571,0.904731,0.908283,0.920221,0.957035,0.877062,0.918525,0.933394,0.944814,0.908082,0.878302,0.938948,0.941037,0.912943,0.910881,0.705894,0.872162,0.945696,0.845987,0.954164,0.934895,0.947059,0.952503,0.91656,0.807978,0.937719,0.956289,0.928381,0.887812,0.950536,0.949496,0.802398,0.875471,0.82405,0.935531,0.953821,0.93799,0.935467,0.938932,0.914067,0.854872,0.943519,0.873729,0.925423,0.839556,0.94492,0.896979,0.940002,0.953636,0.867871,0.884736,0.958882,0.920039,0.927943,0.886557,0.864778,0.928717,0.903719,0.885412,0.940521,0.940827,0.900176,0.80016
Cheese,0.756311,0.844527,0.761253,0.792902,0.799374,0.758542,0.797819,0.7296,0.813973,0.825688,0.790967,0.793046,0.798749,0.735585,0.80489,0.822815,0.798792,0.815458,0.799424,0.824978,0.816575,0.793413,0.778693,1.0,0.787575,0.801284,0.808407,0.770967,0.795984,0.804642,0.802311,0.797375,0.783489,0.790499,0.738157,0.810357,0.812245,0.822176,0.802417,0.788189,0.78703,0.764247,0.771868,0.782669,0.797488,0.769703,0.827155,0.69155,0.792382,0.772066,0.787911,0.776904,0.79804,0.800931,0.784721,0.810889,0.793639,0.797996,0.81299,0.782338,0.789734,0.809685,0.790787,0.809583,0.810738,0.817662,0.794949,0.788601,0.808565,0.778291,0.79112,0.799085,0.791802,0.822696,0.79212,0.784978,0.814837,0.776341,0.766385,0.757985,0.813688,0.834092,0.80381,0.774747,0.767579,0.775175,0.771579,0.80522,0.779179,0.80177,0.790007,0.785746,0.809442,0.804251,0.787277,0.777681,0.777187,0.788648,0.730146,0.840287,0.753232,0.804415,0.799923,0.820745,0.761421,0.788206,0.774901,0.76441,0.796737,0.787113,0.78317,0.779491,0.790986,0.816837,0.765774,0.804724,0.758548,0.779634,0.809639,0.810379,0.787889,0.80102,0.780816,0.771508,0.792417,0.772364,0.792487,0.777009,0.867614,0.747563
Cheesegrater,0.840853,0.941857,0.694656,0.848361,0.971752,0.762159,0.844976,0.777984,0.950283,0.967293,0.950852,0.962542,0.969387,0.867249,0.928264,0.952796,0.961554,0.913674,0.895289,0.941471,0.9548,0.951082,0.947264,0.787575,1.0,0.937906,0.906732,0.964753,0.971061,0.931958,0.873214,0.940868,0.932021,0.935502,0.804693,0.964957,0.933801,0.946387,0.963537,0.971763,0.936117,0.898253,0.951381,0.974888,0.895977,0.959071,0.897725,0.693304,0.962923,0.965522,0.879802,0.921197,0.9575,0.970978,0.919539,0.922075,0.909112,0.944565,0.970326,0.949672,0.97487,0.936833,0.969658,0.939088,0.96431,0.955643,0.960914,0.967162,0.916012,0.918417,0.932644,0.973968,0.88422,0.935412,0.951431,0.96063,0.92292,0.886418,0.956266,0.960292,0.931078,0.927443,0.717035,0.880301,0.96116,0.861156,0.971085,0.950806,0.962986,0.972163,0.927648,0.82393,0.954372,0.975744,0.946245,0.89605,0.968641,0.966983,0.803572,0.889324,0.827537,0.949152,0.968969,0.959424,0.9518,0.954365,0.925877,0.870838,0.957645,0.871713,0.932897,0.848105,0.970722,0.906687,0.956162,0.969332,0.877809,0.90635,0.975328,0.932138,0.943294,0.89827,0.867962,0.941077,0.910846,0.895447,0.958716,0.958463,0.916523,0.817783
Christmasstreeornament,0.833133,0.935721,0.735572,0.854457,0.945248,0.774039,0.838671,0.775903,0.93127,0.94554,0.92816,0.936088,0.939448,0.852688,0.911548,0.932577,0.93798,0.899505,0.886338,0.926148,0.939239,0.927591,0.922509,0.801284,0.937906,1.0,0.89824,0.935673,0.940501,0.917112,0.862338,0.91437,0.913291,0.916775,0.797039,0.942891,0.91844,0.925602,0.940968,0.9409,0.915695,0.890267,0.920896,0.943704,0.893148,0.931091,0.885457,0.709801,0.935755,0.935648,0.877099,0.911463,0.930494,0.945779,0.906604,0.913847,0.895319,0.923635,0.947055,0.92944,0.945392,0.930168,0.943828,0.923584,0.939567,0.937302,0.933779,0.943654,0.902143,0.911456,0.912633,0.944244,0.874683,0.923074,0.930379,0.936408,0.914284,0.868253,0.929598,0.92863,0.915526,0.920401,0.752531,0.874639,0.932893,0.850083,0.940724,0.928591,0.93707,0.945329,0.914878,0.822921,0.931207,0.949344,0.920519,0.88607,0.939338,0.937285,0.804352,0.894097,0.834084,0.932093,0.947504,0.93532,0.923784,0.929936,0.906977,0.857812,0.932164,0.865974,0.912231,0.848439,0.940682,0.901227,0.928877,0.947555,0.862352,0.884684,0.951614,0.919252,0.923705,0.89152,0.863859,0.920643,0.907612,0.884228,0.934667,0.932536,0.915049,0.807724
Clock,0.891285,0.90846,0.752177,0.880261,0.91052,0.821868,0.888864,0.819002,0.918204,0.917877,0.898669,0.900802,0.936845,0.826631,0.919329,0.918728,0.915011,0.916793,0.887098,0.923741,0.903542,0.917041,0.89437,0.808407,0.906732,0.89824,1.0,0.87167,0.920921,0.901933,0.901324,0.918055,0.903588,0.882284,0.831273,0.914848,0.909348,0.905791,0.920331,0.896813,0.896037,0.841095,0.891711,0.896133,0.877628,0.862868,0.926181,0.714568,0.905317,0.8735,0.864443,0.873878,0.922872,0.919887,0.885737,0.90658,0.87848,0.918363,0.92436,0.872264,0.898986,0.91506,0.896253,0.88797,0.929133,0.923753,0.895009,0.88961,0.919254,0.867872,0.910253,0.923703,0.889523,0.894349,0.896091,0.896456,0.919062,0.89582,0.856315,0.859417,0.914372,0.934115,0.831468,0.850246,0.868232,0.871648,0.885379,0.910055,0.8853,0.910072,0.907413,0.870709,0.91279,0.914549,0.901654,0.896644,0.892166,0.907133,0.837863,0.908219,0.839684,0.900037,0.904565,0.937896,0.856855,0.893364,0.880418,0.857629,0.93203,0.889321,0.89424,0.877137,0.919565,0.884746,0.862867,0.919548,0.864479,0.903231,0.918074,0.917389,0.877208,0.888188,0.864143,0.868275,0.878982,0.854476,0.900299,0.862112,0.917495,0.864149
Coatrack,0.772278,0.948697,0.674854,0.811251,0.977044,0.704608,0.780143,0.721039,0.934988,0.968129,0.951,0.966498,0.942018,0.859922,0.897138,0.938562,0.95435,0.872498,0.872332,0.925438,0.964966,0.933626,0.946347,0.770967,0.964753,0.935673,0.87167,1.0,0.961578,0.92034,0.820198,0.912047,0.912697,0.939477,0.749428,0.967476,0.921113,0.940292,0.956324,0.979595,0.92705,0.91902,0.946814,0.989455,0.886051,0.992761,0.838324,0.67035,0.963947,0.992694,0.872211,0.926545,0.937198,0.967926,0.913026,0.906102,0.902143,0.924827,0.96596,0.973122,0.989401,0.92425,0.986531,0.945991,0.948712,0.943609,0.96512,0.990828,0.87782,0.931093,0.907997,0.965253,0.847274,0.940208,0.954888,0.966233,0.895067,0.837411,0.995922,0.993032,0.907502,0.899871,0.646218,0.879694,0.990263,0.813867,0.990759,0.939477,0.980576,0.973138,0.907216,0.760335,0.943002,0.981629,0.934699,0.860996,0.980884,0.965633,0.752152,0.859943,0.795075,0.950869,0.982209,0.926164,0.983888,0.958231,0.919418,0.844748,0.932593,0.833121,0.920106,0.801496,0.956534,0.898621,0.986698,0.965126,0.848715,0.860575,0.979983,0.909935,0.957784,0.880214,0.846196,0.959033,0.909434,0.896614,0.960607,0.995734,0.897391,0.73814
Coffeemaker,0.863447,0.943815,0.701865,0.869052,0.977462,0.778786,0.854697,0.797864,0.958479,0.973474,0.954303,0.963918,0.976922,0.875255,0.943035,0.957359,0.96529,0.923381,0.908652,0.954837,0.955629,0.960927,0.956038,0.795984,0.971061,0.940501,0.920921,0.961578,1.0,0.940942,0.891635,0.958906,0.944856,0.941255,0.819833,0.969848,0.945817,0.953077,0.971648,0.970019,0.946457,0.898532,0.954737,0.976544,0.899931,0.953111,0.911879,0.703071,0.970407,0.96216,0.889214,0.92383,0.969031,0.97534,0.924621,0.932095,0.915063,0.958488,0.978925,0.946923,0.975525,0.94312,0.970487,0.940667,0.975199,0.96382,0.963414,0.968209,0.933,0.917371,0.945138,0.982958,0.90035,0.937905,0.953181,0.962368,0.931821,0.907102,0.951279,0.95467,0.93966,0.938137,0.733795,0.885845,0.958987,0.874366,0.971006,0.95813,0.963259,0.974575,0.93644,0.838516,0.96389,0.97814,0.952406,0.91066,0.969622,0.972413,0.822656,0.899481,0.837894,0.952429,0.971898,0.968598,0.948456,0.95692,0.931614,0.877734,0.971398,0.896099,0.944757,0.863743,0.971729,0.91361,0.953107,0.973852,0.890346,0.915129,0.980499,0.942209,0.943097,0.907455,0.880416,0.942744,0.915421,0.900411,0.961887,0.954612,0.92447,0.836834
Coffeemug,0.844481,0.929372,0.739199,0.863994,0.938401,0.784503,0.847402,0.789126,0.931073,0.942814,0.922659,0.928413,0.937283,0.852585,0.91655,0.929797,0.933182,0.901914,0.891772,0.92971,0.929853,0.929062,0.92,0.804642,0.931958,0.917112,0.901933,0.92034,0.940942,1.0,0.873298,0.923932,0.916103,0.913411,0.80588,0.937026,0.918866,0.924069,0.93758,0.930992,0.915917,0.878803,0.914954,0.933264,0.887771,0.915263,0.896408,0.712211,0.934548,0.922024,0.875391,0.903403,0.933937,0.939576,0.900861,0.914281,0.894528,0.924864,0.943151,0.916285,0.934847,0.923518,0.931448,0.916279,0.937662,0.9345,0.927202,0.931334,0.91155,0.899146,0.915937,0.942407,0.882657,0.916866,0.920615,0.927278,0.913589,0.884401,0.911965,0.913481,0.915054,0.922178,0.76389,0.871219,0.917849,0.860543,0.929054,0.928525,0.926084,0.938695,0.914481,0.83414,0.931247,0.939656,0.919196,0.890278,0.928921,0.931734,0.81557,0.897203,0.836608,0.926766,0.935663,0.937591,0.908898,0.924804,0.905238,0.859751,0.934312,0.880264,0.914356,0.855193,0.932436,0.900608,0.91387,0.94189,0.86771,0.886289,0.945365,0.920523,0.913591,0.891919,0.870825,0.909942,0.900579,0.879096,0.925304,0.916302,0.914722,0.819916
Compass,0.892293,0.872813,0.729358,0.866313,0.873994,0.830342,0.902723,0.827686,0.895074,0.889572,0.865506,0.866281,0.916447,0.802712,0.907458,0.89851,0.881147,0.921056,0.873955,0.90327,0.864665,0.88993,0.859375,0.802311,0.873214,0.862338,0.901324,0.820198,0.891635,0.873298,1.0,0.905444,0.876542,0.852021,0.841608,0.880602,0.88799,0.887572,0.888917,0.858347,0.868738,0.791585,0.859969,0.853787,0.847457,0.810303,0.937707,0.716659,0.869598,0.82548,0.838534,0.831421,0.90018,0.884408,0.852037,0.8776,0.851666,0.897019,0.893147,0.826384,0.858294,0.883795,0.851926,0.85369,0.906483,0.900398,0.862706,0.8385,0.905421,0.817003,0.88908,0.895152,0.884126,0.862312,0.86087,0.856766,0.898999,0.891325,0.799848,0.806716,0.898825,0.91364,0.843087,0.815295,0.82222,0.866097,0.837694,0.884488,0.838819,0.876137,0.876593,0.88097,0.887459,0.879778,0.873755,0.874367,0.851064,0.876473,0.82774,0.889628,0.818393,0.865941,0.862847,0.927318,0.806958,0.858176,0.847951,0.839267,0.909104,0.876294,0.86971,0.867693,0.891694,0.862844,0.814026,0.8863,0.847618,0.902789,0.879759,0.894627,0.835538,0.86482,0.84391,0.823465,0.844023,0.824589,0.868799,0.808783,0.911923,0.888836
Computertower,0.885007,0.916351,0.708976,0.877313,0.944756,0.801638,0.87235,0.823079,0.941278,0.947349,0.927189,0.93161,0.957388,0.86166,0.938389,0.939072,0.939255,0.925568,0.907383,0.943646,0.922783,0.943966,0.931912,0.797375,0.940868,0.91437,0.918055,0.912047,0.958906,0.923932,0.905444,1.0,0.932662,0.916765,0.837609,0.940191,0.932063,0.934184,0.947245,0.931013,0.928742,0.861974,0.92787,0.935267,0.882225,0.902052,0.926588,0.712925,0.943137,0.915162,0.876132,0.894555,0.954615,0.946986,0.901045,0.918915,0.900153,0.944059,0.952308,0.905477,0.935375,0.924674,0.928681,0.9116,0.956255,0.944653,0.931353,0.924212,0.933685,0.883418,0.934915,0.957689,0.904957,0.910649,0.921781,0.930778,0.922589,0.918121,0.897757,0.90359,0.928806,0.927503,0.763165,0.864901,0.913316,0.882015,0.928085,0.938792,0.923577,0.94335,0.921471,0.860566,0.943292,0.944942,0.931257,0.909605,0.929819,0.943545,0.835718,0.895319,0.839519,0.926322,0.935952,0.96012,0.900348,0.927041,0.909134,0.87116,0.957139,0.908677,0.931843,0.870549,0.943571,0.900446,0.905751,0.947684,0.887445,0.915478,0.947966,0.931162,0.907478,0.896509,0.881061,0.904134,0.892758,0.877134,0.931291,0.9029,0.917858,0.863049
Controller,0.857481,0.910682,0.715765,0.866619,0.935868,0.783159,0.842106,0.798533,0.931347,0.935728,0.922607,0.925467,0.944071,0.860775,0.925074,0.922743,0.932618,0.905059,0.893559,0.925996,0.920742,0.936702,0.924188,0.783489,0.932021,0.913291,0.903588,0.912697,0.944856,0.916103,0.876542,0.932662,1.0,0.914751,0.812961,0.931877,0.91542,0.917278,0.941304,0.926181,0.921502,0.873265,0.915796,0.930376,0.88447,0.905615,0.893503,0.712724,0.936128,0.916503,0.871981,0.907067,0.940427,0.939384,0.899645,0.912686,0.889863,0.932198,0.940453,0.911748,0.930826,0.927014,0.925098,0.905906,0.937255,0.936013,0.923532,0.924165,0.914683,0.895096,0.922935,0.946349,0.890777,0.903557,0.917887,0.928445,0.914329,0.896706,0.900712,0.907616,0.911787,0.915059,0.744741,0.867285,0.915193,0.862551,0.928278,0.928962,0.922789,0.937094,0.921379,0.833067,0.927949,0.935348,0.920384,0.898725,0.930197,0.934642,0.829539,0.88409,0.843912,0.92553,0.931208,0.940003,0.90286,0.925925,0.910482,0.857366,0.944522,0.888835,0.923648,0.860864,0.935528,0.895025,0.909448,0.94554,0.874429,0.893535,0.942004,0.923203,0.907641,0.887417,0.872178,0.908313,0.90363,0.877259,0.924144,0.904352,0.90046,0.834533
Couch,0.803939,0.92592,0.707578,0.841114,0.943676,0.751431,0.815167,0.76348,0.931038,0.946991,0.931471,0.937987,0.931095,0.863396,0.910697,0.924631,0.934149,0.891865,0.887094,0.920822,0.936312,0.931083,0.925209,0.790499,0.935502,0.916775,0.882284,0.939477,0.941255,0.913411,0.852021,0.916765,0.914751,1.0,0.78566,0.941117,0.912841,0.926516,0.941692,0.942267,0.921134,0.892622,0.917584,0.944898,0.8812,0.938037,0.866253,0.715104,0.941508,0.943409,0.873124,0.915878,0.932322,0.9403,0.898705,0.904409,0.89307,0.92182,0.941244,0.938112,0.947552,0.921645,0.941385,0.921052,0.929918,0.935672,0.936612,0.941231,0.890106,0.904027,0.909622,0.945567,0.873617,0.918382,0.927066,0.93505,0.899959,0.87091,0.933215,0.938552,0.905491,0.902738,0.706596,0.872115,0.943401,0.836695,0.945482,0.930815,0.939081,0.94623,0.908547,0.799345,0.925891,0.944993,0.919463,0.869769,0.945664,0.940641,0.791645,0.87221,0.82292,0.935962,0.942657,0.928181,0.931454,0.939597,0.913145,0.846967,0.927723,0.855605,0.918134,0.831761,0.931519,0.902201,0.93856,0.950908,0.856714,0.871157,0.949401,0.914691,0.924454,0.879881,0.862985,0.926564,0.910768,0.8866,0.933205,0.936861,0.90621,0.792056
Cushion,0.833543,0.79721,0.678713,0.80436,0.802998,0.773775,0.831614,0.775344,0.82487,0.813176,0.793982,0.793985,0.844234,0.750368,0.836716,0.826592,0.809959,0.852959,0.809119,0.827831,0.790315,0.818431,0.792944,0.738157,0.804693,0.797039,0.831273,0.749428,0.819833,0.80588,0.841608,0.837609,0.812961,0.78566,1.0,0.805159,0.819418,0.814028,0.817117,0.786844,0.803151,0.730683,0.794355,0.782733,0.785126,0.738542,0.864783,0.673908,0.795671,0.754037,0.776548,0.770649,0.827771,0.812654,0.787155,0.811999,0.783361,0.828391,0.821592,0.758339,0.785104,0.8209,0.781029,0.785334,0.836635,0.828131,0.794178,0.769019,0.836689,0.757559,0.822238,0.821784,0.820867,0.789411,0.793263,0.791638,0.831073,0.823466,0.731168,0.735767,0.829507,0.833319,0.776341,0.75348,0.756017,0.80438,0.769508,0.813619,0.771938,0.806299,0.811496,0.818778,0.81891,0.807077,0.803616,0.816271,0.781847,0.806148,0.774681,0.819237,0.770149,0.796652,0.795181,0.857586,0.739073,0.787063,0.783779,0.778203,0.837914,0.81627,0.807782,0.808569,0.823646,0.796562,0.74669,0.816388,0.788826,0.8391,0.806486,0.82492,0.769041,0.797751,0.7825,0.761113,0.784948,0.763213,0.803065,0.738939,0.836894,0.834574
Desk,0.842969,0.958019,0.72605,0.86239,0.973585,0.774989,0.854333,0.782439,0.95442,0.974266,0.955265,0.965584,0.965978,0.866812,0.93205,0.956464,0.963972,0.91744,0.903405,0.951245,0.964873,0.95358,0.948104,0.810357,0.964957,0.942891,0.914848,0.967476,0.969848,0.937026,0.880602,0.940191,0.931877,0.941117,0.805159,1.0,0.94085,0.952123,0.966981,0.971059,0.938496,0.907996,0.947434,0.974524,0.904123,0.96342,0.902504,0.707592,0.965552,0.967702,0.891536,0.927088,0.95837,0.9725,0.924485,0.930064,0.917119,0.946261,0.973103,0.95549,0.976608,0.942795,0.972654,0.946272,0.964875,0.961342,0.960465,0.971083,0.919971,0.925064,0.933314,0.973965,0.88898,0.946693,0.953871,0.959318,0.929241,0.889931,0.96003,0.962041,0.936165,0.942036,0.747645,0.88957,0.962479,0.862203,0.970071,0.953769,0.963806,0.971839,0.931114,0.830598,0.954726,0.978105,0.946754,0.896345,0.968223,0.966203,0.808161,0.905407,0.832607,0.955033,0.972045,0.957496,0.953751,0.958069,0.927169,0.873769,0.957227,0.877298,0.932559,0.854687,0.964516,0.918074,0.958237,0.972058,0.877142,0.902747,0.979226,0.939103,0.947347,0.907114,0.877921,0.943172,0.919199,0.901631,0.958699,0.962836,0.93273,0.81336
Door,0.861794,0.933688,0.737494,0.871389,0.944176,0.794958,0.858677,0.800892,0.933367,0.94663,0.922312,0.929303,0.942247,0.851829,0.920686,0.936785,0.93322,0.912733,0.89725,0.938124,0.930862,0.926765,0.922345,0.812245,0.933801,0.91844,0.909348,0.921113,0.945817,0.918866,0.88799,0.932063,0.91542,0.912841,0.819418,0.94085,1.0,0.931947,0.939141,0.930073,0.918045,0.875695,0.919832,0.936467,0.887525,0.912034,0.909616,0.716344,0.932432,0.920015,0.881174,0.897003,0.935298,0.942628,0.90185,0.91665,0.896218,0.931793,0.950896,0.91259,0.937165,0.92499,0.935533,0.919016,0.949959,0.938773,0.930139,0.933384,0.917397,0.894424,0.91915,0.9461,0.888122,0.920868,0.924206,0.928305,0.917304,0.884957,0.912522,0.90888,0.923979,0.927056,0.776288,0.869989,0.919577,0.863317,0.92853,0.92899,0.926437,0.939538,0.911111,0.844954,0.937962,0.94685,0.919955,0.894708,0.928572,0.935548,0.8158,0.901529,0.833615,0.924383,0.942588,0.944642,0.90845,0.92007,0.899929,0.863353,0.939109,0.88933,0.916598,0.861229,0.936299,0.902586,0.913134,0.940434,0.871493,0.897131,0.947686,0.921563,0.913284,0.896578,0.870297,0.910047,0.897115,0.880258,0.932271,0.917081,0.925627,0.835273
Doorknob,0.839176,0.943528,0.726677,0.857466,0.954744,0.785246,0.858077,0.790647,0.942302,0.961536,0.934973,0.944666,0.949585,0.858652,0.924783,0.948015,0.942504,0.92014,0.899477,0.941334,0.945064,0.934122,0.929067,0.822176,0.946387,0.925602,0.905791,0.940292,0.953077,0.924069,0.887572,0.934184,0.917278,0.926516,0.814028,0.952123,0.931947,1.0,0.947375,0.949341,0.924159,0.883823,0.929678,0.95154,0.892594,0.935145,0.910152,0.719923,0.945276,0.941631,0.881454,0.904165,0.942581,0.951539,0.906974,0.916372,0.905291,0.934286,0.957435,0.931555,0.954239,0.926366,0.94947,0.932731,0.953473,0.948184,0.945965,0.945547,0.913441,0.900145,0.921143,0.956094,0.888513,0.934082,0.935814,0.939483,0.918513,0.88298,0.932433,0.932382,0.928693,0.927463,0.759101,0.874977,0.938758,0.861857,0.943909,0.939972,0.939884,0.954512,0.911842,0.839304,0.94487,0.959476,0.930015,0.885527,0.944641,0.948431,0.801673,0.900418,0.825238,0.937531,0.952163,0.951848,0.928796,0.936734,0.909915,0.865366,0.941105,0.875893,0.921247,0.850948,0.947878,0.911739,0.933304,0.951642,0.870469,0.900142,0.9588,0.924788,0.92839,0.89742,0.86937,0.921539,0.902392,0.889371,0.943419,0.938395,0.939265,0.826551
Drill,0.858146,0.945287,0.718532,0.870658,0.969268,0.783836,0.859055,0.795687,0.956476,0.968602,0.954223,0.961641,0.972117,0.873215,0.941816,0.952739,0.963337,0.923847,0.908018,0.949625,0.957346,0.960169,0.948989,0.802417,0.963537,0.940968,0.920331,0.956324,0.971648,0.93758,0.888917,0.947245,0.941304,0.941692,0.817117,0.966981,0.939141,0.947375,1.0,0.965583,0.94283,0.90301,0.946007,0.968434,0.903739,0.951198,0.907843,0.715698,0.965152,0.958727,0.891184,0.929988,0.963665,0.970755,0.924636,0.931446,0.914246,0.952872,0.970438,0.949349,0.969957,0.94781,0.96457,0.938601,0.96435,0.963267,0.956623,0.961418,0.926344,0.921199,0.940443,0.975746,0.899542,0.937722,0.950829,0.95765,0.933902,0.904308,0.945838,0.952066,0.936585,0.941658,0.749982,0.888137,0.955059,0.870271,0.964903,0.955141,0.957903,0.969738,0.938469,0.839031,0.953159,0.97204,0.947606,0.906101,0.966057,0.966413,0.825066,0.903196,0.844395,0.953993,0.965768,0.962505,0.943706,0.957758,0.931679,0.875279,0.965433,0.886537,0.938924,0.865955,0.966506,0.916957,0.950069,0.974901,0.884468,0.911139,0.975196,0.944028,0.940811,0.90704,0.882112,0.939683,0.923855,0.900963,0.956515,0.948951,0.927587,0.834722
Dryingrack,0.811814,0.948885,0.687806,0.833082,0.97621,0.743566,0.833392,0.756081,0.951089,0.973516,0.956827,0.971365,0.966169,0.865975,0.921684,0.953956,0.965093,0.906155,0.889601,0.937588,0.963778,0.951042,0.947631,0.788189,0.971763,0.9409,0.896813,0.979595,0.970019,0.930992,0.858347,0.931013,0.926181,0.942267,0.786844,0.971059,0.930073,0.949341,0.965583,1.0,0.935151,0.907581,0.952984,0.983443,0.895469,0.97775,0.882965,0.688829,0.967354,0.980979,0.877632,0.926935,0.955489,0.972839,0.920779,0.918128,0.910356,0.938703,0.970795,0.964362,0.984528,0.935082,0.979544,0.946355,0.960184,0.956215,0.967741,0.976688,0.903672,0.924717,0.926227,0.97508,0.873747,0.942675,0.956909,0.964738,0.917078,0.875225,0.973424,0.978517,0.928144,0.923292,0.698498,0.882335,0.97494,0.849099,0.981297,0.953001,0.971856,0.97831,0.924165,0.806035,0.952992,0.980724,0.948161,0.881683,0.97788,0.97064,0.784638,0.884486,0.816905,0.95563,0.974448,0.954116,0.966724,0.964017,0.928461,0.865936,0.950618,0.851557,0.929259,0.832564,0.970518,0.908532,0.971296,0.974391,0.867803,0.895239,0.980748,0.929278,0.952325,0.893858,0.86211,0.949889,0.914684,0.899072,0.962894,0.975749,0.917716,0.794218
Dumbbell,0.838183,0.919918,0.709687,0.856115,0.942557,0.769944,0.833274,0.784515,0.93205,0.943116,0.927384,0.932811,0.94141,0.859968,0.91957,0.926808,0.934752,0.901012,0.891707,0.927102,0.929209,0.934156,0.926138,0.78703,0.936117,0.915695,0.896037,0.92705,0.946457,0.915917,0.868738,0.928742,0.921502,0.921134,0.803151,0.938496,0.918045,0.924159,0.94283,0.935151,1.0,0.881299,0.91977,0.93986,0.88172,0.921333,0.885778,0.710064,0.940147,0.929891,0.87374,0.908241,0.938604,0.942613,0.899931,0.910227,0.892468,0.930146,0.944462,0.922831,0.940917,0.924032,0.935188,0.914455,0.938693,0.937293,0.931544,0.934382,0.906317,0.89791,0.918641,0.948575,0.883309,0.912298,0.923968,0.932433,0.90904,0.885367,0.917503,0.92225,0.911674,0.91248,0.729437,0.868452,0.929289,0.852452,0.937454,0.930881,0.931763,0.943044,0.914824,0.820769,0.930551,0.943269,0.921541,0.887067,0.938389,0.939666,0.811506,0.880544,0.831379,0.929732,0.939246,0.937496,0.91712,0.931162,0.909996,0.854308,0.939607,0.875995,0.921367,0.848042,0.936968,0.898113,0.923486,0.947643,0.867688,0.886726,0.947802,0.919603,0.916046,0.885492,0.867732,0.917088,0.903856,0.881561,0.930794,0.921159,0.904588,0.818401
Dustpan,0.755442,0.907414,0.712142,0.807519,0.910944,0.710662,0.757681,0.712723,0.887611,0.909069,0.895604,0.90227,0.881506,0.825706,0.858867,0.88385,0.898271,0.832799,0.843762,0.880818,0.912046,0.885552,0.890069,0.764247,0.898253,0.890267,0.841095,0.91902,0.898532,0.878803,0.791585,0.861974,0.873265,0.892622,0.730683,0.907996,0.875695,0.883823,0.90301,0.907581,0.881299,1.0,0.880453,0.915248,0.857312,0.918003,0.805289,0.68345,0.903881,0.917996,0.847545,0.892591,0.88329,0.906747,0.87009,0.873726,0.859855,0.877708,0.906001,0.914621,0.916795,0.891973,0.916051,0.89446,0.888059,0.894677,0.901143,0.923281,0.844885,0.892333,0.865237,0.902082,0.823236,0.892645,0.896614,0.905544,0.862214,0.810042,0.919601,0.915877,0.862419,0.867314,0.680389,0.851179,0.917953,0.789152,0.919072,0.888878,0.914637,0.909702,0.873224,0.747583,0.887291,0.912742,0.878104,0.832723,0.913256,0.900143,0.750589,0.842342,0.794179,0.902539,0.918261,0.874756,0.910589,0.901808,0.876414,0.810061,0.881186,0.814077,0.875304,0.793001,0.891229,0.869856,0.915624,0.912617,0.815416,0.813994,0.918064,0.87439,0.900255,0.84985,0.82682,0.904037,0.885238,0.85772,0.898467,0.920365,0.864855,0.722639
Fan,0.832998,0.923936,0.678163,0.834915,0.955321,0.750173,0.832419,0.768593,0.932784,0.949308,0.933145,0.94467,0.952505,0.851448,0.911902,0.93677,0.944082,0.898658,0.880433,0.925954,0.936213,0.933119,0.931455,0.771868,0.951381,0.920896,0.891711,0.946814,0.954737,0.914954,0.859969,0.92787,0.915796,0.917584,0.794355,0.947434,0.919832,0.929678,0.946007,0.952984,0.91977,0.880453,1.0,0.957501,0.878618,0.939744,0.884561,0.679695,0.944253,0.946482,0.864757,0.902258,0.940584,0.954092,0.902447,0.905646,0.893087,0.928883,0.954286,0.930509,0.956811,0.920214,0.952591,0.921399,0.950372,0.938136,0.943511,0.949751,0.901121,0.900499,0.917031,0.956756,0.869431,0.917793,0.934748,0.94435,0.906361,0.871066,0.938523,0.940884,0.916509,0.90952,0.70382,0.863278,0.943808,0.846964,0.95371,0.933018,0.945738,0.953974,0.909974,0.812232,0.938525,0.959646,0.929464,0.883102,0.950254,0.950053,0.789793,0.87228,0.81272,0.930475,0.953479,0.943955,0.933811,0.934939,0.906835,0.856865,0.941529,0.860484,0.917785,0.834603,0.953446,0.889086,0.937988,0.951409,0.864098,0.893241,0.957509,0.915043,0.925186,0.882717,0.852554,0.923859,0.892652,0.878193,0.942967,0.940418,0.899526,0.808208
Faucet,0.813635,0.951126,0.684006,0.836165,0.984431,0.736969,0.814779,0.754653,0.949991,0.976042,0.95799,0.972278,0.964257,0.870784,0.920501,0.952759,0.964881,0.899936,0.890227,0.941601,0.966824,0.949398,0.955813,0.782669,0.974888,0.943704,0.896133,0.989455,0.976544,0.933264,0.853787,0.935267,0.930376,0.944898,0.782733,0.974524,0.936467,0.95154,0.968434,0.983443,0.93986,0.915248,0.957501,1.0,0.896903,0.983735,0.873119,0.685415,0.971599,0.987598,0.882847,0.930337,0.955332,0.97775,0.92351,0.920772,0.911238,0.944387,0.978131,0.96869,0.991408,0.937611,0.987776,0.949658,0.966982,0.957952,0.971624,0.9887,0.904139,0.930892,0.92807,0.979222,0.872513,0.944468,0.961378,0.971692,0.91528,0.867614,0.985248,0.984626,0.926555,0.919318,0.681676,0.885981,0.985398,0.842103,0.990158,0.952316,0.980429,0.980799,0.923718,0.795449,0.95788,0.988074,0.947727,0.885534,0.983898,0.975618,0.782779,0.878929,0.815336,0.956675,0.985581,0.950141,0.976902,0.963127,0.929276,0.862707,0.954446,0.860562,0.935191,0.830198,0.971721,0.908494,0.98039,0.97461,0.870075,0.890432,0.986687,0.92736,0.95823,0.89541,0.861613,0.958905,0.916487,0.903461,0.969091,0.986314,0.913282,0.784056
Flower,0.821077,0.905695,0.754842,0.84381,0.90319,0.776753,0.826619,0.772009,0.89908,0.90862,0.8901,0.894817,0.902798,0.827759,0.885372,0.898698,0.900076,0.881852,0.863206,0.896429,0.90308,0.893792,0.884787,0.797488,0.895977,0.893148,0.877628,0.886051,0.899931,0.887771,0.847457,0.882225,0.88447,0.8812,0.785126,0.904123,0.887525,0.892594,0.903739,0.895469,0.88172,0.857312,0.878618,0.896903,1.0,0.881808,0.867647,0.712547,0.895329,0.887311,0.855066,0.882325,0.895384,0.906067,0.877184,0.889078,0.866946,0.890976,0.908701,0.888247,0.899761,0.904083,0.89872,0.889419,0.902974,0.906823,0.891956,0.899873,0.87996,0.882477,0.882248,0.904218,0.858023,0.890475,0.891334,0.896296,0.892033,0.846483,0.878927,0.878053,0.886349,0.896102,0.770285,0.850592,0.885481,0.832058,0.892918,0.894186,0.891972,0.904534,0.889136,0.81482,0.895532,0.906954,0.883643,0.864559,0.893731,0.895716,0.799337,0.879548,0.825531,0.898369,0.905539,0.903523,0.876444,0.891913,0.875917,0.83318,0.898808,0.851333,0.881803,0.836742,0.900413,0.878738,0.880892,0.909334,0.838626,0.861546,0.911131,0.893308,0.886464,0.867934,0.846187,0.879333,0.883699,0.85678,0.894172,0.883023,0.89881,0.794505
Flute,0.755067,0.947223,0.675962,0.802102,0.969684,0.696457,0.775644,0.709726,0.930768,0.964599,0.94889,0.964082,0.933951,0.854868,0.890125,0.933401,0.950942,0.865233,0.866699,0.918373,0.963395,0.93034,0.939542,0.769703,0.959071,0.931091,0.862868,0.992761,0.953111,0.915263,0.810303,0.902052,0.905615,0.938037,0.738542,0.96342,0.912034,0.935145,0.951198,0.97775,0.921333,0.918003,0.939744,0.983735,0.881808,1.0,0.830018,0.668386,0.960779,0.991809,0.866618,0.925428,0.931796,0.961871,0.907944,0.90019,0.899267,0.915259,0.957282,0.973733,0.985307,0.918458,0.981032,0.943097,0.937176,0.938223,0.960583,0.985338,0.868714,0.928546,0.900472,0.958551,0.840018,0.938034,0.949744,0.960436,0.888653,0.832309,0.993387,0.993761,0.900679,0.895651,0.641378,0.876999,0.986897,0.807713,0.986661,0.93614,0.976355,0.968977,0.902722,0.752165,0.934728,0.974853,0.930514,0.849961,0.977389,0.959444,0.743812,0.856122,0.789688,0.949537,0.974256,0.9189,0.981569,0.958465,0.917075,0.839748,0.92296,0.819443,0.912783,0.792572,0.949,0.89677,0.984787,0.962611,0.840383,0.850703,0.974756,0.905786,0.95493,0.874483,0.843081,0.955005,0.907643,0.892972,0.953349,0.993381,0.893379,0.725641
Fossils,0.920165,0.903654,0.755603,0.887483,0.893429,0.856866,0.945859,0.848774,0.918093,0.91365,0.886212,0.888393,0.941266,0.810722,0.927568,0.928986,0.906754,0.944261,0.894349,0.928705,0.887542,0.910656,0.875888,0.827155,0.897725,0.885457,0.926181,0.838324,0.911879,0.896408,0.937707,0.926588,0.893503,0.866253,0.864783,0.902504,0.909616,0.910152,0.907843,0.882965,0.885778,0.805289,0.884561,0.873119,0.867647,0.830018,1.0,0.719229,0.890449,0.843091,0.85556,0.843984,0.922473,0.908458,0.873119,0.901736,0.876394,0.914321,0.915474,0.841762,0.878245,0.901432,0.87173,0.876366,0.929883,0.918457,0.884096,0.85728,0.934234,0.835742,0.911284,0.914664,0.902891,0.888679,0.881826,0.877182,0.92458,0.913671,0.817603,0.824541,0.926775,0.946236,0.885071,0.833755,0.833728,0.901325,0.85569,0.907357,0.857993,0.89906,0.897682,0.917914,0.913259,0.902042,0.898732,0.900201,0.86734,0.894547,0.84731,0.925457,0.838401,0.885566,0.880879,0.956937,0.822103,0.876033,0.864553,0.869854,0.928595,0.898327,0.885206,0.893135,0.917681,0.882645,0.828276,0.90601,0.870888,0.930054,0.901888,0.916908,0.854224,0.891581,0.866235,0.837452,0.855467,0.838992,0.887441,0.827251,0.937353,0.918797
Frisbee,0.674839,0.719721,0.660098,0.711314,0.701972,0.679718,0.691718,0.663854,0.724364,0.719797,0.701862,0.697918,0.708804,0.687339,0.727075,0.716322,0.702553,0.737216,0.719798,0.719346,0.710707,0.71083,0.694612,0.69155,0.693304,0.709801,0.714568,0.67035,0.703071,0.712211,0.716659,0.712925,0.712724,0.715104,0.673908,0.707592,0.716344,0.719923,0.715698,0.688829,0.710064,0.68345,0.679695,0.685415,0.712547,0.668386,0.719229,1.0,0.698023,0.677347,0.70628,0.712438,0.710259,0.701967,0.697774,0.716813,0.695037,0.71768,0.712587,0.697882,0.691127,0.736745,0.689489,0.707747,0.712495,0.730709,0.701957,0.686156,0.713113,0.695146,0.709482,0.708447,0.721849,0.709788,0.700822,0.69824,0.724903,0.702652,0.663333,0.663208,0.717055,0.718391,0.682083,0.690061,0.686832,0.685906,0.681766,0.715129,0.687195,0.708155,0.713265,0.691721,0.709935,0.702436,0.694532,0.6978,0.693278,0.70194,0.671948,0.722696,0.699015,0.718268,0.704893,0.729,0.670263,0.705464,0.703593,0.672411,0.71216,0.703638,0.713724,0.701888,0.700072,0.729941,0.679356,0.723189,0.682568,0.700764,0.708266,0.724405,0.69511,0.70406,0.701101,0.693245,0.73233,0.697968,0.706558,0.671457,0.757326,0.690913
Fryingpan,0.831308,0.944968,0.706659,0.855642,0.968949,0.760205,0.834777,0.776088,0.950588,0.969698,0.952975,0.96113,0.960689,0.869948,0.930959,0.947268,0.960109,0.905598,0.900603,0.945411,0.957271,0.955448,0.949258,0.792382,0.962923,0.935755,0.905317,0.963947,0.970407,0.934548,0.869598,0.943137,0.936128,0.941508,0.795671,0.965552,0.932432,0.945276,0.965152,0.967354,0.940147,0.903881,0.944253,0.971599,0.895329,0.960779,0.890449,0.698023,1.0,0.966663,0.883592,0.926609,0.960026,0.968712,0.918658,0.92508,0.913123,0.944452,0.967019,0.952994,0.973204,0.935707,0.965984,0.938702,0.956388,0.955639,0.957425,0.966791,0.917244,0.920092,0.933408,0.973027,0.886918,0.93672,0.94748,0.957655,0.920748,0.893954,0.955772,0.962189,0.925478,0.930113,0.716205,0.885014,0.960065,0.859758,0.970104,0.95279,0.962147,0.969784,0.930502,0.817726,0.950843,0.970502,0.945388,0.894158,0.967692,0.964426,0.808108,0.891502,0.829766,0.953295,0.964507,0.951711,0.952139,0.958886,0.930254,0.867167,0.956766,0.878517,0.935973,0.846179,0.959425,0.912238,0.956789,0.970668,0.87714,0.89278,0.975914,0.934723,0.943489,0.899301,0.87809,0.941521,0.915164,0.897731,0.951815,0.958676,0.915093,0.804284
Glasses,0.772627,0.946472,0.674649,0.812733,0.97525,0.708629,0.786775,0.725392,0.93857,0.969289,0.953909,0.968328,0.94529,0.864428,0.902649,0.939664,0.95646,0.878799,0.876356,0.925937,0.964757,0.939172,0.946784,0.772066,0.965522,0.935648,0.8735,0.992694,0.96216,0.922024,0.82548,0.915162,0.916503,0.943409,0.754037,0.967702,0.920015,0.941631,0.958727,0.980979,0.929891,0.917996,0.946482,0.987598,0.887311,0.991809,0.843091,0.677347,0.966663,1.0,0.872341,0.929891,0.941838,0.967816,0.913726,0.907021,0.903908,0.926558,0.964204,0.974459,0.988632,0.926171,0.983579,0.945526,0.946764,0.94654,0.965716,0.986558,0.880288,0.929938,0.911257,0.967204,0.853183,0.939497,0.954524,0.96573,0.897748,0.846834,0.991252,0.992992,0.909082,0.901862,0.648214,0.88049,0.98905,0.819096,0.989594,0.9434,0.978938,0.974555,0.911468,0.765262,0.942426,0.979633,0.937589,0.861726,0.981929,0.966934,0.758113,0.860984,0.799617,0.954122,0.978271,0.930236,0.981936,0.963133,0.92433,0.847014,0.935109,0.83313,0.923298,0.804487,0.95767,0.902065,0.985595,0.969023,0.851415,0.865081,0.979426,0.914223,0.95732,0.880767,0.850772,0.958096,0.913219,0.898461,0.959784,0.991677,0.899508,0.746035
Glove,0.812093,0.895089,0.740109,0.839355,0.890942,0.765939,0.811709,0.763736,0.885944,0.896672,0.876816,0.879708,0.884857,0.816836,0.874143,0.884851,0.884285,0.864102,0.857603,0.889297,0.889361,0.879889,0.87376,0.787911,0.879802,0.877099,0.864443,0.872211,0.889214,0.875391,0.838534,0.876132,0.871981,0.873124,0.776548,0.891536,0.881174,0.881454,0.891184,0.877632,0.87374,0.847545,0.864757,0.882847,0.855066,0.866618,0.85556,0.70628,0.883592,0.872341,1.0,0.867007,0.882815,0.891451,0.860884,0.876874,0.855342,0.881978,0.897065,0.873696,0.88537,0.888393,0.884288,0.876241,0.891398,0.892352,0.879214,0.885945,0.868991,0.86357,0.871171,0.891261,0.848013,0.87893,0.877185,0.880694,0.875303,0.838333,0.866093,0.862347,0.873791,0.883633,0.757618,0.838634,0.873437,0.818796,0.878828,0.881475,0.878932,0.889091,0.871884,0.802469,0.884377,0.893201,0.869227,0.850973,0.879873,0.88272,0.78593,0.865594,0.810134,0.883889,0.893066,0.888957,0.862711,0.876382,0.860539,0.820048,0.886006,0.846796,0.871211,0.825917,0.881594,0.8686,0.868318,0.894845,0.827767,0.84302,0.897521,0.879478,0.87091,0.856961,0.837954,0.869017,0.87002,0.844649,0.881408,0.870299,0.885064,0.786143
Goggles,0.797453,0.915009,0.723544,0.837938,0.928843,0.746436,0.798094,0.752122,0.916853,0.928429,0.919201,0.923696,0.917106,0.856163,0.896184,0.906648,0.923303,0.874404,0.872978,0.903734,0.925773,0.919179,0.912802,0.776904,0.921197,0.911463,0.873878,0.926545,0.92383,0.903403,0.831421,0.894555,0.907067,0.915878,0.770649,0.927088,0.897003,0.904165,0.929988,0.926935,0.908241,0.892591,0.902258,0.930337,0.882325,0.925428,0.843984,0.712438,0.926609,0.929891,0.867007,1.0,0.916319,0.928599,0.894122,0.89872,0.880228,0.90813,0.926494,0.929359,0.932476,0.921683,0.928761,0.908543,0.912765,0.923225,0.919728,0.932205,0.878208,0.909292,0.897638,0.929281,0.860759,0.904532,0.915908,0.925556,0.894255,0.854915,0.921248,0.926006,0.890245,0.893527,0.708048,0.869336,0.930412,0.825205,0.934031,0.916022,0.928421,0.931758,0.907519,0.786327,0.909161,0.929608,0.904906,0.866682,0.933389,0.924258,0.794268,0.86565,0.830962,0.926312,0.93166,0.909244,0.919157,0.927605,0.906484,0.836887,0.915297,0.846095,0.906172,0.82877,0.918984,0.891631,0.926178,0.940561,0.846743,0.855453,0.93682,0.906252,0.915169,0.872084,0.855759,0.918609,0.912714,0.87954,0.919064,0.922827,0.88704,0.774565
Grill,0.872567,0.932943,0.712357,0.873218,0.959304,0.793094,0.875,0.808471,0.954043,0.961949,0.946595,0.953162,0.973229,0.867711,0.944664,0.94995,0.958216,0.929794,0.908762,0.948857,0.944023,0.960034,0.942701,0.79804,0.9575,0.930494,0.922872,0.937198,0.969031,0.933937,0.90018,0.954615,0.940427,0.932322,0.827771,0.95837,0.935298,0.942581,0.963665,0.955489,0.938604,0.88329,0.940584,0.955332,0.895384,0.931796,0.922473,0.710259,0.960026,0.941838,0.882815,0.916319,1.0,0.96366,0.916499,0.928014,0.910287,0.950793,0.963351,0.931413,0.957041,0.93856,0.949335,0.927198,0.961662,0.958422,0.947065,0.944201,0.933639,0.904566,0.941666,0.972183,0.90437,0.926582,0.939241,0.946412,0.932759,0.919292,0.922942,0.933683,0.936012,0.941633,0.759379,0.877843,0.935799,0.881337,0.949951,0.952612,0.943113,0.961412,0.936413,0.853317,0.949983,0.961097,0.945787,0.908992,0.95298,0.959183,0.834306,0.902997,0.843228,0.944998,0.950379,0.966641,0.924261,0.949869,0.925972,0.877286,0.966543,0.894642,0.937068,0.870114,0.961217,0.91044,0.930286,0.967157,0.887827,0.919121,0.965597,0.94318,0.926756,0.903438,0.884266,0.922745,0.910498,0.890627,0.945345,0.927079,0.923311,0.851872
Hairbrush,0.857896,0.953842,0.717973,0.865548,0.976454,0.778036,0.857967,0.79076,0.95634,0.973235,0.957266,0.966962,0.974703,0.869636,0.937178,0.958695,0.967959,0.921462,0.905014,0.952704,0.963813,0.958309,0.953013,0.800931,0.970978,0.945779,0.919887,0.967926,0.97534,0.939576,0.884408,0.946986,0.939384,0.9403,0.812654,0.9725,0.942628,0.951539,0.970755,0.972839,0.942613,0.906747,0.954092,0.97775,0.906067,0.961871,0.908458,0.701967,0.968712,0.967816,0.891451,0.928599,0.96366,1.0,0.927739,0.933346,0.918206,0.952384,0.976555,0.953897,0.9787,0.947136,0.974006,0.944963,0.970295,0.963754,0.962425,0.972784,0.926492,0.927366,0.940129,0.978856,0.893747,0.944017,0.956963,0.964941,0.934283,0.894843,0.959017,0.961814,0.938746,0.943491,0.744177,0.889425,0.962949,0.868793,0.973588,0.955979,0.966501,0.975164,0.937298,0.836849,0.958342,0.981611,0.950988,0.906949,0.971457,0.970663,0.817841,0.90462,0.838502,0.955646,0.974827,0.963858,0.953889,0.958238,0.930251,0.878175,0.965956,0.885415,0.938181,0.861735,0.974183,0.915641,0.958216,0.975061,0.884861,0.912769,0.981692,0.942251,0.947945,0.909435,0.87963,0.944458,0.919259,0.901684,0.962175,0.961084,0.927193,0.825451
Hairclip,0.826213,0.914655,0.723583,0.843841,0.926339,0.765034,0.827581,0.76814,0.915195,0.926688,0.910147,0.917267,0.925201,0.837709,0.898869,0.914054,0.920649,0.887036,0.871764,0.910497,0.91893,0.913628,0.905818,0.784721,0.919539,0.906604,0.885737,0.913026,0.924621,0.900861,0.852037,0.901045,0.899645,0.898705,0.787155,0.924485,0.90185,0.906974,0.924636,0.920779,0.899931,0.87009,0.902447,0.92351,0.877184,0.907944,0.873119,0.697774,0.918658,0.913726,0.860884,0.894122,0.916499,0.927739,1.0,0.898654,0.878002,0.909382,0.929342,0.908025,0.925034,0.913666,0.922988,0.90335,0.923118,0.921483,0.913752,0.922448,0.890164,0.892268,0.898674,0.928129,0.863138,0.902685,0.910822,0.916621,0.899993,0.859925,0.905284,0.906165,0.899342,0.90633,0.744854,0.857478,0.910729,0.838211,0.919752,0.912068,0.916041,0.926352,0.901286,0.812262,0.913869,0.92928,0.904051,0.873776,0.919648,0.919656,0.798011,0.87932,0.821993,0.913775,0.926632,0.920001,0.901247,0.912282,0.891264,0.842744,0.91914,0.85553,0.897275,0.837477,0.922858,0.884101,0.90636,0.929775,0.849092,0.872608,0.932837,0.905103,0.90334,0.875553,0.850667,0.900038,0.890648,0.867129,0.915219,0.908277,0.89747,0.799651
Handbag,0.858561,0.928284,0.76142,0.874738,0.929101,0.798733,0.856569,0.798607,0.926192,0.934391,0.914782,0.918766,0.932627,0.845542,0.915014,0.924783,0.927175,0.902935,0.891807,0.928519,0.924057,0.923882,0.912339,0.810889,0.922075,0.913847,0.90658,0.906102,0.932095,0.914281,0.8776,0.918915,0.912686,0.904409,0.811999,0.930064,0.91665,0.916372,0.931446,0.918128,0.910227,0.873726,0.905646,0.920772,0.889078,0.90019,0.901736,0.716813,0.92508,0.907021,0.876874,0.89872,0.928014,0.933346,0.898654,1.0,0.891475,0.921493,0.936823,0.904465,0.92285,0.923909,0.920788,0.909742,0.932917,0.930474,0.915374,0.921234,0.914171,0.896426,0.913114,0.933749,0.884104,0.912203,0.913169,0.918109,0.916566,0.884874,0.896927,0.896958,0.913485,0.927653,0.792177,0.869549,0.9027,0.863677,0.915437,0.921627,0.91458,0.928676,0.914447,0.844583,0.924539,0.930916,0.911782,0.894745,0.916486,0.921694,0.826266,0.905762,0.843733,0.919765,0.927313,0.93332,0.893699,0.914233,0.898115,0.859917,0.931259,0.886734,0.908478,0.864005,0.925313,0.899364,0.898769,0.934196,0.86703,0.886982,0.937396,0.920307,0.904434,0.893755,0.873625,0.899124,0.898331,0.87432,0.9164,0.901168,0.915367,0.827275
Hat,0.818818,0.914356,0.728396,0.83959,0.915124,0.764758,0.832124,0.769592,0.907801,0.922888,0.903519,0.908838,0.911774,0.828097,0.892132,0.909875,0.911974,0.881089,0.870946,0.909138,0.913205,0.906262,0.897187,0.793639,0.909112,0.895319,0.87848,0.902143,0.915063,0.894528,0.851666,0.900153,0.889863,0.89307,0.783361,0.917119,0.896218,0.905291,0.914246,0.910356,0.892468,0.859855,0.893087,0.911238,0.866946,0.899267,0.876394,0.695037,0.913123,0.903908,0.855342,0.880228,0.910287,0.918206,0.878002,0.891475,1.0,0.898561,0.918413,0.89837,0.914715,0.898901,0.909978,0.897537,0.911934,0.912538,0.904903,0.910434,0.886146,0.878379,0.890855,0.917974,0.859473,0.900147,0.899459,0.905547,0.890663,0.859419,0.894579,0.896758,0.892978,0.902606,0.74931,0.850944,0.898535,0.836588,0.907698,0.906389,0.904914,0.916574,0.889414,0.814667,0.905879,0.919612,0.897302,0.863452,0.906484,0.909343,0.789844,0.877239,0.810761,0.906871,0.913442,0.913337,0.890826,0.905004,0.881351,0.839559,0.908062,0.854418,0.88928,0.830394,0.90888,0.881723,0.895151,0.919337,0.84345,0.863887,0.922992,0.898336,0.894134,0.871054,0.851738,0.886994,0.876901,0.857571,0.902063,0.898661,0.898546,0.79189
Headphones,0.874744,0.924701,0.715719,0.875449,0.950877,0.796501,0.861855,0.808883,0.943012,0.949908,0.932266,0.937703,0.961418,0.862535,0.937219,0.939612,0.943202,0.923335,0.902939,0.941172,0.933295,0.944038,0.932731,0.797996,0.944565,0.923635,0.918363,0.924827,0.958488,0.924864,0.897019,0.944059,0.932198,0.92182,0.828391,0.946261,0.931793,0.934286,0.952872,0.938703,0.930146,0.877708,0.928883,0.944387,0.890976,0.915259,0.914321,0.71768,0.944452,0.926558,0.881978,0.90813,0.950793,0.952384,0.909382,0.921493,0.898561,1.0,0.956973,0.918682,0.944782,0.935704,0.94005,0.918358,0.956828,0.949843,0.936659,0.935487,0.92612,0.897635,0.933063,0.960196,0.900175,0.917935,0.931413,0.93722,0.926863,0.902968,0.912086,0.915608,0.928591,0.932057,0.764681,0.872137,0.926047,0.871223,0.93743,0.939047,0.932332,0.949122,0.925879,0.848937,0.942698,0.952287,0.930677,0.906037,0.941205,0.94834,0.831512,0.897884,0.842647,0.932608,0.946032,0.95616,0.91256,0.932081,0.913826,0.86702,0.957919,0.895267,0.929012,0.870726,0.951942,0.903986,0.919125,0.954147,0.881631,0.911478,0.95481,0.932445,0.916828,0.898603,0.874326,0.91623,0.906762,0.885534,0.939868,0.916529,0.92091,0.854047
Hourglass,0.863674,0.957262,0.726354,0.874719,0.979963,0.787922,0.859596,0.798027,0.959222,0.976859,0.954226,0.964833,0.973655,0.873931,0.940197,0.962341,0.965429,0.926321,0.91035,0.958253,0.962699,0.955277,0.95402,0.81299,0.970326,0.947055,0.92436,0.96596,0.978925,0.943151,0.893147,0.952308,0.940453,0.941244,0.821592,0.973103,0.950896,0.957435,0.970438,0.970795,0.944462,0.906001,0.954286,0.978131,0.908701,0.957282,0.915474,0.712587,0.967019,0.964204,0.897065,0.926494,0.963351,0.976555,0.929342,0.936823,0.918413,0.956973,1.0,0.950795,0.977726,0.948515,0.975728,0.948271,0.978007,0.965416,0.965158,0.973875,0.932645,0.925735,0.942475,0.979842,0.899184,0.947332,0.957613,0.964078,0.936361,0.896865,0.958248,0.9558,0.944389,0.944444,0.755813,0.892046,0.961889,0.874116,0.97142,0.956967,0.965936,0.975326,0.935642,0.843574,0.966073,0.982539,0.950455,0.911442,0.969309,0.970825,0.820518,0.911701,0.842486,0.954446,0.978555,0.96771,0.952143,0.954583,0.929367,0.880711,0.966745,0.896182,0.941551,0.86751,0.971883,0.920221,0.95628,0.972878,0.888915,0.914749,0.982969,0.942673,0.948287,0.914019,0.881861,0.94615,0.920559,0.905335,0.96582,0.961615,0.937665,0.834854
Kayak,0.773874,0.940917,0.698779,0.820955,0.959626,0.722304,0.790794,0.732587,0.932298,0.957685,0.944112,0.955047,0.932546,0.863357,0.899861,0.929745,0.945503,0.877857,0.876877,0.918491,0.955659,0.932,0.934784,0.782338,0.949672,0.92944,0.872264,0.973122,0.946923,0.916285,0.826384,0.905477,0.911748,0.938112,0.758339,0.95549,0.91259,0.931555,0.949349,0.964362,0.922831,0.914621,0.930509,0.96869,0.888247,0.973733,0.841762,0.697882,0.952994,0.974459,0.873696,0.929359,0.931413,0.953897,0.908025,0.904465,0.89837,0.918682,0.950795,1.0,0.971001,0.926481,0.966628,0.936748,0.933203,0.939875,0.951846,0.969631,0.876485,0.925993,0.904822,0.953003,0.855837,0.93219,0.943235,0.952979,0.896607,0.846927,0.97161,0.973953,0.903425,0.899381,0.672417,0.88023,0.97283,0.819168,0.972037,0.935077,0.963575,0.961095,0.909239,0.771258,0.930393,0.963539,0.926225,0.859991,0.966764,0.95258,0.766851,0.864787,0.811128,0.947855,0.96403,0.921977,0.964157,0.953987,0.919404,0.843632,0.924878,0.83362,0.916989,0.811768,0.942657,0.903361,0.969501,0.96137,0.847933,0.859003,0.965539,0.91229,0.946075,0.879174,0.853915,0.94772,0.917872,0.895179,0.947289,0.972675,0.901727,0.752305
Key,0.814132,0.955411,0.692244,0.838928,0.983885,0.742429,0.822329,0.757443,0.952464,0.978483,0.960698,0.974306,0.965402,0.871195,0.92343,0.955278,0.966799,0.904759,0.893458,0.94418,0.970324,0.951965,0.955421,0.789734,0.97487,0.945392,0.898986,0.989401,0.975525,0.934847,0.858294,0.935375,0.930826,0.947552,0.785104,0.976608,0.937165,0.954239,0.969957,0.984528,0.940917,0.916795,0.956811,0.991408,0.899761,0.985307,0.878245,0.691127,0.973204,0.988632,0.88537,0.932476,0.957041,0.9787,0.925034,0.92285,0.914715,0.944782,0.977726,0.971001,1.0,0.939728,0.98746,0.951837,0.965983,0.960674,0.971867,0.987764,0.905635,0.932148,0.929141,0.979647,0.87552,0.947857,0.962397,0.971461,0.918567,0.87089,0.984702,0.985675,0.92889,0.92481,0.69185,0.888168,0.985257,0.844682,0.989365,0.954587,0.980024,0.981712,0.925903,0.80061,0.957247,0.988643,0.949221,0.885296,0.984355,0.976033,0.785239,0.884218,0.817614,0.959754,0.98471,0.951957,0.97688,0.966041,0.931141,0.864891,0.95487,0.86022,0.935134,0.832763,0.972249,0.912804,0.980681,0.976839,0.870549,0.892841,0.987373,0.930742,0.959412,0.898044,0.865535,0.958301,0.919271,0.905356,0.968868,0.986124,0.919455,0.786633
Kite,0.862203,0.932557,0.753517,0.877771,0.943536,0.801967,0.858238,0.802386,0.938948,0.944064,0.930954,0.934887,0.948934,0.864862,0.928243,0.934615,0.940923,0.917854,0.900294,0.93242,0.937878,0.937533,0.925873,0.809685,0.936833,0.930168,0.91506,0.92425,0.94312,0.923518,0.883795,0.924674,0.927014,0.921645,0.8209,0.942795,0.92499,0.926366,0.94781,0.935082,0.924032,0.891973,0.920214,0.937611,0.904083,0.918458,0.901432,0.736745,0.935707,0.926171,0.888393,0.921683,0.93856,0.947136,0.913666,0.923909,0.898901,0.935704,0.948515,0.926481,0.939728,1.0,0.937882,0.92171,0.944257,0.94666,0.931147,0.936038,0.916175,0.915144,0.92454,0.948015,0.894871,0.921014,0.931611,0.936756,0.929243,0.888977,0.91496,0.916682,0.924435,0.931411,0.782609,0.881605,0.926674,0.865246,0.934784,0.93367,0.932092,0.944485,0.929443,0.845372,0.932781,0.946838,0.923741,0.903517,0.937816,0.939033,0.833305,0.905325,0.858899,0.936225,0.945636,0.945292,0.91363,0.932075,0.915114,0.866362,0.944355,0.884866,0.922614,0.87265,0.944463,0.910214,0.920887,0.954351,0.875502,0.901303,0.950409,0.932605,0.920781,0.901083,0.877818,0.919852,0.922778,0.891073,0.936377,0.918163,0.923878,0.840418
Ladder,0.812091,0.954819,0.697514,0.838357,0.981375,0.741151,0.816123,0.752837,0.94742,0.973774,0.954288,0.968782,0.958741,0.866369,0.91642,0.951352,0.961639,0.897739,0.888479,0.940166,0.96702,0.943929,0.950863,0.790787,0.969658,0.943828,0.896253,0.986531,0.970487,0.931448,0.851926,0.928681,0.925098,0.941385,0.781029,0.972654,0.935533,0.94947,0.96457,0.979544,0.935188,0.916051,0.952591,0.987776,0.89872,0.981032,0.87173,0.689489,0.965984,0.983579,0.884288,0.928761,0.949335,0.974006,0.922988,0.920788,0.909978,0.94005,0.975728,0.966628,0.98746,0.937882,1.0,0.949816,0.964326,0.955335,0.967713,0.986808,0.901448,0.932074,0.923552,0.973496,0.869283,0.945952,0.959508,0.967912,0.915198,0.861912,0.98369,0.980145,0.926098,0.920809,0.696064,0.886665,0.981298,0.8399,0.98529,0.948434,0.977129,0.97668,0.921086,0.796692,0.954729,0.985235,0.94341,0.883624,0.978863,0.970173,0.780582,0.884395,0.816347,0.954306,0.984566,0.945906,0.973329,0.958592,0.924796,0.861604,0.948654,0.858428,0.929681,0.830651,0.96651,0.909202,0.976796,0.971006,0.866147,0.886127,0.983885,0.925459,0.956598,0.896169,0.860597,0.956206,0.916833,0.902272,0.966447,0.984952,0.917644,0.780573
Lamp,0.809346,0.94345,0.733485,0.842883,0.949058,0.760925,0.826629,0.762161,0.930126,0.952227,0.929265,0.9398,0.931585,0.851786,0.903796,0.934499,0.936356,0.892578,0.88378,0.926373,0.944554,0.922461,0.922873,0.809583,0.939088,0.923584,0.88797,0.945991,0.940667,0.916279,0.85369,0.9116,0.905906,0.921052,0.785334,0.946272,0.919016,0.932731,0.938601,0.946355,0.914455,0.89446,0.921399,0.949658,0.889419,0.943097,0.876366,0.707747,0.938702,0.945526,0.876241,0.908543,0.927198,0.944963,0.90335,0.909742,0.897537,0.918358,0.948271,0.936748,0.951837,0.92171,0.949816,1.0,0.938118,0.93578,0.939719,0.950928,0.894142,0.910225,0.906055,0.943868,0.866635,0.930333,0.931741,0.937088,0.90545,0.858041,0.942759,0.939583,0.91247,0.913811,0.736105,0.875244,0.942329,0.84121,0.946157,0.929253,0.942593,0.948368,0.905081,0.809793,0.933389,0.953039,0.919795,0.872187,0.942962,0.93878,0.784774,0.889584,0.819426,0.933974,0.951275,0.930325,0.934766,0.932932,0.905067,0.853531,0.923979,0.856149,0.909638,0.832961,0.93636,0.904355,0.938689,0.945431,0.855508,0.873466,0.954641,0.913136,0.930033,0.888219,0.860104,0.925525,0.903438,0.886359,0.9365,0.946384,0.919907,0.786469
Lantern,0.884133,0.945352,0.719201,0.877885,0.97253,0.800882,0.87629,0.812163,0.955784,0.968617,0.945093,0.956035,0.97679,0.867702,0.942241,0.96088,0.95907,0.935961,0.909572,0.956243,0.95037,0.950672,0.946815,0.810738,0.96431,0.939567,0.929133,0.948712,0.975199,0.937662,0.906483,0.956255,0.937255,0.929918,0.836635,0.964875,0.949959,0.953473,0.96435,0.960184,0.938693,0.888059,0.950372,0.966982,0.902974,0.937176,0.929883,0.712495,0.956388,0.946764,0.891398,0.912765,0.961662,0.970295,0.923118,0.932917,0.911934,0.956828,0.978007,0.933203,0.965983,0.944257,0.964326,0.938118,1.0,0.962217,0.956398,0.959048,0.937205,0.911171,0.942204,0.975668,0.902924,0.937161,0.94978,0.954891,0.937548,0.903122,0.938061,0.935724,0.946741,0.943748,0.770604,0.881722,0.945922,0.880978,0.957161,0.951419,0.952332,0.966861,0.931592,0.859011,0.96333,0.975694,0.946098,0.915606,0.95716,0.964734,0.826949,0.911323,0.842092,0.943692,0.969439,0.972341,0.934005,0.942731,0.92001,0.881825,0.968014,0.902102,0.938024,0.874184,0.9704,0.913022,0.93828,0.964741,0.89104,0.92698,0.973595,0.940467,0.935211,0.911253,0.878181,0.931608,0.909754,0.896316,0.960172,0.941998,0.93789,0.857843
Lawnmower,0.865694,0.944288,0.736882,0.875829,0.961882,0.800693,0.872601,0.807552,0.954037,0.964914,0.947336,0.95459,0.968785,0.870748,0.942195,0.952539,0.956475,0.934951,0.909947,0.949092,0.952573,0.953727,0.940939,0.817662,0.955643,0.937302,0.923753,0.943609,0.96382,0.9345,0.900398,0.944653,0.936013,0.935672,0.828131,0.961342,0.938773,0.948184,0.963267,0.956215,0.937293,0.894677,0.938136,0.957952,0.906823,0.938223,0.918457,0.730709,0.955639,0.94654,0.892352,0.923225,0.958422,0.963754,0.921483,0.930474,0.912538,0.949843,0.965416,0.939875,0.960674,0.94666,0.955335,0.93578,0.962217,1.0,0.949714,0.950906,0.927681,0.914843,0.936984,0.969023,0.904354,0.935852,0.945048,0.949031,0.936512,0.904309,0.932166,0.937443,0.938234,0.943761,0.775319,0.885444,0.944117,0.873874,0.951686,0.950721,0.946576,0.962614,0.934708,0.852176,0.949539,0.966087,0.941547,0.905164,0.95536,0.95927,0.830144,0.910023,0.847673,0.948847,0.958586,0.963103,0.93168,0.949707,0.925272,0.875527,0.961014,0.888943,0.934493,0.871358,0.961439,0.919349,0.937784,0.96749,0.883663,0.917695,0.967628,0.94319,0.934346,0.907716,0.883131,0.92947,0.921335,0.899432,0.951245,0.936523,0.939719,0.846555
Lightbulb,0.81738,0.942787,0.696594,0.840864,0.967955,0.753409,0.82896,0.765674,0.944756,0.966058,0.945759,0.957914,0.954724,0.867445,0.919532,0.947636,0.952811,0.904259,0.892042,0.935531,0.953225,0.940782,0.941479,0.794949,0.960914,0.933779,0.895009,0.96512,0.963414,0.927202,0.862706,0.931353,0.923532,0.936612,0.794178,0.960465,0.930139,0.945965,0.956623,0.967741,0.931544,0.901143,0.943511,0.971624,0.891956,0.960583,0.884096,0.701957,0.957425,0.965716,0.879214,0.919728,0.947065,0.962425,0.913752,0.915374,0.904903,0.936659,0.965158,0.951846,0.971867,0.931147,0.967713,0.939719,0.956398,0.949714,1.0,0.966159,0.904163,0.916042,0.923042,0.966075,0.877405,0.936281,0.948007,0.956211,0.912932,0.873093,0.959876,0.960536,0.924236,0.916103,0.706728,0.879877,0.963631,0.850186,0.968728,0.945602,0.961267,0.967951,0.917077,0.810608,0.950194,0.971024,0.938279,0.882706,0.965738,0.961176,0.788715,0.883316,0.821119,0.94689,0.967391,0.949371,0.954098,0.950947,0.921303,0.862337,0.944557,0.86208,0.928191,0.837176,0.959402,0.908009,0.958815,0.964009,0.86901,0.890877,0.971075,0.923395,0.943182,0.892915,0.862562,0.943112,0.911476,0.896186,0.956094,0.963191,0.919141,0.802966
Lipstick,0.800942,0.957596,0.708358,0.837323,0.980948,0.732479,0.798074,0.745916,0.942333,0.972351,0.952591,0.966309,0.948231,0.867897,0.908895,0.945613,0.958715,0.884835,0.885881,0.938039,0.967925,0.93969,0.952571,0.788601,0.967162,0.943654,0.88961,0.990828,0.968209,0.931334,0.8385,0.924212,0.924165,0.941231,0.769019,0.971083,0.933384,0.945547,0.961418,0.976688,0.934382,0.923281,0.949751,0.9887,0.899873,0.985338,0.85728,0.686156,0.966791,0.986558,0.885945,0.932205,0.944201,0.972784,0.922448,0.921234,0.910434,0.935487,0.973875,0.969631,0.987764,0.936038,0.986808,0.950928,0.959048,0.950906,0.966159,1.0,0.897268,0.939319,0.919377,0.96959,0.863548,0.945745,0.957893,0.969327,0.909839,0.852603,0.990627,0.984312,0.918294,0.915054,0.683665,0.890207,0.984988,0.832432,0.988391,0.944953,0.980664,0.974822,0.919515,0.784009,0.952896,0.983896,0.939579,0.881566,0.978448,0.967174,0.778064,0.88075,0.816786,0.954458,0.986414,0.935793,0.978828,0.957373,0.924794,0.857295,0.942998,0.860007,0.929559,0.824441,0.959991,0.908633,0.980983,0.967409,0.863824,0.873056,0.984317,0.921369,0.959807,0.895028,0.862398,0.960442,0.91786,0.90389,0.963476,0.990889,0.90978,0.759296
Lock,0.894904,0.912813,0.751094,0.886868,0.9185,0.823009,0.888621,0.825573,0.925758,0.92677,0.904416,0.906579,0.941239,0.837111,0.926069,0.925621,0.921435,0.918129,0.896289,0.932838,0.906414,0.924959,0.904731,0.808565,0.916012,0.902143,0.919254,0.87782,0.933,0.91155,0.905421,0.933685,0.914683,0.890106,0.836689,0.919971,0.917397,0.913441,0.926344,0.903672,0.906317,0.844885,0.901121,0.904139,0.87996,0.868714,0.934234,0.713113,0.917244,0.880288,0.868991,0.878208,0.933639,0.926492,0.890164,0.914171,0.886146,0.92612,0.932645,0.876485,0.905635,0.916175,0.901448,0.894142,0.937205,0.927681,0.904163,0.897268,1.0,0.871526,0.920169,0.932477,0.89717,0.8989,0.900236,0.904346,0.921652,0.908495,0.862687,0.866352,0.919685,0.935398,0.821733,0.856397,0.873997,0.885132,0.894123,0.919538,0.893743,0.918399,0.913734,0.875544,0.92546,0.919659,0.911025,0.906602,0.898679,0.914449,0.844999,0.911601,0.846063,0.906404,0.909797,0.946465,0.863981,0.900432,0.889488,0.866316,0.939668,0.905555,0.907199,0.880927,0.924184,0.890962,0.869046,0.925052,0.876707,0.906568,0.926042,0.92257,0.883651,0.894756,0.875407,0.875853,0.88086,0.860358,0.905382,0.868753,0.916857,0.868986
Lollipop,0.790179,0.922055,0.735965,0.830614,0.928459,0.738678,0.788585,0.74147,0.907467,0.925391,0.912137,0.919347,0.90698,0.842914,0.880877,0.904798,0.919002,0.861819,0.862158,0.900295,0.926882,0.905893,0.908283,0.778291,0.918417,0.911456,0.867872,0.931093,0.917371,0.899146,0.817003,0.883418,0.895096,0.904027,0.757559,0.925064,0.894424,0.900145,0.921199,0.924717,0.89791,0.892333,0.900499,0.930892,0.882477,0.928546,0.835742,0.695146,0.920092,0.929938,0.86357,0.909292,0.904566,0.927366,0.892268,0.896426,0.878379,0.897635,0.925735,0.925993,0.932148,0.915144,0.932074,0.910225,0.911171,0.914843,0.916042,0.939319,0.871526,1.0,0.88739,0.921048,0.845839,0.906556,0.914449,0.924636,0.888816,0.833128,0.929549,0.926485,0.885179,0.890618,0.710045,0.866556,0.929023,0.816056,0.933421,0.906898,0.929618,0.927932,0.898582,0.778498,0.907393,0.931075,0.898474,0.86268,0.927413,0.917509,0.78152,0.86786,0.82145,0.919653,0.93566,0.899616,0.92175,0.917364,0.894957,0.833183,0.904532,0.840988,0.895071,0.818808,0.915063,0.884649,0.925784,0.930056,0.838672,0.845719,0.936087,0.896625,0.916416,0.870305,0.848175,0.915893,0.90163,0.874053,0.916196,0.930126,0.883923,0.75174
Mask,0.869815,0.914774,0.71773,0.869409,0.935305,0.793854,0.862669,0.805496,0.932951,0.937529,0.921495,0.925396,0.94978,0.852172,0.927528,0.929529,0.933802,0.913858,0.894882,0.930794,0.92071,0.935776,0.920221,0.79112,0.932644,0.912633,0.910253,0.907997,0.945138,0.915937,0.88908,0.934915,0.922935,0.909622,0.822238,0.933314,0.91915,0.921143,0.940443,0.926227,0.918641,0.865237,0.917031,0.92807,0.882248,0.900472,0.911284,0.709482,0.933408,0.911257,0.871171,0.897638,0.941666,0.940129,0.898674,0.913114,0.890855,0.933063,0.942475,0.904822,0.929141,0.92454,0.923552,0.906055,0.942204,0.936984,0.923042,0.919377,0.920169,0.88739,1.0,0.94682,0.892847,0.906523,0.917492,0.924358,0.918625,0.900581,0.894651,0.901008,0.91897,0.925283,0.76769,0.863154,0.907854,0.870018,0.922448,0.929578,0.917998,0.936443,0.918968,0.848361,0.930722,0.936785,0.921655,0.899841,0.925788,0.933807,0.829927,0.893542,0.839722,0.92213,0.929002,0.947645,0.895947,0.921731,0.904783,0.862513,0.946081,0.888897,0.918266,0.866133,0.938973,0.894516,0.902248,0.943125,0.874898,0.903205,0.941201,0.924793,0.903481,0.890776,0.870709,0.901119,0.895891,0.873251,0.924002,0.899131,0.909623,0.849368
Microscope,0.863024,0.946883,0.703809,0.868353,0.979197,0.781367,0.862011,0.798046,0.962284,0.976498,0.959669,0.969438,0.982373,0.877276,0.946704,0.960807,0.969752,0.930538,0.910513,0.955842,0.960887,0.965504,0.957035,0.799085,0.973968,0.944244,0.923703,0.965253,0.982958,0.942407,0.895152,0.957689,0.946349,0.945567,0.821784,0.973965,0.9461,0.956094,0.975746,0.97508,0.948575,0.902082,0.956756,0.979222,0.904218,0.958551,0.914664,0.708447,0.973027,0.967204,0.891261,0.929281,0.972183,0.978856,0.928129,0.933749,0.917974,0.960196,0.979842,0.953003,0.979647,0.948015,0.973496,0.943868,0.975668,0.969023,0.966075,0.96959,0.932477,0.921048,0.94682,1.0,0.902748,0.941502,0.957332,0.965007,0.936289,0.909171,0.953981,0.960146,0.94281,0.942931,0.738385,0.888216,0.963467,0.874906,0.973935,0.961672,0.965628,0.978197,0.940531,0.841204,0.963207,0.981702,0.955711,0.909673,0.974532,0.976071,0.823867,0.901892,0.83998,0.957527,0.973688,0.971776,0.95213,0.962993,0.935582,0.879723,0.973956,0.890947,0.945746,0.865349,0.976793,0.917573,0.957451,0.97939,0.890281,0.92057,0.983114,0.946617,0.946713,0.909032,0.88192,0.945047,0.921112,0.904003,0.9651,0.957227,0.92981,0.839933
Minerals,0.861275,0.879164,0.730433,0.860916,0.886475,0.803824,0.86031,0.810323,0.899471,0.897417,0.879173,0.878569,0.910381,0.826045,0.904967,0.894972,0.890023,0.903249,0.876099,0.9004,0.877756,0.899405,0.877062,0.791802,0.88422,0.874683,0.889523,0.847274,0.90035,0.882657,0.884126,0.904957,0.890777,0.873617,0.820867,0.88898,0.888122,0.888513,0.899542,0.873747,0.883309,0.823236,0.869431,0.872513,0.858023,0.840018,0.902891,0.721849,0.886918,0.853183,0.848013,0.860759,0.90437,0.893747,0.863138,0.884104,0.859473,0.900175,0.899184,0.855837,0.87552,0.894871,0.869283,0.866635,0.902924,0.904354,0.877405,0.863548,0.89717,0.845839,0.892847,0.902748,1.0,0.869951,0.87361,0.876846,0.894645,0.883854,0.831823,0.838929,0.890819,0.899541,0.79309,0.832805,0.85274,0.854101,0.864752,0.89291,0.863671,0.890569,0.887566,0.848708,0.892015,0.888413,0.880854,0.875119,0.873176,0.888439,0.826214,0.878351,0.829412,0.883712,0.879444,0.918803,0.838292,0.878369,0.868465,0.836293,0.909904,0.874183,0.886007,0.85766,0.894395,0.872066,0.845719,0.901473,0.850527,0.884385,0.893483,0.897242,0.85772,0.864952,0.85251,0.85301,0.868351,0.842476,0.880488,0.839145,0.898711,0.854455
Mushroom,0.818668,0.951191,0.74831,0.851164,0.945562,0.772791,0.842102,0.768278,0.930787,0.953119,0.928403,0.937454,0.931435,0.844123,0.906333,0.937342,0.936135,0.895456,0.886617,0.931484,0.946444,0.922344,0.918525,0.822696,0.935412,0.923074,0.894349,0.940208,0.937905,0.916866,0.862312,0.910649,0.903557,0.918382,0.789411,0.946693,0.920868,0.934082,0.937722,0.942675,0.912298,0.892645,0.917793,0.944468,0.890475,0.938034,0.888679,0.709788,0.93672,0.939497,0.87893,0.904532,0.926582,0.944017,0.902685,0.912203,0.900147,0.917935,0.947332,0.93219,0.947857,0.921014,0.945952,0.930333,0.937161,0.935852,0.936281,0.945745,0.8989,0.906556,0.906523,0.941502,0.869951,1.0,0.929606,0.932351,0.909486,0.861728,0.936358,0.93288,0.91622,0.925397,0.765557,0.876635,0.933532,0.847303,0.939527,0.929109,0.936942,0.94519,0.904834,0.82185,0.932422,0.951131,0.91899,0.873677,0.937307,0.934899,0.788792,0.901698,0.820287,0.932525,0.946882,0.932132,0.927379,0.929676,0.901371,0.857141,0.923838,0.859917,0.905249,0.841354,0.933892,0.907255,0.931445,0.943728,0.855729,0.874849,0.952971,0.915829,0.926057,0.89365,0.86286,0.919381,0.901346,0.88351,0.932484,0.940969,0.929599,0.7945
Necklace,0.825228,0.938439,0.706435,0.843734,0.959181,0.758686,0.831617,0.767446,0.937656,0.95602,0.93896,0.949632,0.950277,0.858109,0.91529,0.940312,0.947037,0.902125,0.886841,0.930298,0.948247,0.934895,0.933394,0.79212,0.951431,0.930379,0.896091,0.954888,0.953181,0.920615,0.86087,0.921781,0.917887,0.927066,0.793263,0.953871,0.924206,0.935814,0.950829,0.956909,0.923968,0.896614,0.934748,0.961378,0.891334,0.949744,0.881826,0.700822,0.94748,0.954524,0.877185,0.915908,0.939241,0.956963,0.910822,0.913169,0.899459,0.931413,0.957613,0.943235,0.962397,0.931611,0.959508,0.931741,0.94978,0.945048,0.948007,0.957893,0.900236,0.914449,0.917492,0.957332,0.87361,0.929606,1.0,0.948717,0.913342,0.866931,0.948892,0.948762,0.919794,0.91791,0.722338,0.875502,0.952838,0.845101,0.95832,0.936714,0.951824,0.95828,0.915535,0.812552,0.939745,0.964052,0.930061,0.882783,0.956255,0.952295,0.792702,0.884558,0.823076,0.939982,0.960914,0.942041,0.942778,0.941608,0.913362,0.858014,0.940327,0.85965,0.91959,0.839897,0.953867,0.902267,0.947845,0.957561,0.863565,0.88937,0.963227,0.920799,0.934885,0.890497,0.859361,0.933648,0.909071,0.889872,0.948362,0.951367,0.914848,0.803205
Necktie,0.824879,0.940187,0.700411,0.844677,0.967613,0.752027,0.821868,0.768298,0.942161,0.961439,0.946393,0.956537,0.953926,0.869268,0.918899,0.942986,0.953864,0.899882,0.890957,0.93385,0.953216,0.942278,0.944814,0.784978,0.96063,0.936408,0.896456,0.966233,0.962368,0.927278,0.856766,0.930778,0.928445,0.93505,0.791638,0.959318,0.928305,0.939483,0.95765,0.964738,0.932433,0.905544,0.94435,0.971692,0.896296,0.960436,0.877182,0.69824,0.957655,0.96573,0.880694,0.925556,0.946412,0.964941,0.916621,0.918109,0.905547,0.93722,0.964078,0.952979,0.971461,0.936756,0.967912,0.937088,0.954891,0.949031,0.956211,0.969327,0.904346,0.924636,0.924358,0.965007,0.876846,0.932351,0.948717,1.0,0.914951,0.870582,0.961108,0.961384,0.921019,0.914836,0.701651,0.882258,0.96483,0.847549,0.971503,0.943085,0.963663,0.966578,0.922698,0.807312,0.946561,0.971364,0.937414,0.890457,0.966169,0.960854,0.796488,0.880435,0.828959,0.947627,0.970039,0.94504,0.955366,0.950441,0.923174,0.861881,0.947082,0.868177,0.930998,0.840181,0.960171,0.905234,0.959807,0.965247,0.87136,0.89006,0.971244,0.92469,0.944069,0.893788,0.865541,0.944789,0.915428,0.89616,0.955361,0.962437,0.909348,0.797684
Orifan,0.88122,0.922855,0.757997,0.8799,0.925761,0.818539,0.885944,0.815287,0.930326,0.932559,0.915054,0.918653,0.946623,0.842482,0.926229,0.930604,0.929487,0.923772,0.894995,0.93017,0.921328,0.928613,0.908082,0.814837,0.92292,0.914284,0.919062,0.895067,0.931821,0.913589,0.898999,0.922589,0.914329,0.899959,0.831073,0.929241,0.917304,0.918513,0.933902,0.917078,0.90904,0.862214,0.906361,0.91528,0.892033,0.888653,0.92458,0.724903,0.920748,0.897748,0.875303,0.894255,0.932759,0.934283,0.899993,0.916566,0.890663,0.926863,0.936361,0.896607,0.918567,0.929243,0.915198,0.90545,0.937548,0.936512,0.912932,0.909839,0.921652,0.888816,0.918625,0.936289,0.894645,0.909486,0.913342,0.914951,1.0,0.896308,0.881597,0.88561,0.92265,0.938652,0.820062,0.864744,0.892886,0.875129,0.906992,0.923548,0.905934,0.928063,0.919173,0.867479,0.924111,0.930657,0.914536,0.901314,0.912844,0.922789,0.838272,0.913163,0.849319,0.918008,0.922164,0.94633,0.881653,0.912554,0.897045,0.865801,0.939355,0.887389,0.906911,0.87788,0.934785,0.898839,0.887901,0.936427,0.871522,0.908674,0.934056,0.927082,0.897748,0.896759,0.872583,0.889551,0.897526,0.871505,0.917037,0.886801,0.926327,0.859749
Oven,0.875137,0.868814,0.71005,0.86315,0.883163,0.803497,0.878346,0.812906,0.904821,0.896146,0.882112,0.880999,0.921664,0.820261,0.912487,0.894485,0.89701,0.902195,0.87776,0.903354,0.871388,0.913438,0.878302,0.776341,0.886418,0.868253,0.89582,0.837411,0.907102,0.884401,0.891325,0.918121,0.896706,0.87091,0.823466,0.889931,0.884957,0.88298,0.904308,0.875225,0.885367,0.810042,0.871066,0.867614,0.846483,0.832309,0.913671,0.702652,0.893954,0.846834,0.838333,0.854915,0.919292,0.894843,0.859925,0.884874,0.859419,0.902968,0.896865,0.846927,0.87089,0.888977,0.861912,0.858041,0.903122,0.904309,0.873093,0.852603,0.908495,0.833128,0.900581,0.909171,0.883854,0.861728,0.866931,0.870582,0.896308,1.0,0.816918,0.834082,0.893188,0.908717,0.794265,0.826191,0.839171,0.868431,0.859928,0.899553,0.85757,0.889403,0.894856,0.858469,0.891759,0.881801,0.889624,0.880144,0.870257,0.888799,0.834558,0.878396,0.82616,0.882184,0.867241,0.926111,0.825507,0.883764,0.871793,0.84266,0.920102,0.878914,0.887179,0.860502,0.893821,0.865688,0.833739,0.905679,0.855307,0.888904,0.892341,0.904777,0.847964,0.863347,0.857997,0.84191,0.858658,0.832301,0.871848,0.823887,0.885278,0.864558
Paintbrush,0.748737,0.946403,0.672893,0.798483,0.97118,0.687849,0.757148,0.70246,0.923911,0.961305,0.942505,0.958835,0.924947,0.853084,0.881126,0.928928,0.944439,0.853809,0.861331,0.914901,0.960675,0.919754,0.938948,0.766385,0.956266,0.929598,0.856315,0.995922,0.951279,0.911965,0.799848,0.897757,0.900712,0.933215,0.731168,0.96003,0.912522,0.932433,0.945838,0.973424,0.917503,0.919601,0.938523,0.985248,0.878927,0.993387,0.817603,0.663333,0.955772,0.991252,0.866093,0.921248,0.922942,0.959017,0.905284,0.896927,0.894579,0.912086,0.958248,0.97161,0.984702,0.91496,0.98369,0.942759,0.938061,0.932166,0.959876,0.990627,0.862687,0.929549,0.894651,0.953981,0.831823,0.936358,0.948892,0.961108,0.881597,0.816918,1.0,0.992691,0.895519,0.885597,0.628204,0.87551,0.989716,0.798198,0.988028,0.929283,0.97852,0.965927,0.894689,0.740563,0.935243,0.975388,0.924154,0.847637,0.975227,0.956549,0.733851,0.84944,0.784351,0.944042,0.979666,0.910811,0.984837,0.950257,0.910563,0.833612,0.916909,0.820249,0.910202,0.785656,0.944621,0.891952,0.986964,0.955658,0.836521,0.840678,0.973744,0.896933,0.955375,0.871571,0.836034,0.957918,0.903394,0.891433,0.954346,0.999293,0.888204,0.712733
Pen,0.752324,0.939637,0.66052,0.796638,0.969358,0.688266,0.769364,0.706994,0.929859,0.962525,0.94955,0.964492,0.935587,0.856976,0.890288,0.930119,0.951061,0.863005,0.864518,0.914923,0.960188,0.932584,0.941037,0.757985,0.960292,0.92863,0.859417,0.993032,0.95467,0.913481,0.806716,0.90359,0.907616,0.938552,0.735767,0.962041,0.90888,0.932382,0.952066,0.978517,0.92225,0.915877,0.940884,0.984626,0.878053,0.993761,0.824541,0.663208,0.962189,0.992992,0.862347,0.926006,0.933683,0.961814,0.906165,0.896958,0.896758,0.915608,0.9558,0.973953,0.985675,0.916682,0.980145,0.939583,0.935724,0.937443,0.960536,0.984312,0.866352,0.926485,0.901008,0.960146,0.838929,0.93288,0.948762,0.961384,0.88561,0.834082,0.992691,1.0,0.89745,0.890033,0.624026,0.873961,0.988599,0.804863,0.98871,0.936241,0.976896,0.969539,0.903006,0.745812,0.932997,0.973898,0.931113,0.848741,0.979308,0.961314,0.7427,0.846839,0.787224,0.949146,0.972826,0.918132,0.982463,0.960533,0.919027,0.837072,0.924857,0.816824,0.914804,0.788607,0.949948,0.892695,0.985979,0.963818,0.83999,0.850294,0.974045,0.904677,0.953836,0.870042,0.840643,0.955366,0.906569,0.891416,0.952999,0.992162,0.885044,0.723477
Pictureframe,0.871952,0.927674,0.735127,0.869791,0.935427,0.807187,0.884615,0.807259,0.934368,0.941694,0.919656,0.926815,0.949485,0.843455,0.924454,0.93915,0.933518,0.92439,0.895254,0.934163,0.925542,0.928322,0.912943,0.813688,0.931078,0.915526,0.914372,0.907502,0.93966,0.915054,0.898825,0.928806,0.911787,0.905491,0.829507,0.936165,0.923979,0.928693,0.936585,0.928144,0.911674,0.862419,0.916509,0.926555,0.886349,0.900679,0.926775,0.717055,0.925478,0.909082,0.873791,0.890245,0.936012,0.938746,0.899342,0.913485,0.892978,0.928591,0.944389,0.903425,0.92889,0.924435,0.926098,0.91247,0.946741,0.938234,0.924236,0.918294,0.919685,0.885179,0.91897,0.94281,0.890819,0.91622,0.919794,0.921019,0.92265,0.893188,0.895519,0.89745,1.0,0.933988,0.800166,0.863152,0.905015,0.873662,0.917174,0.928325,0.915067,0.935778,0.912448,0.86232,0.933104,0.940514,0.920307,0.895415,0.92107,0.930705,0.820947,0.907644,0.835979,0.920465,0.931339,0.952418,0.89355,0.917331,0.896476,0.867785,0.938932,0.882066,0.909664,0.868324,0.939333,0.899389,0.899397,0.939973,0.870928,0.909778,0.940587,0.92433,0.903945,0.895895,0.867351,0.896932,0.892611,0.872908,0.926682,0.901025,0.930294,0.857475
Pinecone,0.895236,0.945757,0.782701,0.895136,0.930952,0.833172,0.912904,0.82074,0.938835,0.944467,0.923888,0.926513,0.954382,0.831694,0.933912,0.942562,0.940339,0.928643,0.903191,0.947478,0.935095,0.938055,0.910881,0.834092,0.927443,0.920401,0.934115,0.899871,0.938137,0.922178,0.91364,0.927503,0.915059,0.902738,0.833319,0.942036,0.927056,0.927463,0.941658,0.923292,0.91248,0.867314,0.90952,0.919318,0.896102,0.895651,0.946236,0.718391,0.930113,0.901862,0.883633,0.893527,0.941633,0.943491,0.90633,0.927653,0.902606,0.932057,0.944444,0.899381,0.92481,0.931411,0.920809,0.913811,0.943748,0.943761,0.916103,0.915054,0.935398,0.890618,0.925283,0.942931,0.899541,0.925397,0.91791,0.914836,0.938652,0.908717,0.885597,0.890033,0.933988,1.0,0.863895,0.872178,0.889396,0.88743,0.908096,0.932057,0.908499,0.93254,0.925486,0.885167,0.93096,0.937941,0.92296,0.906078,0.914462,0.926017,0.844484,0.93827,0.847775,0.923969,0.924471,0.954257,0.882263,0.918091,0.898143,0.876581,0.946506,0.894265,0.903613,0.889554,0.938222,0.907749,0.887804,0.941653,0.874611,0.912331,0.94304,0.938659,0.900785,0.911199,0.882476,0.888095,0.895985,0.87234,0.917325,0.891318,0.941998,0.863922
Pizza,0.850069,0.800424,0.820787,0.831872,0.718946,0.838604,0.886381,0.78122,0.773753,0.755966,0.725343,0.716852,0.778207,0.661335,0.794405,0.785327,0.750908,0.823361,0.778403,0.801301,0.749097,0.756631,0.705894,0.80381,0.717035,0.752531,0.831468,0.646218,0.733795,0.76389,0.843087,0.763165,0.744741,0.706596,0.776341,0.747645,0.776288,0.759101,0.749982,0.698498,0.729437,0.680389,0.70382,0.681676,0.770285,0.641378,0.885071,0.682083,0.716205,0.648214,0.757618,0.708048,0.759379,0.744177,0.744854,0.792177,0.74931,0.764681,0.755813,0.672417,0.69185,0.782609,0.696064,0.736105,0.770604,0.775319,0.706728,0.683665,0.821733,0.710045,0.76769,0.738385,0.79309,0.765557,0.722338,0.701651,0.820062,0.794265,0.628204,0.624026,0.800166,0.863895,1.0,0.727404,0.633671,0.802946,0.659087,0.753444,0.675987,0.723488,0.772596,0.862638,0.756475,0.728309,0.73756,0.789379,0.677557,0.712094,0.782596,0.874165,0.767026,0.734941,0.712435,0.806371,0.628003,0.706137,0.711435,0.757971,0.773323,0.799864,0.722362,0.82822,0.743514,0.774905,0.634196,0.743462,0.743451,0.794753,0.736648,0.797042,0.694299,0.791946,0.767412,0.6672,0.739427,0.706131,0.715772,0.640744,0.854917,0.830058
Plug,0.785518,0.891959,0.726564,0.821306,0.88948,0.741647,0.78931,0.739438,0.881087,0.894281,0.876651,0.88063,0.877556,0.813505,0.862442,0.878075,0.883606,0.845261,0.845368,0.878794,0.889428,0.877187,0.872162,0.774747,0.880301,0.874639,0.850246,0.879694,0.885845,0.871219,0.815295,0.864901,0.867285,0.872115,0.75348,0.88957,0.869989,0.874977,0.888137,0.882335,0.868452,0.851179,0.863278,0.885981,0.850592,0.876999,0.833755,0.690061,0.885014,0.88049,0.838634,0.869336,0.877843,0.889425,0.857478,0.869549,0.850944,0.872137,0.892046,0.88023,0.888168,0.881605,0.886665,0.875244,0.881722,0.885444,0.879877,0.890207,0.856397,0.866556,0.863154,0.888216,0.832805,0.876635,0.875502,0.882258,0.864744,0.826191,0.87551,0.873961,0.863152,0.872178,0.727404,1.0,0.878287,0.807281,0.88529,0.878778,0.883562,0.889632,0.867722,0.779669,0.879072,0.890864,0.867392,0.839681,0.883578,0.880749,0.769338,0.85312,0.800538,0.884169,0.891665,0.878434,0.87051,0.880046,0.861822,0.812776,0.87762,0.829856,0.866115,0.809494,0.877676,0.862163,0.875589,0.894878,0.81874,0.825737,0.897416,0.87225,0.873848,0.848682,0.828672,0.872274,0.867627,0.841006,0.87784,0.878785,0.87063,0.757702
Pogostick,0.770138,0.938434,0.668333,0.810633,0.973688,0.705827,0.774888,0.726574,0.934149,0.964041,0.949209,0.963553,0.939698,0.870323,0.899436,0.934005,0.949602,0.877977,0.875139,0.920494,0.958972,0.932775,0.945696,0.767579,0.96116,0.932893,0.868232,0.990263,0.958987,0.917849,0.82222,0.913316,0.915193,0.943401,0.756017,0.962479,0.919577,0.938758,0.955059,0.97494,0.929289,0.917953,0.943808,0.985398,0.885481,0.986897,0.833728,0.686832,0.960065,0.98905,0.873437,0.930412,0.935799,0.962949,0.910729,0.9027,0.898535,0.926047,0.961889,0.97283,0.985257,0.926674,0.981298,0.942329,0.945922,0.944117,0.963631,0.984988,0.873997,0.929023,0.907854,0.963467,0.85274,0.933532,0.952838,0.96483,0.892886,0.839171,0.989716,0.988599,0.905015,0.889396,0.633671,0.878287,1.0,0.810748,0.988006,0.938095,0.977352,0.970849,0.906728,0.757833,0.939554,0.977418,0.931394,0.859448,0.98032,0.96533,0.755821,0.850402,0.800804,0.950621,0.979433,0.925329,0.981598,0.958351,0.921825,0.841186,0.931592,0.832971,0.924984,0.80166,0.953856,0.899663,0.985911,0.965206,0.849775,0.863162,0.975001,0.908857,0.955552,0.875655,0.846957,0.960263,0.915979,0.89996,0.961115,0.989751,0.895963,0.745849
Pot,0.852603,0.860336,0.720132,0.841946,0.857879,0.794938,0.863593,0.790186,0.876156,0.871898,0.850257,0.851707,0.889668,0.789463,0.878372,0.87785,0.868292,0.877093,0.850893,0.87891,0.850354,0.872827,0.845987,0.775175,0.861156,0.850083,0.871648,0.813867,0.874366,0.860543,0.866097,0.882015,0.862551,0.836695,0.80438,0.862203,0.863317,0.861857,0.870271,0.849099,0.852452,0.789152,0.846964,0.842103,0.832058,0.807713,0.901325,0.685906,0.859758,0.819096,0.818796,0.825205,0.881337,0.868793,0.838211,0.863677,0.836588,0.871223,0.874116,0.819168,0.844682,0.865246,0.8399,0.84121,0.880978,0.873874,0.850186,0.832432,0.885132,0.816056,0.870018,0.874906,0.854101,0.847303,0.845101,0.847549,0.875129,0.868431,0.798198,0.804863,0.873662,0.88743,0.802946,0.807281,0.810748,1.0,0.832467,0.86937,0.833489,0.863655,0.86411,0.848079,0.873039,0.859869,0.860205,0.859552,0.839462,0.856686,0.806033,0.870987,0.809378,0.853592,0.847923,0.901797,0.801286,0.846824,0.83873,0.826322,0.883859,0.856805,0.854733,0.842441,0.871816,0.84522,0.807184,0.872153,0.832673,0.865188,0.866937,0.873734,0.826883,0.848274,0.831194,0.817464,0.831301,0.809424,0.849227,0.805533,0.874201,0.845571
Razor,0.797377,0.945946,0.67702,0.827559,0.98021,0.722319,0.797223,0.74255,0.944528,0.970861,0.95658,0.969721,0.954989,0.871979,0.912897,0.944463,0.961474,0.886708,0.884753,0.933208,0.964216,0.946394,0.954164,0.771579,0.971085,0.940724,0.885379,0.990759,0.971006,0.929054,0.837694,0.928085,0.928278,0.945482,0.769508,0.970071,0.92853,0.943909,0.964903,0.981297,0.937454,0.919072,0.95371,0.990158,0.892918,0.986661,0.85569,0.681766,0.970104,0.989594,0.878828,0.934031,0.949951,0.973588,0.919752,0.915437,0.907698,0.93743,0.97142,0.972037,0.989365,0.934784,0.98529,0.946157,0.957161,0.951686,0.968728,0.988391,0.894123,0.933421,0.922448,0.973935,0.864752,0.939527,0.95832,0.971503,0.906992,0.859928,0.988028,0.98871,0.917174,0.908096,0.659087,0.88529,0.988006,0.832467,1.0,0.948346,0.981409,0.977862,0.921052,0.779667,0.950734,0.983241,0.943592,0.878947,0.983981,0.971981,0.775669,0.867456,0.813658,0.956196,0.982913,0.940251,0.97971,0.963839,0.929741,0.856245,0.947106,0.852399,0.933475,0.820852,0.965135,0.904584,0.983638,0.973711,0.864601,0.877471,0.983211,0.921987,0.957878,0.88895,0.858802,0.961189,0.918278,0.901722,0.964986,0.988075,0.900506,0.767106
Recordplayer,0.846886,0.937595,0.721889,0.863036,0.954557,0.783276,0.85956,0.791922,0.947013,0.959278,0.94143,0.948777,0.95777,0.864601,0.931532,0.945119,0.950729,0.91741,0.901832,0.940491,0.94471,0.947707,0.934895,0.80522,0.950806,0.928591,0.910055,0.939477,0.95813,0.928525,0.884488,0.938792,0.928962,0.930815,0.813619,0.953769,0.92899,0.939972,0.955141,0.953001,0.930881,0.888878,0.933018,0.952316,0.894186,0.93614,0.907357,0.715129,0.95279,0.9434,0.881475,0.916022,0.952612,0.955979,0.912068,0.921627,0.906389,0.939047,0.956967,0.935077,0.954587,0.93367,0.948434,0.929253,0.951419,0.950721,0.945602,0.944953,0.919538,0.906898,0.929578,0.961672,0.89291,0.929109,0.936714,0.943085,0.923548,0.899553,0.929283,0.936241,0.928325,0.932057,0.753444,0.878778,0.938095,0.86937,0.948346,1.0,0.942748,0.957503,0.926199,0.839287,0.944182,0.95692,0.937117,0.895234,0.949808,0.951728,0.817317,0.899513,0.837755,0.942862,0.949339,0.954892,0.927878,0.945876,0.920883,0.869947,0.950359,0.879737,0.928096,0.858448,0.951893,0.911049,0.933786,0.961204,0.876992,0.902241,0.961241,0.933654,0.928312,0.899076,0.877267,0.924848,0.911287,0.890641,0.942158,0.933662,0.924539,0.831339
Remotecontrol,0.800049,0.945656,0.692354,0.832208,0.972831,0.730525,0.800473,0.746221,0.940084,0.965412,0.949199,0.961456,0.947186,0.867434,0.909022,0.94092,0.954858,0.884912,0.884161,0.931223,0.959291,0.939325,0.947059,0.779179,0.962986,0.93707,0.8853,0.980576,0.963259,0.926084,0.838819,0.923577,0.922789,0.939081,0.771938,0.963806,0.926437,0.939884,0.957903,0.971856,0.931763,0.914637,0.945738,0.980429,0.891972,0.976355,0.857993,0.687195,0.962147,0.978938,0.878932,0.928421,0.943113,0.966501,0.916041,0.91458,0.904914,0.932332,0.965936,0.963575,0.980024,0.932092,0.977129,0.942593,0.952332,0.946576,0.961267,0.980664,0.893743,0.929618,0.917998,0.965628,0.863671,0.936942,0.951824,0.963663,0.905934,0.85757,0.97852,0.976896,0.915067,0.908499,0.675987,0.883562,0.977352,0.833489,0.981409,0.942748,1.0,0.970155,0.917042,0.785041,0.946546,0.975749,0.936982,0.878376,0.973694,0.963142,0.7775,0.87256,0.815963,0.950364,0.976426,0.936083,0.969444,0.955235,0.923433,0.855179,0.940472,0.854534,0.92752,0.823228,0.957052,0.904072,0.973285,0.966183,0.862348,0.873852,0.976295,0.91905,0.951533,0.889079,0.859493,0.953633,0.915009,0.898059,0.958028,0.978974,0.902851,0.768825
Ring,0.834927,0.952214,0.708815,0.854517,0.977476,0.766759,0.845628,0.779695,0.956975,0.975973,0.958001,0.969415,0.970206,0.876008,0.934118,0.95814,0.966262,0.918707,0.903311,0.947351,0.964212,0.956295,0.952503,0.80177,0.972163,0.945329,0.910072,0.973138,0.974575,0.938695,0.876137,0.94335,0.937094,0.94623,0.806299,0.971839,0.939538,0.954512,0.969738,0.97831,0.943044,0.909702,0.953974,0.980799,0.904534,0.968977,0.89906,0.708155,0.969784,0.974555,0.889091,0.931758,0.961412,0.975164,0.926352,0.928676,0.916574,0.949122,0.975326,0.961095,0.981712,0.944485,0.97668,0.948368,0.966861,0.962614,0.967951,0.974822,0.918399,0.927932,0.936443,0.978197,0.890569,0.94519,0.95828,0.966578,0.928063,0.889403,0.965927,0.969539,0.935778,0.93254,0.723488,0.889632,0.970849,0.863655,0.977862,0.957503,0.970155,1.0,0.933009,0.82537,0.959196,0.981033,0.950649,0.897645,0.975717,0.97241,0.806459,0.897302,0.83494,0.958642,0.975817,0.962012,0.961292,0.963289,0.933842,0.874255,0.959724,0.874755,0.939315,0.851357,0.972533,0.918036,0.966241,0.976663,0.880899,0.90616,0.982142,0.938124,0.952363,0.904478,0.876084,0.950456,0.922778,0.905626,0.965008,0.969009,0.928442,0.816725
Rollerskates,0.859991,0.916007,0.738104,0.8691,0.929737,0.791611,0.856054,0.797215,0.929747,0.932325,0.921187,0.924086,0.943626,0.852043,0.921902,0.922461,0.93343,0.906865,0.890211,0.923709,0.922442,0.935149,0.91656,0.790007,0.927648,0.914878,0.907413,0.907216,0.93644,0.914481,0.876593,0.921471,0.921379,0.908547,0.811496,0.931114,0.911111,0.911842,0.938469,0.924165,0.914824,0.873224,0.909974,0.923718,0.889136,0.902722,0.897682,0.713265,0.930502,0.911468,0.871884,0.907519,0.936413,0.937298,0.901286,0.914447,0.889414,0.925879,0.935642,0.909239,0.925903,0.929443,0.921086,0.905081,0.931592,0.934708,0.917077,0.919515,0.913734,0.898582,0.918968,0.940531,0.887566,0.904834,0.915535,0.922698,0.919173,0.894856,0.894689,0.903006,0.912448,0.925486,0.772596,0.867722,0.906728,0.86411,0.921052,0.926199,0.917042,0.933009,1.0,0.840421,0.92187,0.931232,0.91788,0.897462,0.924352,0.927951,0.83358,0.895408,0.848313,0.92437,0.925623,0.937874,0.895756,0.923826,0.907521,0.859489,0.939971,0.880777,0.913984,0.864852,0.933612,0.895189,0.902295,0.943593,0.869601,0.894343,0.938739,0.925558,0.904765,0.889513,0.872685,0.901747,0.904837,0.874989,0.918454,0.897946,0.903815,0.833781
Rug,0.876028,0.837841,0.738952,0.844295,0.819837,0.823029,0.89284,0.809087,0.851404,0.839842,0.816527,0.81489,0.870518,0.756114,0.865165,0.859002,0.837265,0.882588,0.837839,0.862114,0.818749,0.843915,0.807978,0.785746,0.82393,0.822921,0.870709,0.760335,0.838516,0.83414,0.88097,0.860566,0.833067,0.799345,0.818778,0.830598,0.844954,0.839304,0.839031,0.806035,0.820769,0.747583,0.812232,0.795449,0.81482,0.752165,0.917914,0.691721,0.817726,0.765262,0.802469,0.786327,0.853317,0.836849,0.812262,0.844583,0.814667,0.848937,0.843574,0.771258,0.80061,0.845372,0.796692,0.809793,0.859011,0.852176,0.810608,0.784009,0.875544,0.778498,0.848361,0.841204,0.848708,0.82185,0.812552,0.807312,0.867479,0.858469,0.740563,0.745812,0.86232,0.885167,0.862638,0.779669,0.757833,0.848079,0.779667,0.839287,0.785041,0.82537,0.840421,1.0,0.843226,0.82661,0.829362,0.847858,0.792604,0.820613,0.809557,0.873659,0.800445,0.819158,0.809739,0.888217,0.746021,0.805502,0.801759,0.813579,0.861965,0.849105,0.821752,0.848708,0.845285,0.825185,0.752511,0.837302,0.815111,0.867901,0.829,0.857091,0.785963,0.834656,0.815562,0.769545,0.802172,0.779596,0.816153,0.750004,0.877262,0.870434
Saltpeppershaker,0.855701,0.942383,0.723876,0.867313,0.961665,0.787178,0.856952,0.795637,0.946341,0.962169,0.936806,0.946911,0.957869,0.863581,0.929186,0.950394,0.948931,0.917018,0.901952,0.945586,0.944064,0.940381,0.937719,0.809442,0.954372,0.931207,0.91279,0.943002,0.96389,0.931247,0.887459,0.943292,0.927949,0.925891,0.81891,0.954726,0.937962,0.94487,0.953159,0.952992,0.930551,0.887291,0.938525,0.95788,0.895532,0.934728,0.913259,0.709935,0.950843,0.942426,0.884377,0.909161,0.949983,0.958342,0.913869,0.924539,0.905879,0.942698,0.966073,0.930393,0.957247,0.932781,0.954729,0.933389,0.96333,0.949539,0.950194,0.952896,0.92546,0.907393,0.930722,0.963207,0.892015,0.932422,0.939745,0.946561,0.924111,0.891759,0.935243,0.932997,0.933104,0.93096,0.756475,0.879072,0.939554,0.873039,0.950734,0.944182,0.946546,0.959196,0.92187,0.843226,1.0,0.963023,0.936761,0.902066,0.949013,0.953041,0.814947,0.904025,0.836556,0.938591,0.958579,0.958457,0.930358,0.937601,0.915567,0.872814,0.951309,0.891219,0.929602,0.861055,0.955429,0.909633,0.934362,0.955809,0.881514,0.905032,0.965072,0.92969,0.930545,0.903513,0.874214,0.927946,0.905129,0.89141,0.948323,0.939811,0.928545,0.835687
Saxophone,0.844159,0.960264,0.709672,0.856432,0.984727,0.768282,0.848389,0.781057,0.957141,0.979909,0.960395,0.973039,0.973333,0.871912,0.933038,0.963307,0.969025,0.921135,0.903099,0.953512,0.970473,0.954259,0.956289,0.804251,0.975744,0.949344,0.914549,0.981629,0.97814,0.939656,0.879778,0.944942,0.935348,0.944993,0.807077,0.978105,0.94685,0.959476,0.97204,0.980724,0.943269,0.912742,0.959646,0.988074,0.906954,0.974853,0.902042,0.702436,0.970502,0.979633,0.893201,0.929608,0.961097,0.981611,0.92928,0.930916,0.919612,0.952287,0.982539,0.963539,0.988643,0.946838,0.985235,0.953039,0.975694,0.966087,0.971024,0.983896,0.919659,0.931075,0.936785,0.981702,0.888413,0.951131,0.964052,0.971364,0.930657,0.881801,0.975388,0.973898,0.940514,0.937941,0.728309,0.890864,0.977418,0.859869,0.983241,0.95692,0.975749,0.981033,0.931232,0.82661,0.963023,1.0,0.951935,0.899624,0.979344,0.976494,0.801888,0.899671,0.829365,0.958863,0.985987,0.963256,0.967979,0.961474,0.929638,0.875563,0.962637,0.877413,0.938662,0.851816,0.977365,0.917863,0.971679,0.976869,0.880817,0.910213,0.987456,0.938379,0.956635,0.908408,0.873436,0.953662,0.920225,0.906562,0.97136,0.977326,0.933449,0.814538
Scale,0.842312,0.926907,0.702123,0.849871,0.948748,0.769768,0.852166,0.781514,0.937776,0.950233,0.933923,0.942659,0.95374,0.852729,0.921581,0.93775,0.945075,0.907601,0.889354,0.93128,0.936112,0.940208,0.928381,0.787277,0.946245,0.920519,0.901654,0.934699,0.952406,0.919196,0.873755,0.931257,0.920384,0.919463,0.803616,0.946754,0.919955,0.930015,0.947606,0.948161,0.921541,0.878104,0.929464,0.947727,0.883643,0.930514,0.898732,0.694532,0.945388,0.937589,0.869227,0.904906,0.945787,0.950988,0.904051,0.911782,0.897302,0.930677,0.950455,0.926225,0.949221,0.923741,0.94341,0.919795,0.946098,0.941547,0.938279,0.939579,0.911025,0.898474,0.921655,0.955711,0.880854,0.91899,0.930061,0.937414,0.914536,0.889624,0.924154,0.931113,0.920307,0.92296,0.73756,0.867392,0.931394,0.860205,0.943592,0.937117,0.936982,0.950649,0.91788,0.829362,0.936761,0.951935,1.0,0.888248,0.943699,0.945642,0.806855,0.88746,0.824935,0.933123,0.943441,0.948038,0.921861,0.937371,0.910982,0.862392,0.944353,0.869478,0.918905,0.847869,0.948396,0.896856,0.92703,0.953176,0.868848,0.897297,0.954575,0.924167,0.920269,0.889066,0.865055,0.916438,0.897887,0.87919,0.935542,0.927594,0.909791,0.822277
Scarf,0.878124,0.886245,0.73181,0.867555,0.898704,0.799456,0.853604,0.806667,0.901937,0.899465,0.883376,0.884173,0.918433,0.824237,0.902451,0.899256,0.90043,0.891696,0.873316,0.905674,0.88429,0.902926,0.887812,0.777681,0.89605,0.88607,0.896644,0.860996,0.91066,0.890278,0.874367,0.909605,0.898725,0.869769,0.816271,0.896345,0.894708,0.885527,0.906101,0.881683,0.887067,0.832723,0.883102,0.885534,0.864559,0.849961,0.900201,0.6978,0.894158,0.861726,0.850973,0.866682,0.908992,0.906949,0.873776,0.894745,0.863452,0.906037,0.911442,0.859991,0.885296,0.903517,0.883624,0.872187,0.915606,0.905164,0.882706,0.881566,0.906602,0.86268,0.899841,0.909673,0.875119,0.873677,0.882783,0.890457,0.901314,0.880144,0.847637,0.848741,0.895415,0.906078,0.789379,0.839681,0.859448,0.859552,0.878947,0.895234,0.878376,0.897645,0.897462,0.847858,0.902066,0.899624,0.888248,1.0,0.881128,0.894426,0.830731,0.884322,0.836801,0.886337,0.895166,0.920797,0.848366,0.878885,0.871848,0.844858,0.919092,0.887313,0.890465,0.86286,0.90554,0.867515,0.853897,0.906408,0.858529,0.884428,0.90502,0.900732,0.866299,0.873421,0.854518,0.862498,0.868916,0.84317,0.888445,0.851659,0.885208,0.846164
Scissors,0.808313,0.942024,0.680235,0.834031,0.976065,0.736139,0.812467,0.752846,0.947762,0.969277,0.955908,0.967947,0.961174,0.872721,0.920632,0.945763,0.960934,0.898844,0.888994,0.934311,0.961346,0.949748,0.950536,0.777187,0.968641,0.939338,0.892166,0.980884,0.969622,0.928921,0.851064,0.929819,0.930197,0.945664,0.781847,0.968223,0.928572,0.944641,0.966057,0.97788,0.938389,0.913256,0.950254,0.983898,0.893731,0.977389,0.86734,0.693278,0.967692,0.981929,0.879873,0.933389,0.95298,0.971457,0.919648,0.916486,0.906484,0.941205,0.969309,0.966764,0.984355,0.937816,0.978863,0.942962,0.95716,0.95536,0.965738,0.978448,0.898679,0.927413,0.925788,0.974532,0.873176,0.937307,0.956255,0.966169,0.912844,0.870257,0.975227,0.979308,0.92107,0.914462,0.677557,0.883578,0.98032,0.839462,0.983981,0.949808,0.973694,0.975717,0.924352,0.792604,0.949013,0.979344,0.943699,0.881128,1.0,0.970934,0.785687,0.872959,0.819156,0.955556,0.976359,0.946138,0.96987,0.963073,0.93055,0.858411,0.951248,0.854013,0.933395,0.830121,0.967075,0.907163,0.975301,0.974677,0.867065,0.887412,0.979633,0.926573,0.952547,0.890194,0.861063,0.955134,0.920756,0.901764,0.963204,0.976505,0.907517,0.787261
Scooter,0.839633,0.939523,0.690346,0.850422,0.972935,0.761883,0.840992,0.780588,0.951529,0.968568,0.952789,0.963567,0.969493,0.871796,0.932589,0.950998,0.960569,0.917324,0.898716,0.942765,0.95553,0.953542,0.949496,0.788648,0.966983,0.937285,0.907133,0.965633,0.972413,0.931734,0.876473,0.943545,0.934642,0.940641,0.806148,0.966203,0.935548,0.948431,0.966413,0.97064,0.939666,0.900143,0.950053,0.975618,0.895716,0.959444,0.894547,0.70194,0.964426,0.966934,0.88272,0.924258,0.959183,0.970663,0.919656,0.921694,0.909343,0.94834,0.970825,0.95258,0.976033,0.939033,0.970173,0.93878,0.964734,0.95927,0.961176,0.967174,0.914449,0.917509,0.933807,0.976071,0.888439,0.934899,0.952295,0.960854,0.922789,0.888799,0.956549,0.961314,0.930705,0.926017,0.712094,0.880749,0.96533,0.856686,0.971981,0.951728,0.963142,0.97241,0.927951,0.820613,0.953041,0.976494,0.945642,0.894426,0.970934,1.0,0.804759,0.885512,0.827295,0.951243,0.970335,0.958414,0.953695,0.95715,0.927737,0.867332,0.96017,0.872879,0.93664,0.847794,0.968924,0.909197,0.959054,0.971729,0.877275,0.906539,0.975885,0.933711,0.943809,0.897039,0.869229,0.943364,0.91534,0.898598,0.960575,0.959108,0.919402,0.818842
Scrunchie,0.835954,0.802355,0.714858,0.82354,0.80228,0.773392,0.814696,0.775819,0.826301,0.811812,0.800822,0.794551,0.840786,0.75847,0.84114,0.816264,0.817051,0.837578,0.812515,0.830821,0.796341,0.832542,0.802398,0.730146,0.803572,0.804352,0.837863,0.752152,0.822656,0.81557,0.82774,0.835718,0.829539,0.791645,0.774681,0.808161,0.8158,0.801673,0.825066,0.784638,0.811506,0.750589,0.789793,0.782779,0.799337,0.743812,0.84731,0.671948,0.808108,0.758113,0.78593,0.794268,0.834306,0.817841,0.798011,0.826266,0.789844,0.831512,0.820518,0.766851,0.785239,0.833305,0.780582,0.784774,0.826949,0.830144,0.788715,0.778064,0.844999,0.78152,0.829927,0.823867,0.826214,0.788792,0.792702,0.796488,0.838272,0.834558,0.733851,0.7427,0.820947,0.844484,0.782596,0.769338,0.755821,0.806033,0.775669,0.817317,0.7775,0.806459,0.83358,0.809557,0.814947,0.801888,0.806855,0.830731,0.785687,0.804759,1.0,0.828615,0.79431,0.806525,0.794098,0.84709,0.742792,0.796999,0.799465,0.778994,0.84555,0.831799,0.815916,0.819826,0.817752,0.800924,0.749769,0.823893,0.79498,0.824934,0.812451,0.836447,0.774632,0.805096,0.801229,0.768995,0.803378,0.770614,0.795489,0.739837,0.820467,0.812531
Seashell,0.869614,0.925393,0.805649,0.882849,0.89512,0.830794,0.891274,0.808596,0.908762,0.913497,0.885711,0.887721,0.911152,0.810702,0.902364,0.914534,0.90277,0.903052,0.882129,0.919128,0.903249,0.898623,0.875471,0.840287,0.889324,0.894097,0.908219,0.859943,0.899481,0.897203,0.889628,0.895319,0.88409,0.87221,0.819237,0.905407,0.901529,0.900418,0.903196,0.884486,0.880544,0.842342,0.87228,0.878929,0.879548,0.856122,0.925457,0.722696,0.891502,0.860984,0.865594,0.86565,0.902997,0.90462,0.87932,0.905762,0.877239,0.897884,0.911701,0.864787,0.884218,0.905325,0.884395,0.889584,0.911323,0.910023,0.883316,0.88075,0.911601,0.86786,0.893542,0.901892,0.878351,0.901698,0.884558,0.880435,0.913163,0.878396,0.84944,0.846839,0.907644,0.93827,0.874165,0.85312,0.850402,0.870987,0.867456,0.899513,0.87256,0.897302,0.895408,0.873659,0.904025,0.899671,0.88746,0.884322,0.872959,0.885512,0.828615,1.0,0.839966,0.893057,0.891633,0.922961,0.844642,0.880004,0.867483,0.855409,0.90627,0.880656,0.875053,0.873538,0.89778,0.890211,0.849554,0.904021,0.851946,0.880991,0.907487,0.908447,0.871536,0.890445,0.8657,0.85709,0.874256,0.849851,0.884031,0.857398,0.930164,0.845105
Shirt,0.811107,0.835203,0.735712,0.826554,0.830002,0.768664,0.802046,0.762531,0.84577,0.838126,0.825684,0.822369,0.846579,0.788076,0.846452,0.83679,0.837692,0.839462,0.827125,0.842408,0.828661,0.843545,0.82405,0.753232,0.827537,0.834084,0.839684,0.795075,0.837894,0.836608,0.818393,0.839519,0.843912,0.82292,0.770149,0.832607,0.833615,0.825238,0.844395,0.816905,0.831379,0.794179,0.81272,0.815336,0.825531,0.789688,0.838401,0.699015,0.829766,0.799617,0.810134,0.830962,0.843228,0.838502,0.821993,0.843733,0.810761,0.842647,0.842486,0.811128,0.817614,0.858899,0.816347,0.819426,0.842092,0.847673,0.821119,0.816786,0.846063,0.82145,0.839722,0.83998,0.829412,0.820287,0.823076,0.828959,0.849319,0.82616,0.784351,0.787224,0.835979,0.847775,0.767026,0.800538,0.800804,0.809378,0.813658,0.837755,0.815963,0.83494,0.848313,0.800445,0.836556,0.829365,0.824935,0.836801,0.819156,0.827295,0.79431,0.839966,1.0,0.836894,0.829922,0.855677,0.788286,0.826038,0.825663,0.793351,0.849515,0.831587,0.836099,0.820475,0.835824,0.828828,0.795857,0.850221,0.805502,0.821443,0.839568,0.848667,0.812507,0.823208,0.815202,0.81112,0.839398,0.801898,0.825938,0.789157,0.840707,0.795903
Shoe,0.82341,0.942731,0.729488,0.854887,0.955693,0.768855,0.837629,0.775864,0.943232,0.95942,0.943757,0.950994,0.947488,0.867957,0.922533,0.939973,0.949519,0.906159,0.896889,0.934614,0.951217,0.943488,0.935531,0.804415,0.949152,0.932093,0.900037,0.950869,0.952429,0.926766,0.865941,0.926322,0.92553,0.935962,0.796652,0.955033,0.924383,0.937531,0.953993,0.95563,0.929732,0.902539,0.930475,0.956675,0.898369,0.949537,0.885566,0.718268,0.953295,0.954122,0.883889,0.926312,0.944998,0.955646,0.913775,0.919765,0.906871,0.932608,0.954446,0.947855,0.959754,0.936225,0.954306,0.933974,0.943692,0.948847,0.94689,0.954458,0.906404,0.919653,0.92213,0.957527,0.883712,0.932525,0.939982,0.947627,0.918008,0.882184,0.944042,0.949146,0.920465,0.923969,0.734941,0.884169,0.950621,0.853592,0.956196,0.942862,0.950364,0.958642,0.92437,0.819158,0.938591,0.958863,0.933123,0.886337,0.955556,0.951243,0.806525,0.893057,0.836894,1.0,0.955116,0.942603,0.940891,0.950207,0.923396,0.862623,0.941497,0.868171,0.926174,0.847243,0.947711,0.913024,0.946789,0.962671,0.868889,0.887506,0.963208,0.929371,0.936652,0.895706,0.87512,0.934376,0.92011,0.896104,0.943783,0.947251,0.920762,0.80403
Skiis,0.82903,0.956712,0.712998,0.852984,0.982209,0.75779,0.823176,0.769737,0.949638,0.973688,0.953609,0.966172,0.95936,0.873617,0.922609,0.953753,0.961054,0.905582,0.897351,0.945464,0.966621,0.944339,0.953821,0.799923,0.968969,0.947504,0.904565,0.982209,0.971898,0.935663,0.862847,0.935952,0.931208,0.942657,0.795181,0.972045,0.942588,0.952163,0.965768,0.974448,0.939246,0.918261,0.953479,0.985581,0.905539,0.974256,0.880879,0.704893,0.964507,0.978271,0.893066,0.93166,0.950379,0.974827,0.926632,0.927313,0.913442,0.946032,0.978555,0.96403,0.98471,0.945636,0.984566,0.951275,0.969439,0.958586,0.967391,0.986414,0.909797,0.93566,0.929002,0.973688,0.879444,0.946882,0.960914,0.970039,0.922164,0.867241,0.979666,0.972826,0.931339,0.924471,0.712435,0.891665,0.979433,0.847923,0.982913,0.949339,0.976426,0.975817,0.925623,0.809739,0.958579,0.985987,0.943441,0.895166,0.976359,0.970335,0.794098,0.891633,0.829922,0.955116,1.0,0.950338,0.969991,0.955608,0.926265,0.867025,0.952711,0.874385,0.93598,0.843522,0.967369,0.914846,0.973621,0.971313,0.874778,0.89353,0.983771,0.93004,0.956675,0.903535,0.868991,0.957479,0.922775,0.906718,0.968942,0.980894,0.924483,0.795891
Snowglobe,0.899831,0.939133,0.729726,0.886739,0.958359,0.825481,0.91201,0.833363,0.959906,0.963936,0.943826,0.951132,0.982821,0.867247,0.954133,0.963719,0.959089,0.954442,0.917956,0.955723,0.942931,0.957873,0.93799,0.820745,0.959424,0.93532,0.937896,0.926164,0.968598,0.937591,0.927318,0.96012,0.940003,0.928181,0.857586,0.957496,0.944642,0.951848,0.962505,0.954116,0.937496,0.874756,0.943955,0.950141,0.903523,0.9189,0.956937,0.729,0.951711,0.930236,0.888957,0.909244,0.966641,0.963858,0.920001,0.93332,0.913337,0.95616,0.96771,0.921977,0.951957,0.945292,0.945906,0.930325,0.972341,0.963103,0.949371,0.935793,0.946465,0.899616,0.947645,0.971776,0.918803,0.932132,0.942041,0.94504,0.94633,0.926111,0.910811,0.918132,0.952418,0.954257,0.806371,0.878434,0.925329,0.901797,0.940251,0.954892,0.936083,0.962012,0.937874,0.888217,0.958457,0.963256,0.948038,0.920797,0.946138,0.958414,0.84709,0.922961,0.855677,0.942603,0.950338,1.0,0.91252,0.942548,0.922006,0.890875,0.969751,0.904646,0.936752,0.891656,0.970878,0.917158,0.918984,0.965989,0.897702,0.94371,0.963136,0.949023,0.922994,0.914744,0.887445,0.916454,0.910473,0.89188,0.950557,0.916933,0.947266,0.8946
Spoon,0.755034,0.934706,0.667181,0.799562,0.964135,0.693439,0.762736,0.711641,0.922842,0.955797,0.939306,0.953916,0.926343,0.855967,0.885513,0.924674,0.940544,0.861096,0.862796,0.911508,0.952149,0.921334,0.935467,0.761421,0.9518,0.923784,0.856855,0.983888,0.948456,0.908898,0.806958,0.900348,0.90286,0.931454,0.739073,0.953751,0.90845,0.928796,0.943706,0.966724,0.91712,0.910589,0.933811,0.976902,0.876444,0.981569,0.822103,0.670263,0.952139,0.981936,0.862711,0.919157,0.924261,0.953889,0.901247,0.893699,0.890826,0.91256,0.952143,0.964157,0.97688,0.91363,0.973329,0.934766,0.934005,0.93168,0.954098,0.978828,0.863981,0.92175,0.895947,0.95213,0.838292,0.927379,0.942778,0.955366,0.881653,0.825507,0.984837,0.982463,0.89355,0.882263,0.628003,0.87051,0.981598,0.801286,0.97971,0.927878,0.969444,0.961292,0.895756,0.746021,0.930358,0.967979,0.921861,0.848366,0.96987,0.953695,0.742792,0.844642,0.788286,0.940891,0.969991,0.91252,1.0,0.948232,0.910894,0.832184,0.918614,0.822226,0.911798,0.789239,0.942345,0.889691,0.977429,0.953658,0.838423,0.847124,0.966829,0.897571,0.947714,0.867594,0.837312,0.950409,0.902712,0.888864,0.949052,0.984779,0.885523,0.725742
Stapler,0.811012,0.936344,0.702571,0.840974,0.958768,0.750675,0.82952,0.763909,0.944315,0.961075,0.94872,0.957489,0.952051,0.868343,0.921459,0.938534,0.95368,0.902442,0.891643,0.930625,0.951699,0.949105,0.938932,0.788206,0.954365,0.929936,0.893364,0.958231,0.95692,0.924804,0.858176,0.927041,0.925925,0.939597,0.787063,0.958069,0.92007,0.936734,0.957758,0.964017,0.931162,0.901808,0.934939,0.963127,0.891913,0.958465,0.876033,0.705464,0.958886,0.963133,0.876382,0.927605,0.949869,0.958238,0.912282,0.914233,0.905004,0.932081,0.954583,0.953987,0.966041,0.932075,0.958592,0.932932,0.942731,0.949707,0.950947,0.957373,0.900432,0.917364,0.921731,0.962993,0.878369,0.929676,0.941608,0.950441,0.912554,0.883764,0.950257,0.960533,0.917331,0.918091,0.706137,0.880046,0.958351,0.846824,0.963839,0.945876,0.955235,0.963289,0.923826,0.805502,0.937601,0.961474,0.937371,0.878885,0.963073,0.95715,0.796999,0.880004,0.826038,0.950207,0.955608,0.942548,0.948232,1.0,0.92702,0.85881,0.943568,0.855776,0.927136,0.835737,0.950836,0.908109,0.954461,0.967656,0.864842,0.885583,0.965977,0.928481,0.938848,0.888526,0.869219,0.937604,0.917878,0.894595,0.945839,0.95277,0.911026,0.793928
Stapleremover,0.812076,0.908637,0.705379,0.838759,0.929494,0.753078,0.815587,0.764158,0.92147,0.931424,0.918919,0.924195,0.927855,0.854092,0.905262,0.912774,0.925496,0.885605,0.876939,0.909547,0.920229,0.92498,0.914067,0.774901,0.925877,0.906977,0.880418,0.919418,0.931614,0.905238,0.847951,0.909134,0.910482,0.913145,0.783779,0.927169,0.899929,0.909915,0.931679,0.928461,0.909996,0.876414,0.906835,0.929276,0.875917,0.917075,0.864553,0.703593,0.930254,0.92433,0.860539,0.906484,0.925972,0.930251,0.891264,0.898115,0.881351,0.913826,0.929367,0.919404,0.931141,0.915114,0.924796,0.905067,0.92001,0.925272,0.921303,0.924794,0.889488,0.894957,0.904783,0.935582,0.868465,0.901371,0.913362,0.923174,0.897045,0.871793,0.910563,0.919027,0.896476,0.898143,0.711435,0.861822,0.921825,0.83873,0.929741,0.920883,0.923433,0.933842,0.907521,0.801759,0.915567,0.929638,0.910982,0.871848,0.93055,0.927737,0.799465,0.867483,0.825663,0.923396,0.926265,0.922006,0.910894,0.92702,1.0,0.842565,0.924127,0.854843,0.909201,0.833117,0.924894,0.88854,0.917458,0.939883,0.853795,0.869566,0.936632,0.909063,0.909289,0.872526,0.856857,0.909636,0.900324,0.873801,0.918235,0.913663,0.890081,0.795159
Storagebin,0.821613,0.870475,0.705671,0.820968,0.871614,0.761563,0.832295,0.761466,0.874594,0.87911,0.860595,0.865329,0.886107,0.792016,0.864872,0.877932,0.875029,0.861322,0.840921,0.874697,0.865215,0.871228,0.854872,0.76441,0.870838,0.857812,0.857629,0.844748,0.877734,0.859751,0.839267,0.87116,0.857366,0.846967,0.778203,0.873769,0.863353,0.865366,0.875279,0.865936,0.854308,0.810061,0.856865,0.862707,0.83318,0.839748,0.869854,0.672411,0.867167,0.847014,0.820048,0.836887,0.877286,0.878175,0.842744,0.859917,0.839559,0.86702,0.880711,0.843632,0.864891,0.866362,0.861604,0.853531,0.881825,0.875527,0.862337,0.857295,0.866316,0.833183,0.862513,0.879723,0.836293,0.857141,0.858014,0.861881,0.865801,0.84266,0.833612,0.837072,0.867785,0.876581,0.757971,0.812776,0.841186,0.826322,0.856245,0.869947,0.855179,0.874255,0.859489,0.813579,0.872814,0.875563,0.862392,0.844858,0.858411,0.867332,0.778994,0.855409,0.793351,0.862623,0.867025,0.890875,0.832184,0.85881,0.842565,1.0,0.87843,0.833994,0.853577,0.81951,0.876712,0.844134,0.837226,0.879316,0.820756,0.849903,0.878624,0.868092,0.845332,0.842372,0.820992,0.83811,0.837842,0.816977,0.862083,0.838257,0.866387,0.802354
Stroller,0.894151,0.929759,0.7142,0.882878,0.960486,0.804045,0.879776,0.820101,0.953662,0.9583,0.944035,0.949641,0.980207,0.86706,0.949906,0.949742,0.957401,0.935509,0.909903,0.951074,0.941619,0.959911,0.943519,0.796737,0.957645,0.932164,0.93203,0.932593,0.971398,0.934312,0.909104,0.957139,0.944522,0.927723,0.837914,0.957227,0.939109,0.941105,0.965433,0.950618,0.939607,0.881186,0.941529,0.954446,0.898808,0.92296,0.928595,0.71216,0.956766,0.935109,0.886006,0.915297,0.966543,0.965956,0.91914,0.931259,0.908062,0.957919,0.966745,0.924878,0.95487,0.944355,0.948654,0.923979,0.968014,0.961014,0.944557,0.942998,0.939668,0.904532,0.946081,0.973956,0.909904,0.923838,0.940327,0.947082,0.939355,0.920102,0.916909,0.924857,0.938932,0.946506,0.773323,0.87762,0.931592,0.883859,0.947106,0.950359,0.940472,0.959724,0.939971,0.861965,0.951309,0.962637,0.944353,0.919092,0.951248,0.96017,0.84555,0.90627,0.849515,0.941497,0.952711,0.969751,0.918614,0.943568,0.924127,0.87843,1.0,0.904611,0.938436,0.881845,0.967151,0.908006,0.924795,0.965741,0.892584,0.928227,0.965312,0.94531,0.923687,0.906804,0.88281,0.920838,0.911257,0.890043,0.947561,0.920778,0.924327,0.866729
Suit,0.878765,0.875731,0.747175,0.876003,0.879822,0.807604,0.8449,0.815578,0.887037,0.886241,0.861889,0.859363,0.892984,0.816305,0.8939,0.883393,0.876924,0.880392,0.873114,0.902764,0.864334,0.884852,0.873729,0.787113,0.871713,0.865974,0.889321,0.833121,0.896099,0.880264,0.876294,0.908677,0.888835,0.855605,0.81627,0.877298,0.88933,0.875893,0.886537,0.851557,0.875995,0.814077,0.860484,0.860562,0.851333,0.819443,0.898327,0.703638,0.878517,0.83313,0.846796,0.846095,0.894642,0.885415,0.85553,0.886734,0.854418,0.895267,0.896182,0.83362,0.86022,0.884866,0.858428,0.856149,0.902102,0.888943,0.86208,0.860007,0.905555,0.840988,0.888897,0.890947,0.874183,0.859917,0.85965,0.868177,0.887389,0.878914,0.820249,0.816824,0.882066,0.894265,0.799864,0.829856,0.832971,0.856805,0.852399,0.879737,0.854534,0.874755,0.880777,0.849105,0.891219,0.877413,0.869478,0.887313,0.854013,0.872879,0.831799,0.880656,0.831587,0.868171,0.874385,0.904646,0.822226,0.855776,0.854843,0.833994,0.904611,1.0,0.883046,0.860644,0.876688,0.86145,0.826644,0.882369,0.854035,0.867541,0.885781,0.887058,0.8457,0.866327,0.856414,0.841284,0.851621,0.830346,0.866172,0.826165,0.881947,0.84144
Suitcase,0.841649,0.911307,0.706805,0.856781,0.939157,0.771778,0.830298,0.790664,0.929648,0.938719,0.922479,0.927689,0.938125,0.864873,0.919312,0.923093,0.930048,0.902776,0.892114,0.923848,0.921315,0.931396,0.925423,0.78317,0.932897,0.912231,0.89424,0.920106,0.944757,0.914356,0.86971,0.931843,0.923648,0.918134,0.807782,0.932559,0.916598,0.921247,0.938924,0.929259,0.921367,0.875304,0.917785,0.935191,0.881803,0.912783,0.885206,0.713724,0.935973,0.923298,0.871211,0.906172,0.937068,0.938181,0.897275,0.908478,0.88928,0.929012,0.941551,0.916989,0.935134,0.922614,0.929681,0.909638,0.938024,0.934493,0.928191,0.929559,0.907199,0.895071,0.918266,0.945746,0.886007,0.905249,0.91959,0.930998,0.906911,0.887179,0.910202,0.914804,0.909664,0.903613,0.722362,0.866115,0.924984,0.854733,0.933475,0.928096,0.92752,0.939315,0.913984,0.821752,0.929602,0.938662,0.918905,0.890465,0.933395,0.93664,0.815916,0.875053,0.836099,0.926174,0.93598,0.936752,0.911798,0.927136,0.909201,0.853577,0.938436,0.883046,1.0,0.848976,0.932984,0.895755,0.91778,0.944041,0.870926,0.888755,0.943224,0.917178,0.912157,0.882899,0.868613,0.913787,0.902328,0.880059,0.928163,0.913876,0.90094,0.823159
Teddy Bear,0.868107,0.856861,0.743127,0.85605,0.849009,0.80776,0.860163,0.800425,0.868802,0.859297,0.842683,0.8396,0.882985,0.787478,0.877082,0.866624,0.859618,0.875778,0.849536,0.874517,0.845341,0.86672,0.839556,0.779491,0.848105,0.848439,0.877137,0.801496,0.863743,0.855193,0.867693,0.870549,0.860864,0.831761,0.808569,0.854687,0.861229,0.850948,0.865955,0.832564,0.848042,0.793001,0.834603,0.830198,0.836742,0.792572,0.893135,0.701888,0.846179,0.804487,0.825917,0.82877,0.870114,0.861735,0.837477,0.864005,0.830394,0.870726,0.86751,0.811768,0.832763,0.87265,0.830651,0.832961,0.874184,0.871358,0.837176,0.824441,0.880927,0.818808,0.866133,0.865349,0.85766,0.841354,0.839897,0.840181,0.87788,0.860502,0.785656,0.788607,0.868324,0.889554,0.82822,0.809494,0.80166,0.842441,0.820852,0.858448,0.823228,0.851357,0.864852,0.848708,0.861055,0.851816,0.847869,0.86286,0.830121,0.847794,0.819826,0.873538,0.820475,0.847243,0.843522,0.891656,0.789239,0.835737,0.833117,0.81951,0.881845,0.860644,0.848976,1.0,0.86402,0.843105,0.796802,0.866032,0.828765,0.862218,0.857693,0.873424,0.818818,0.848637,0.829725,0.81321,0.839974,0.808405,0.843695,0.792248,0.874457,0.850027
Tennisracket,0.865565,0.939062,0.695695,0.856562,0.970536,0.781655,0.869395,0.794498,0.953616,0.965143,0.950878,0.962305,0.983588,0.865015,0.938786,0.958452,0.963917,0.93169,0.899226,0.944063,0.953621,0.954479,0.94492,0.790986,0.970722,0.940682,0.919565,0.956534,0.971729,0.932436,0.891694,0.943571,0.935528,0.931519,0.823646,0.964516,0.936299,0.947878,0.966506,0.970518,0.936968,0.891229,0.953446,0.971721,0.900413,0.949,0.917681,0.700072,0.959425,0.95767,0.881594,0.918984,0.961217,0.974183,0.922858,0.925313,0.90888,0.951942,0.971883,0.942657,0.972249,0.944463,0.96651,0.93636,0.9704,0.961439,0.959402,0.959991,0.924184,0.915063,0.938973,0.976793,0.894395,0.933892,0.953867,0.960171,0.934785,0.893821,0.944621,0.949948,0.939333,0.938222,0.743514,0.877676,0.953856,0.871816,0.965135,0.951893,0.957052,0.972533,0.933612,0.845285,0.955429,0.977365,0.948396,0.90554,0.967075,0.968924,0.817752,0.89778,0.835824,0.947711,0.967369,0.970878,0.942345,0.950836,0.924894,0.876712,0.967151,0.876688,0.932984,0.86402,1.0,0.906817,0.947731,0.970975,0.884088,0.9271,0.973971,0.938023,0.938795,0.902977,0.868018,0.935071,0.911712,0.894658,0.961475,0.94741,0.92486,0.848904
Tent,0.820098,0.921871,0.757046,0.854876,0.915074,0.784529,0.838348,0.779577,0.914675,0.926827,0.904814,0.908889,0.9103,0.841305,0.900227,0.913404,0.911111,0.892508,0.882603,0.913127,0.917131,0.907585,0.896979,0.816837,0.906687,0.901227,0.884746,0.898621,0.91361,0.900608,0.862844,0.900446,0.895025,0.902201,0.796562,0.918074,0.902586,0.911739,0.916957,0.908532,0.898113,0.869856,0.889086,0.908494,0.878738,0.89677,0.882645,0.729941,0.912238,0.902065,0.8686,0.891631,0.91044,0.915641,0.884101,0.899364,0.881723,0.903986,0.920221,0.903361,0.912804,0.910214,0.909202,0.904355,0.913022,0.919349,0.908009,0.908633,0.890962,0.884649,0.894516,0.917573,0.872066,0.907255,0.902267,0.905234,0.898839,0.865688,0.891952,0.892695,0.899389,0.907749,0.774905,0.862163,0.899663,0.84522,0.904584,0.911049,0.904072,0.918036,0.895189,0.825185,0.909633,0.917863,0.896856,0.867515,0.907163,0.909197,0.800924,0.890211,0.828828,0.913024,0.914846,0.917158,0.889691,0.908109,0.88854,0.844134,0.908006,0.86145,0.895755,0.843105,0.906817,1.0,0.895816,0.923702,0.849264,0.866646,0.923493,0.905216,0.897897,0.87977,0.861741,0.892844,0.894367,0.869718,0.905918,0.897603,0.916697,0.807373
Toothbrush,0.761242,0.937835,0.669276,0.806154,0.968007,0.700074,0.769803,0.717817,0.929364,0.960078,0.945057,0.958922,0.932822,0.862593,0.893244,0.929343,0.945815,0.868225,0.869556,0.916018,0.956517,0.928356,0.940002,0.765774,0.956162,0.928877,0.862867,0.986698,0.953107,0.91387,0.814026,0.905751,0.909448,0.93856,0.74669,0.958237,0.913134,0.933304,0.950069,0.971296,0.923486,0.915624,0.937988,0.98039,0.880892,0.984787,0.828276,0.679356,0.956789,0.985595,0.868318,0.926178,0.930286,0.958216,0.90636,0.898769,0.895151,0.919125,0.95628,0.969501,0.980681,0.920887,0.976796,0.938689,0.93828,0.937784,0.958815,0.980983,0.869046,0.925784,0.902248,0.957451,0.845719,0.931445,0.947845,0.959807,0.887901,0.833739,0.986964,0.985979,0.899397,0.887804,0.634196,0.875589,0.985911,0.807184,0.983638,0.933786,0.973285,0.966241,0.902295,0.752511,0.934362,0.971679,0.92703,0.853897,0.975301,0.959054,0.749769,0.849554,0.795857,0.946789,0.973621,0.918984,0.977429,0.954461,0.917458,0.837226,0.924795,0.826644,0.91778,0.796802,0.947731,0.895816,1.0,0.960882,0.843883,0.853456,0.9709,0.904308,0.951459,0.872596,0.842992,0.955526,0.910939,0.894348,0.954373,0.987109,0.89118,0.736456
Train,0.850171,0.950579,0.719352,0.868858,0.973521,0.781456,0.858845,0.792276,0.962029,0.973867,0.96191,0.969209,0.974229,0.881313,0.944023,0.957297,0.969657,0.925953,0.911577,0.950199,0.964368,0.96562,0.953636,0.804724,0.969332,0.947555,0.919548,0.965126,0.973852,0.94189,0.8863,0.947684,0.94554,0.950908,0.816388,0.972058,0.940434,0.951642,0.974901,0.974391,0.947643,0.912617,0.951409,0.97461,0.909334,0.962611,0.90601,0.723189,0.970668,0.969023,0.894845,0.940561,0.967157,0.975061,0.929775,0.934196,0.919337,0.954147,0.972878,0.96137,0.976839,0.954351,0.971006,0.945431,0.964741,0.96749,0.964009,0.967409,0.925052,0.930056,0.943125,0.97939,0.901473,0.943728,0.957561,0.965247,0.936427,0.905679,0.955658,0.963818,0.939973,0.941653,0.743462,0.894878,0.965206,0.872153,0.973711,0.961204,0.966183,0.976663,0.943593,0.837302,0.955809,0.976869,0.953176,0.906408,0.974677,0.971729,0.823893,0.904021,0.850221,0.962671,0.971313,0.965989,0.953658,0.967656,0.939883,0.879316,0.965741,0.882369,0.944041,0.866032,0.970975,0.923702,0.960882,1.0,0.886743,0.911832,0.980152,0.948425,0.948955,0.910069,0.886119,0.948898,0.934123,0.907819,0.962746,0.958464,0.930734,0.833726
Trashbin,0.833984,0.86547,0.697789,0.832341,0.879877,0.766008,0.824229,0.775176,0.881208,0.883354,0.865861,0.868634,0.89375,0.809391,0.878035,0.87932,0.878765,0.868251,0.851394,0.881527,0.865837,0.880902,0.867871,0.758548,0.877809,0.862352,0.864479,0.848715,0.890346,0.86771,0.847618,0.887445,0.874429,0.856714,0.788826,0.877142,0.871493,0.870469,0.884468,0.867803,0.867688,0.815416,0.864098,0.870075,0.838626,0.840383,0.870888,0.682568,0.87714,0.851415,0.827767,0.846743,0.887827,0.884861,0.849092,0.86703,0.84345,0.881631,0.888915,0.847933,0.870549,0.875502,0.866147,0.855508,0.89104,0.883663,0.86901,0.863824,0.876707,0.838672,0.874898,0.890281,0.850527,0.855729,0.863565,0.87136,0.871522,0.855307,0.836521,0.83999,0.870928,0.874611,0.743451,0.81874,0.849775,0.832673,0.864601,0.876992,0.862348,0.880899,0.869601,0.815111,0.881514,0.880817,0.868848,0.858529,0.867065,0.877275,0.79498,0.851946,0.805502,0.868889,0.874778,0.897702,0.838423,0.864842,0.853795,0.820756,0.892584,0.854035,0.870926,0.828765,0.884088,0.849264,0.843883,0.886743,1.0,0.857951,0.885245,0.874814,0.850637,0.846795,0.830308,0.847882,0.847531,0.825916,0.870162,0.841187,0.86464,0.814962
Tree,0.888133,0.880314,0.698955,0.851152,0.902278,0.808056,0.8948,0.818004,0.910229,0.906347,0.890361,0.896787,0.944027,0.820878,0.914335,0.915364,0.907565,0.930418,0.874188,0.907101,0.885553,0.909787,0.884736,0.779634,0.90635,0.884684,0.903231,0.860575,0.915129,0.886289,0.902789,0.915478,0.893535,0.871157,0.8391,0.902747,0.897131,0.900142,0.911139,0.895239,0.886726,0.813994,0.893241,0.890432,0.861546,0.850703,0.930054,0.700764,0.89278,0.865081,0.84302,0.855453,0.919121,0.912769,0.872608,0.886982,0.863887,0.911478,0.914749,0.859003,0.892841,0.901303,0.886127,0.873466,0.92698,0.917695,0.890877,0.873056,0.906568,0.845719,0.903205,0.92057,0.884385,0.874849,0.88937,0.89006,0.908674,0.888904,0.840678,0.850294,0.909778,0.912331,0.794753,0.825737,0.863162,0.865188,0.877471,0.902241,0.873852,0.90616,0.894343,0.867901,0.905032,0.910213,0.897297,0.884428,0.887412,0.906539,0.824934,0.880991,0.821443,0.887506,0.89353,0.94371,0.847124,0.885583,0.869566,0.849903,0.928227,0.867541,0.888755,0.862218,0.9271,0.866646,0.853456,0.911832,0.857951,1.0,0.905658,0.905281,0.864745,0.868504,0.844031,0.854591,0.860292,0.84206,0.898758,0.846559,0.905003,0.882501
Trophy,0.843639,0.963273,0.724494,0.866059,0.984409,0.773012,0.847423,0.783396,0.96102,0.982206,0.962528,0.973463,0.97247,0.87708,0.937628,0.962402,0.971322,0.918415,0.908538,0.95678,0.97206,0.960186,0.958882,0.809639,0.975328,0.951614,0.918074,0.979983,0.980499,0.945365,0.879759,0.947966,0.942004,0.949401,0.806486,0.979226,0.947686,0.9588,0.975196,0.980748,0.947802,0.918064,0.957509,0.986687,0.911131,0.974756,0.901888,0.708266,0.975914,0.979426,0.897521,0.93682,0.965597,0.981692,0.932837,0.937396,0.922992,0.95481,0.982969,0.965539,0.987373,0.950409,0.983885,0.954641,0.973595,0.967628,0.971075,0.984317,0.926042,0.936087,0.941201,0.983114,0.893483,0.952971,0.963227,0.971244,0.934056,0.892341,0.973744,0.974045,0.940587,0.94304,0.736648,0.897416,0.975001,0.866937,0.983211,0.961241,0.976295,0.982142,0.938739,0.829,0.965072,0.987456,0.954575,0.90502,0.979633,0.975885,0.812451,0.907487,0.839568,0.963208,0.983771,0.963136,0.966829,0.965977,0.936632,0.878624,0.965312,0.885781,0.943224,0.857693,0.973971,0.923493,0.9709,0.980152,0.885245,0.905658,1.0,0.943816,0.958083,0.912827,0.883036,0.95587,0.927167,0.910422,0.968757,0.976373,0.933536,0.813519
Truck,0.8708,0.927728,0.748542,0.878123,0.935171,0.806773,0.877158,0.809898,0.938088,0.942151,0.927242,0.930415,0.950483,0.853267,0.930767,0.934025,0.939088,0.921285,0.900428,0.935273,0.930242,0.940643,0.920039,0.810379,0.932138,0.919252,0.917389,0.909935,0.942209,0.920523,0.894627,0.931162,0.923203,0.914691,0.82492,0.939103,0.921563,0.924788,0.944028,0.929278,0.919603,0.87439,0.915043,0.92736,0.893308,0.905786,0.916908,0.724405,0.934723,0.914223,0.879478,0.906252,0.94318,0.942251,0.905103,0.920307,0.898336,0.932445,0.942673,0.91229,0.930742,0.932605,0.925459,0.913136,0.940467,0.94319,0.923395,0.921369,0.92257,0.896625,0.924793,0.946617,0.897242,0.915829,0.920799,0.92469,0.927082,0.904777,0.896933,0.904677,0.92433,0.938659,0.797042,0.87225,0.908857,0.873734,0.921987,0.933654,0.91905,0.938124,0.925558,0.857091,0.92969,0.938379,0.924167,0.900732,0.926573,0.933711,0.836447,0.908447,0.848667,0.929371,0.93004,0.949023,0.897571,0.928481,0.909063,0.868092,0.94531,0.887058,0.917178,0.873424,0.938023,0.905216,0.904308,0.948425,0.874814,0.905281,0.943816,1.0,0.908345,0.898591,0.87946,0.902809,0.90639,0.879458,0.92433,0.901411,0.923689,0.848815
Umbrella,0.792056,0.936311,0.709735,0.828229,0.953231,0.736758,0.801105,0.745764,0.927086,0.951076,0.932622,0.943782,0.930487,0.855853,0.898104,0.928383,0.937752,0.881199,0.875796,0.919056,0.945388,0.923496,0.927943,0.787889,0.943294,0.923705,0.877208,0.957784,0.943097,0.913591,0.835538,0.907478,0.907641,0.924454,0.769041,0.947347,0.913284,0.92839,0.940811,0.952325,0.916046,0.900255,0.925186,0.95823,0.886464,0.95493,0.854224,0.69511,0.943489,0.95732,0.87091,0.915169,0.926756,0.947945,0.90334,0.904434,0.894134,0.916828,0.948287,0.946075,0.959412,0.920781,0.956598,0.930033,0.935211,0.934346,0.943182,0.959807,0.883651,0.916416,0.903481,0.946713,0.85772,0.926057,0.934885,0.944069,0.897748,0.847964,0.955375,0.953836,0.903945,0.900785,0.694299,0.873848,0.955552,0.826883,0.957878,0.928312,0.951533,0.952363,0.904765,0.785963,0.930545,0.956635,0.920269,0.866299,0.952547,0.943809,0.774632,0.871536,0.812507,0.936652,0.956675,0.922994,0.947714,0.938848,0.909289,0.845332,0.923687,0.8457,0.912157,0.818818,0.938795,0.897897,0.951459,0.948955,0.850637,0.864745,0.958083,0.908345,1.0,0.879817,0.852978,0.934233,0.905548,0.887551,0.939973,0.957372,0.903678,0.765011
Vase,0.843419,0.910922,0.748678,0.857116,0.904637,0.789086,0.848359,0.783917,0.904067,0.912731,0.89127,0.894554,0.909587,0.820528,0.894221,0.906563,0.903713,0.884995,0.872371,0.909039,0.902527,0.898867,0.886557,0.80102,0.89827,0.89152,0.888188,0.880214,0.907455,0.891919,0.86482,0.896509,0.887417,0.879881,0.797751,0.907114,0.896578,0.89742,0.90704,0.893858,0.885492,0.84985,0.882717,0.89541,0.867934,0.874483,0.891581,0.70406,0.899301,0.880767,0.856961,0.872084,0.903438,0.909435,0.875553,0.893755,0.871054,0.898603,0.914019,0.879174,0.898044,0.901083,0.896169,0.888219,0.911253,0.907716,0.892915,0.895028,0.894756,0.870305,0.890776,0.909032,0.864952,0.89365,0.890497,0.893788,0.896759,0.863347,0.871571,0.870042,0.895895,0.911199,0.791946,0.848682,0.875655,0.848274,0.88895,0.899076,0.889079,0.904478,0.889513,0.834656,0.903513,0.908408,0.889066,0.873421,0.890194,0.897039,0.805096,0.890445,0.823208,0.895706,0.903535,0.914744,0.867594,0.888526,0.872526,0.842372,0.906804,0.866327,0.882899,0.848637,0.902977,0.87977,0.872596,0.910069,0.846795,0.868504,0.912827,0.898591,0.879817,1.0,0.851901,0.873686,0.874054,0.851037,0.893491,0.876253,0.902419,0.817594
Wallet,0.821494,0.879339,0.743358,0.843956,0.872916,0.774387,0.824995,0.776428,0.88115,0.885352,0.867653,0.867003,0.878724,0.811608,0.875742,0.875561,0.877158,0.864342,0.858855,0.885051,0.87261,0.881384,0.864778,0.780816,0.867962,0.863859,0.864143,0.846196,0.880416,0.870825,0.84391,0.881061,0.872178,0.862985,0.7825,0.877921,0.870297,0.86937,0.882112,0.86211,0.867732,0.82682,0.852554,0.861613,0.846187,0.843081,0.866235,0.701101,0.87809,0.850772,0.837954,0.855759,0.884266,0.87963,0.850667,0.873625,0.851738,0.874326,0.881861,0.853915,0.865535,0.877818,0.860597,0.860104,0.878181,0.883131,0.862562,0.862398,0.875407,0.848175,0.870709,0.88192,0.85251,0.86286,0.859361,0.865541,0.872583,0.857997,0.836034,0.840643,0.867351,0.882476,0.767412,0.828672,0.846957,0.831194,0.858802,0.877267,0.859493,0.876084,0.872685,0.815562,0.874214,0.873436,0.865055,0.854518,0.861063,0.869229,0.801229,0.8657,0.815202,0.87512,0.868991,0.887445,0.837312,0.869219,0.856857,0.820992,0.88281,0.856414,0.868613,0.829725,0.868018,0.861741,0.842992,0.886119,0.830308,0.844031,0.883036,0.87946,0.852978,0.851901,1.0,0.847215,0.857907,0.831737,0.861214,0.840929,0.87369,0.796733
Waterbottle,0.782117,0.9276,0.690922,0.823093,0.95259,0.722429,0.780745,0.735781,0.923026,0.945888,0.930342,0.940809,0.92494,0.860065,0.893866,0.920497,0.933719,0.869269,0.872013,0.91213,0.940203,0.920723,0.928717,0.771508,0.941077,0.920643,0.868275,0.959033,0.942744,0.909942,0.823465,0.904134,0.908313,0.926564,0.761113,0.943172,0.910047,0.921539,0.939683,0.949889,0.917088,0.904037,0.923859,0.958905,0.879333,0.955005,0.837452,0.693245,0.941521,0.958096,0.869017,0.918609,0.922745,0.944458,0.900038,0.899124,0.886994,0.91623,0.94615,0.94772,0.958301,0.919852,0.956206,0.925525,0.931608,0.92947,0.943112,0.960442,0.875853,0.915893,0.901119,0.945047,0.85301,0.919381,0.933648,0.944789,0.889551,0.84191,0.957918,0.955366,0.896932,0.888095,0.6672,0.872274,0.960263,0.817464,0.961189,0.924848,0.953633,0.950456,0.901747,0.769545,0.927946,0.953662,0.916438,0.862498,0.955134,0.943364,0.768995,0.85709,0.81112,0.934376,0.957479,0.916454,0.950409,0.937604,0.909636,0.83811,0.920838,0.841284,0.913787,0.81321,0.935071,0.892844,0.955526,0.948898,0.847882,0.854591,0.95587,0.902809,0.934233,0.873686,0.847215,1.0,0.908705,0.887201,0.940659,0.959021,0.889402,0.758703
Watergun,0.809181,0.912162,0.741251,0.848637,0.919415,0.766774,0.812438,0.766611,0.914856,0.922318,0.910947,0.913798,0.912711,0.854655,0.898912,0.904886,0.91523,0.883357,0.8771,0.902775,0.918584,0.913342,0.903719,0.792417,0.910846,0.907612,0.878982,0.909434,0.915421,0.900579,0.844023,0.892758,0.90363,0.910768,0.784948,0.919199,0.897115,0.902392,0.923855,0.914684,0.903856,0.885238,0.892652,0.916487,0.883699,0.907643,0.855467,0.73233,0.915164,0.913219,0.87002,0.912714,0.910498,0.919259,0.890648,0.898331,0.876901,0.906762,0.920559,0.917872,0.919271,0.922778,0.916833,0.903438,0.909754,0.921335,0.911476,0.91786,0.88086,0.90163,0.895891,0.921112,0.868351,0.901346,0.909071,0.915428,0.897526,0.858658,0.903394,0.906569,0.892611,0.895985,0.739427,0.867627,0.915979,0.831301,0.918278,0.911287,0.915009,0.922778,0.904837,0.802172,0.905129,0.920225,0.897887,0.868916,0.920756,0.91534,0.803378,0.874256,0.839398,0.92011,0.922775,0.910473,0.902712,0.917878,0.900324,0.837842,0.911257,0.851621,0.902328,0.839974,0.911712,0.894367,0.910939,0.934123,0.847531,0.860292,0.927167,0.90639,0.905548,0.874054,0.857907,0.908705,1.0,0.877393,0.913178,0.906613,0.898418,0.794728
Wateringcan,0.784532,0.893745,0.708449,0.818475,0.904937,0.739055,0.790298,0.743644,0.892557,0.907364,0.88928,0.896018,0.893176,0.829164,0.874142,0.889495,0.894156,0.862946,0.853545,0.885824,0.898609,0.888033,0.885412,0.772364,0.895447,0.884228,0.854476,0.896614,0.900411,0.879096,0.824589,0.877134,0.877259,0.8866,0.763213,0.901631,0.880258,0.889371,0.900963,0.899072,0.881561,0.85772,0.878193,0.903461,0.85678,0.892972,0.838992,0.697968,0.897731,0.898461,0.844649,0.87954,0.890627,0.901684,0.867129,0.87432,0.857571,0.885534,0.905335,0.895179,0.905356,0.891073,0.902272,0.886359,0.896316,0.899432,0.896186,0.90389,0.860358,0.874053,0.873251,0.904003,0.842476,0.88351,0.889872,0.89616,0.871505,0.832301,0.891433,0.891416,0.872908,0.87234,0.706131,0.841006,0.89996,0.809424,0.901722,0.890641,0.898059,0.905626,0.874989,0.779596,0.89141,0.906562,0.87919,0.84317,0.901764,0.898598,0.770614,0.849851,0.801898,0.896104,0.906718,0.89188,0.888864,0.894595,0.873801,0.816977,0.890043,0.830346,0.880059,0.808405,0.894658,0.869718,0.894348,0.907819,0.825916,0.84206,0.910422,0.879458,0.887551,0.851037,0.831737,0.887201,0.877393,1.0,0.89578,0.895088,0.879108,0.768115
Windchime,0.832143,0.938634,0.697664,0.846623,0.967291,0.76146,0.833395,0.774301,0.943731,0.961642,0.943164,0.954938,0.957917,0.867092,0.921747,0.946511,0.951145,0.91108,0.892431,0.935255,0.950314,0.939125,0.940521,0.792487,0.958716,0.934667,0.900299,0.960607,0.961887,0.925304,0.868799,0.931291,0.924144,0.933205,0.803065,0.958699,0.932271,0.943419,0.956515,0.962894,0.930794,0.898467,0.942967,0.969091,0.894172,0.953349,0.887441,0.706558,0.951815,0.959784,0.881408,0.919064,0.945345,0.962175,0.915219,0.9164,0.902063,0.939868,0.96582,0.947289,0.968868,0.936377,0.966447,0.9365,0.960172,0.951245,0.956094,0.963476,0.905382,0.916196,0.924002,0.9651,0.880488,0.932484,0.948362,0.955361,0.917037,0.871848,0.954346,0.952999,0.926682,0.917325,0.715772,0.87784,0.961115,0.849227,0.964986,0.942158,0.958028,0.965008,0.918454,0.816153,0.948323,0.97136,0.935542,0.888445,0.963204,0.960575,0.795489,0.884031,0.825938,0.943783,0.968942,0.950557,0.949052,0.945839,0.918235,0.862083,0.947561,0.866172,0.928163,0.843695,0.961475,0.905918,0.954373,0.962746,0.870162,0.898758,0.968757,0.92433,0.939973,0.893491,0.861214,0.940659,0.913178,0.89578,1.0,0.957019,0.919968,0.814498
Wishbone,0.754121,0.95061,0.68011,0.804806,0.973461,0.697157,0.766306,0.710194,0.928794,0.966004,0.945001,0.961156,0.928957,0.856457,0.887506,0.934174,0.946918,0.861535,0.867349,0.920081,0.963414,0.923347,0.940827,0.777009,0.958463,0.932536,0.862112,0.995734,0.954612,0.916302,0.808783,0.9029,0.904352,0.936861,0.738939,0.962836,0.917081,0.938395,0.948951,0.975749,0.921159,0.920365,0.940418,0.986314,0.883023,0.993381,0.827251,0.671457,0.958676,0.991677,0.870299,0.922827,0.927079,0.961084,0.908277,0.901168,0.898661,0.916529,0.961615,0.972675,0.986124,0.918163,0.984952,0.946384,0.941998,0.936523,0.963191,0.990889,0.868753,0.930126,0.899131,0.957227,0.839145,0.940969,0.951367,0.962437,0.886801,0.823887,0.999293,0.992162,0.901025,0.891318,0.640744,0.878785,0.989751,0.805533,0.988075,0.933662,0.978974,0.969009,0.897946,0.750004,0.939811,0.977326,0.927594,0.851659,0.976505,0.959108,0.739837,0.857398,0.789157,0.947251,0.980894,0.916933,0.984779,0.95277,0.913663,0.838257,0.920778,0.826165,0.913876,0.792248,0.94741,0.897603,0.987109,0.958464,0.841187,0.846559,0.976373,0.901411,0.957372,0.876253,0.840929,0.959021,0.906613,0.895088,0.957019,1.0,0.897872,0.722948
Wrap,0.861163,0.94516,0.791503,0.880461,0.926046,0.834345,0.898751,0.81821,0.932963,0.94546,0.912996,0.919026,0.9336,0.841904,0.924019,0.941842,0.922337,0.936496,0.902755,0.937625,0.931154,0.916612,0.900176,0.867614,0.916523,0.915049,0.917495,0.897391,0.92447,0.914722,0.911923,0.917858,0.90046,0.90621,0.836894,0.93273,0.925627,0.939265,0.927587,0.917716,0.904588,0.864855,0.899526,0.913282,0.89881,0.893379,0.937353,0.757326,0.915093,0.899508,0.885064,0.88704,0.923311,0.927193,0.89747,0.915367,0.898546,0.92091,0.937665,0.901727,0.919455,0.923878,0.917644,0.919907,0.93789,0.939719,0.919141,0.90978,0.916857,0.883923,0.909623,0.92981,0.898711,0.929599,0.914848,0.909348,0.926327,0.885278,0.888204,0.885044,0.930294,0.941998,0.854917,0.87063,0.895963,0.874201,0.900506,0.924539,0.902851,0.928442,0.903815,0.877262,0.928545,0.933449,0.909791,0.885208,0.907517,0.919402,0.820467,0.930164,0.840707,0.920762,0.924483,0.947266,0.885523,0.911026,0.890081,0.866387,0.924327,0.881947,0.90094,0.874457,0.92486,0.916697,0.89118,0.930734,0.86464,0.905003,0.933536,0.923689,0.903678,0.902419,0.87369,0.889402,0.898418,0.879108,0.919968,0.897872,1.0,0.857883
Yarn,0.887682,0.798486,0.674089,0.833459,0.809117,0.816788,0.889037,0.814658,0.845726,0.82209,0.804899,0.802549,0.878595,0.757646,0.871605,0.847818,0.825719,0.891602,0.831059,0.846242,0.792717,0.841389,0.80016,0.747563,0.817783,0.807724,0.864149,0.73814,0.836834,0.819916,0.888836,0.863049,0.834533,0.792056,0.834574,0.81336,0.835273,0.826551,0.834722,0.794218,0.818401,0.722639,0.808208,0.784056,0.794505,0.725641,0.918797,0.690913,0.804284,0.746035,0.786143,0.774565,0.851872,0.825451,0.799651,0.827275,0.79189,0.854047,0.834854,0.752305,0.786633,0.840418,0.780573,0.786469,0.857843,0.846555,0.802966,0.759296,0.868986,0.75174,0.849368,0.839933,0.854455,0.7945,0.803205,0.797684,0.859749,0.864558,0.712733,0.723477,0.857475,0.863922,0.830058,0.757702,0.745849,0.845571,0.767106,0.831339,0.768825,0.816725,0.833781,0.870434,0.835687,0.814538,0.822277,0.846164,0.787261,0.818842,0.812531,0.845105,0.795903,0.80403,0.795891,0.8946,0.725742,0.793928,0.795159,0.802354,0.866729,0.84144,0.823159,0.850027,0.848904,0.807373,0.736456,0.833726,0.814962,0.882501,0.813519,0.848815,0.765011,0.817594,0.796733,0.758703,0.794728,0.768115,0.814498,0.722948,0.857883,1.0
