,Accordion,Acorn,Apple,Backpack,Barstool,Baseball,Basket,Beanie,Bed,Bell,Belt,Bench,Bike,Binder,Binoculars,Birdfeeder,Boat,Bonzai,Book,Bookend,Boomerang,Car,Cellphone,Cheese,Cheesegrater,Christmasstreeornament,Clock,Coatrack,Coffeemaker,Coffeemug,Compass,Computertower,Controller,Couch,Cushion,Desk,Door,Doorknob,Drill,Dryingrack,Dumbbell,Dustpan,Fan,Faucet,Flower,Flute,Fossils,Frisbee,Fryingpan,Glasses,Glove,Goggles,Grill,Hairbrush,Hairclip,Handbag,Hat,Headphones,Hourglass,Kayak,Key,Kite,Ladder,Lamp,Lantern,Lawnmower,Lightbulb,Lipstick,Lock,Lollipop,Mask,Microscope,Minerals,Mushroom,Necklace,Necktie,Orifan,Oven,Paintbrush,Pen,Pictureframe,Pinecone,Pizza,Plug,Pogostick,Pot,Razor,Recordplayer,Remotecontrol,Ring,Rollerskates,Rug,Saltpeppershaker,Saxophone,Scale,Scarf,Scissors,Scooter,Scrunchie,Seashell,Shirt,Shoe,Skiis,Snowglobe,Spoon,Stapler,Stapleremover,Storagebin,Stroller,Suit,Suitcase,Teddy Bear,Tennisracket,Tent,Toothbrush,Train,Trashbin,Tree,Trophy,Truck,Umbrella,Vase,Wallet,Waterbottle,Watergun,Wateringcan,Windchime,Wishbone,Wrap,Yarn
Accordion,1.0,0.722874,0.73445,0.804602,0.790547,0.756514,0.724848,0.698328,0.755006,0.759484,0.710754,0.706984,0.816794,0.704077,0.752459,0.752665,0.75252,0.73771,0.743188,0.776539,0.700407,0.764546,0.737092,0.681818,0.73748,0.733394,0.777505,0.654416,0.785221,0.758004,0.795045,0.770318,0.788166,0.721132,0.712464,0.747161,0.742334,0.755932,0.767513,0.71102,0.759341,0.686188,0.741231,0.722835,0.732693,0.604877,0.756823,0.71044,0.703016,0.673267,0.755994,0.717167,0.769401,0.727199,0.714921,0.789379,0.710697,0.787603,0.79649,0.64886,0.7034,0.767639,0.722549,0.732597,0.78383,0.774976,0.765384,0.671658,0.796235,0.683022,0.763349,0.776242,0.768762,0.71277,0.73302,0.68685,0.793488,0.732106,0.619537,0.58819,0.729185,0.741632,0.648566,0.733382,0.641683,0.724706,0.695638,0.758173,0.693003,0.73793,0.775965,0.692737,0.760631,0.744866,0.731534,0.773148,0.702658,0.780326,0.758706,0.744803,0.735089,0.728698,0.736101,0.806566,0.637305,0.689565,0.729889,0.706691,0.798688,0.818435,0.753898,0.7615,0.684154,0.772904,0.627027,0.756406,0.723525,0.709755,0.767999,0.792298,0.70801,0.754904,0.72315,0.698642,0.748972,0.740248,0.75312,0.683211,0.749753,0.724379
Acorn,0.722874,1.0,0.831464,0.806377,0.862592,0.697998,0.664237,0.68411,0.85103,0.914492,0.852272,0.894844,0.788726,0.841128,0.786155,0.888669,0.863121,0.840676,0.840476,0.885368,0.898203,0.838241,0.880362,0.783096,0.871993,0.866387,0.779299,0.913949,0.885984,0.863672,0.70637,0.76818,0.846246,0.825685,0.69487,0.88627,0.831946,0.807421,0.88344,0.855801,0.892984,0.908468,0.860167,0.920415,0.85408,0.881099,0.824419,0.723475,0.884934,0.917672,0.889692,0.893597,0.856625,0.89634,0.840334,0.883254,0.870814,0.843532,0.89668,0.892898,0.915754,0.846041,0.885756,0.896829,0.871242,0.873084,0.9074,0.905116,0.823325,0.899719,0.836551,0.896332,0.825666,0.907047,0.863083,0.880475,0.827798,0.749461,0.905799,0.860702,0.748061,0.830922,0.605783,0.853292,0.906129,0.752793,0.910868,0.866067,0.890909,0.900416,0.849472,0.693524,0.865771,0.922412,0.829862,0.809205,0.886065,0.862957,0.78164,0.824025,0.755499,0.845386,0.828469,0.854648,0.914121,0.865522,0.858111,0.785473,0.863594,0.8073,0.86144,0.773425,0.772258,0.865926,0.882391,0.872714,0.793599,0.82762,0.92346,0.776594,0.905721,0.844317,0.827785,0.904457,0.874205,0.903289,0.875308,0.921991,0.864976,0.68553
Apple,0.73445,0.831464,1.0,0.789259,0.782263,0.759329,0.67658,0.689486,0.784356,0.808584,0.742676,0.73939,0.77268,0.730557,0.769996,0.799487,0.758145,0.793395,0.772628,0.796624,0.786079,0.768677,0.745498,0.802312,0.754168,0.765466,0.748454,0.707033,0.7823,0.79667,0.750253,0.724641,0.798571,0.783935,0.705087,0.757464,0.719189,0.78827,0.776665,0.72518,0.800225,0.757069,0.729948,0.751438,0.791144,0.685869,0.798688,0.781037,0.773034,0.738903,0.805773,0.788039,0.767581,0.759386,0.749294,0.807016,0.774932,0.795208,0.801889,0.723998,0.747894,0.785226,0.72647,0.784117,0.756215,0.78494,0.793349,0.709675,0.793358,0.759486,0.78492,0.779086,0.818402,0.794988,0.763844,0.723924,0.797831,0.711011,0.682193,0.659592,0.705421,0.761693,0.727293,0.764794,0.688659,0.737331,0.73126,0.782529,0.717306,0.788607,0.797473,0.720711,0.781506,0.76176,0.729387,0.774999,0.75178,0.784017,0.804432,0.824687,0.767534,0.793178,0.730332,0.83162,0.70758,0.738155,0.786799,0.723061,0.790364,0.793611,0.748996,0.805606,0.676398,0.813832,0.702381,0.771713,0.719185,0.755673,0.795133,0.766618,0.766135,0.783516,0.761187,0.741843,0.79247,0.806868,0.761597,0.753052,0.853416,0.734935
Backpack,0.804602,0.806377,0.789259,1.0,0.860132,0.767554,0.691702,0.674394,0.840652,0.851851,0.782661,0.78295,0.84597,0.781592,0.818413,0.825818,0.818984,0.806988,0.81086,0.856264,0.77515,0.849173,0.814591,0.770055,0.787887,0.79471,0.81448,0.74379,0.867928,0.831811,0.818332,0.824537,0.875889,0.820526,0.727806,0.823864,0.801281,0.818192,0.859664,0.768267,0.8418,0.776108,0.779339,0.808711,0.810234,0.694149,0.80995,0.76226,0.783794,0.766687,0.848047,0.810379,0.845311,0.771632,0.782033,0.869409,0.776156,0.855664,0.877564,0.740879,0.79058,0.829603,0.796881,0.81261,0.840957,0.863421,0.834385,0.757292,0.855259,0.76547,0.833996,0.86975,0.848608,0.801591,0.793953,0.747524,0.819927,0.805196,0.70393,0.671595,0.775171,0.833423,0.694131,0.822693,0.733036,0.7577,0.776562,0.838755,0.775778,0.819799,0.865514,0.729311,0.832147,0.821926,0.792167,0.806754,0.783504,0.861014,0.8208,0.809925,0.798455,0.8103,0.800649,0.866763,0.726335,0.777069,0.824268,0.746068,0.879852,0.8674,0.840159,0.809848,0.675101,0.852778,0.712156,0.832404,0.758658,0.760529,0.862076,0.874986,0.794578,0.812122,0.792192,0.790105,0.84892,0.828877,0.828659,0.759223,0.836079,0.699252
Barstool,0.790547,0.862592,0.782263,0.860132,1.0,0.711636,0.687319,0.685071,0.862109,0.899989,0.822913,0.857787,0.844723,0.852922,0.78714,0.860451,0.857291,0.806932,0.840858,0.886788,0.823429,0.850566,0.881053,0.768248,0.850796,0.829584,0.813654,0.846752,0.917913,0.870529,0.780978,0.869555,0.861453,0.845201,0.715423,0.889758,0.869908,0.841392,0.879227,0.844571,0.872153,0.851488,0.849393,0.887703,0.82089,0.793497,0.785323,0.741365,0.834792,0.850072,0.868309,0.855795,0.878696,0.832751,0.80982,0.88766,0.825058,0.858264,0.917375,0.821814,0.861021,0.836206,0.884571,0.872574,0.900695,0.871803,0.891281,0.861539,0.861901,0.835248,0.838074,0.903435,0.810273,0.843457,0.832062,0.821405,0.816009,0.821641,0.825723,0.783592,0.806295,0.803556,0.580489,0.858882,0.845256,0.767255,0.861064,0.867568,0.855784,0.863031,0.850273,0.700465,0.880034,0.87575,0.840763,0.81421,0.844324,0.887377,0.781051,0.782895,0.780188,0.834381,0.870251,0.858328,0.831133,0.840508,0.847481,0.791227,0.878516,0.865411,0.884793,0.766479,0.722267,0.865936,0.809423,0.858181,0.813297,0.778674,0.906498,0.8445,0.861279,0.835026,0.830147,0.874103,0.861801,0.872921,0.866505,0.857615,0.813547,0.664744
Baseball,0.756514,0.697998,0.759329,0.767554,0.711636,1.0,0.694228,0.656218,0.734109,0.714497,0.688674,0.652833,0.801798,0.637306,0.75525,0.731313,0.710332,0.75486,0.705897,0.722928,0.683837,0.737435,0.652276,0.716741,0.685129,0.701497,0.73293,0.584251,0.707239,0.72002,0.778754,0.68126,0.767121,0.729807,0.686095,0.680459,0.628792,0.744755,0.733525,0.660742,0.723357,0.634545,0.64392,0.653224,0.733369,0.56504,0.7718,0.745063,0.685818,0.631887,0.721028,0.69379,0.721968,0.681072,0.688021,0.74595,0.685292,0.74896,0.725759,0.612924,0.655503,0.743982,0.625111,0.686723,0.68666,0.751153,0.706659,0.573793,0.746918,0.63738,0.741545,0.729294,0.783473,0.696256,0.700812,0.625108,0.783819,0.676389,0.521325,0.532135,0.662815,0.757848,0.724094,0.700443,0.555219,0.69754,0.620866,0.727795,0.615748,0.714028,0.776345,0.706965,0.695466,0.68099,0.670081,0.727895,0.665333,0.749865,0.777415,0.775207,0.743159,0.748619,0.655859,0.804466,0.564947,0.651563,0.736903,0.664358,0.771352,0.730923,0.681433,0.783249,0.649516,0.755982,0.577676,0.724947,0.649285,0.711869,0.717988,0.779641,0.667973,0.717411,0.681953,0.620433,0.727218,0.70727,0.70559,0.593257,0.786562,0.74949
Basket,0.724848,0.664237,0.67658,0.691702,0.687319,0.694228,1.0,0.642284,0.696014,0.689821,0.661298,0.640171,0.737826,0.629197,0.677884,0.697089,0.68897,0.681587,0.674169,0.69397,0.643596,0.691094,0.634431,0.639072,0.666573,0.64184,0.684556,0.570479,0.690599,0.68344,0.72174,0.682352,0.683297,0.683161,0.64215,0.669475,0.64102,0.688658,0.684002,0.643014,0.671881,0.597042,0.648361,0.631245,0.645684,0.556516,0.7266,0.641901,0.648905,0.604802,0.665594,0.646189,0.694545,0.652686,0.632418,0.688322,0.669494,0.676944,0.694363,0.593534,0.624728,0.663742,0.608526,0.650365,0.680589,0.683353,0.682618,0.576674,0.712094,0.602162,0.689413,0.684905,0.693796,0.651436,0.645259,0.596585,0.705237,0.67141,0.53151,0.53877,0.659873,0.680521,0.620058,0.654272,0.560202,0.666256,0.609533,0.695738,0.593981,0.667411,0.695546,0.641279,0.677074,0.647289,0.667618,0.68127,0.621796,0.689557,0.696187,0.696552,0.663346,0.694189,0.624701,0.747959,0.55594,0.643262,0.678791,0.669387,0.691701,0.673608,0.661979,0.704409,0.611589,0.689891,0.56125,0.685423,0.655128,0.648237,0.675691,0.715953,0.623401,0.665489,0.68039,0.609345,0.66455,0.658522,0.650203,0.573889,0.702043,0.688264
Beanie,0.698328,0.68411,0.689486,0.674394,0.685071,0.656218,0.642284,1.0,0.678423,0.683361,0.664417,0.648553,0.686434,0.645032,0.632676,0.6908,0.675743,0.666451,0.671716,0.690714,0.645428,0.659078,0.654718,0.628359,0.665829,0.653009,0.659818,0.612546,0.687994,0.67671,0.656917,0.672927,0.667717,0.669557,0.629147,0.669191,0.664432,0.663546,0.668005,0.638785,0.678949,0.631846,0.661987,0.652806,0.650361,0.58553,0.684334,0.627373,0.644532,0.626747,0.677158,0.653792,0.67852,0.660588,0.630354,0.687775,0.676584,0.669036,0.691001,0.613426,0.641548,0.666414,0.634594,0.66636,0.687669,0.671077,0.680592,0.620213,0.693615,0.635651,0.669121,0.675803,0.66572,0.656893,0.652906,0.629616,0.67805,0.641457,0.586148,0.575701,0.64156,0.629988,0.540503,0.653776,0.604992,0.639996,0.636817,0.674868,0.624464,0.662471,0.664081,0.628155,0.676196,0.659343,0.655134,0.686108,0.631358,0.676064,0.669147,0.655283,0.656321,0.667332,0.647279,0.707691,0.603287,0.640278,0.657435,0.6613,0.681997,0.696147,0.67,0.675646,0.624258,0.682184,0.599844,0.672589,0.644664,0.652681,0.674614,0.667579,0.65125,0.663684,0.67773,0.639625,0.65955,0.666173,0.664661,0.615287,0.671077,0.634439
Bed,0.755006,0.85103,0.784356,0.840652,0.862109,0.734109,0.696014,0.678423,1.0,0.887508,0.858756,0.86518,0.836681,0.8304,0.80553,0.855346,0.876318,0.826532,0.83368,0.868644,0.833728,0.888676,0.854736,0.763473,0.83858,0.81822,0.801399,0.823315,0.890115,0.857378,0.770322,0.814808,0.864642,0.881418,0.715756,0.884065,0.822547,0.818172,0.884936,0.840396,0.867836,0.839868,0.81182,0.860858,0.82069,0.81353,0.794137,0.752241,0.849256,0.853988,0.845299,0.878024,0.888159,0.820552,0.817504,0.871681,0.838005,0.837368,0.879328,0.845942,0.848019,0.83724,0.833848,0.858314,0.853801,0.879483,0.863789,0.821455,0.837953,0.82064,0.836205,0.895537,0.82306,0.845875,0.809054,0.790422,0.834382,0.840475,0.781959,0.796602,0.783488,0.81792,0.618416,0.855907,0.815094,0.7545,0.842691,0.881358,0.828191,0.863518,0.873345,0.704143,0.84517,0.847654,0.833732,0.789049,0.838727,0.866458,0.78836,0.79543,0.774357,0.859406,0.782367,0.863081,0.806559,0.878404,0.877143,0.798224,0.871197,0.790505,0.868162,0.762514,0.716061,0.878888,0.801887,0.893686,0.782228,0.779261,0.88798,0.866548,0.850613,0.815314,0.842027,0.840553,0.8791,0.863842,0.844227,0.800654,0.836172,0.6737
Bell,0.759484,0.914492,0.808584,0.851851,0.899989,0.714497,0.689821,0.683361,0.887508,1.0,0.867231,0.900218,0.842325,0.857569,0.826118,0.887504,0.889741,0.846215,0.854282,0.903381,0.88208,0.892884,0.897381,0.785664,0.880831,0.861563,0.81472,0.889953,0.928071,0.888814,0.769956,0.822948,0.890587,0.865403,0.716868,0.909429,0.85105,0.845318,0.913824,0.871234,0.907962,0.897197,0.864646,0.922512,0.852866,0.85919,0.824554,0.751944,0.893514,0.908964,0.893047,0.906894,0.903399,0.876442,0.847718,0.904039,0.870083,0.877472,0.925845,0.884111,0.908985,0.85676,0.889789,0.901537,0.891675,0.903778,0.922085,0.889556,0.867749,0.876383,0.866641,0.931622,0.847023,0.892145,0.857347,0.853828,0.842702,0.825023,0.862224,0.845436,0.786808,0.841628,0.604391,0.876005,0.883987,0.77356,0.904982,0.902148,0.886105,0.90937,0.889375,0.706536,0.889422,0.911482,0.859679,0.818156,0.891976,0.89938,0.806968,0.817261,0.778487,0.868435,0.830059,0.885253,0.885582,0.894743,0.889862,0.802662,0.900991,0.831693,0.896783,0.783261,0.749792,0.893113,0.860297,0.898923,0.812529,0.813275,0.940937,0.849417,0.898526,0.852501,0.851397,0.903107,0.898455,0.911877,0.880815,0.891505,0.855843,0.68349
Belt,0.710754,0.852272,0.742676,0.782661,0.822913,0.688674,0.661298,0.664417,0.858756,0.867231,1.0,0.873671,0.795542,0.817632,0.764168,0.839719,0.868072,0.812498,0.811436,0.839289,0.832252,0.861366,0.847472,0.719732,0.834816,0.813952,0.761251,0.84716,0.862535,0.831392,0.707601,0.770098,0.831332,0.848784,0.683221,0.873382,0.800824,0.776184,0.866544,0.83575,0.851678,0.844586,0.808086,0.8619,0.803808,0.847227,0.767259,0.704076,0.842403,0.872049,0.82405,0.873159,0.864278,0.829978,0.807657,0.844873,0.83407,0.797511,0.84664,0.867853,0.85675,0.817671,0.829771,0.848407,0.829885,0.858943,0.849141,0.836991,0.793628,0.832807,0.805434,0.874593,0.786847,0.839241,0.804096,0.807174,0.805832,0.801167,0.809312,0.836723,0.75279,0.785603,0.56163,0.826991,0.842863,0.718954,0.857123,0.858596,0.839163,0.854644,0.844005,0.675306,0.81693,0.850156,0.820069,0.762787,0.838504,0.840226,0.744137,0.757183,0.740333,0.838931,0.765552,0.827934,0.834926,0.87971,0.847119,0.784534,0.84141,0.735442,0.847343,0.718184,0.730416,0.845306,0.8283,0.884039,0.756456,0.778501,0.874207,0.819449,0.85172,0.791902,0.830329,0.844424,0.860919,0.848347,0.831219,0.808478,0.799256,0.640299
Bench,0.706984,0.894844,0.73939,0.78295,0.857787,0.652833,0.640171,0.648553,0.86518,0.900218,0.873671,1.0,0.783989,0.857941,0.753763,0.858613,0.88438,0.815043,0.829096,0.864759,0.866859,0.866851,0.893065,0.719249,0.869957,0.845254,0.766569,0.918467,0.893235,0.852235,0.680622,0.781835,0.836357,0.838198,0.669919,0.912495,0.840333,0.776886,0.890505,0.878944,0.87641,0.900462,0.850462,0.917371,0.824744,0.902011,0.753711,0.68749,0.874071,0.925591,0.852968,0.898754,0.88395,0.873553,0.831463,0.868349,0.855849,0.81306,0.880057,0.912675,0.908383,0.830701,0.892406,0.887315,0.868532,0.876368,0.888553,0.907897,0.800732,0.882491,0.81317,0.904064,0.775989,0.872561,0.833673,0.863234,0.804398,0.803729,0.894179,0.893043,0.75805,0.790286,0.507863,0.855526,0.916938,0.722485,0.913635,0.874049,0.898642,0.883728,0.847477,0.652743,0.844948,0.898518,0.846618,0.769825,0.879587,0.855999,0.724488,0.75056,0.723916,0.836632,0.805762,0.820748,0.907421,0.910928,0.858254,0.793729,0.85601,0.753884,0.879341,0.698735,0.751288,0.856426,0.88418,0.894555,0.786318,0.79049,0.913627,0.796795,0.897651,0.813235,0.839616,0.902011,0.881177,0.882262,0.862097,0.88151,0.797787,0.609447
Bike,0.816794,0.788726,0.77268,0.84597,0.844723,0.801798,0.737826,0.686434,0.836681,0.842325,0.795542,0.783989,1.0,0.748153,0.874198,0.820755,0.840189,0.815564,0.792539,0.831514,0.818395,0.865547,0.784598,0.74466,0.806155,0.805142,0.829466,0.728452,0.842739,0.818935,0.87352,0.778833,0.882971,0.817431,0.726146,0.817209,0.739084,0.854518,0.861412,0.823586,0.845015,0.771465,0.783423,0.804411,0.810035,0.700598,0.823608,0.799044,0.832474,0.791012,0.815697,0.822354,0.850384,0.783519,0.791254,0.856001,0.794778,0.882595,0.856513,0.746212,0.807172,0.852815,0.776364,0.807963,0.818186,0.8774,0.841677,0.709545,0.850042,0.747416,0.853974,0.867807,0.852331,0.789969,0.810962,0.73524,0.883511,0.779552,0.658389,0.675362,0.744146,0.841606,0.683657,0.803442,0.700948,0.757649,0.765725,0.850679,0.751707,0.853785,0.888092,0.733757,0.801155,0.805478,0.789853,0.798145,0.829897,0.882632,0.841324,0.820733,0.800724,0.85467,0.740158,0.879372,0.709682,0.789265,0.865852,0.741809,0.910762,0.806612,0.803805,0.814485,0.78176,0.880738,0.710515,0.843298,0.738227,0.772756,0.85892,0.877603,0.801294,0.807199,0.767171,0.74786,0.836204,0.833239,0.814334,0.737668,0.833919,0.781897
Binder,0.704077,0.841128,0.730557,0.781592,0.852922,0.637306,0.629197,0.645032,0.8304,0.857569,0.817632,0.857941,0.748153,1.0,0.721897,0.824145,0.837361,0.762343,0.816991,0.840047,0.811952,0.817342,0.87277,0.712635,0.835519,0.799573,0.749651,0.858165,0.875821,0.831182,0.680141,0.814269,0.807963,0.81195,0.6607,0.870899,0.843928,0.76287,0.845505,0.828337,0.839602,0.858244,0.826884,0.870968,0.787227,0.823721,0.710327,0.692462,0.822999,0.858463,0.82701,0.855008,0.847435,0.819937,0.784183,0.841039,0.817149,0.78988,0.857097,0.846162,0.846096,0.801693,0.851914,0.849264,0.854816,0.828598,0.854816,0.873359,0.792237,0.840242,0.783551,0.862609,0.74124,0.818239,0.793158,0.822295,0.765332,0.797202,0.845044,0.8213,0.75644,0.72852,0.477657,0.840594,0.869863,0.712123,0.865615,0.837732,0.859398,0.832837,0.801943,0.639469,0.835799,0.845899,0.817579,0.758656,0.823735,0.821828,0.703499,0.708088,0.729191,0.799659,0.819168,0.789508,0.849612,0.855328,0.824594,0.778097,0.813974,0.779955,0.862264,0.682894,0.714663,0.830724,0.828391,0.845461,0.788851,0.739883,0.866812,0.774317,0.853766,0.789877,0.819169,0.87438,0.842862,0.84616,0.829976,0.83415,0.756047,0.586167
Binoculars,0.752459,0.786155,0.769996,0.818413,0.78714,0.75525,0.677884,0.632676,0.80553,0.826118,0.764168,0.753763,0.874198,0.721897,1.0,0.786057,0.790851,0.783122,0.769706,0.80904,0.824862,0.847304,0.764461,0.737028,0.780572,0.786358,0.791976,0.71553,0.813457,0.796707,0.821555,0.718658,0.874836,0.787848,0.687768,0.778149,0.696708,0.818708,0.842432,0.7658,0.832635,0.776002,0.752728,0.787768,0.795554,0.692384,0.801957,0.786118,0.830195,0.779037,0.809463,0.824393,0.810274,0.768588,0.779984,0.828004,0.774163,0.87121,0.829863,0.740273,0.794419,0.829295,0.736164,0.778659,0.775539,0.851744,0.821035,0.703469,0.823658,0.746108,0.838024,0.840185,0.847962,0.785616,0.784743,0.726326,0.857843,0.730978,0.659809,0.664638,0.689462,0.825159,0.684893,0.789045,0.694601,0.718635,0.760879,0.824877,0.737386,0.841108,0.872527,0.690105,0.778667,0.790069,0.751886,0.765116,0.819034,0.843373,0.830859,0.810693,0.763496,0.83034,0.700764,0.843822,0.711921,0.766401,0.853406,0.694102,0.875806,0.769632,0.775178,0.793463,0.708639,0.856366,0.707055,0.819373,0.707178,0.731447,0.843984,0.833995,0.781833,0.786807,0.735871,0.742101,0.827308,0.830392,0.785805,0.739464,0.835215,0.752017
Birdfeeder,0.752665,0.888669,0.799487,0.825818,0.860451,0.731313,0.697089,0.6908,0.855346,0.887504,0.839719,0.858613,0.820755,0.824145,0.786057,1.0,0.860309,0.84802,0.83532,0.873126,0.842531,0.842891,0.852925,0.773858,0.848009,0.834725,0.79028,0.84441,0.88029,0.853237,0.755506,0.803752,0.840763,0.83035,0.714328,0.868862,0.828401,0.808261,0.871872,0.833231,0.86537,0.844492,0.826508,0.874201,0.829254,0.814265,0.835778,0.727354,0.840966,0.85928,0.858044,0.854881,0.858268,0.848779,0.813729,0.870775,0.835857,0.82648,0.883253,0.836202,0.86313,0.832841,0.845637,0.860848,0.86291,0.867499,0.875381,0.842344,0.833434,0.842245,0.82924,0.888385,0.83251,0.860991,0.834036,0.825889,0.827007,0.784268,0.816195,0.793255,0.775746,0.824129,0.642782,0.83972,0.838448,0.76315,0.853125,0.862737,0.842147,0.868246,0.850949,0.727717,0.854917,0.886551,0.825063,0.804695,0.839223,0.858989,0.790608,0.81415,0.774328,0.837625,0.822333,0.88,0.834093,0.840693,0.847144,0.788923,0.861772,0.809349,0.853923,0.782907,0.743526,0.858854,0.813499,0.869294,0.784699,0.827645,0.890667,0.821086,0.860463,0.82588,0.825589,0.854825,0.852571,0.864041,0.857501,0.835469,0.852327,0.698672
Boat,0.75252,0.863121,0.758145,0.818984,0.857291,0.710332,0.68897,0.675743,0.876318,0.889741,0.868072,0.88438,0.840189,0.837361,0.790851,0.860309,1.0,0.824257,0.829129,0.863917,0.848607,0.882853,0.869583,0.735853,0.856344,0.834362,0.7961,0.859794,0.89233,0.851059,0.751577,0.805761,0.85424,0.852762,0.70155,0.895576,0.830547,0.800112,0.88917,0.866458,0.870458,0.860292,0.837381,0.881445,0.823308,0.848078,0.780633,0.72786,0.858283,0.882632,0.8451,0.881244,0.889903,0.84749,0.823635,0.871004,0.845077,0.829399,0.881907,0.871751,0.871254,0.846586,0.859714,0.871507,0.86485,0.882903,0.879226,0.853223,0.821223,0.844434,0.829062,0.902285,0.807186,0.849769,0.826113,0.820624,0.83438,0.831157,0.821787,0.834433,0.777216,0.810449,0.577966,0.851549,0.852337,0.743718,0.870956,0.883523,0.856629,0.874198,0.867832,0.690419,0.841782,0.871459,0.84592,0.789582,0.857299,0.866836,0.763888,0.779453,0.764242,0.852017,0.793672,0.858357,0.843182,0.889343,0.865944,0.798401,0.871913,0.779407,0.873253,0.73925,0.763151,0.876802,0.833084,0.904772,0.783246,0.790956,0.899937,0.847675,0.871598,0.81757,0.83969,0.861845,0.880113,0.866724,0.855564,0.829174,0.817109,0.664406
Bonzai,0.73771,0.840676,0.793395,0.806988,0.806932,0.75486,0.681587,0.666451,0.826532,0.846215,0.812498,0.815043,0.815564,0.762343,0.783122,0.84802,0.824257,1.0,0.797361,0.828737,0.79697,0.832072,0.792413,0.767242,0.795034,0.808942,0.7704,0.775901,0.828709,0.811994,0.750335,0.751135,0.826445,0.806571,0.710868,0.817398,0.755034,0.781937,0.846581,0.783799,0.826797,0.785734,0.762943,0.817328,0.833505,0.757794,0.832231,0.725427,0.795476,0.802292,0.818288,0.816427,0.827733,0.806497,0.795483,0.835858,0.791059,0.79652,0.836088,0.789961,0.817889,0.807213,0.781881,0.813497,0.801488,0.857582,0.823567,0.762611,0.797446,0.789844,0.808428,0.85973,0.852896,0.82718,0.802043,0.769457,0.820324,0.753197,0.728677,0.733339,0.74179,0.841642,0.709254,0.795115,0.764998,0.733023,0.789237,0.831065,0.777148,0.829366,0.852078,0.733486,0.801232,0.844225,0.783515,0.775836,0.791773,0.842265,0.79941,0.822831,0.763802,0.822392,0.762296,0.877456,0.762162,0.804459,0.822039,0.742063,0.846923,0.756284,0.807373,0.790292,0.690641,0.825082,0.755331,0.844517,0.730211,0.865513,0.847567,0.825887,0.809637,0.791848,0.786007,0.788507,0.835244,0.822986,0.827282,0.755161,0.860868,0.704208
Book,0.743188,0.840476,0.772628,0.81086,0.840858,0.705897,0.674169,0.671716,0.83368,0.854282,0.811436,0.829096,0.792539,0.816991,0.769706,0.83532,0.829129,0.797361,1.0,0.845812,0.813928,0.82602,0.836481,0.744901,0.818416,0.803324,0.773774,0.808156,0.857526,0.829316,0.742412,0.799363,0.824503,0.814782,0.696871,0.846653,0.813009,0.787394,0.845195,0.804007,0.838776,0.822818,0.802041,0.838601,0.799904,0.775964,0.780139,0.729694,0.817959,0.822783,0.831772,0.836768,0.839628,0.810957,0.787066,0.844784,0.812122,0.808535,0.855137,0.80732,0.825595,0.812047,0.814243,0.831078,0.837361,0.83963,0.842685,0.814306,0.815043,0.809198,0.805769,0.857324,0.796242,0.820153,0.796468,0.798063,0.805482,0.786078,0.78144,0.763844,0.759105,0.781155,0.591436,0.825428,0.807073,0.737889,0.824051,0.838172,0.81674,0.834121,0.828035,0.693847,0.827596,0.837003,0.802385,0.779223,0.808731,0.830689,0.764699,0.767182,0.758733,0.816035,0.799937,0.832494,0.797584,0.823248,0.830691,0.76857,0.836285,0.797803,0.839111,0.748579,0.711089,0.838857,0.783135,0.841356,0.771521,0.764765,0.859703,0.80409,0.827679,0.803234,0.812029,0.828819,0.83423,0.83826,0.82452,0.796365,0.806611,0.665746
Bookend,0.776539,0.885368,0.796624,0.856264,0.886788,0.722928,0.69397,0.690714,0.868644,0.903381,0.839289,0.864759,0.831514,0.840047,0.80904,0.873126,0.863917,0.828737,0.845812,1.0,0.847132,0.865343,0.87634,0.770037,0.853189,0.837149,0.811408,0.850907,0.906778,0.866728,0.775068,0.833464,0.868246,0.843408,0.718,0.884672,0.855067,0.826593,0.889678,0.834891,0.881462,0.857579,0.843955,0.889277,0.830989,0.810236,0.820669,0.7353,0.854548,0.86198,0.874494,0.868304,0.878056,0.849628,0.821889,0.885051,0.842118,0.85593,0.907658,0.837989,0.874103,0.840788,0.860702,0.869105,0.885741,0.882001,0.886902,0.858268,0.860528,0.844185,0.847529,0.907659,0.837111,0.863004,0.831702,0.827836,0.830444,0.812365,0.826467,0.793881,0.789591,0.833264,0.621718,0.859461,0.848082,0.766059,0.867039,0.875298,0.856764,0.874637,0.867784,0.708879,0.872224,0.888687,0.83751,0.81426,0.852458,0.87619,0.799972,0.808642,0.775942,0.841377,0.834734,0.870168,0.840506,0.851597,0.860563,0.790131,0.883867,0.840519,0.879843,0.783246,0.728899,0.867895,0.816869,0.87446,0.801839,0.798565,0.909271,0.841492,0.863573,0.836745,0.835415,0.870119,0.868519,0.878032,0.866069,0.845593,0.842765,0.688019
Boomerang,0.700407,0.898203,0.786079,0.77515,0.823429,0.683837,0.643596,0.645428,0.833728,0.88208,0.832252,0.866859,0.818395,0.811952,0.824862,0.842531,0.848607,0.79697,0.813928,0.847132,1.0,0.847232,0.849565,0.73449,0.858143,0.850319,0.773323,0.879247,0.85216,0.832317,0.72011,0.718882,0.853273,0.808478,0.663965,0.863917,0.767359,0.800967,0.874514,0.855591,0.883783,0.906324,0.83595,0.894384,0.830342,0.863736,0.778852,0.756858,0.908087,0.914409,0.859195,0.902659,0.844675,0.873917,0.82993,0.863043,0.85792,0.865092,0.862946,0.880951,0.901261,0.860263,0.848628,0.865107,0.833273,0.871307,0.885681,0.858812,0.803699,0.871247,0.835707,0.876763,0.805153,0.867119,0.846142,0.85208,0.854508,0.729689,0.853091,0.839448,0.695098,0.800642,0.566995,0.840456,0.866172,0.71062,0.886724,0.857009,0.857358,0.900514,0.857383,0.656836,0.815663,0.877863,0.807347,0.774807,0.905891,0.850603,0.782257,0.79393,0.737222,0.857521,0.764977,0.818895,0.881523,0.861769,0.884924,0.747805,0.86852,0.758049,0.827673,0.739997,0.788311,0.886238,0.861712,0.869343,0.758219,0.768227,0.906612,0.769081,0.892246,0.818074,0.794026,0.859741,0.869519,0.899123,0.837488,0.88758,0.835844,0.685365
Car,0.764546,0.838241,0.768677,0.849173,0.850566,0.737435,0.691094,0.659078,0.888676,0.892884,0.861366,0.866851,0.865547,0.817342,0.847304,0.842891,0.882853,0.832072,0.82602,0.865343,0.847232,1.0,0.859906,0.753049,0.847274,0.826496,0.81405,0.819015,0.893661,0.859031,0.794014,0.80034,0.904401,0.871689,0.712826,0.88265,0.796728,0.829481,0.910379,0.845249,0.882569,0.845085,0.811491,0.865611,0.827549,0.813674,0.795974,0.764779,0.869436,0.865478,0.847787,0.891702,0.903754,0.824088,0.831166,0.8809,0.837442,0.866203,0.880483,0.853025,0.85986,0.8498,0.828906,0.853015,0.843405,0.906908,0.869512,0.808506,0.848869,0.819567,0.856811,0.912834,0.845776,0.843029,0.815763,0.788974,0.850496,0.848897,0.764254,0.797567,0.768944,0.836426,0.630445,0.860426,0.808146,0.747905,0.849552,0.896774,0.834777,0.881737,0.911741,0.699712,0.838036,0.85023,0.838692,0.784933,0.860689,0.889256,0.807717,0.798864,0.77395,0.870809,0.757826,0.873628,0.805958,0.892396,0.896913,0.780572,0.902557,0.77826,0.869402,0.769853,0.714098,0.889054,0.800595,0.907815,0.770874,0.777036,0.901931,0.897662,0.850879,0.819102,0.833785,0.83392,0.899779,0.873829,0.842318,0.793838,0.8369,0.684174
Cellphone,0.737092,0.880362,0.745498,0.814591,0.881053,0.652276,0.634431,0.654718,0.854736,0.897381,0.847472,0.893065,0.784598,0.87277,0.764461,0.852925,0.869583,0.792413,0.836481,0.87634,0.849565,0.859906,1.0,0.726019,0.871815,0.839632,0.782255,0.905344,0.9154,0.861759,0.708574,0.83347,0.856376,0.823118,0.676299,0.901628,0.873813,0.792256,0.887452,0.857011,0.878171,0.895153,0.866793,0.918292,0.82019,0.863846,0.742234,0.695624,0.858634,0.902658,0.863718,0.886605,0.88088,0.863704,0.821463,0.877832,0.841611,0.832766,0.899324,0.88316,0.897201,0.835838,0.896504,0.883161,0.89382,0.874455,0.89336,0.919268,0.82817,0.881454,0.820519,0.905431,0.778937,0.856368,0.831961,0.863298,0.793858,0.814186,0.893313,0.859646,0.778579,0.774345,0.504707,0.865186,0.915005,0.732979,0.913144,0.869619,0.910606,0.875001,0.846581,0.65069,0.86919,0.899829,0.847283,0.786141,0.870672,0.863515,0.73146,0.739973,0.740298,0.819093,0.851362,0.822523,0.899012,0.879521,0.842591,0.786808,0.862496,0.804631,0.89596,0.710295,0.74669,0.854217,0.868364,0.879091,0.807713,0.774251,0.915286,0.807592,0.888539,0.825634,0.838364,0.915054,0.876002,0.881886,0.869671,0.882071,0.786127,0.611716
Cheese,0.681818,0.783096,0.802312,0.770055,0.768248,0.716741,0.639072,0.628359,0.763473,0.785664,0.719732,0.719249,0.74466,0.712635,0.737028,0.773858,0.735853,0.767242,0.744901,0.770037,0.73449,0.753049,0.726019,1.0,0.732454,0.734549,0.722646,0.685053,0.767417,0.772319,0.727721,0.717371,0.777048,0.763352,0.672759,0.737568,0.699337,0.767605,0.762108,0.706259,0.767484,0.721609,0.697667,0.732705,0.759632,0.65821,0.767341,0.736766,0.735645,0.713393,0.769177,0.750274,0.750652,0.721,0.722625,0.781455,0.73211,0.759369,0.783325,0.69635,0.724736,0.737594,0.70727,0.757448,0.735018,0.766157,0.769869,0.685543,0.763242,0.720197,0.75537,0.771743,0.784152,0.767825,0.733584,0.69117,0.750858,0.703112,0.655107,0.634971,0.692028,0.752933,0.678937,0.74957,0.667079,0.706343,0.70628,0.765446,0.702182,0.765101,0.777385,0.69171,0.764653,0.742334,0.71316,0.728691,0.718748,0.772349,0.754317,0.783246,0.73553,0.766513,0.713665,0.813199,0.678135,0.717122,0.768382,0.693774,0.770471,0.75375,0.737487,0.758259,0.626248,0.776085,0.673194,0.746564,0.691863,0.72813,0.775533,0.762223,0.738803,0.749799,0.728541,0.722139,0.765905,0.768867,0.749741,0.717046,0.813822,0.667661
Cheesegrater,0.73748,0.871993,0.754168,0.787887,0.850796,0.685129,0.666573,0.665829,0.83858,0.880831,0.834816,0.869957,0.806155,0.835519,0.780572,0.848009,0.856344,0.795034,0.818416,0.853189,0.858143,0.847274,0.871815,0.732454,1.0,0.835684,0.776199,0.873727,0.880909,0.846761,0.723437,0.786569,0.843441,0.810368,0.68258,0.872619,0.81462,0.797768,0.872131,0.852993,0.868333,0.87552,0.846766,0.894043,0.817921,0.842938,0.764106,0.714756,0.865845,0.888447,0.845494,0.873614,0.860113,0.864248,0.815489,0.860293,0.84021,0.833585,0.873615,0.862024,0.882433,0.829344,0.859556,0.86352,0.857993,0.863156,0.884064,0.870918,0.813198,0.859797,0.823467,0.887047,0.789172,0.850206,0.82958,0.845365,0.818681,0.771766,0.84891,0.831597,0.742188,0.7811,0.534596,0.844814,0.870963,0.731949,0.884532,0.860295,0.871279,0.878452,0.842819,0.662741,0.843851,0.878611,0.827113,0.784724,0.867241,0.8553,0.750741,0.761073,0.741578,0.830604,0.805481,0.834204,0.869328,0.858687,0.854735,0.777649,0.858178,0.77885,0.854915,0.731075,0.76508,0.85425,0.845677,0.865809,0.789947,0.778134,0.896509,0.791883,0.875279,0.816245,0.811916,0.87422,0.854651,0.872538,0.849302,0.859091,0.801841,0.658679
Christmasstreeornament,0.733394,0.866387,0.765466,0.79471,0.829584,0.701497,0.64184,0.653009,0.81822,0.861563,0.813952,0.845254,0.805142,0.799573,0.786358,0.834725,0.834362,0.808942,0.803324,0.837149,0.850319,0.826496,0.839632,0.734549,0.835684,1.0,0.771128,0.851649,0.84698,0.822339,0.721205,0.743829,0.839189,0.784935,0.680678,0.84518,0.781346,0.781689,0.860743,0.829406,0.852879,0.859628,0.820928,0.869523,0.832585,0.814313,0.774292,0.726953,0.839111,0.866719,0.843965,0.858798,0.82957,0.844879,0.813698,0.852993,0.816889,0.830098,0.860328,0.837355,0.868454,0.841613,0.845049,0.850502,0.835094,0.861052,0.865966,0.841108,0.796514,0.848509,0.815667,0.869112,0.80564,0.845505,0.834627,0.835039,0.827519,0.730745,0.825849,0.795379,0.720299,0.805345,0.59316,0.821121,0.841995,0.718756,0.858348,0.835515,0.846958,0.864223,0.84721,0.676983,0.816085,0.871728,0.799278,0.783984,0.85293,0.845387,0.761007,0.785285,0.750375,0.819307,0.795865,0.831381,0.845329,0.821567,0.833503,0.743512,0.857263,0.776664,0.826354,0.74639,0.75565,0.844678,0.821944,0.85155,0.751691,0.785947,0.88558,0.784191,0.860788,0.81212,0.778527,0.848297,0.855639,0.860109,0.848969,0.851159,0.821864,0.675023
Clock,0.777505,0.779299,0.748454,0.81448,0.813654,0.73293,0.684556,0.659818,0.801399,0.81472,0.761251,0.766569,0.829466,0.749651,0.791976,0.79028,0.7961,0.7704,0.773774,0.811408,0.773323,0.81405,0.782255,0.722646,0.776199,0.771128,1.0,0.729328,0.82374,0.794798,0.788317,0.774404,0.826325,0.774141,0.688799,0.797529,0.760596,0.788014,0.819386,0.762997,0.804953,0.758194,0.76258,0.785251,0.772083,0.694044,0.765075,0.735614,0.779476,0.757677,0.7938,0.78954,0.811314,0.763127,0.757515,0.819603,0.759208,0.817937,0.83243,0.73047,0.776438,0.798048,0.764071,0.782641,0.808156,0.823947,0.806909,0.732717,0.811687,0.744048,0.798204,0.829471,0.792496,0.768851,0.766349,0.727574,0.807723,0.763354,0.689034,0.67384,0.735855,0.78278,0.635115,0.786602,0.715365,0.719328,0.757245,0.809146,0.751625,0.801241,0.825574,0.686369,0.789578,0.790285,0.767786,0.763173,0.774932,0.820795,0.768929,0.770451,0.744494,0.788922,0.752014,0.823227,0.712606,0.762563,0.800673,0.721458,0.838036,0.786956,0.795801,0.756703,0.691157,0.820161,0.704457,0.805688,0.731468,0.731598,0.826749,0.819659,0.772386,0.776553,0.757195,0.756764,0.805153,0.800201,0.790692,0.736476,0.792498,0.68955
Coatrack,0.654416,0.913949,0.707033,0.74379,0.846752,0.584251,0.570479,0.612546,0.823315,0.889953,0.84716,0.918467,0.728452,0.858165,0.71553,0.84441,0.859794,0.775901,0.808156,0.850907,0.879247,0.819015,0.905344,0.685053,0.873727,0.851649,0.729328,1.0,0.880716,0.830894,0.607719,0.748051,0.807013,0.784518,0.621334,0.900597,0.842865,0.740603,0.87263,0.876986,0.868551,0.934525,0.870959,0.945994,0.819394,0.932352,0.708401,0.636246,0.871006,0.953826,0.855384,0.894115,0.847914,0.892122,0.823689,0.852757,0.847257,0.798761,0.874239,0.929906,0.934506,0.82353,0.923592,0.892469,0.873478,0.855878,0.895665,0.961427,0.764621,0.91858,0.787448,0.890198,0.735501,0.877062,0.841662,0.901907,0.771609,0.733303,0.969933,0.924663,0.715622,0.757717,0.428152,0.844869,0.973492,0.680995,0.948669,0.843155,0.934787,0.883005,0.808777,0.595398,0.83601,0.923641,0.82783,0.753232,0.895496,0.835976,0.67417,0.713875,0.685552,0.799113,0.828943,0.772082,0.96585,0.885985,0.825692,0.760254,0.832607,0.742596,0.868554,0.652214,0.765871,0.831837,0.924627,0.869361,0.774493,0.774221,0.918827,0.724484,0.920019,0.803307,0.80353,0.936042,0.863282,0.884753,0.868561,0.942226,0.767107,0.559545
Coffeemaker,0.785221,0.885984,0.7823,0.867928,0.917913,0.707239,0.690599,0.687994,0.890115,0.928071,0.862535,0.893235,0.842739,0.875821,0.813457,0.88029,0.89233,0.828709,0.857526,0.906778,0.85216,0.893661,0.9154,0.767417,0.880909,0.84698,0.82374,0.880716,1.0,0.893182,0.778244,0.873064,0.890337,0.867033,0.719747,0.915702,0.886994,0.8383,0.913861,0.864922,0.90082,0.881978,0.872803,0.921146,0.837374,0.839361,0.796291,0.736328,0.874175,0.890673,0.885009,0.895369,0.913034,0.861778,0.835393,0.903332,0.85444,0.87193,0.935281,0.866938,0.894616,0.851905,0.894656,0.892989,0.916664,0.901259,0.916504,0.901518,0.876153,0.866183,0.859863,0.938026,0.82988,0.86822,0.842932,0.84402,0.828936,0.856933,0.856223,0.831498,0.812179,0.821656,0.574948,0.883198,0.885041,0.77465,0.902464,0.90156,0.88941,0.891964,0.880008,0.697695,0.905048,0.905435,0.867609,0.820717,0.874458,0.899518,0.791993,0.787407,0.779609,0.84986,0.857168,0.875112,0.871073,0.88589,0.875049,0.81047,0.900267,0.852255,0.9173,0.768709,0.73674,0.884698,0.845603,0.899329,0.831552,0.800209,0.937107,0.866412,0.886688,0.847652,0.859273,0.911274,0.892527,0.899553,0.884955,0.869311,0.825731,0.660983
Coffeemug,0.758004,0.863672,0.79667,0.831811,0.870529,0.72002,0.68344,0.67671,0.857378,0.888814,0.831392,0.852235,0.818935,0.831182,0.796707,0.853237,0.851059,0.811994,0.829316,0.866728,0.832317,0.859031,0.861759,0.772319,0.846761,0.822339,0.794798,0.830894,0.893182,1.0,0.762855,0.8157,0.862236,0.841829,0.708592,0.869186,0.824672,0.820839,0.873221,0.826367,0.867276,0.845301,0.822699,0.868328,0.818735,0.801471,0.790236,0.747633,0.846494,0.85337,0.853461,0.868179,0.869113,0.832226,0.809951,0.870632,0.830882,0.841268,0.885109,0.832857,0.852475,0.828419,0.840459,0.858811,0.856531,0.865988,0.874696,0.838539,0.84252,0.834189,0.833724,0.887498,0.816606,0.845275,0.817889,0.808329,0.816269,0.809938,0.802475,0.789366,0.77441,0.801231,0.604462,0.847938,0.827057,0.760273,0.852662,0.867055,0.839694,0.86364,0.858987,0.69986,0.861908,0.857983,0.825432,0.794269,0.842188,0.864374,0.783413,0.78858,0.77018,0.839727,0.809448,0.859892,0.824038,0.850346,0.855449,0.784819,0.864617,0.81424,0.861864,0.768134,0.716178,0.861031,0.807455,0.861817,0.795046,0.77806,0.89242,0.834057,0.850565,0.825265,0.828898,0.857544,0.863195,0.870856,0.844553,0.831252,0.826754,0.674004
Compass,0.795045,0.70637,0.750253,0.818332,0.780978,0.778754,0.72174,0.656917,0.770322,0.769956,0.707601,0.680622,0.87352,0.680141,0.821555,0.755506,0.751577,0.750335,0.742412,0.775068,0.72011,0.794014,0.708574,0.727721,0.723437,0.721205,0.788317,0.607719,0.778244,0.762855,1.0,0.760946,0.822535,0.753795,0.702945,0.729157,0.692421,0.810613,0.778262,0.703038,0.764805,0.664878,0.69994,0.698507,0.733777,0.575882,0.790222,0.768715,0.735037,0.661967,0.75087,0.725261,0.774547,0.691374,0.710754,0.787436,0.709962,0.816223,0.796114,0.629004,0.695226,0.767198,0.672207,0.718812,0.751979,0.793434,0.760447,0.609734,0.818474,0.649767,0.792763,0.784739,0.811054,0.7093,0.724307,0.63983,0.809588,0.747519,0.54646,0.550805,0.72048,0.778133,0.709594,0.738294,0.585175,0.727145,0.66061,0.781093,0.656921,0.762275,0.817955,0.714311,0.753839,0.716328,0.721826,0.750402,0.716635,0.804914,0.804116,0.780139,0.760003,0.778114,0.698899,0.841903,0.59205,0.690978,0.780395,0.685615,0.826387,0.785266,0.73827,0.792762,0.658378,0.801101,0.596923,0.756927,0.690623,0.697645,0.77121,0.83935,0.692717,0.754063,0.71556,0.660418,0.7553,0.749665,0.736907,0.636461,0.792707,0.755268
Computertower,0.770318,0.76818,0.724641,0.824537,0.869555,0.68126,0.682352,0.672927,0.814808,0.822948,0.770098,0.781835,0.778833,0.814269,0.718658,0.803752,0.805761,0.751135,0.799363,0.833464,0.718882,0.80034,0.83347,0.717371,0.786569,0.743829,0.774404,0.748051,0.873064,0.8157,0.760946,1.0,0.797047,0.802112,0.692177,0.826948,0.857241,0.783609,0.810612,0.757542,0.79572,0.749241,0.787872,0.798509,0.741098,0.698886,0.731407,0.683315,0.741843,0.742864,0.793175,0.768091,0.832865,0.749191,0.731509,0.820116,0.756952,0.773398,0.852464,0.731838,0.763226,0.759724,0.793644,0.792183,0.85586,0.802416,0.806746,0.783452,0.823107,0.745853,0.773782,0.836665,0.751746,0.754971,0.744309,0.736374,0.740275,0.831755,0.72522,0.698236,0.807692,0.729731,0.549592,0.803847,0.760579,0.732898,0.773865,0.814251,0.784401,0.771723,0.782201,0.67616,0.833692,0.795107,0.798085,0.764749,0.737059,0.818645,0.724166,0.710366,0.743635,0.764894,0.835981,0.812086,0.726098,0.776837,0.769515,0.765313,0.804624,0.824582,0.846847,0.718668,0.650402,0.79308,0.715627,0.802613,0.780642,0.722712,0.81838,0.827202,0.768484,0.770096,0.808781,0.800523,0.787687,0.782328,0.79929,0.726875,0.738606,0.613011
Controller,0.788166,0.846246,0.798571,0.875889,0.861453,0.767121,0.683297,0.667717,0.864642,0.890587,0.831332,0.836357,0.882971,0.807963,0.874836,0.840763,0.85424,0.826445,0.824503,0.868246,0.853273,0.904401,0.856376,0.777048,0.843441,0.839189,0.826325,0.807013,0.890337,0.862236,0.822535,0.797047,1.0,0.849159,0.723843,0.856124,0.782549,0.856439,0.905437,0.824327,0.893638,0.845941,0.818151,0.86531,0.844878,0.776988,0.812629,0.799766,0.865584,0.854602,0.872778,0.884391,0.88108,0.826198,0.830507,0.898473,0.828946,0.90547,0.893019,0.82042,0.8613,0.866542,0.826073,0.852348,0.845419,0.908397,0.882902,0.80103,0.868306,0.823103,0.874308,0.908375,0.8678,0.844722,0.838094,0.796218,0.858057,0.80732,0.755887,0.754802,0.753733,0.84462,0.655708,0.85633,0.793661,0.758332,0.846498,0.882118,0.835411,0.887161,0.919897,0.715394,0.849255,0.856967,0.821382,0.809839,0.872346,0.903144,0.840274,0.819814,0.799733,0.864021,0.779386,0.880354,0.802349,0.843453,0.887656,0.759188,0.922061,0.836466,0.858532,0.810666,0.732026,0.894243,0.788109,0.877514,0.771774,0.779615,0.909632,0.885405,0.851829,0.83644,0.810349,0.833858,0.898127,0.886779,0.85333,0.820751,0.851981,0.717319
Couch,0.721132,0.825685,0.783935,0.820526,0.845201,0.729807,0.683161,0.669557,0.881418,0.865403,0.848784,0.838198,0.817431,0.81195,0.787848,0.83035,0.852762,0.806571,0.814782,0.843408,0.808478,0.871689,0.823118,0.763352,0.810368,0.784935,0.774141,0.784518,0.867033,0.841829,0.753795,0.802112,0.849159,1.0,0.706211,0.857281,0.788674,0.817996,0.861143,0.812552,0.850202,0.810145,0.775297,0.82717,0.796668,0.791268,0.77596,0.756615,0.831546,0.825633,0.82351,0.861846,0.868596,0.78515,0.793616,0.850351,0.825003,0.815877,0.848175,0.825043,0.813504,0.807788,0.792277,0.833972,0.81524,0.85189,0.835119,0.783068,0.817563,0.788556,0.81563,0.867733,0.805333,0.824759,0.781769,0.751465,0.809722,0.828748,0.737591,0.774105,0.764232,0.795193,0.609263,0.837923,0.775622,0.739091,0.80896,0.862399,0.789817,0.83886,0.850915,0.692156,0.824473,0.805847,0.80735,0.766298,0.810608,0.851789,0.785537,0.779229,0.767708,0.86022,0.75205,0.843298,0.769631,0.865474,0.871777,0.789488,0.842196,0.769266,0.842782,0.752879,0.68167,0.86208,0.776746,0.87143,0.761903,0.754161,0.856613,0.859563,0.823098,0.787845,0.833795,0.809078,0.860459,0.842283,0.813556,0.762815,0.819542,0.653479
Cushion,0.712464,0.69487,0.705087,0.727806,0.715423,0.686095,0.64215,0.629147,0.715756,0.716868,0.683221,0.669919,0.726146,0.6607,0.687768,0.714328,0.70155,0.710868,0.696871,0.718,0.663965,0.712826,0.676299,0.672759,0.68258,0.680678,0.688799,0.621334,0.719747,0.708592,0.702945,0.692177,0.723843,0.706211,1.0,0.694043,0.669205,0.704198,0.71156,0.662127,0.708497,0.647742,0.665839,0.672395,0.692084,0.596039,0.718436,0.665711,0.666658,0.646164,0.70581,0.68342,0.713377,0.669118,0.667181,0.725866,0.678863,0.707109,0.728325,0.632354,0.663578,0.697201,0.655541,0.690379,0.70082,0.718764,0.708152,0.625283,0.721645,0.648,0.706394,0.720314,0.725123,0.688172,0.678065,0.638735,0.716627,0.678427,0.58296,0.579615,0.668463,0.695457,0.609283,0.684972,0.609527,0.665408,0.651544,0.713257,0.644423,0.698245,0.722942,0.656342,0.704799,0.687104,0.675993,0.696558,0.658499,0.720891,0.707457,0.703812,0.690183,0.702444,0.665498,0.75715,0.609095,0.665816,0.698192,0.663689,0.728213,0.717616,0.697361,0.707374,0.601784,0.719108,0.607062,0.707588,0.653908,0.677481,0.7134,0.72978,0.670752,0.693484,0.690478,0.656632,0.703921,0.696642,0.698355,0.630177,0.724256,0.652504
Desk,0.747161,0.88627,0.757464,0.823864,0.889758,0.680459,0.669475,0.669191,0.884065,0.909429,0.873382,0.912495,0.817209,0.870899,0.778149,0.868862,0.895576,0.817398,0.846653,0.884672,0.863917,0.88265,0.901628,0.737568,0.872619,0.84518,0.797529,0.900597,0.915702,0.869186,0.729157,0.826948,0.856124,0.857281,0.694043,1.0,0.867626,0.803538,0.899744,0.881662,0.88508,0.893276,0.858798,0.914107,0.827969,0.87727,0.768531,0.716982,0.873579,0.911178,0.864807,0.899536,0.901963,0.865026,0.834078,0.885098,0.858009,0.837551,0.903305,0.895898,0.898137,0.847228,0.898772,0.89176,0.893195,0.887908,0.89666,0.899626,0.83274,0.872675,0.831746,0.916352,0.794264,0.867593,0.835249,0.850789,0.823699,0.839608,0.874684,0.867728,0.791047,0.799813,0.53697,0.872636,0.898598,0.744474,0.903457,0.889297,0.890766,0.885063,0.86208,0.675544,0.86472,0.894121,0.860543,0.790646,0.876315,0.872496,0.750047,0.766419,0.751608,0.847862,0.827982,0.840951,0.885006,0.908685,0.871142,0.808408,0.874764,0.797493,0.897582,0.722261,0.747266,0.879972,0.86505,0.902938,0.806155,0.784969,0.921695,0.833629,0.89473,0.828668,0.856077,0.898884,0.889512,0.888385,0.870304,0.873584,0.810315,0.632649
Door,0.742334,0.831946,0.719189,0.801281,0.869908,0.628792,0.64102,0.664432,0.822547,0.85105,0.800824,0.840333,0.739084,0.843928,0.696708,0.828401,0.830547,0.755034,0.813009,0.855067,0.767359,0.796728,0.873813,0.699337,0.81462,0.781346,0.760596,0.842865,0.886994,0.824672,0.692421,0.857241,0.782549,0.788674,0.669205,0.867626,1.0,0.751404,0.826866,0.799262,0.815581,0.817715,0.830721,0.859939,0.762929,0.789653,0.725521,0.642064,0.774554,0.816231,0.819132,0.80832,0.83781,0.804834,0.76391,0.827853,0.787611,0.766745,0.873331,0.806627,0.826699,0.779737,0.857063,0.835062,0.887728,0.813369,0.839109,0.874717,0.809536,0.819764,0.767532,0.854106,0.735675,0.803408,0.771971,0.805081,0.740597,0.809278,0.843426,0.789804,0.803426,0.730996,0.501417,0.821479,0.857692,0.720337,0.845169,0.820836,0.850214,0.801786,0.775605,0.646506,0.848752,0.852286,0.815396,0.765939,0.78372,0.809089,0.686363,0.704755,0.716383,0.756606,0.857867,0.793157,0.825231,0.816924,0.76572,0.775984,0.801788,0.807375,0.871507,0.683588,0.68734,0.795664,0.797423,0.828987,0.791216,0.74121,0.855755,0.780607,0.823865,0.787626,0.820854,0.868021,0.809881,0.815194,0.834763,0.815462,0.745126,0.588254
Doorknob,0.755932,0.807421,0.78827,0.818192,0.841392,0.744755,0.688658,0.663546,0.818172,0.845318,0.776184,0.776886,0.854518,0.76287,0.818708,0.808261,0.800112,0.781937,0.787394,0.826593,0.800967,0.829481,0.792256,0.767605,0.797768,0.781689,0.788014,0.740603,0.8383,0.820839,0.810613,0.783609,0.856439,0.817996,0.704198,0.803538,0.751404,1.0,0.82886,0.780144,0.830826,0.777705,0.77266,0.805192,0.786898,0.713622,0.79699,0.773337,0.81741,0.782568,0.815949,0.81125,0.823108,0.774962,0.771732,0.839643,0.786627,0.851619,0.848905,0.750212,0.796528,0.799768,0.766143,0.803978,0.80413,0.83269,0.837715,0.73662,0.837816,0.758544,0.824809,0.841072,0.819945,0.798826,0.788298,0.737057,0.81697,0.763074,0.696017,0.694062,0.739378,0.792359,0.637635,0.802939,0.722935,0.742845,0.775619,0.830348,0.76219,0.836866,0.839596,0.697039,0.816013,0.796514,0.772991,0.772136,0.805605,0.855694,0.80308,0.792879,0.767125,0.828089,0.760117,0.849748,0.735257,0.783514,0.837331,0.735751,0.852639,0.802158,0.800079,0.783056,0.693269,0.842935,0.728746,0.805735,0.743342,0.741995,0.845355,0.829848,0.794099,0.796088,0.771037,0.771463,0.812247,0.82963,0.798173,0.767596,0.818895,0.723819
Drill,0.767513,0.88344,0.776665,0.859664,0.879227,0.733525,0.684002,0.668005,0.884936,0.913824,0.866544,0.890505,0.861412,0.845505,0.842432,0.871872,0.88917,0.846581,0.845195,0.889678,0.874514,0.910379,0.887452,0.762108,0.872131,0.860743,0.819386,0.87263,0.913861,0.873221,0.778262,0.810612,0.905437,0.861143,0.71156,0.899744,0.826866,0.82886,1.0,0.864301,0.904143,0.885388,0.848217,0.909311,0.856178,0.845065,0.809354,0.756499,0.885777,0.900356,0.882253,0.906756,0.901726,0.864144,0.850104,0.900772,0.855802,0.880022,0.908534,0.876897,0.901245,0.872073,0.872841,0.880939,0.878109,0.921655,0.901148,0.865035,0.854624,0.864514,0.866403,0.935406,0.853371,0.874105,0.853842,0.84333,0.857016,0.819681,0.831576,0.826163,0.770622,0.855047,0.617882,0.878419,0.866636,0.754376,0.891888,0.899004,0.877878,0.903289,0.911586,0.70188,0.864022,0.901442,0.851855,0.811896,0.888496,0.90534,0.809973,0.811118,0.784051,0.872879,0.815238,0.879265,0.861299,0.890263,0.899418,0.787616,0.916892,0.812266,0.888089,0.781806,0.748485,0.893378,0.843259,0.91418,0.793275,0.807867,0.93278,0.874673,0.887859,0.84141,0.832605,0.881376,0.914343,0.899744,0.880771,0.851775,0.851952,0.682975
Dryingrack,0.71102,0.855801,0.72518,0.768267,0.844571,0.660742,0.643014,0.638785,0.840396,0.871234,0.83575,0.878944,0.823586,0.828337,0.7658,0.833231,0.866458,0.783799,0.804007,0.834891,0.855591,0.845249,0.857011,0.706259,0.852993,0.829406,0.762997,0.876986,0.864922,0.826367,0.703038,0.757542,0.824327,0.812552,0.662127,0.881662,0.799262,0.780144,0.864301,1.0,0.855283,0.874329,0.834505,0.886923,0.811801,0.856722,0.737677,0.708653,0.861875,0.899472,0.826552,0.872639,0.860311,0.844565,0.812209,0.850549,0.832432,0.818206,0.860561,0.871668,0.878611,0.83241,0.869551,0.867085,0.846722,0.857017,0.877392,0.860759,0.786153,0.8488,0.80544,0.877576,0.764933,0.839938,0.82292,0.82997,0.818803,0.774226,0.84508,0.843322,0.728366,0.774954,0.505066,0.833469,0.864917,0.713918,0.875611,0.854674,0.85973,0.872644,0.834045,0.646283,0.818187,0.86134,0.821787,0.760445,0.869134,0.843153,0.723945,0.745905,0.728894,0.827408,0.771492,0.80963,0.864206,0.873407,0.853857,0.770293,0.850514,0.748833,0.844626,0.692072,0.782636,0.863428,0.843961,0.867418,0.766147,0.762204,0.890745,0.781971,0.879995,0.799845,0.799198,0.861168,0.856087,0.862952,0.839837,0.859699,0.784253,0.634083
Dumbbell,0.759341,0.892984,0.800225,0.8418,0.872153,0.723357,0.671881,0.678949,0.867836,0.907962,0.851678,0.87641,0.845015,0.839602,0.832635,0.86537,0.870458,0.826797,0.838776,0.881462,0.883783,0.882569,0.878171,0.767484,0.868333,0.852879,0.804953,0.868551,0.90082,0.867276,0.764805,0.79572,0.893638,0.850202,0.708497,0.88508,0.815581,0.830826,0.904143,0.855283,1.0,0.888899,0.848353,0.902225,0.845253,0.838858,0.806918,0.7643,0.889501,0.897534,0.883556,0.900227,0.883499,0.865636,0.83733,0.89596,0.859784,0.882573,0.899532,0.866903,0.894731,0.860881,0.864896,0.879218,0.867004,0.896449,0.901699,0.862286,0.850715,0.862818,0.860473,0.912851,0.838962,0.87277,0.849471,0.843554,0.847642,0.795235,0.834106,0.821225,0.751388,0.826648,0.593935,0.865362,0.860081,0.753267,0.887905,0.883784,0.868403,0.899687,0.885955,0.699527,0.8601,0.888759,0.836128,0.8105,0.890422,0.887345,0.813186,0.805459,0.777576,0.863015,0.802549,0.862437,0.865479,0.87258,0.890009,0.781915,0.90065,0.826523,0.872142,0.780917,0.759899,0.893126,0.843377,0.886439,0.791304,0.796244,0.922198,0.836183,0.888345,0.838428,0.828783,0.875822,0.892237,0.902447,0.863954,0.871064,0.843623,0.687818
Dustpan,0.686188,0.908468,0.757069,0.776108,0.851488,0.634545,0.597042,0.631846,0.839868,0.897197,0.844586,0.900462,0.771465,0.858244,0.776002,0.844492,0.860292,0.785734,0.822818,0.857579,0.906324,0.845085,0.895153,0.721609,0.87552,0.859628,0.758194,0.934525,0.881978,0.845301,0.664878,0.749241,0.845941,0.810145,0.647742,0.893276,0.817715,0.777705,0.885388,0.874329,0.888899,1.0,0.864134,0.932347,0.838561,0.902576,0.729201,0.719311,0.897986,0.944314,0.871268,0.920596,0.85894,0.887177,0.835784,0.871028,0.86221,0.848905,0.880294,0.918586,0.922599,0.85806,0.901496,0.894262,0.862454,0.874489,0.902821,0.927295,0.794045,0.910302,0.821117,0.89555,0.77347,0.876952,0.851448,0.887892,0.816648,0.748105,0.924935,0.891491,0.710808,0.771659,0.481454,0.862697,0.935016,0.702651,0.931821,0.861822,0.911044,0.898688,0.845339,0.626618,0.838165,0.903723,0.828614,0.77487,0.910748,0.853507,0.732874,0.748479,0.728045,0.837931,0.811776,0.796701,0.937165,0.888219,0.873363,0.763728,0.859545,0.771087,0.8663,0.697205,0.779634,0.875127,0.905169,0.881067,0.782077,0.768067,0.922105,0.756949,0.920537,0.821427,0.808926,0.918041,0.889038,0.908053,0.86222,0.928391,0.798019,0.611428
Fan,0.741231,0.860167,0.729948,0.779339,0.849393,0.64392,0.648361,0.661987,0.81182,0.864646,0.808086,0.850462,0.783423,0.826884,0.752728,0.826508,0.837381,0.762943,0.802041,0.843955,0.83595,0.811491,0.866793,0.697667,0.846766,0.820928,0.76258,0.870959,0.872803,0.822699,0.69994,0.787872,0.818151,0.775297,0.665839,0.858798,0.830721,0.77266,0.848217,0.834505,0.848353,0.864134,1.0,0.886722,0.79614,0.823877,0.738372,0.678951,0.833743,0.868909,0.837803,0.847522,0.835752,0.845501,0.793156,0.843433,0.820748,0.819767,0.871011,0.839763,0.869711,0.81731,0.865147,0.852014,0.866611,0.838053,0.876147,0.878093,0.801547,0.849656,0.802785,0.866442,0.759617,0.829844,0.817631,0.840371,0.789382,0.749946,0.862498,0.816479,0.738462,0.754185,0.494978,0.822256,0.874851,0.711755,0.880523,0.832695,0.86608,0.851363,0.807969,0.637417,0.835427,0.873031,0.81386,0.780016,0.848977,0.83496,0.721862,0.731639,0.721673,0.791637,0.817887,0.800233,0.867556,0.826639,0.810529,0.758828,0.83585,0.791924,0.848209,0.707099,0.76123,0.82933,0.834823,0.841144,0.780545,0.755245,0.88314,0.760822,0.860894,0.802141,0.792949,0.874154,0.832842,0.853419,0.842374,0.867508,0.76641,0.632587
Faucet,0.722835,0.920415,0.751438,0.808711,0.887703,0.653224,0.631245,0.652806,0.860858,0.922512,0.8619,0.917371,0.804411,0.870968,0.787768,0.874201,0.881445,0.817328,0.838601,0.889277,0.894384,0.865611,0.918292,0.732705,0.894043,0.869523,0.785251,0.945994,0.921146,0.868328,0.698507,0.798509,0.86531,0.82717,0.672395,0.914107,0.859939,0.805192,0.909311,0.886923,0.902225,0.932347,0.886722,1.0,0.847555,0.9045,0.768506,0.697637,0.89754,0.947401,0.8857,0.913521,0.884539,0.898907,0.847937,0.890508,0.866277,0.85976,0.914679,0.915763,0.941671,0.85543,0.921429,0.905396,0.902422,0.895856,0.923379,0.945766,0.830029,0.9125,0.840603,0.928454,0.800493,0.891909,0.863923,0.893096,0.820859,0.777618,0.93268,0.892828,0.754332,0.808703,0.508256,0.875481,0.947876,0.729916,0.944844,0.88148,0.927705,0.911717,0.86055,0.647329,0.876724,0.937426,0.852969,0.796645,0.913848,0.8855,0.748778,0.768082,0.73895,0.840878,0.846439,0.832878,0.942678,0.894483,0.872339,0.784786,0.885703,0.799694,0.89731,0.722706,0.774241,0.872681,0.906007,0.894055,0.806357,0.805347,0.945262,0.795041,0.92514,0.836224,0.82714,0.93628,0.890979,0.912667,0.892459,0.928857,0.814193,0.628964
Flower,0.732693,0.85408,0.791144,0.810234,0.82089,0.733369,0.645684,0.650361,0.82069,0.852866,0.803808,0.824744,0.810035,0.787227,0.795554,0.829254,0.823308,0.833505,0.799904,0.830989,0.830342,0.827549,0.82019,0.759632,0.817921,0.832585,0.772083,0.819394,0.837374,0.818735,0.733777,0.741098,0.844878,0.796668,0.692084,0.827969,0.762929,0.786898,0.856178,0.811801,0.845253,0.838561,0.79614,0.847555,1.0,0.784052,0.783404,0.748631,0.823117,0.840343,0.841212,0.849822,0.823892,0.825488,0.810237,0.848742,0.805145,0.828553,0.85081,0.816482,0.845004,0.84166,0.819599,0.840281,0.815637,0.862885,0.85364,0.810715,0.793827,0.831203,0.816624,0.864314,0.830466,0.840741,0.824752,0.808962,0.832389,0.731441,0.786823,0.761742,0.717742,0.824556,0.641556,0.819047,0.806671,0.7244,0.829595,0.832152,0.819827,0.851502,0.856556,0.692907,0.809576,0.852962,0.787335,0.784625,0.829836,0.845904,0.780109,0.805633,0.771103,0.823353,0.784129,0.841761,0.810804,0.807789,0.835603,0.736843,0.856894,0.781685,0.81661,0.767414,0.735479,0.848744,0.794034,0.844515,0.742693,0.799721,0.872112,0.801706,0.846536,0.808779,0.770244,0.827379,0.859133,0.851093,0.842495,0.818711,0.845751,0.687147
Flute,0.604877,0.881099,0.685869,0.694149,0.793497,0.56504,0.556516,0.58553,0.81353,0.85919,0.847227,0.902011,0.700598,0.823721,0.692384,0.814265,0.848078,0.757794,0.775964,0.810236,0.863736,0.813674,0.863846,0.65821,0.842938,0.814313,0.694044,0.932352,0.839361,0.801471,0.575882,0.698886,0.776988,0.791268,0.596039,0.87727,0.789653,0.713622,0.845065,0.856722,0.838858,0.902576,0.823877,0.9045,0.784052,1.0,0.68114,0.623048,0.857667,0.934705,0.810916,0.88231,0.830409,0.86055,0.801382,0.81549,0.831056,0.756904,0.823888,0.927304,0.900504,0.791878,0.871497,0.859951,0.817994,0.827392,0.854676,0.912819,0.722635,0.883293,0.755774,0.855184,0.70696,0.85061,0.80315,0.854956,0.750937,0.727019,0.921297,0.922653,0.686567,0.728187,0.419175,0.81535,0.933102,0.649636,0.912992,0.827147,0.890805,0.857503,0.789372,0.569795,0.791443,0.87525,0.802961,0.706111,0.871735,0.800925,0.648621,0.692723,0.653987,0.797404,0.757499,0.74587,0.928349,0.892634,0.816718,0.745524,0.791507,0.666301,0.830673,0.616137,0.73551,0.81349,0.903548,0.861654,0.735901,0.744545,0.879713,0.710424,0.888307,0.763136,0.7933,0.890905,0.844662,0.855679,0.822125,0.891371,0.746445,0.537891
Fossils,0.756823,0.824419,0.798688,0.80995,0.785323,0.7718,0.7266,0.684334,0.794137,0.824554,0.767259,0.753711,0.823608,0.710327,0.801957,0.835778,0.780633,0.832231,0.780139,0.820669,0.778852,0.795974,0.742234,0.767341,0.764106,0.774292,0.765075,0.708401,0.796291,0.790236,0.790222,0.731407,0.812629,0.77596,0.718436,0.768531,0.725521,0.79699,0.809354,0.737677,0.806918,0.729201,0.738372,0.768506,0.783404,0.68114,1.0,0.726458,0.774562,0.741905,0.807217,0.763702,0.787655,0.772624,0.758061,0.816637,0.768494,0.802403,0.820263,0.714218,0.772872,0.777552,0.728198,0.770852,0.7764,0.814106,0.802862,0.696347,0.81806,0.733022,0.808239,0.817281,0.859743,0.803633,0.778551,0.729398,0.814582,0.717882,0.661959,0.651301,0.726458,0.841868,0.763778,0.756502,0.687975,0.753301,0.735823,0.801093,0.719238,0.809439,0.821498,0.752545,0.788559,0.808895,0.746395,0.78256,0.757325,0.814692,0.832175,0.846403,0.763938,0.797538,0.728683,0.880932,0.700233,0.737563,0.793501,0.723548,0.830647,0.784564,0.763244,0.827577,0.683389,0.801605,0.68823,0.790727,0.711598,0.802955,0.816594,0.803751,0.758574,0.784213,0.757953,0.731303,0.778267,0.792394,0.784118,0.726277,0.861407,0.781436
Frisbee,0.71044,0.723475,0.781037,0.76226,0.741365,0.745063,0.641901,0.627373,0.752241,0.751944,0.704076,0.68749,0.799044,0.692462,0.786118,0.727354,0.72786,0.725427,0.729694,0.7353,0.756858,0.764779,0.695624,0.736766,0.714756,0.726953,0.735614,0.636246,0.736328,0.747633,0.768715,0.683315,0.799766,0.756615,0.665711,0.716982,0.642064,0.773337,0.756499,0.708653,0.7643,0.719311,0.678951,0.697637,0.748631,0.623048,0.726458,1.0,0.753582,0.700626,0.749643,0.768104,0.744753,0.696713,0.714836,0.771865,0.72546,0.797581,0.752948,0.67727,0.69907,0.779401,0.669937,0.731256,0.701686,0.771821,0.752641,0.627986,0.757776,0.689759,0.762958,0.749996,0.771828,0.719809,0.726789,0.66178,0.794795,0.697076,0.585103,0.598992,0.653281,0.720743,0.647424,0.742547,0.614414,0.686826,0.676756,0.760326,0.662937,0.760709,0.795539,0.677467,0.718272,0.689594,0.694976,0.720804,0.735865,0.767285,0.77466,0.754137,0.750547,0.787288,0.662127,0.785068,0.632739,0.710447,0.797848,0.67161,0.784824,0.740321,0.709233,0.748553,0.66734,0.812351,0.643783,0.750369,0.670425,0.668517,0.756496,0.771812,0.724095,0.73768,0.702329,0.675253,0.778003,0.769698,0.716046,0.67606,0.782981,0.702133
Fryingpan,0.703016,0.884934,0.773034,0.783794,0.834792,0.685818,0.648905,0.644532,0.849256,0.893514,0.842403,0.874071,0.832474,0.822999,0.830195,0.840966,0.858283,0.795476,0.817959,0.854548,0.908087,0.869436,0.858634,0.735645,0.865845,0.839111,0.779476,0.871006,0.874175,0.846494,0.735037,0.741843,0.865584,0.831546,0.666658,0.873579,0.774554,0.81741,0.885777,0.861875,0.889501,0.897986,0.833743,0.89754,0.823117,0.857667,0.774562,0.753582,1.0,0.91322,0.854591,0.907794,0.867645,0.864736,0.828325,0.866605,0.862113,0.869314,0.869409,0.880877,0.897133,0.846821,0.842639,0.864779,0.835066,0.875777,0.88966,0.855114,0.818131,0.858871,0.844519,0.892549,0.806483,0.862284,0.833921,0.837055,0.848741,0.765278,0.835481,0.840842,0.703771,0.801416,0.544884,0.851763,0.859559,0.72333,0.886598,0.874083,0.855469,0.904408,0.86748,0.652553,0.830767,0.869181,0.817478,0.772635,0.903219,0.863568,0.787789,0.780408,0.737875,0.865352,0.754407,0.825927,0.873496,0.882489,0.905281,0.761601,0.878847,0.758686,0.843192,0.736213,0.773781,0.887018,0.854216,0.874636,0.771344,0.764104,0.910508,0.792245,0.886424,0.816033,0.805347,0.862,0.870508,0.899429,0.833129,0.866327,0.822595,0.677899
Glasses,0.673267,0.917672,0.738903,0.766687,0.850072,0.631887,0.604802,0.626747,0.853988,0.908964,0.872049,0.925591,0.791012,0.858463,0.779037,0.85928,0.882632,0.802292,0.822783,0.86198,0.914409,0.865478,0.902658,0.713393,0.888447,0.866719,0.757677,0.953826,0.890673,0.85337,0.661967,0.742864,0.854602,0.825633,0.646164,0.911178,0.816231,0.782568,0.900356,0.899472,0.897534,0.944314,0.868909,0.947401,0.840343,0.934705,0.741905,0.700626,0.91322,1.0,0.868649,0.932174,0.875535,0.897703,0.846912,0.875854,0.874599,0.841823,0.882022,0.94398,0.943922,0.855935,0.910231,0.903712,0.865841,0.889014,0.9119,0.934983,0.790605,0.91771,0.827201,0.911109,0.777837,0.89114,0.859637,0.890969,0.817948,0.758228,0.934399,0.922127,0.714751,0.78918,0.47783,0.86437,0.950353,0.703625,0.947924,0.877353,0.923347,0.915227,0.859385,0.624812,0.843896,0.919084,0.841086,0.767247,0.929266,0.86576,0.728192,0.752496,0.718033,0.849904,0.797104,0.807407,0.954537,0.913896,0.883923,0.775418,0.870897,0.744771,0.87182,0.689914,0.787915,0.879032,0.92243,0.899079,0.780313,0.78547,0.936253,0.770485,0.932469,0.819192,0.819181,0.923953,0.894707,0.913217,0.871548,0.931687,0.803807,0.607924
Glove,0.755994,0.889692,0.805773,0.848047,0.868309,0.721028,0.665594,0.677158,0.845299,0.893047,0.82405,0.852968,0.815697,0.82701,0.809463,0.858044,0.8451,0.818288,0.831772,0.874494,0.859195,0.847787,0.863718,0.769177,0.845494,0.843965,0.7938,0.855384,0.885009,0.853461,0.75087,0.793175,0.872778,0.82351,0.70581,0.864807,0.819132,0.815949,0.882253,0.826552,0.883556,0.871268,0.837803,0.8857,0.841212,0.810916,0.807217,0.749643,0.854591,0.868649,1.0,0.871788,0.856511,0.850609,0.821667,0.885837,0.839052,0.865953,0.893926,0.83935,0.87438,0.851902,0.858586,0.866349,0.862911,0.877187,0.887839,0.856706,0.843401,0.855887,0.844439,0.890912,0.834401,0.863327,0.843413,0.839815,0.827857,0.770695,0.832674,0.792676,0.752207,0.822363,0.614583,0.848432,0.849543,0.749253,0.870221,0.858644,0.856338,0.876079,0.863372,0.700659,0.854042,0.885066,0.818604,0.812455,0.859906,0.870806,0.805591,0.805881,0.779203,0.83663,0.825795,0.852808,0.852078,0.835913,0.853439,0.767549,0.880932,0.845756,0.860163,0.785424,0.740051,0.870083,0.824817,0.857641,0.782941,0.793153,0.90748,0.815056,0.871136,0.834261,0.815413,0.869495,0.873967,0.884363,0.859331,0.866962,0.843544,0.683056
Goggles,0.717167,0.893597,0.788039,0.810379,0.855795,0.69379,0.646189,0.653792,0.878024,0.906894,0.873159,0.898754,0.822354,0.855008,0.824393,0.854881,0.881244,0.816427,0.836768,0.868304,0.902659,0.891702,0.886605,0.750274,0.873614,0.858798,0.78954,0.894115,0.895369,0.868179,0.725261,0.768091,0.884391,0.861846,0.68342,0.899536,0.80832,0.81125,0.906756,0.872639,0.900227,0.920596,0.847522,0.913521,0.849822,0.88231,0.763702,0.768104,0.907794,0.932174,0.871788,1.0,0.885746,0.870612,0.848657,0.882655,0.871187,0.867416,0.885563,0.913516,0.907515,0.876765,0.872311,0.889905,0.856098,0.899087,0.899733,0.887292,0.823103,0.890979,0.850443,0.91098,0.816158,0.876201,0.849076,0.853766,0.849852,0.796205,0.865431,0.869755,0.738082,0.803546,0.556389,0.875401,0.89249,0.731399,0.911434,0.890129,0.883566,0.906512,0.890282,0.666127,0.849427,0.885556,0.840785,0.789604,0.91048,0.875911,0.779344,0.784092,0.765893,0.878739,0.791933,0.838313,0.89522,0.909282,0.908812,0.787142,0.883888,0.770534,0.872711,0.739796,0.76356,0.899133,0.879283,0.912404,0.788395,0.779315,0.924096,0.825802,0.90515,0.83132,0.832607,0.895996,0.915335,0.914522,0.863317,0.880907,0.831602,0.6593
Grill,0.769401,0.856625,0.767581,0.845311,0.878696,0.721968,0.694545,0.67852,0.888159,0.903399,0.864278,0.88395,0.850384,0.847435,0.810274,0.858268,0.889903,0.827733,0.839628,0.878056,0.844675,0.903754,0.88088,0.750652,0.860113,0.82957,0.811314,0.847914,0.913034,0.869113,0.774547,0.832865,0.88108,0.868596,0.713377,0.901963,0.83781,0.823108,0.901726,0.860311,0.883499,0.85894,0.835752,0.884539,0.823892,0.830409,0.787655,0.744753,0.867645,0.875535,0.856511,0.885746,1.0,0.841665,0.825213,0.887443,0.847644,0.853812,0.895481,0.860554,0.869754,0.842883,0.859528,0.87112,0.872209,0.894313,0.883473,0.846806,0.850194,0.83387,0.847332,0.916746,0.819973,0.849203,0.822263,0.812418,0.833099,0.860847,0.804116,0.82018,0.789579,0.815521,0.580602,0.864661,0.842061,0.758443,0.867881,0.895596,0.853781,0.876923,0.884147,0.698645,0.858218,0.866546,0.853773,0.794371,0.859889,0.883749,0.788723,0.780959,0.769347,0.85819,0.793567,0.863304,0.832207,0.89624,0.881739,0.801384,0.891871,0.804947,0.889382,0.75619,0.734608,0.885579,0.820861,0.897372,0.799434,0.784512,0.909388,0.869718,0.866744,0.824267,0.853978,0.862289,0.887517,0.87769,0.851742,0.822637,0.816343,0.662449
Hairbrush,0.727199,0.89634,0.759386,0.771632,0.832751,0.681072,0.652686,0.660588,0.820552,0.876442,0.829978,0.873553,0.783519,0.819937,0.768588,0.848779,0.84749,0.806497,0.810957,0.849628,0.873917,0.824088,0.863704,0.721,0.864248,0.844879,0.763127,0.892122,0.861778,0.832226,0.691374,0.749191,0.826198,0.78515,0.669118,0.865026,0.804834,0.774962,0.864144,0.844565,0.865636,0.887177,0.845501,0.898907,0.825488,0.86055,0.772624,0.696713,0.864736,0.897703,0.850609,0.870612,0.841665,1.0,0.817543,0.85421,0.838469,0.824764,0.865271,0.87082,0.895625,0.832557,0.86432,0.864173,0.84978,0.85672,0.881524,0.883253,0.794986,0.874462,0.812632,0.877739,0.786376,0.862157,0.838969,0.86523,0.8168,0.735469,0.875594,0.844393,0.72195,0.793528,0.539719,0.829944,0.887766,0.722107,0.891821,0.843222,0.873813,0.874382,0.831942,0.656929,0.827333,0.895357,0.814224,0.782494,0.87366,0.839958,0.746646,0.772222,0.726058,0.81797,0.803595,0.821323,0.8893,0.846251,0.833897,0.760794,0.849033,0.767766,0.841769,0.73114,0.78022,0.842698,0.861097,0.857913,0.776418,0.796457,0.898301,0.756655,0.881541,0.814862,0.800418,0.87777,0.84988,0.87407,0.848252,0.882509,0.805416,0.66841
Hairclip,0.714921,0.840334,0.749294,0.782033,0.80982,0.688021,0.632418,0.630354,0.817504,0.847718,0.807657,0.831463,0.791254,0.784183,0.779984,0.813729,0.823635,0.795483,0.787066,0.821889,0.82993,0.831166,0.821463,0.722625,0.815489,0.813698,0.757515,0.823689,0.835393,0.809951,0.710754,0.731509,0.830507,0.793616,0.667181,0.834078,0.76391,0.771732,0.850104,0.812209,0.83733,0.835784,0.793156,0.847937,0.810237,0.801382,0.758061,0.714836,0.828325,0.846912,0.821667,0.848657,0.825213,0.817543,1.0,0.834825,0.801273,0.813447,0.841261,0.826461,0.844853,0.819385,0.816038,0.828484,0.812533,0.847643,0.842422,0.813765,0.784078,0.821317,0.801457,0.855821,0.795582,0.82695,0.804632,0.798685,0.811692,0.73893,0.793009,0.782108,0.711507,0.794255,0.594111,0.810923,0.813494,0.703416,0.834623,0.828653,0.820423,0.847582,0.839031,0.658264,0.799946,0.84336,0.785571,0.757856,0.832808,0.831356,0.751399,0.772435,0.732465,0.81319,0.760751,0.816486,0.815947,0.824166,0.831563,0.733509,0.841067,0.746643,0.814529,0.727128,0.718397,0.832274,0.800016,0.844701,0.735409,0.763735,0.866181,0.787899,0.837565,0.78991,0.771755,0.823992,0.845165,0.842297,0.825319,0.814388,0.810789,0.656538
Handbag,0.789379,0.883254,0.807016,0.869409,0.88766,0.74595,0.688322,0.687775,0.871681,0.904039,0.844873,0.868349,0.856001,0.841039,0.828004,0.870775,0.871004,0.835858,0.844784,0.885051,0.863043,0.8809,0.877832,0.781455,0.860293,0.852993,0.819603,0.852757,0.903332,0.870632,0.787436,0.820116,0.898473,0.850351,0.725866,0.885098,0.827853,0.839643,0.900772,0.850549,0.89596,0.871028,0.843433,0.890508,0.848742,0.81549,0.816637,0.771865,0.866605,0.875854,0.885837,0.882655,0.887443,0.85421,0.834825,1.0,0.845972,0.883042,0.906856,0.846162,0.878331,0.864418,0.86973,0.87892,0.877253,0.898207,0.896779,0.851612,0.860841,0.851321,0.859751,0.911267,0.846493,0.866477,0.853633,0.835406,0.84944,0.813573,0.817398,0.795639,0.776534,0.83853,0.63362,0.864236,0.842001,0.769306,0.870594,0.882018,0.861659,0.889214,0.888824,0.722109,0.865467,0.8884,0.839469,0.821404,0.870496,0.893114,0.819541,0.818855,0.793478,0.856925,0.82323,0.876775,0.84289,0.859146,0.87647,0.786854,0.904751,0.853046,0.877132,0.795396,0.756068,0.894105,0.821939,0.879416,0.797012,0.803091,0.918971,0.854955,0.878738,0.845446,0.835099,0.867391,0.891253,0.892777,0.870048,0.862254,0.852195,0.694264
Hat,0.710697,0.870814,0.774932,0.776156,0.825058,0.685292,0.669494,0.676584,0.838005,0.870083,0.83407,0.855849,0.794778,0.817149,0.774163,0.835857,0.845077,0.791059,0.812122,0.842118,0.85792,0.837442,0.841611,0.73211,0.84021,0.816889,0.759208,0.847257,0.85444,0.830882,0.709962,0.756952,0.828946,0.825003,0.678863,0.858009,0.787611,0.786627,0.855802,0.832432,0.859784,0.86221,0.820748,0.866277,0.805145,0.831056,0.768494,0.72546,0.862113,0.874599,0.839052,0.871187,0.847644,0.838469,0.801273,0.845972,1.0,0.81975,0.847733,0.855448,0.860155,0.819214,0.826601,0.850982,0.82674,0.846472,0.862024,0.838296,0.800106,0.838595,0.814526,0.863517,0.782941,0.844261,0.811327,0.818732,0.80906,0.764128,0.819913,0.818483,0.721489,0.773455,0.544163,0.829875,0.841754,0.721859,0.859787,0.850276,0.836863,0.861447,0.834019,0.666832,0.820948,0.846992,0.809778,0.772366,0.850853,0.835791,0.761557,0.761595,0.739679,0.838563,0.76265,0.817078,0.845333,0.858198,0.859397,0.774553,0.839769,0.765741,0.834068,0.73439,0.752639,0.853455,0.828778,0.856197,0.768382,0.762959,0.874379,0.780654,0.859303,0.799041,0.814156,0.845708,0.848152,0.862549,0.821427,0.833851,0.803364,0.654199
Headphones,0.787603,0.843532,0.795208,0.855664,0.858264,0.74896,0.676944,0.669036,0.837368,0.877472,0.797511,0.81306,0.882595,0.78988,0.87121,0.82648,0.829399,0.79652,0.808535,0.85593,0.865092,0.866203,0.832766,0.759369,0.833585,0.830098,0.817937,0.798761,0.87193,0.841268,0.816223,0.773398,0.90547,0.815877,0.707109,0.837551,0.766745,0.851619,0.880022,0.818206,0.882573,0.848905,0.819767,0.85976,0.828553,0.756904,0.802403,0.797581,0.869314,0.841823,0.865953,0.867416,0.853812,0.824764,0.813447,0.883042,0.81975,1.0,0.886203,0.79617,0.852611,0.863396,0.82296,0.840773,0.842108,0.884729,0.879941,0.792838,0.861912,0.812061,0.865268,0.885171,0.846222,0.830702,0.834516,0.795167,0.861915,0.764274,0.756432,0.733783,0.725483,0.823413,0.629269,0.837842,0.781576,0.745218,0.833039,0.857527,0.811617,0.880781,0.883182,0.697641,0.831816,0.847467,0.799974,0.80742,0.871128,0.885686,0.83624,0.81028,0.781754,0.84675,0.775069,0.854155,0.797212,0.813117,0.878004,0.737474,0.9095,0.84313,0.833938,0.801903,0.751097,0.892479,0.777359,0.846587,0.76228,0.758446,0.898123,0.840172,0.847978,0.828385,0.780114,0.818629,0.86814,0.883606,0.835062,0.836488,0.839153,0.728375
Hourglass,0.79649,0.89668,0.801889,0.877564,0.917375,0.725759,0.694363,0.691001,0.879328,0.925845,0.84664,0.880057,0.856513,0.857097,0.829863,0.883253,0.881907,0.836088,0.855137,0.907658,0.862946,0.880483,0.899324,0.783325,0.873615,0.860328,0.83243,0.874239,0.935281,0.885109,0.796114,0.852464,0.893019,0.848175,0.728325,0.903305,0.873331,0.848905,0.908534,0.860561,0.899532,0.880294,0.871011,0.914679,0.85081,0.823888,0.820263,0.752948,0.869409,0.882022,0.893926,0.885563,0.895481,0.865271,0.841261,0.906856,0.847733,0.886203,1.0,0.851226,0.895598,0.864559,0.893614,0.8925,0.913927,0.902009,0.91919,0.88532,0.879359,0.865661,0.86707,0.930419,0.84924,0.875619,0.856975,0.84748,0.847021,0.825894,0.852214,0.808814,0.806404,0.842694,0.620839,0.87407,0.869642,0.77841,0.892507,0.892237,0.88101,0.897695,0.884321,0.714979,0.896654,0.912049,0.856456,0.832326,0.878101,0.902058,0.809457,0.818558,0.790987,0.849835,0.863521,0.886899,0.864521,0.861705,0.869554,0.796181,0.908772,0.866881,0.901292,0.792745,0.748168,0.887974,0.836503,0.888218,0.817517,0.807509,0.939116,0.858039,0.886384,0.858467,0.840987,0.89797,0.889633,0.901146,0.892976,0.883212,0.853061,0.695836
Kayak,0.64886,0.892898,0.723998,0.740879,0.821814,0.612924,0.593534,0.613426,0.845942,0.884111,0.867853,0.912675,0.746212,0.846162,0.740273,0.836202,0.871751,0.789961,0.80732,0.837989,0.880951,0.853025,0.88316,0.69635,0.862024,0.837355,0.73047,0.929906,0.866938,0.832857,0.629004,0.731838,0.82042,0.825043,0.632354,0.895898,0.806627,0.750212,0.876897,0.871668,0.866903,0.918586,0.839763,0.915763,0.816482,0.927304,0.714218,0.67727,0.880877,0.94398,0.83935,0.913516,0.860554,0.87082,0.826461,0.846162,0.855448,0.79617,0.851226,1.0,0.90915,0.829924,0.88137,0.880262,0.837401,0.862514,0.877638,0.914768,0.759824,0.896422,0.79328,0.883266,0.752835,0.867939,0.826167,0.865312,0.790108,0.763965,0.913519,0.918898,0.713492,0.761439,0.470091,0.846646,0.932242,0.685593,0.923606,0.860047,0.900205,0.881954,0.834595,0.607364,0.819259,0.88729,0.827015,0.741829,0.889162,0.83576,0.696553,0.726978,0.702079,0.836307,0.77935,0.787179,0.928199,0.91428,0.859033,0.770276,0.829347,0.707128,0.85543,0.661098,0.751222,0.850982,0.906822,0.892084,0.762728,0.766,0.902108,0.760461,0.903103,0.795287,0.818394,0.904302,0.880864,0.881721,0.844525,0.892628,0.783695,0.582126
Key,0.7034,0.915754,0.747894,0.79058,0.861021,0.655503,0.624728,0.641548,0.848019,0.908985,0.85675,0.908383,0.807172,0.846096,0.794419,0.86313,0.871254,0.817889,0.825595,0.874103,0.901261,0.85986,0.897201,0.724736,0.882433,0.868454,0.776438,0.934506,0.894616,0.852475,0.695226,0.763226,0.8613,0.813504,0.663578,0.898137,0.826699,0.796528,0.901245,0.878611,0.894731,0.922599,0.869711,0.941671,0.845004,0.900504,0.772872,0.69907,0.897133,0.943922,0.87438,0.907515,0.869754,0.895625,0.844853,0.878331,0.860155,0.852611,0.895598,0.90915,1.0,0.852023,0.902028,0.892566,0.877789,0.89224,0.90899,0.92087,0.814433,0.902448,0.836797,0.916064,0.801088,0.88837,0.860236,0.885183,0.825374,0.753596,0.914232,0.884722,0.732657,0.817966,0.521896,0.858203,0.930615,0.717361,0.932061,0.871023,0.913779,0.909166,0.863497,0.64728,0.852166,0.926986,0.838021,0.783331,0.915918,0.875234,0.751136,0.775087,0.729786,0.840836,0.817633,0.827215,0.931058,0.883794,0.868155,0.767021,0.883625,0.771283,0.873963,0.72381,0.777599,0.865188,0.897902,0.886996,0.782374,0.802724,0.935914,0.784138,0.915549,0.827033,0.811811,0.913672,0.88432,0.904799,0.880878,0.916228,0.817379,0.639756
Kite,0.767639,0.846041,0.785226,0.829603,0.836206,0.743982,0.663742,0.666414,0.83724,0.85676,0.817671,0.830701,0.852815,0.801693,0.829295,0.832841,0.846586,0.807213,0.812047,0.840788,0.860263,0.8498,0.835838,0.737594,0.829344,0.841613,0.798048,0.82353,0.851905,0.828419,0.767198,0.759724,0.866542,0.807788,0.697201,0.847228,0.779737,0.799768,0.872073,0.83241,0.860881,0.85806,0.81731,0.85543,0.84166,0.791878,0.777552,0.779401,0.846821,0.855935,0.851902,0.876765,0.842883,0.832557,0.819385,0.864418,0.819214,0.863396,0.864559,0.829924,0.852023,1.0,0.834311,0.847587,0.837599,0.879982,0.862972,0.816658,0.814649,0.839166,0.835094,0.871785,0.829413,0.831042,0.838486,0.816892,0.864613,0.757033,0.78946,0.770731,0.732381,0.812156,0.63034,0.833448,0.813897,0.730943,0.842735,0.848258,0.827008,0.866194,0.872665,0.694961,0.812288,0.855572,0.802729,0.802352,0.858316,0.858706,0.795701,0.79966,0.789625,0.8441,0.798606,0.841689,0.815446,0.825165,0.858105,0.749623,0.880622,0.802381,0.829573,0.769326,0.777516,0.884551,0.802882,0.872618,0.755892,0.773516,0.885126,0.823684,0.858786,0.822925,0.785043,0.832681,0.878503,0.868874,0.845834,0.828557,0.837189,0.715161
Ladder,0.722549,0.885756,0.72647,0.796881,0.884571,0.625111,0.608526,0.634594,0.833848,0.889789,0.829771,0.892406,0.776364,0.851914,0.736164,0.845637,0.859714,0.781881,0.814243,0.860702,0.848628,0.828906,0.896504,0.70727,0.859556,0.845049,0.764071,0.923592,0.894656,0.840459,0.672207,0.793644,0.826073,0.792277,0.655541,0.898772,0.857063,0.766143,0.872841,0.869551,0.864896,0.901496,0.865147,0.921429,0.819599,0.871497,0.728198,0.669937,0.842639,0.910231,0.858586,0.872311,0.859528,0.86432,0.816038,0.86973,0.826601,0.82296,0.893614,0.88137,0.902028,0.834311,1.0,0.887444,0.891244,0.863873,0.893125,0.925179,0.798098,0.884996,0.802008,0.894249,0.757779,0.85704,0.839527,0.870697,0.787857,0.767863,0.9178,0.862471,0.752476,0.771383,0.487106,0.844589,0.92367,0.711171,0.911942,0.847001,0.905357,0.868426,0.821673,0.634524,0.847642,0.906053,0.833418,0.779292,0.871166,0.852609,0.70593,0.735798,0.718983,0.796285,0.847284,0.800488,0.911241,0.859071,0.819128,0.765395,0.852684,0.800536,0.874705,0.688432,0.750673,0.846113,0.872985,0.863639,0.785058,0.770351,0.91531,0.772271,0.896943,0.815584,0.806712,0.91128,0.865529,0.875792,0.86868,0.921386,0.777479,0.591407
Lamp,0.732597,0.896829,0.784117,0.81261,0.872574,0.686723,0.650365,0.66636,0.858314,0.901537,0.848407,0.887315,0.807963,0.849264,0.778659,0.860848,0.871507,0.813497,0.831078,0.869105,0.865107,0.853015,0.883161,0.757448,0.86352,0.850502,0.782641,0.892469,0.892989,0.858811,0.718812,0.792183,0.852348,0.833972,0.690379,0.89176,0.835062,0.803978,0.880939,0.867085,0.879218,0.894262,0.852014,0.905396,0.840281,0.859951,0.770852,0.731256,0.864779,0.903712,0.866349,0.889905,0.87112,0.864173,0.828484,0.87892,0.850982,0.840773,0.8925,0.880262,0.892566,0.847587,0.887444,1.0,0.871554,0.875679,0.898441,0.890822,0.819142,0.875895,0.827257,0.898041,0.798879,0.872054,0.844373,0.853807,0.820165,0.788999,0.87376,0.846976,0.759379,0.799911,0.552993,0.855397,0.88611,0.743278,0.894892,0.869206,0.883872,0.883701,0.853335,0.678797,0.857165,0.891103,0.836472,0.79348,0.87416,0.864681,0.753129,0.780135,0.758729,0.838744,0.820837,0.840304,0.885534,0.872322,0.856907,0.786411,0.865703,0.802605,0.872121,0.737436,0.769642,0.873579,0.860518,0.87776,0.791938,0.788444,0.913436,0.803935,0.894769,0.830701,0.825841,0.893581,0.879454,0.888215,0.867784,0.89095,0.821594,0.645245
Lantern,0.78383,0.871242,0.756215,0.840957,0.900695,0.68666,0.680589,0.687669,0.853801,0.891675,0.829885,0.868532,0.818186,0.854816,0.775539,0.86291,0.86485,0.801488,0.837361,0.885741,0.833273,0.843405,0.89382,0.735018,0.857993,0.835094,0.808156,0.873478,0.916664,0.856531,0.751979,0.85586,0.845419,0.81524,0.70082,0.893195,0.887728,0.80413,0.878109,0.846722,0.867004,0.862454,0.866611,0.902422,0.815637,0.817994,0.7764,0.701686,0.835066,0.865841,0.862911,0.856098,0.872209,0.84978,0.812533,0.877253,0.82674,0.842108,0.913927,0.837401,0.877789,0.837599,0.891244,0.871554,1.0,0.870835,0.889396,0.893442,0.848918,0.854138,0.826665,0.901609,0.793645,0.844608,0.830213,0.840638,0.81103,0.810661,0.861932,0.807655,0.80093,0.79507,0.560634,0.854016,0.877029,0.747566,0.881226,0.860943,0.876225,0.862209,0.837242,0.681877,0.874786,0.896862,0.84418,0.808038,0.848872,0.865565,0.752786,0.768528,0.753605,0.809961,0.86774,0.841455,0.858195,0.841357,0.827231,0.789102,0.869239,0.838953,0.889713,0.741134,0.744056,0.852365,0.828579,0.867029,0.810927,0.784545,0.909338,0.820684,0.869385,0.828351,0.828713,0.88979,0.856796,0.867791,0.875271,0.862384,0.803892,0.648487
Lawnmower,0.774976,0.873084,0.78494,0.863421,0.871803,0.751153,0.683353,0.671077,0.879483,0.903778,0.858943,0.876368,0.8774,0.828598,0.851744,0.867499,0.882903,0.857582,0.83963,0.882001,0.871307,0.906908,0.874455,0.766157,0.863156,0.861052,0.823947,0.855878,0.901259,0.865988,0.793434,0.802416,0.908397,0.85189,0.718764,0.887908,0.813369,0.83269,0.921655,0.857017,0.896449,0.874489,0.838053,0.895856,0.862885,0.827392,0.814106,0.771821,0.875777,0.889014,0.877187,0.899087,0.894313,0.85672,0.847643,0.898207,0.846472,0.884729,0.902009,0.862514,0.89224,0.879982,0.863873,0.875679,0.870835,1.0,0.891756,0.845383,0.853897,0.854913,0.866988,0.928729,0.863858,0.867035,0.854288,0.832553,0.86728,0.811397,0.8103,0.805777,0.768609,0.86032,0.646125,0.868595,0.84568,0.753411,0.874447,0.893245,0.863965,0.898224,0.916738,0.71436,0.853502,0.893957,0.843764,0.811291,0.883921,0.905476,0.817102,0.821008,0.79128,0.871581,0.810411,0.883511,0.842815,0.873315,0.892943,0.776948,0.922377,0.812283,0.877718,0.791189,0.753304,0.897952,0.827586,0.907773,0.781116,0.813657,0.925662,0.880506,0.881112,0.840599,0.824227,0.863671,0.909593,0.894124,0.878301,0.838538,0.862472,0.696604
Lightbulb,0.765384,0.9074,0.793349,0.834385,0.891281,0.706659,0.682618,0.680592,0.863789,0.922085,0.849141,0.888553,0.841677,0.854816,0.821035,0.875381,0.879226,0.823567,0.842685,0.886902,0.885681,0.869512,0.89336,0.769869,0.884064,0.865966,0.806909,0.895665,0.916504,0.874696,0.760447,0.806746,0.882902,0.835119,0.708152,0.89666,0.839109,0.837715,0.901148,0.877392,0.901699,0.902821,0.876147,0.923379,0.85364,0.854676,0.802862,0.752641,0.88966,0.9119,0.887839,0.899733,0.883473,0.881524,0.842422,0.896779,0.862024,0.879941,0.91919,0.877638,0.90899,0.862972,0.893125,0.898441,0.889396,0.891756,1.0,0.895838,0.851667,0.882904,0.858803,0.918485,0.830655,0.882706,0.865269,0.865222,0.844506,0.790533,0.87386,0.840799,0.763724,0.820677,0.569566,0.868211,0.889664,0.763552,0.911462,0.887181,0.890994,0.908764,0.874333,0.68953,0.881753,0.909934,0.849408,0.818877,0.897987,0.890613,0.791061,0.801802,0.776916,0.852515,0.832911,0.868372,0.894725,0.87214,0.87609,0.790662,0.893793,0.834934,0.883703,0.77051,0.781215,0.891048,0.864466,0.884855,0.809963,0.803688,0.936922,0.820996,0.903822,0.850431,0.826681,0.906337,0.889057,0.908805,0.881881,0.908353,0.839483,0.690975
Lipstick,0.671658,0.905116,0.709675,0.757292,0.861539,0.573793,0.576674,0.620213,0.821455,0.889556,0.836991,0.907897,0.709545,0.873359,0.703469,0.842344,0.853223,0.762611,0.814306,0.858268,0.858812,0.808506,0.919268,0.685543,0.870918,0.841108,0.732717,0.961427,0.901518,0.838539,0.609734,0.783452,0.80103,0.783068,0.625283,0.899626,0.874717,0.73662,0.865035,0.860759,0.862286,0.927295,0.878093,0.945766,0.810715,0.912819,0.696347,0.627986,0.855114,0.934983,0.856706,0.887292,0.846806,0.883253,0.813765,0.851612,0.838296,0.792838,0.88532,0.914768,0.92087,0.816658,0.925179,0.890822,0.893442,0.845383,0.895838,1.0,0.777945,0.918672,0.78119,0.889321,0.726235,0.865661,0.830893,0.898625,0.756618,0.750863,0.975991,0.910847,0.73589,0.739924,0.425418,0.848246,0.97731,0.689311,0.947463,0.838663,0.936565,0.867878,0.796244,0.591517,0.858495,0.921983,0.831913,0.760245,0.8762,0.827508,0.667634,0.701288,0.689213,0.783362,0.859539,0.768439,0.961008,0.87228,0.807692,0.766267,0.819041,0.765036,0.884381,0.647903,0.748262,0.819715,0.91572,0.860314,0.796839,0.764149,0.916034,0.72608,0.909319,0.804875,0.812505,0.952392,0.856249,0.87947,0.869422,0.934945,0.754712,0.545497
Lock,0.796235,0.823325,0.793358,0.855259,0.861901,0.746918,0.712094,0.693615,0.837953,0.867749,0.793628,0.800732,0.850042,0.792237,0.823658,0.833434,0.821223,0.797446,0.815043,0.860528,0.803699,0.848869,0.82817,0.763242,0.813198,0.796514,0.811687,0.764621,0.876153,0.84252,0.818474,0.823107,0.868306,0.817563,0.721645,0.83274,0.809536,0.837816,0.854624,0.786153,0.850715,0.794045,0.801547,0.830029,0.793827,0.722635,0.81806,0.757776,0.818131,0.790605,0.843401,0.823103,0.850194,0.794986,0.784078,0.860841,0.800106,0.861912,0.879359,0.759824,0.814433,0.814649,0.798098,0.819142,0.848918,0.853897,0.851667,0.777945,1.0,0.780353,0.83978,0.867224,0.83118,0.808362,0.795485,0.763676,0.818839,0.805209,0.727283,0.707024,0.776589,0.802511,0.65017,0.823043,0.757002,0.763784,0.799616,0.846452,0.790477,0.839129,0.852691,0.717703,0.845251,0.827265,0.803722,0.800332,0.810684,0.858672,0.815895,0.796464,0.776205,0.818762,0.792046,0.86551,0.756661,0.800429,0.83121,0.760096,0.871062,0.841734,0.843407,0.800478,0.696917,0.847249,0.739117,0.828002,0.775324,0.762118,0.866777,0.849582,0.804361,0.814619,0.807615,0.806015,0.832993,0.843218,0.819589,0.778543,0.820769,0.718736
Lollipop,0.683022,0.899719,0.759486,0.76547,0.835248,0.63738,0.602162,0.635651,0.82064,0.876383,0.832807,0.882491,0.747416,0.840242,0.746108,0.842245,0.844434,0.789844,0.809198,0.844185,0.871247,0.819567,0.881454,0.720197,0.859797,0.848509,0.744048,0.91858,0.866183,0.834189,0.649767,0.745853,0.823103,0.788556,0.648,0.872675,0.819764,0.758544,0.864514,0.8488,0.862818,0.910302,0.849656,0.9125,0.831203,0.883293,0.733022,0.689759,0.858871,0.91771,0.855887,0.890979,0.83387,0.874462,0.821317,0.851321,0.838595,0.812061,0.865661,0.896422,0.902448,0.839166,0.884996,0.875895,0.854138,0.854913,0.882904,0.918672,0.780353,1.0,0.799287,0.873795,0.769386,0.866513,0.839331,0.877031,0.793992,0.729654,0.915998,0.872409,0.718555,0.766017,0.516688,0.840385,0.922802,0.699934,0.913624,0.838723,0.899301,0.874154,0.826215,0.631427,0.832198,0.897376,0.813968,0.77147,0.877037,0.833966,0.716159,0.749708,0.724246,0.811753,0.823896,0.799542,0.920523,0.8589,0.829453,0.757915,0.833256,0.757663,0.849518,0.698563,0.758936,0.83849,0.887149,0.863703,0.772528,0.781289,0.900765,0.747243,0.896669,0.811355,0.799397,0.907926,0.868471,0.880551,0.858233,0.906158,0.800751,0.614282
Mask,0.763349,0.836551,0.78492,0.833996,0.838074,0.741545,0.689413,0.669121,0.836205,0.866641,0.805434,0.81317,0.853974,0.783551,0.838024,0.82924,0.829062,0.808428,0.805769,0.847529,0.835707,0.856811,0.820519,0.75537,0.823467,0.815667,0.798204,0.787448,0.859863,0.833724,0.792763,0.773782,0.874308,0.81563,0.706394,0.831746,0.767532,0.824809,0.866403,0.80544,0.860473,0.821117,0.802785,0.840603,0.816624,0.755774,0.808239,0.762958,0.844519,0.827201,0.844439,0.850443,0.847332,0.812632,0.801457,0.859751,0.814526,0.865268,0.86707,0.79328,0.836797,0.835094,0.802008,0.827257,0.826665,0.866988,0.858803,0.78119,0.83978,0.799287,1.0,0.87438,0.840097,0.826038,0.813063,0.780826,0.839769,0.769527,0.744759,0.735898,0.733847,0.82277,0.640092,0.822899,0.774912,0.742642,0.81973,0.852102,0.799806,0.860271,0.871257,0.702315,0.825008,0.838036,0.797567,0.794445,0.840935,0.863595,0.818778,0.805929,0.772638,0.838726,0.764981,0.857881,0.782576,0.812998,0.859068,0.747714,0.881582,0.806285,0.826025,0.790773,0.720719,0.862098,0.766982,0.847066,0.756672,0.771094,0.877554,0.835269,0.827338,0.812067,0.787981,0.808401,0.850955,0.857872,0.825253,0.797657,0.832123,0.717087
Microscope,0.776242,0.896332,0.779086,0.86975,0.903435,0.729294,0.684905,0.675803,0.895537,0.931622,0.874593,0.904064,0.867807,0.862609,0.840185,0.888385,0.902285,0.85973,0.857324,0.907659,0.876763,0.912834,0.905431,0.771743,0.887047,0.869112,0.829471,0.890198,0.938026,0.887498,0.784739,0.836665,0.908375,0.867733,0.720314,0.916352,0.854106,0.841072,0.935406,0.877576,0.912851,0.89555,0.866442,0.928454,0.864314,0.855184,0.817281,0.749996,0.892549,0.911109,0.890912,0.91098,0.916746,0.877739,0.855821,0.911267,0.863517,0.885171,0.930419,0.883266,0.916064,0.871785,0.894249,0.898041,0.901609,0.928729,0.918485,0.889321,0.867224,0.873795,0.87438,1.0,0.857841,0.885838,0.862005,0.855069,0.858323,0.836879,0.851688,0.838356,0.788945,0.863007,0.606937,0.889133,0.885767,0.767329,0.906984,0.911311,0.893544,0.911645,0.913986,0.710696,0.887223,0.920825,0.867625,0.820992,0.897474,0.916405,0.811325,0.814375,0.787349,0.873414,0.836509,0.889882,0.877285,0.896675,0.903206,0.799168,0.92715,0.832278,0.909818,0.785308,0.754258,0.899877,0.855061,0.919408,0.812259,0.824358,0.9486,0.878919,0.901654,0.851057,0.844988,0.901453,0.912258,0.909362,0.898005,0.868949,0.852657,0.677808
Minerals,0.768762,0.825666,0.818402,0.848608,0.810273,0.783473,0.693796,0.66572,0.82306,0.847023,0.786847,0.775989,0.852331,0.74124,0.847962,0.83251,0.807186,0.852896,0.796242,0.837111,0.805153,0.845776,0.778937,0.784152,0.789172,0.80564,0.792496,0.735501,0.82988,0.816606,0.811054,0.751746,0.8678,0.805333,0.725123,0.794264,0.735675,0.819945,0.853371,0.764933,0.838962,0.77347,0.759617,0.800493,0.830466,0.70696,0.859743,0.771828,0.806483,0.777837,0.834401,0.816158,0.819973,0.786376,0.795582,0.846493,0.782941,0.846222,0.84924,0.752835,0.801088,0.829413,0.757779,0.798879,0.793645,0.863858,0.830655,0.726235,0.83118,0.769386,0.840097,0.857841,1.0,0.820517,0.804897,0.749778,0.849846,0.744768,0.684453,0.678339,0.731459,0.860748,0.761636,0.797427,0.719316,0.750233,0.770627,0.834407,0.754793,0.840902,0.876341,0.739251,0.807427,0.827699,0.7693,0.799315,0.798071,0.857266,0.849946,0.853962,0.79656,0.831555,0.754046,0.892853,0.728744,0.773206,0.83972,0.724514,0.87528,0.80418,0.796662,0.8306,0.687186,0.847603,0.719946,0.8348,0.725399,0.807851,0.851942,0.851119,0.794088,0.807795,0.766151,0.766784,0.837587,0.830726,0.818959,0.749021,0.881624,0.766406
Mushroom,0.71277,0.907047,0.794988,0.801591,0.843457,0.696256,0.651436,0.656893,0.845875,0.892145,0.839241,0.872561,0.789969,0.818239,0.785616,0.860991,0.849769,0.82718,0.820153,0.863004,0.867119,0.843029,0.856368,0.767825,0.850206,0.845505,0.768851,0.877062,0.86822,0.845275,0.7093,0.754971,0.844722,0.824759,0.688172,0.867593,0.803408,0.798826,0.874105,0.839938,0.87277,0.876952,0.829844,0.891909,0.840741,0.85061,0.803633,0.719809,0.862284,0.89114,0.863327,0.876201,0.849203,0.862157,0.82695,0.866477,0.844261,0.830702,0.875619,0.867939,0.88837,0.831042,0.85704,0.872054,0.844608,0.867035,0.882706,0.865661,0.808362,0.866513,0.826038,0.885838,0.820517,1.0,0.838155,0.845038,0.820134,0.751095,0.856527,0.829592,0.736213,0.828124,0.606826,0.839276,0.867124,0.735949,0.879303,0.856222,0.862828,0.881609,0.852154,0.682834,0.841756,0.88962,0.813871,0.786219,0.864569,0.854756,0.771829,0.809056,0.748407,0.837516,0.79596,0.845617,0.872936,0.852996,0.853117,0.767213,0.857781,0.781158,0.845244,0.756579,0.741153,0.854345,0.847953,0.865026,0.769334,0.802251,0.902013,0.789714,0.879497,0.820903,0.807917,0.87152,0.865382,0.878966,0.857406,0.875545,0.850989,0.669343
Necklace,0.73302,0.863083,0.763844,0.793953,0.832062,0.700812,0.645259,0.652906,0.809054,0.857347,0.804096,0.833673,0.810962,0.793158,0.784743,0.834036,0.826113,0.802043,0.796468,0.831702,0.846142,0.815763,0.831961,0.733584,0.82958,0.834627,0.766349,0.841662,0.842932,0.817889,0.724307,0.744309,0.838094,0.781769,0.678065,0.835249,0.771971,0.788298,0.853842,0.82292,0.849471,0.851448,0.817631,0.863923,0.824752,0.80315,0.778551,0.726789,0.833921,0.859637,0.843413,0.849076,0.822263,0.838969,0.804632,0.853633,0.811327,0.834516,0.856975,0.826167,0.860236,0.838486,0.839527,0.844373,0.830213,0.854288,0.865269,0.830893,0.795485,0.839331,0.813063,0.862005,0.804897,0.838155,1.0,0.828833,0.818935,0.721435,0.815687,0.783518,0.716036,0.799168,0.594857,0.812257,0.832802,0.720501,0.851031,0.828937,0.836255,0.860026,0.837712,0.676802,0.813488,0.869426,0.793417,0.785167,0.849293,0.84779,0.766264,0.784899,0.75198,0.816666,0.798707,0.831313,0.837682,0.810428,0.828149,0.738384,0.854804,0.786454,0.818286,0.752809,0.762018,0.844438,0.813993,0.838989,0.749248,0.784591,0.879849,0.778772,0.855693,0.808558,0.772104,0.840842,0.846957,0.856443,0.841761,0.85198,0.818447,0.680697
Necktie,0.68685,0.880475,0.723924,0.747524,0.821405,0.625108,0.596585,0.629616,0.790422,0.853828,0.807174,0.863234,0.73524,0.822295,0.726326,0.825889,0.820624,0.769457,0.798063,0.827836,0.85208,0.788974,0.863298,0.69117,0.845365,0.835039,0.727574,0.901907,0.84402,0.808329,0.63983,0.736374,0.796218,0.751465,0.638735,0.850789,0.805081,0.737057,0.84333,0.82997,0.843554,0.887892,0.840371,0.893096,0.808962,0.854956,0.729398,0.66178,0.837055,0.890969,0.839815,0.853766,0.812418,0.86523,0.798685,0.835406,0.818732,0.795167,0.84748,0.865312,0.885183,0.816892,0.870697,0.853807,0.840638,0.832553,0.865222,0.898625,0.763676,0.877031,0.780826,0.855069,0.749778,0.845038,0.828833,1.0,0.780197,0.704491,0.897695,0.846415,0.703356,0.751937,0.483875,0.813744,0.907221,0.691494,0.894044,0.813086,0.885101,0.853926,0.797791,0.62711,0.81085,0.888367,0.796112,0.76338,0.853921,0.815675,0.701854,0.725303,0.706906,0.7846,0.822705,0.780943,0.90161,0.827108,0.802593,0.738266,0.820224,0.757781,0.830518,0.689969,0.773106,0.813546,0.864934,0.833476,0.759069,0.767653,0.880475,0.716871,0.875797,0.797226,0.777983,0.88584,0.833534,0.854734,0.841326,0.888988,0.770905,0.611664
Orifan,0.793488,0.827798,0.797831,0.819927,0.816009,0.783819,0.705237,0.67805,0.834382,0.842702,0.805832,0.804398,0.883511,0.765332,0.857843,0.827007,0.83438,0.820324,0.805482,0.830444,0.854508,0.850496,0.793858,0.750858,0.818681,0.827519,0.807723,0.771609,0.828936,0.816269,0.809588,0.740275,0.858057,0.809722,0.716627,0.823699,0.740597,0.81697,0.857016,0.818803,0.847642,0.816648,0.789382,0.820859,0.832389,0.750937,0.814582,0.794795,0.848741,0.817948,0.827857,0.849852,0.833099,0.8168,0.811692,0.84944,0.80906,0.861915,0.847021,0.790108,0.825374,0.864613,0.787857,0.820165,0.81103,0.86728,0.844506,0.756618,0.818839,0.793992,0.839769,0.858323,0.849846,0.820134,0.818935,0.780197,1.0,0.746931,0.722418,0.722602,0.720513,0.834375,0.687554,0.815862,0.748296,0.740822,0.796735,0.843806,0.778125,0.86241,0.872845,0.717549,0.796408,0.828086,0.783975,0.797208,0.835838,0.852135,0.824271,0.830238,0.787023,0.851751,0.750568,0.860671,0.759087,0.803632,0.868933,0.741516,0.879223,0.783932,0.799902,0.792037,0.763325,0.881144,0.756907,0.857447,0.740327,0.778172,0.864616,0.831564,0.826938,0.813684,0.768608,0.779597,0.846916,0.84852,0.82364,0.780289,0.858589,0.773131
Oven,0.732106,0.749461,0.711011,0.805196,0.821641,0.676389,0.67141,0.641457,0.840475,0.825023,0.801167,0.803729,0.779552,0.797202,0.730978,0.784268,0.831157,0.753197,0.786078,0.812365,0.729689,0.848897,0.814186,0.703112,0.771766,0.730745,0.763354,0.733303,0.856933,0.809938,0.747519,0.831755,0.80732,0.828748,0.678427,0.839608,0.809278,0.763074,0.819681,0.774226,0.795235,0.748105,0.749946,0.777618,0.731441,0.727019,0.717882,0.697076,0.765278,0.758228,0.770695,0.796205,0.860847,0.735469,0.73893,0.813573,0.764128,0.764274,0.825894,0.763965,0.753596,0.757033,0.767863,0.788999,0.810661,0.811397,0.790533,0.750863,0.805209,0.729654,0.769527,0.836879,0.744768,0.751095,0.721435,0.704491,0.746931,1.0,0.688496,0.727061,0.786389,0.730419,0.553232,0.799993,0.734657,0.721192,0.761835,0.834514,0.759526,0.774792,0.808844,0.667462,0.799581,0.757799,0.801635,0.726989,0.745264,0.8015,0.718787,0.705529,0.723313,0.784948,0.735915,0.804968,0.710031,0.838644,0.797609,0.765365,0.804556,0.756404,0.840272,0.694335,0.636782,0.812752,0.712643,0.828591,0.751871,0.698333,0.814344,0.846854,0.762568,0.753515,0.827177,0.774344,0.813375,0.782724,0.765868,0.698412,0.736478,0.598759
Paintbrush,0.619537,0.905799,0.682193,0.70393,0.825723,0.521325,0.53151,0.586148,0.781959,0.862224,0.809312,0.894179,0.658389,0.845044,0.659809,0.816195,0.821787,0.728677,0.78144,0.826467,0.853091,0.764254,0.893313,0.655107,0.84891,0.825849,0.689034,0.969933,0.856223,0.802475,0.54646,0.72522,0.755887,0.737591,0.58296,0.874684,0.843426,0.696017,0.831576,0.84508,0.834106,0.924935,0.862498,0.93268,0.786823,0.921297,0.661959,0.585103,0.835481,0.934399,0.832674,0.865431,0.804116,0.875594,0.793009,0.817398,0.819913,0.756432,0.852214,0.913519,0.914232,0.78946,0.9178,0.87376,0.861932,0.8103,0.87386,0.975991,0.727283,0.915998,0.744759,0.851688,0.684453,0.856527,0.815687,0.897695,0.722418,0.688496,1.0,0.918369,0.691611,0.708715,0.380225,0.816688,0.982764,0.649259,0.941869,0.80182,0.929372,0.848883,0.753692,0.548048,0.819909,0.910662,0.799752,0.726763,0.865755,0.790779,0.617315,0.672845,0.643556,0.750112,0.835381,0.723269,0.97227,0.849298,0.773592,0.733443,0.779009,0.721165,0.845028,0.604962,0.738874,0.785682,0.921041,0.830424,0.761521,0.739229,0.891861,0.661493,0.900475,0.778785,0.774604,0.938093,0.827414,0.858015,0.846547,0.953709,0.729112,0.510901
Pen,0.58819,0.860702,0.659592,0.671595,0.783592,0.532135,0.53877,0.575701,0.796602,0.845436,0.836723,0.893043,0.675362,0.8213,0.664638,0.793255,0.834433,0.733339,0.763844,0.793881,0.839448,0.797567,0.859646,0.634971,0.831597,0.795379,0.67384,0.924663,0.831498,0.789366,0.550805,0.698236,0.754802,0.774105,0.579615,0.867728,0.789804,0.694062,0.826163,0.843322,0.821225,0.891491,0.816479,0.892828,0.761742,0.922653,0.651301,0.598992,0.840842,0.922127,0.792676,0.869755,0.82018,0.844393,0.782108,0.795639,0.818483,0.733783,0.808814,0.918898,0.884722,0.770731,0.862471,0.846976,0.807655,0.805777,0.840799,0.910847,0.707024,0.872409,0.735898,0.838356,0.678339,0.829592,0.783518,0.846415,0.722602,0.727061,0.918369,1.0,0.681011,0.693521,0.37162,0.799392,0.932119,0.635989,0.907,0.813007,0.883875,0.838707,0.764475,0.548353,0.780886,0.857726,0.794763,0.689778,0.853622,0.782423,0.62023,0.654763,0.636188,0.776687,0.75245,0.721214,0.923519,0.888388,0.797144,0.73881,0.769765,0.651312,0.824837,0.586381,0.720665,0.791453,0.897728,0.844792,0.730417,0.723588,0.862507,0.690211,0.873807,0.74686,0.789109,0.887377,0.826571,0.838033,0.80463,0.877717,0.710153,0.511842
Pictureframe,0.729185,0.748061,0.705421,0.775171,0.806295,0.662815,0.659873,0.64156,0.783488,0.786808,0.75279,0.75805,0.744146,0.75644,0.689462,0.775746,0.777216,0.74179,0.759105,0.789591,0.695098,0.768944,0.778579,0.692028,0.742188,0.720299,0.735855,0.715622,0.812179,0.77441,0.72048,0.807692,0.753733,0.764232,0.668463,0.791047,0.803426,0.739378,0.770622,0.728366,0.751388,0.710808,0.738462,0.754332,0.717742,0.686567,0.726458,0.653281,0.703771,0.714751,0.752207,0.738082,0.789579,0.72195,0.711507,0.776534,0.721489,0.725483,0.806404,0.713492,0.732657,0.732381,0.752476,0.759379,0.80093,0.768609,0.763724,0.73589,0.776589,0.718555,0.733847,0.788945,0.731459,0.736213,0.716036,0.703356,0.720513,0.786389,0.691611,0.681011,1.0,0.715974,0.576926,0.751556,0.72022,0.703437,0.733676,0.776028,0.739699,0.741488,0.753504,0.663191,0.78159,0.763371,0.758278,0.724321,0.705109,0.770693,0.689122,0.706021,0.708703,0.734452,0.777119,0.791372,0.693817,0.75281,0.722771,0.731327,0.761865,0.752156,0.793869,0.695571,0.625197,0.754085,0.688408,0.775798,0.724875,0.70874,0.779643,0.788659,0.732345,0.739919,0.776771,0.753823,0.759771,0.745356,0.764594,0.698136,0.734185,0.618638
Pinecone,0.741632,0.830922,0.761693,0.833423,0.803556,0.757848,0.680521,0.629988,0.81792,0.841628,0.785603,0.790286,0.841606,0.72852,0.825159,0.824129,0.810449,0.841642,0.781155,0.833264,0.800642,0.836426,0.774345,0.752933,0.7811,0.805345,0.78278,0.757717,0.821656,0.801231,0.778133,0.729731,0.84462,0.795193,0.695457,0.799813,0.730996,0.792359,0.855047,0.774954,0.826648,0.771659,0.754185,0.808703,0.824556,0.728187,0.841868,0.720743,0.801416,0.78918,0.822363,0.803546,0.815521,0.793528,0.794255,0.83853,0.773455,0.823413,0.842694,0.761439,0.817966,0.812156,0.771383,0.799911,0.79507,0.86032,0.820677,0.739924,0.802511,0.766017,0.82277,0.863007,0.860748,0.828124,0.799168,0.751937,0.834375,0.730419,0.708715,0.693521,0.715974,1.0,0.740544,0.790128,0.73344,0.733502,0.775425,0.824762,0.764861,0.836624,0.870524,0.713168,0.793803,0.840029,0.765085,0.770913,0.797052,0.848741,0.815764,0.84813,0.758876,0.818863,0.739646,0.866808,0.739058,0.771,0.827914,0.709886,0.870293,0.771148,0.790855,0.802296,0.688435,0.824935,0.727028,0.828075,0.713514,0.799946,0.85814,0.832502,0.795495,0.792684,0.746693,0.766788,0.827421,0.817973,0.823296,0.755016,0.869139,0.720656
Pizza,0.648566,0.605783,0.727293,0.694131,0.580489,0.724094,0.620058,0.540503,0.618416,0.604391,0.56163,0.507863,0.683657,0.477657,0.684893,0.642782,0.577966,0.709254,0.591436,0.621718,0.566995,0.630445,0.504707,0.678937,0.534596,0.59316,0.635115,0.428152,0.574948,0.604462,0.709594,0.549592,0.655708,0.609263,0.609283,0.53697,0.501417,0.637635,0.617882,0.505066,0.593935,0.481454,0.494978,0.508256,0.641556,0.419175,0.763778,0.647424,0.544884,0.47783,0.614583,0.556389,0.580602,0.539719,0.594111,0.63362,0.544163,0.629269,0.620839,0.470091,0.521896,0.63034,0.487106,0.552993,0.560634,0.646125,0.569566,0.425418,0.65017,0.516688,0.640092,0.606937,0.761636,0.606826,0.594857,0.483875,0.687554,0.553232,0.380225,0.37162,0.576926,0.740544,1.0,0.5634,0.397674,0.612899,0.465173,0.60627,0.466346,0.599679,0.687869,0.668269,0.585342,0.58371,0.5423,0.631117,0.521221,0.631493,0.732289,0.788025,0.656144,0.635963,0.548934,0.754933,0.414469,0.50428,0.605811,0.530624,0.653769,0.61559,0.540125,0.742449,0.473241,0.622484,0.427476,0.605359,0.510835,0.655975,0.597861,0.701429,0.519652,0.616874,0.557004,0.478798,0.614451,0.582193,0.596729,0.468318,0.793798,0.705408
Plug,0.733382,0.853292,0.764794,0.822693,0.858882,0.700443,0.654272,0.653776,0.855907,0.876005,0.826991,0.855526,0.803442,0.840594,0.789045,0.83972,0.851549,0.795115,0.825428,0.859461,0.840456,0.860426,0.865186,0.74957,0.844814,0.821121,0.786602,0.844869,0.883198,0.847938,0.738294,0.803847,0.85633,0.837923,0.684972,0.872636,0.821479,0.802939,0.878419,0.833469,0.865362,0.862697,0.822256,0.875481,0.819047,0.81535,0.756502,0.742547,0.851763,0.86437,0.848432,0.875401,0.864661,0.829944,0.810923,0.864236,0.829875,0.837842,0.87407,0.846646,0.858203,0.833448,0.844589,0.855397,0.854016,0.868595,0.868211,0.848246,0.823043,0.840385,0.822899,0.889133,0.797427,0.839276,0.812257,0.813744,0.815862,0.799993,0.816688,0.799392,0.751556,0.790128,0.5634,1.0,0.842446,0.730931,0.859839,0.863368,0.850351,0.86151,0.85707,0.668175,0.842975,0.854685,0.822295,0.778894,0.847186,0.857526,0.761844,0.766779,0.757424,0.838537,0.801856,0.831119,0.834224,0.858861,0.868556,0.77384,0.860138,0.795651,0.863601,0.737213,0.718664,0.865595,0.817896,0.871072,0.784718,0.760007,0.889324,0.825721,0.860776,0.812591,0.81349,0.86014,0.87254,0.868164,0.845585,0.828301,0.811453,0.644329
Pogostick,0.641683,0.906129,0.688659,0.733036,0.845256,0.555219,0.560202,0.604992,0.815094,0.883987,0.842863,0.916938,0.700948,0.869863,0.694601,0.838448,0.852337,0.764998,0.807073,0.848082,0.866172,0.808146,0.915005,0.667079,0.870963,0.841995,0.715365,0.973492,0.885041,0.827057,0.585175,0.760579,0.793661,0.775622,0.609527,0.898598,0.857692,0.722935,0.866636,0.864917,0.860081,0.935016,0.874851,0.947876,0.806671,0.933102,0.687975,0.614414,0.859559,0.950353,0.849543,0.89249,0.842061,0.887766,0.813494,0.842001,0.841754,0.781576,0.869642,0.932242,0.930615,0.813897,0.92367,0.88611,0.877029,0.84568,0.889664,0.97731,0.757002,0.922802,0.774912,0.885767,0.719316,0.867124,0.832802,0.907221,0.748296,0.734657,0.982764,0.932119,0.72022,0.73344,0.397674,0.842446,1.0,0.672172,0.956031,0.836378,0.942442,0.870902,0.794666,0.577346,0.838461,0.924056,0.828771,0.747027,0.8868,0.824913,0.655429,0.687573,0.676184,0.785972,0.845836,0.757935,0.974318,0.884075,0.812151,0.759731,0.814772,0.734842,0.874012,0.633621,0.75223,0.81468,0.930052,0.866466,0.781623,0.767896,0.910734,0.712392,0.913969,0.79414,0.807122,0.949463,0.858741,0.878153,0.864223,0.936467,0.744161,0.536182
Pot,0.724706,0.752793,0.737331,0.7577,0.767255,0.69754,0.666256,0.639996,0.7545,0.77356,0.718954,0.722485,0.757649,0.712123,0.718635,0.76315,0.743718,0.733023,0.737889,0.766059,0.71062,0.747905,0.732979,0.706343,0.731949,0.718756,0.719328,0.680995,0.77465,0.760273,0.727145,0.732898,0.758332,0.739091,0.665408,0.744474,0.720337,0.742845,0.754376,0.713918,0.753267,0.702651,0.711755,0.729916,0.7244,0.649636,0.753301,0.686826,0.72333,0.703625,0.749253,0.731399,0.758443,0.722107,0.703416,0.769306,0.721859,0.745218,0.77841,0.685593,0.717361,0.730943,0.711171,0.743278,0.747566,0.753411,0.763552,0.689311,0.763784,0.699934,0.742642,0.767329,0.750233,0.735949,0.720501,0.691494,0.740822,0.721192,0.649259,0.635989,0.703437,0.733502,0.612899,0.730931,0.672172,1.0,0.709388,0.758309,0.702397,0.748126,0.757724,0.673076,0.759524,0.741106,0.720561,0.728141,0.710018,0.758294,0.730559,0.734229,0.715316,0.738456,0.711598,0.795101,0.672844,0.715182,0.740565,0.703675,0.764819,0.754402,0.745301,0.73111,0.658615,0.75952,0.661906,0.743506,0.705894,0.706161,0.766877,0.750951,0.720885,0.740028,0.730521,0.719734,0.741307,0.748228,0.736046,0.697651,0.755408,0.681111
Razor,0.695638,0.910868,0.73126,0.776562,0.861064,0.620866,0.609533,0.636817,0.842691,0.904982,0.857123,0.913635,0.765725,0.865615,0.760879,0.853125,0.870956,0.789237,0.824051,0.867039,0.886724,0.849552,0.913144,0.70628,0.884532,0.858348,0.757245,0.948669,0.902464,0.852662,0.66061,0.773865,0.846498,0.80896,0.651544,0.903457,0.845169,0.775619,0.891888,0.875611,0.887905,0.931821,0.880523,0.944844,0.829595,0.912992,0.735823,0.676756,0.886598,0.947924,0.870221,0.911434,0.867881,0.891821,0.834623,0.870594,0.859787,0.833039,0.892507,0.923606,0.932061,0.842735,0.911942,0.894892,0.881226,0.874447,0.911462,0.947463,0.799616,0.913624,0.81973,0.906984,0.770627,0.879303,0.851031,0.894044,0.796735,0.761835,0.941869,0.907,0.733676,0.775425,0.465173,0.859839,0.956031,0.709388,1.0,0.866101,0.929011,0.897385,0.841518,0.621152,0.858071,0.922119,0.841561,0.778477,0.906996,0.860069,0.718952,0.736095,0.717876,0.82457,0.830907,0.80572,0.951154,0.892859,0.852391,0.77558,0.85796,0.772152,0.881664,0.692557,0.766761,0.853151,0.913454,0.886306,0.794517,0.780666,0.929967,0.764831,0.915952,0.822547,0.819518,0.936191,0.882679,0.900225,0.875781,0.92933,0.78552,0.605784
Recordplayer,0.758173,0.866067,0.782529,0.838755,0.867568,0.727795,0.695738,0.674868,0.881358,0.902148,0.858596,0.874049,0.850679,0.837732,0.824877,0.862737,0.883523,0.831065,0.838172,0.875298,0.857009,0.896774,0.869619,0.765446,0.860295,0.835515,0.809146,0.843155,0.90156,0.867055,0.781093,0.814251,0.882118,0.862399,0.713257,0.889297,0.820836,0.830348,0.899004,0.854674,0.883784,0.861822,0.832695,0.88148,0.832152,0.827147,0.801093,0.760326,0.874083,0.877353,0.858644,0.890129,0.895596,0.843222,0.828653,0.882018,0.850276,0.857527,0.892237,0.860047,0.871023,0.848258,0.847001,0.869206,0.860943,0.893245,0.887181,0.838663,0.846452,0.838723,0.852102,0.911311,0.834407,0.856222,0.828937,0.813086,0.843806,0.834514,0.80182,0.813007,0.776028,0.824762,0.60627,0.863368,0.836378,0.758309,0.866101,1.0,0.84992,0.886278,0.888842,0.702808,0.857539,0.868196,0.845096,0.796236,0.865352,0.882876,0.797896,0.799042,0.777946,0.867711,0.791321,0.873429,0.833011,0.884827,0.890472,0.794205,0.888895,0.79956,0.875242,0.768162,0.738413,0.888722,0.8216,0.896931,0.791409,0.789146,0.907793,0.863002,0.86778,0.828403,0.840318,0.85864,0.887149,0.882288,0.853471,0.827066,0.837408,0.683877
Remotecontrol,0.693003,0.890909,0.717306,0.775778,0.855784,0.615748,0.593981,0.624464,0.828191,0.886105,0.839163,0.898642,0.751707,0.859398,0.737386,0.842147,0.856629,0.777148,0.81674,0.856764,0.857358,0.834777,0.910606,0.702182,0.871279,0.846958,0.751625,0.934787,0.88941,0.839694,0.656921,0.784401,0.835411,0.789817,0.644423,0.890766,0.850214,0.76219,0.877878,0.85973,0.868403,0.911044,0.86608,0.927705,0.819827,0.890805,0.719238,0.662937,0.855469,0.923347,0.856338,0.883566,0.853781,0.873813,0.820423,0.861659,0.836863,0.811617,0.88101,0.900205,0.913779,0.827008,0.905357,0.883872,0.876225,0.863965,0.890994,0.936565,0.790477,0.899301,0.799806,0.893544,0.754793,0.862828,0.836255,0.885101,0.778125,0.759526,0.929372,0.883875,0.739699,0.764861,0.466346,0.850351,0.942442,0.702397,0.929011,0.84992,1.0,0.877499,0.830529,0.621064,0.848312,0.911565,0.830926,0.766188,0.878906,0.8481,0.694646,0.721543,0.713482,0.80188,0.844108,0.795632,0.931062,0.869465,0.825869,0.764401,0.845412,0.769626,0.875432,0.680052,0.761485,0.832541,0.892644,0.868698,0.783425,0.770024,0.912032,0.763661,0.899425,0.812626,0.808326,0.923328,0.867244,0.876824,0.870308,0.908642,0.772612,0.579326
Ring,0.73793,0.900416,0.788607,0.819799,0.863031,0.714028,0.667411,0.662471,0.863518,0.90937,0.854644,0.883728,0.853785,0.832837,0.841108,0.868246,0.874198,0.829366,0.834121,0.874637,0.900514,0.881737,0.875001,0.765101,0.878452,0.864223,0.801241,0.883005,0.891964,0.86364,0.762275,0.771723,0.887161,0.83886,0.698245,0.885063,0.801786,0.836866,0.903289,0.872644,0.899687,0.898688,0.851363,0.911717,0.851502,0.857503,0.809439,0.760709,0.904408,0.915227,0.876079,0.906512,0.876923,0.874382,0.847582,0.889214,0.861447,0.880781,0.897695,0.881954,0.909166,0.866194,0.868426,0.883701,0.862209,0.898224,0.908764,0.867878,0.839129,0.874154,0.860271,0.911645,0.840902,0.881609,0.860026,0.853926,0.86241,0.774792,0.848883,0.838707,0.741488,0.836624,0.599679,0.86151,0.870902,0.748126,0.897385,0.886278,0.877499,1.0,0.888468,0.689844,0.855846,0.900534,0.834024,0.801544,0.904544,0.890478,0.802319,0.812712,0.771321,0.87039,0.799212,0.866436,0.881516,0.877471,0.898447,0.775357,0.900904,0.795726,0.86164,0.769755,0.780185,0.893908,0.85927,0.889516,0.781945,0.802127,0.92843,0.824253,0.898789,0.840721,0.815132,0.879229,0.888174,0.906331,0.870149,0.884279,0.85628,0.702865
Rollerskates,0.775965,0.849472,0.797473,0.865514,0.850273,0.776345,0.695546,0.664081,0.873345,0.889375,0.844005,0.847477,0.888092,0.801943,0.872527,0.850949,0.867832,0.852078,0.828035,0.867784,0.857383,0.911741,0.846581,0.777385,0.842819,0.84721,0.825574,0.808777,0.880008,0.858987,0.817955,0.782201,0.919897,0.850915,0.722942,0.86208,0.775605,0.839596,0.911586,0.834045,0.885955,0.845339,0.807969,0.86055,0.856556,0.789372,0.821498,0.795539,0.86748,0.859385,0.863372,0.890282,0.884147,0.831942,0.839031,0.888824,0.834019,0.883182,0.884321,0.834595,0.863497,0.872665,0.821673,0.853335,0.837242,0.916738,0.874333,0.796244,0.852691,0.826215,0.871257,0.913986,0.876341,0.852154,0.837712,0.797791,0.872845,0.808844,0.753692,0.764475,0.753504,0.870524,0.687869,0.85707,0.794666,0.757724,0.841518,0.888842,0.830529,0.888468,1.0,0.726042,0.838308,0.859642,0.826827,0.804335,0.868984,0.898417,0.840077,0.836899,0.802903,0.880192,0.771944,0.892998,0.79855,0.856028,0.89837,0.763607,0.920035,0.801682,0.853617,0.81032,0.736799,0.893433,0.790635,0.895941,0.765774,0.798474,0.906627,0.891506,0.852356,0.833824,0.810677,0.82811,0.904405,0.881394,0.855714,0.799019,0.868724,0.72313
Rug,0.692737,0.693524,0.720711,0.729311,0.700465,0.706965,0.641279,0.628155,0.704143,0.706536,0.675306,0.652743,0.733757,0.639469,0.690105,0.727717,0.690419,0.733486,0.693847,0.708879,0.656836,0.699712,0.65069,0.69171,0.662741,0.676983,0.686369,0.595398,0.697695,0.69986,0.714311,0.67616,0.715394,0.692156,0.656342,0.675544,0.646506,0.697039,0.70188,0.646283,0.699527,0.626618,0.637417,0.647329,0.692907,0.569795,0.752545,0.677467,0.652553,0.624812,0.700659,0.666127,0.698645,0.656929,0.658264,0.722109,0.666832,0.697641,0.714979,0.607364,0.64728,0.694961,0.634524,0.678797,0.681877,0.71436,0.68953,0.591517,0.717703,0.631427,0.702315,0.710696,0.739251,0.682834,0.676802,0.62711,0.717549,0.667462,0.548048,0.548353,0.663191,0.713168,0.668269,0.668175,0.577346,0.673076,0.621152,0.702808,0.621064,0.689844,0.726042,1.0,0.688356,0.67974,0.660042,0.693544,0.642531,0.711647,0.72516,0.724861,0.703427,0.701642,0.656858,0.775581,0.579731,0.644375,0.691617,0.653872,0.72941,0.714267,0.676641,0.732944,0.605456,0.715236,0.580748,0.696148,0.631952,0.700304,0.699873,0.729973,0.657057,0.691333,0.681235,0.628511,0.692793,0.685093,0.68966,0.608158,0.743599,0.662962
Saltpeppershaker,0.760631,0.865771,0.781506,0.832147,0.880034,0.695466,0.677074,0.676196,0.84517,0.889422,0.81693,0.844948,0.801155,0.835799,0.778667,0.854917,0.841782,0.801232,0.827596,0.872224,0.815663,0.838036,0.86919,0.764653,0.843851,0.816085,0.789578,0.83601,0.905048,0.861908,0.753839,0.833692,0.849255,0.824473,0.704799,0.86472,0.848752,0.816013,0.864022,0.818187,0.8601,0.838165,0.835427,0.876724,0.809576,0.791443,0.788559,0.718272,0.830767,0.843896,0.854042,0.849427,0.858218,0.827333,0.799946,0.865467,0.820948,0.831816,0.896654,0.819259,0.852166,0.812288,0.847642,0.857165,0.874786,0.853502,0.881753,0.858495,0.845251,0.832198,0.825008,0.887223,0.807427,0.841756,0.813488,0.81085,0.796408,0.799581,0.819909,0.780886,0.78159,0.793803,0.585342,0.842975,0.838461,0.759524,0.858071,0.857539,0.848312,0.855846,0.838308,0.688356,1.0,0.870151,0.823821,0.796484,0.829843,0.858688,0.768826,0.777187,0.761091,0.815725,0.833962,0.8538,0.831447,0.82905,0.831858,0.780529,0.852931,0.832214,0.868855,0.759754,0.706686,0.841491,0.804835,0.846118,0.802887,0.778591,0.892844,0.818729,0.846063,0.822862,0.820196,0.871965,0.844406,0.862494,0.852255,0.83968,0.81489,0.660623
Saxophone,0.744866,0.922412,0.76176,0.821926,0.87575,0.68099,0.647289,0.659343,0.847654,0.911482,0.850156,0.898518,0.805478,0.845899,0.790069,0.886551,0.871459,0.844225,0.837003,0.888687,0.877863,0.85023,0.899829,0.742334,0.878611,0.871728,0.790285,0.923641,0.905435,0.857983,0.716328,0.795107,0.856967,0.805847,0.687104,0.894121,0.852286,0.796514,0.901442,0.86134,0.888759,0.903723,0.873031,0.937426,0.852962,0.87525,0.808895,0.689594,0.869181,0.919084,0.885066,0.885556,0.866546,0.895357,0.84336,0.8884,0.846992,0.847467,0.912049,0.88729,0.926986,0.855572,0.906053,0.891103,0.896862,0.893957,0.909934,0.921983,0.827265,0.897376,0.838036,0.920825,0.827699,0.88962,0.869426,0.888367,0.828086,0.757799,0.910662,0.857726,0.763371,0.840029,0.58371,0.854685,0.924056,0.741106,0.922119,0.868196,0.911565,0.900534,0.859642,0.67974,0.870151,1.0,0.84049,0.809165,0.888806,0.8818,0.765209,0.797944,0.748373,0.827022,0.863693,0.85906,0.918336,0.859323,0.846386,0.773144,0.885962,0.809442,0.881718,0.75343,0.769089,0.856777,0.880098,0.885264,0.792747,0.837727,0.935641,0.799455,0.904784,0.840014,0.814402,0.915629,0.875679,0.894572,0.897616,0.910218,0.840936,0.66186
Scale,0.731534,0.829862,0.729387,0.792167,0.840763,0.670081,0.667618,0.655134,0.833732,0.859679,0.820069,0.846618,0.789853,0.817579,0.751886,0.825063,0.84592,0.783515,0.802385,0.83751,0.807347,0.838692,0.847283,0.71316,0.827113,0.799278,0.767786,0.82783,0.867609,0.825432,0.721826,0.798085,0.821382,0.80735,0.675993,0.860543,0.815396,0.772991,0.851855,0.821787,0.836128,0.828614,0.81386,0.852969,0.787335,0.802961,0.746395,0.694976,0.817478,0.841086,0.818604,0.840785,0.853773,0.814224,0.785571,0.839469,0.809778,0.799974,0.856456,0.827015,0.838021,0.802729,0.833418,0.836472,0.84418,0.843764,0.849408,0.831913,0.803722,0.813968,0.797567,0.867625,0.7693,0.813871,0.793417,0.796112,0.783975,0.801635,0.799752,0.794763,0.758278,0.765085,0.5423,0.822295,0.828771,0.720561,0.841561,0.845096,0.830926,0.834024,0.826827,0.660042,0.823821,0.84049,1.0,0.762532,0.8197,0.833102,0.73112,0.740757,0.730766,0.807781,0.785892,0.819757,0.815262,0.845899,0.821634,0.768212,0.833097,0.768606,0.848498,0.71328,0.717389,0.831665,0.799173,0.851148,0.77066,0.753777,0.866124,0.806632,0.833655,0.788879,0.81224,0.840782,0.841799,0.835363,0.822182,0.806037,0.775676,0.62741
Scarf,0.773148,0.809205,0.774999,0.806754,0.81421,0.727895,0.68127,0.686108,0.789049,0.818156,0.762787,0.769825,0.798145,0.758656,0.765116,0.804695,0.789582,0.775836,0.779223,0.81426,0.774807,0.784933,0.786141,0.728691,0.784724,0.783984,0.763173,0.753232,0.820717,0.794269,0.750402,0.764749,0.809839,0.766298,0.696558,0.790646,0.765939,0.772136,0.811896,0.760445,0.8105,0.77487,0.780016,0.796645,0.784625,0.706111,0.78256,0.720804,0.772635,0.767247,0.812455,0.789604,0.794371,0.782494,0.757856,0.821404,0.772366,0.80742,0.832326,0.741829,0.783331,0.802352,0.779292,0.79348,0.808038,0.811291,0.818877,0.760245,0.800332,0.77147,0.794445,0.820992,0.799315,0.786219,0.785167,0.76338,0.797208,0.726989,0.726763,0.689778,0.724321,0.770913,0.631117,0.778894,0.747027,0.728141,0.778477,0.796236,0.766188,0.801544,0.804335,0.693544,0.796484,0.809165,0.762532,1.0,0.77364,0.811852,0.777646,0.774221,0.758415,0.779176,0.779913,0.826901,0.746551,0.751387,0.784676,0.732128,0.823344,0.812734,0.790474,0.772028,0.709969,0.808282,0.727924,0.80135,0.739457,0.755996,0.825519,0.782476,0.786136,0.786581,0.758036,0.781665,0.801812,0.804449,0.799432,0.770764,0.797136,0.706873
Scissors,0.702658,0.886065,0.75178,0.783504,0.844324,0.665333,0.621796,0.631358,0.838727,0.891976,0.838504,0.879587,0.829897,0.823735,0.819034,0.839223,0.857299,0.791773,0.808731,0.852458,0.905891,0.860689,0.870672,0.718748,0.867241,0.85293,0.774932,0.895496,0.874458,0.842188,0.716635,0.737059,0.872346,0.810608,0.658499,0.876315,0.78372,0.805605,0.888496,0.869134,0.890422,0.910748,0.848977,0.913848,0.829836,0.871735,0.757325,0.735865,0.903219,0.929266,0.859906,0.91048,0.859889,0.87366,0.832808,0.870496,0.850853,0.871128,0.878101,0.889162,0.915918,0.858316,0.871166,0.87416,0.848872,0.883921,0.897987,0.8762,0.810684,0.877037,0.840935,0.897474,0.798071,0.864569,0.849293,0.853921,0.835838,0.745264,0.865755,0.853622,0.705109,0.797052,0.521221,0.847186,0.8868,0.710018,0.906996,0.865352,0.878906,0.904544,0.868984,0.642531,0.829843,0.888806,0.8197,0.77364,1.0,0.868674,0.766696,0.770608,0.73307,0.850073,0.775715,0.818455,0.897586,0.872013,0.881471,0.750501,0.884192,0.764393,0.847948,0.725939,0.778685,0.880138,0.871407,0.876673,0.765607,0.76847,0.920164,0.78272,0.898559,0.818114,0.793337,0.879818,0.881232,0.903734,0.85299,0.896824,0.808227,0.660888
Scooter,0.780326,0.862957,0.784017,0.861014,0.887377,0.749865,0.689557,0.676064,0.866458,0.89938,0.840226,0.855999,0.882632,0.821828,0.843373,0.858989,0.866836,0.842265,0.830689,0.87619,0.850603,0.889256,0.863515,0.772349,0.8553,0.845387,0.820795,0.835976,0.899518,0.864374,0.804914,0.818645,0.903144,0.851789,0.720891,0.872496,0.809089,0.855694,0.90534,0.843153,0.887345,0.853507,0.83496,0.8855,0.845904,0.800925,0.814692,0.767285,0.863568,0.86576,0.870806,0.875911,0.883749,0.839958,0.831356,0.893114,0.835791,0.885686,0.902058,0.83576,0.875234,0.858706,0.852609,0.864681,0.865565,0.905476,0.890613,0.827508,0.858672,0.833966,0.863595,0.916405,0.857266,0.854756,0.84779,0.815675,0.852135,0.8015,0.790779,0.782423,0.770693,0.848741,0.631493,0.857526,0.824913,0.758294,0.860069,0.882876,0.8481,0.890478,0.898417,0.711647,0.858688,0.8818,0.833102,0.811852,0.868674,1.0,0.819282,0.813381,0.792956,0.866469,0.818189,0.883071,0.824457,0.852836,0.884046,0.772594,0.914728,0.831938,0.867934,0.796722,0.739946,0.885421,0.810021,0.881199,0.782827,0.804615,0.914344,0.874628,0.866142,0.835201,0.814214,0.851241,0.884425,0.883124,0.868645,0.834066,0.849224,0.703301
Scrunchie,0.758706,0.78164,0.804432,0.8208,0.781051,0.777415,0.696187,0.669147,0.78836,0.806968,0.744137,0.724488,0.841324,0.703499,0.830859,0.790608,0.763888,0.79941,0.764699,0.799972,0.782257,0.807717,0.73146,0.754317,0.750741,0.761007,0.768929,0.67417,0.791993,0.783413,0.804116,0.724166,0.840274,0.785537,0.707457,0.750047,0.686363,0.80308,0.809973,0.723945,0.813186,0.732874,0.721862,0.748778,0.780109,0.648621,0.832175,0.77466,0.787789,0.728192,0.805591,0.779344,0.788723,0.746646,0.751399,0.819541,0.761557,0.83624,0.809457,0.696553,0.751136,0.795701,0.70593,0.753129,0.752786,0.817102,0.791061,0.667634,0.815895,0.716159,0.818778,0.811325,0.849946,0.771829,0.766264,0.701854,0.824271,0.718787,0.617315,0.62023,0.689122,0.815764,0.732289,0.761844,0.655429,0.730559,0.718952,0.797896,0.694646,0.802319,0.840077,0.72516,0.768826,0.765209,0.73112,0.777646,0.766696,0.819282,1.0,0.82254,0.773268,0.810462,0.699393,0.850404,0.671347,0.730016,0.821051,0.698649,0.84586,0.796773,0.752291,0.825386,0.671773,0.821897,0.666652,0.783642,0.701968,0.757577,0.808973,0.813979,0.74757,0.772187,0.740665,0.71143,0.794042,0.800736,0.760577,0.702375,0.835694,0.765573
Seashell,0.744803,0.824025,0.824687,0.809925,0.782895,0.775207,0.696552,0.655283,0.79543,0.817261,0.757183,0.75056,0.820733,0.708088,0.810693,0.81415,0.779453,0.822831,0.767182,0.808642,0.79393,0.798864,0.739973,0.783246,0.761073,0.785285,0.770451,0.713875,0.787407,0.78858,0.780139,0.710366,0.819814,0.779229,0.703812,0.766419,0.704755,0.792879,0.811118,0.745905,0.805459,0.748479,0.731639,0.768082,0.805633,0.692723,0.846403,0.754137,0.780408,0.752496,0.805881,0.784092,0.780959,0.772222,0.772435,0.818855,0.761595,0.81028,0.818558,0.726978,0.775087,0.79966,0.735798,0.780135,0.768528,0.821008,0.801802,0.701288,0.796464,0.749708,0.805929,0.814375,0.853962,0.809056,0.784899,0.725303,0.830238,0.705529,0.672845,0.654763,0.706021,0.84813,0.788025,0.766779,0.687573,0.734229,0.736095,0.799042,0.721543,0.812712,0.836899,0.724861,0.777187,0.797944,0.740757,0.774221,0.770608,0.813381,0.82254,1.0,0.764539,0.808822,0.724564,0.864046,0.703186,0.737486,0.804879,0.706496,0.829607,0.768219,0.754275,0.813699,0.685552,0.816585,0.697368,0.797225,0.702179,0.783666,0.821809,0.80338,0.770147,0.784001,0.739175,0.734237,0.803894,0.803879,0.789661,0.742696,0.879948,0.75929
Shirt,0.735089,0.755499,0.767534,0.798455,0.780188,0.743159,0.663346,0.656321,0.774357,0.778487,0.740333,0.723916,0.800724,0.729191,0.763496,0.774328,0.764242,0.763802,0.758733,0.775942,0.737222,0.77395,0.740298,0.73553,0.741578,0.750375,0.744494,0.685552,0.779609,0.77018,0.760003,0.743635,0.799733,0.767708,0.690183,0.751608,0.716383,0.767125,0.784051,0.728894,0.777576,0.728045,0.721673,0.73895,0.771103,0.653987,0.763938,0.750547,0.737875,0.718033,0.779203,0.765893,0.769347,0.726058,0.732465,0.793478,0.739679,0.781754,0.790987,0.702079,0.729786,0.789625,0.718983,0.758729,0.753605,0.79128,0.776916,0.689213,0.776205,0.724246,0.772638,0.787349,0.79656,0.748407,0.75198,0.706906,0.787023,0.723313,0.643556,0.636188,0.708703,0.758876,0.656144,0.757424,0.676184,0.715316,0.717876,0.777946,0.713482,0.771321,0.802903,0.703427,0.761091,0.748373,0.730766,0.758415,0.73307,0.792956,0.773268,0.764539,1.0,0.782746,0.738342,0.818175,0.675053,0.725774,0.780825,0.709306,0.801915,0.783238,0.757226,0.765561,0.686932,0.802695,0.674759,0.778481,0.702861,0.72789,0.782689,0.795067,0.748083,0.759386,0.736943,0.727736,0.788169,0.771416,0.765462,0.696858,0.790637,0.702539
Shoe,0.728698,0.845386,0.793178,0.8103,0.834381,0.748619,0.694189,0.667332,0.859406,0.868435,0.838931,0.836632,0.85467,0.799659,0.83034,0.837625,0.852017,0.822392,0.816035,0.841377,0.857521,0.870809,0.819093,0.766513,0.830604,0.819307,0.788922,0.799113,0.84986,0.839727,0.778114,0.764894,0.864021,0.86022,0.702444,0.847862,0.756606,0.828089,0.872879,0.827408,0.863015,0.837931,0.791637,0.840878,0.823353,0.797404,0.797538,0.787288,0.865352,0.849904,0.83663,0.878739,0.85819,0.81797,0.81319,0.856925,0.838563,0.84675,0.849835,0.836307,0.840836,0.8441,0.796285,0.838744,0.809961,0.871581,0.852515,0.783362,0.818762,0.811753,0.838726,0.873414,0.831555,0.837516,0.816666,0.7846,0.851751,0.784948,0.750112,0.776687,0.734452,0.818863,0.635963,0.838537,0.785972,0.738456,0.82457,0.867711,0.80188,0.87039,0.880192,0.701642,0.815725,0.827022,0.807781,0.779176,0.850073,0.866469,0.810462,0.808822,0.782746,1.0,0.755562,0.859044,0.791089,0.857373,0.895359,0.76888,0.867816,0.764323,0.825164,0.775445,0.739139,0.880761,0.794491,0.873691,0.756867,0.77263,0.872432,0.843351,0.843171,0.807768,0.808956,0.810223,0.8699,0.864519,0.82226,0.788945,0.845395,0.706947
Skiis,0.736101,0.828469,0.730332,0.800649,0.870251,0.655859,0.624701,0.647279,0.782367,0.830059,0.765552,0.805762,0.740158,0.819168,0.700764,0.822333,0.793672,0.762296,0.799937,0.834734,0.764977,0.757826,0.851362,0.713665,0.805481,0.795865,0.752014,0.828943,0.857168,0.809448,0.698899,0.835981,0.779386,0.75205,0.665498,0.827982,0.857867,0.760117,0.815238,0.771492,0.802549,0.811776,0.817887,0.846439,0.784129,0.757499,0.728683,0.662127,0.754407,0.797104,0.825795,0.791933,0.793567,0.803595,0.760751,0.82323,0.76265,0.775069,0.863521,0.77935,0.817633,0.798606,0.847284,0.820837,0.86774,0.810411,0.832911,0.859539,0.792046,0.823896,0.764981,0.836509,0.754046,0.79596,0.798707,0.822705,0.750568,0.735915,0.835381,0.75245,0.777119,0.739646,0.548934,0.801856,0.845836,0.711598,0.830907,0.791321,0.844108,0.799212,0.771944,0.656858,0.833962,0.863693,0.785892,0.779913,0.775715,0.818189,0.699393,0.724564,0.738342,0.755562,1.0,0.800543,0.817591,0.760969,0.749135,0.740154,0.799851,0.817266,0.834591,0.711693,0.693092,0.779767,0.787929,0.80232,0.770094,0.759205,0.84672,0.763803,0.815476,0.794757,0.774231,0.856734,0.800342,0.80939,0.841521,0.821968,0.765826,0.615164
Snowglobe,0.806566,0.854648,0.83162,0.866763,0.858328,0.804466,0.747959,0.707691,0.863081,0.885253,0.827934,0.820748,0.879372,0.789508,0.843822,0.88,0.858357,0.877456,0.832494,0.870168,0.818895,0.873628,0.822523,0.813199,0.834204,0.831381,0.823227,0.772082,0.875112,0.859892,0.841903,0.812086,0.880354,0.843298,0.75715,0.840951,0.793157,0.849748,0.879265,0.80963,0.862437,0.796701,0.800233,0.832878,0.841761,0.74587,0.880932,0.785068,0.825927,0.807407,0.852808,0.838313,0.863304,0.821323,0.816486,0.876775,0.817078,0.854155,0.886899,0.787179,0.827215,0.841689,0.800488,0.840304,0.841455,0.883511,0.868372,0.768439,0.86551,0.799542,0.857881,0.889882,0.892853,0.845617,0.831313,0.780943,0.860671,0.804968,0.723269,0.721214,0.791372,0.866808,0.754933,0.831119,0.757935,0.795101,0.80572,0.873429,0.795632,0.866436,0.892998,0.775581,0.8538,0.85906,0.819757,0.826901,0.818455,0.883071,0.850404,0.864046,0.818175,0.859044,0.800543,1.0,0.761909,0.817895,0.858304,0.782115,0.888719,0.828655,0.839564,0.848224,0.725352,0.86681,0.754027,0.871449,0.775885,0.838883,0.880244,0.884401,0.822339,0.839886,0.816374,0.808478,0.860483,0.853368,0.851942,0.779534,0.891697,0.77338
Spoon,0.637305,0.914121,0.70758,0.726335,0.831133,0.564947,0.55594,0.603287,0.806559,0.885582,0.834926,0.907421,0.709682,0.849612,0.711921,0.834093,0.843182,0.762162,0.797584,0.840506,0.881523,0.805958,0.899012,0.678135,0.869328,0.845329,0.712606,0.96585,0.871073,0.824038,0.59205,0.726098,0.802349,0.769631,0.609095,0.885006,0.825231,0.735257,0.861299,0.864206,0.865479,0.937165,0.867556,0.942678,0.810804,0.928349,0.700233,0.632739,0.873496,0.954537,0.852078,0.89522,0.832207,0.8893,0.815947,0.84289,0.845333,0.797212,0.864521,0.928199,0.931058,0.815446,0.911241,0.885534,0.858195,0.842815,0.894725,0.961008,0.756661,0.920523,0.782576,0.877285,0.728744,0.872936,0.837682,0.90161,0.759087,0.710031,0.97227,0.923519,0.693817,0.739058,0.414469,0.834224,0.974318,0.672844,0.951154,0.833011,0.931062,0.881516,0.79855,0.579731,0.831447,0.918336,0.815262,0.746551,0.897586,0.824457,0.671347,0.703186,0.675053,0.791089,0.817591,0.761909,1.0,0.876501,0.820087,0.747557,0.819325,0.733273,0.854762,0.645887,0.761753,0.821763,0.926821,0.855424,0.768379,0.764615,0.912204,0.700749,0.914908,0.797716,0.791621,0.936875,0.854782,0.885316,0.856039,0.948576,0.758837,0.557645
Stapler,0.689565,0.865522,0.738155,0.777069,0.840508,0.651563,0.643262,0.640278,0.878404,0.894743,0.87971,0.910928,0.789265,0.855328,0.766401,0.840693,0.889343,0.804459,0.823248,0.851597,0.861769,0.892396,0.879521,0.717122,0.858687,0.821567,0.762563,0.885985,0.88589,0.850346,0.690978,0.776837,0.843453,0.865474,0.665816,0.908685,0.816924,0.783514,0.890263,0.873407,0.87258,0.888219,0.826639,0.894483,0.807789,0.892634,0.737563,0.710447,0.882489,0.913896,0.835913,0.909282,0.89624,0.846251,0.824166,0.859146,0.858198,0.813117,0.861705,0.91428,0.883794,0.825165,0.859071,0.872322,0.841357,0.873315,0.87214,0.87228,0.800429,0.8589,0.812998,0.896675,0.773206,0.852996,0.810428,0.827108,0.803632,0.838644,0.849298,0.888388,0.75281,0.771,0.50428,0.858861,0.884075,0.715182,0.892859,0.884827,0.869465,0.877471,0.856028,0.644375,0.82905,0.859323,0.845899,0.751387,0.872013,0.852836,0.730016,0.737486,0.725774,0.857373,0.760969,0.817895,0.876501,1.0,0.884702,0.796971,0.84976,0.728755,0.874667,0.689892,0.728013,0.871145,0.867246,0.903161,0.77766,0.762635,0.897046,0.819432,0.882308,0.799078,0.850649,0.876986,0.888664,0.87676,0.833875,0.841699,0.790902,0.605182
Stapleremover,0.729889,0.858111,0.786799,0.824268,0.847481,0.736903,0.678791,0.657435,0.877143,0.889862,0.847119,0.858254,0.865852,0.824594,0.853406,0.847144,0.865944,0.822039,0.830691,0.860563,0.884924,0.896913,0.842591,0.768382,0.854735,0.833503,0.800673,0.825692,0.875049,0.855449,0.780395,0.769515,0.887656,0.871777,0.698192,0.871142,0.76572,0.837331,0.899418,0.853857,0.890009,0.873363,0.810529,0.872339,0.835603,0.816718,0.793501,0.797848,0.905281,0.883923,0.853439,0.908812,0.881739,0.833897,0.831563,0.87647,0.859397,0.878004,0.869554,0.859033,0.868155,0.858105,0.819128,0.856907,0.827231,0.892943,0.87609,0.807692,0.83121,0.829453,0.859068,0.903206,0.83972,0.853117,0.828149,0.802593,0.868933,0.797609,0.773592,0.797144,0.722771,0.827914,0.605811,0.868556,0.812151,0.740565,0.852391,0.890472,0.825869,0.898447,0.89837,0.691617,0.831858,0.846386,0.821634,0.784676,0.881471,0.884046,0.821051,0.804879,0.780825,0.895359,0.749135,0.858304,0.820087,0.884702,1.0,0.77605,0.896559,0.77876,0.847778,0.770074,0.749369,0.907717,0.815429,0.892798,0.772569,0.77115,0.899291,0.849582,0.871503,0.817594,0.812763,0.832682,0.889114,0.891748,0.837907,0.812769,0.848671,0.692643
Storagebin,0.706691,0.785473,0.723061,0.746068,0.791227,0.664358,0.669387,0.6613,0.798224,0.802662,0.784534,0.793729,0.741809,0.778097,0.694102,0.788923,0.798401,0.742063,0.76857,0.790131,0.747805,0.780572,0.786808,0.693774,0.777649,0.743512,0.721458,0.760254,0.81047,0.784819,0.685615,0.765313,0.759188,0.789488,0.663689,0.808408,0.775984,0.735751,0.787616,0.770293,0.781915,0.763728,0.758828,0.784786,0.736843,0.745524,0.723548,0.67161,0.761601,0.775418,0.767549,0.787142,0.801384,0.760794,0.733509,0.786854,0.774553,0.737474,0.796181,0.770276,0.767021,0.749623,0.765395,0.786411,0.789102,0.776948,0.790662,0.766267,0.760096,0.757915,0.747714,0.799168,0.724514,0.767213,0.738384,0.738266,0.741516,0.765365,0.733443,0.73881,0.731327,0.709886,0.530624,0.77384,0.759731,0.703675,0.77558,0.794205,0.764401,0.775357,0.763607,0.653872,0.780529,0.773144,0.768212,0.732128,0.750501,0.772594,0.698649,0.706496,0.709306,0.76888,0.740154,0.782115,0.747557,0.796971,0.77605,1.0,0.766628,0.733906,0.793805,0.689513,0.680005,0.782339,0.739965,0.801073,0.738492,0.716688,0.796295,0.760356,0.775369,0.745435,0.786185,0.779118,0.782287,0.778163,0.768086,0.736272,0.740316,0.619649
Stroller,0.798688,0.863594,0.790364,0.879852,0.878516,0.771352,0.691701,0.681997,0.871197,0.900991,0.84141,0.85601,0.910762,0.813974,0.875806,0.861772,0.871913,0.846923,0.836285,0.883867,0.86852,0.902557,0.862496,0.770471,0.858178,0.857263,0.838036,0.832607,0.900267,0.864617,0.826387,0.804624,0.922061,0.842196,0.728213,0.874764,0.801788,0.852639,0.916892,0.850514,0.90065,0.859545,0.83585,0.885703,0.856894,0.791507,0.830647,0.784824,0.878847,0.870897,0.880932,0.883888,0.891871,0.849033,0.841067,0.904751,0.839769,0.9095,0.908772,0.829347,0.883625,0.880622,0.852684,0.865703,0.869239,0.922377,0.893793,0.819041,0.871062,0.833256,0.881582,0.92715,0.87528,0.857781,0.854804,0.820224,0.879223,0.804556,0.779009,0.769765,0.761865,0.870293,0.653769,0.860138,0.814772,0.764819,0.85796,0.888895,0.845412,0.900904,0.920035,0.72941,0.852931,0.885962,0.833097,0.823344,0.884192,0.914728,0.84586,0.829607,0.801915,0.867816,0.799851,0.888719,0.819325,0.84976,0.896559,0.766628,1.0,0.844974,0.870066,0.815564,0.764342,0.904304,0.801813,0.888249,0.778354,0.807422,0.925767,0.881466,0.871556,0.844841,0.811748,0.843225,0.893256,0.892649,0.872298,0.831966,0.860767,0.728492
Suit,0.818435,0.8073,0.793611,0.8674,0.865411,0.730923,0.673608,0.696147,0.790505,0.831693,0.735442,0.753884,0.806612,0.779955,0.769632,0.809349,0.779407,0.756284,0.797803,0.840519,0.758049,0.77826,0.804631,0.75375,0.77885,0.776664,0.786956,0.742596,0.852255,0.81424,0.785266,0.824582,0.836466,0.769266,0.717616,0.797493,0.807375,0.802158,0.812266,0.748833,0.826523,0.771087,0.791924,0.799694,0.781685,0.666301,0.784564,0.740321,0.758686,0.744771,0.845756,0.770534,0.804947,0.767766,0.746643,0.853046,0.765741,0.84313,0.866881,0.707128,0.771283,0.802381,0.800536,0.802605,0.838953,0.812283,0.834934,0.765036,0.841734,0.757663,0.806285,0.832278,0.80418,0.781158,0.786454,0.757781,0.783932,0.756404,0.721165,0.651312,0.752156,0.771148,0.61559,0.795651,0.734842,0.754402,0.772152,0.79956,0.769626,0.795726,0.801682,0.714267,0.832214,0.809442,0.768606,0.812734,0.764393,0.831938,0.796773,0.768219,0.783238,0.764323,0.817266,0.828655,0.733273,0.728755,0.77876,0.733906,0.844974,1.0,0.818003,0.794605,0.686576,0.830496,0.704041,0.773447,0.766247,0.733614,0.838363,0.796127,0.787424,0.804384,0.770638,0.79122,0.796178,0.814017,0.807619,0.797655,0.795005,0.686497
Suitcase,0.753898,0.86144,0.748996,0.840159,0.884793,0.681433,0.661979,0.67,0.868162,0.896783,0.847343,0.879341,0.803805,0.862264,0.775178,0.853923,0.873253,0.807373,0.839111,0.879843,0.827673,0.869402,0.89596,0.737487,0.854915,0.826354,0.795801,0.868554,0.9173,0.861864,0.73827,0.846847,0.858532,0.842782,0.697361,0.897582,0.871507,0.800079,0.888089,0.844626,0.872142,0.8663,0.848209,0.89731,0.81661,0.830673,0.763244,0.709233,0.843192,0.87182,0.860163,0.872711,0.889382,0.841769,0.814529,0.877132,0.834068,0.833938,0.901292,0.85543,0.873963,0.829573,0.874705,0.872121,0.889713,0.877718,0.883703,0.884381,0.843407,0.849518,0.826025,0.909818,0.796662,0.845244,0.818286,0.830518,0.799902,0.840272,0.845028,0.824837,0.793869,0.790855,0.540125,0.863601,0.874012,0.745301,0.881664,0.875242,0.875432,0.86164,0.853617,0.676641,0.868855,0.881718,0.848498,0.790474,0.847948,0.867934,0.752291,0.754275,0.757226,0.825164,0.834591,0.839564,0.854762,0.874667,0.847778,0.793805,0.870066,0.818003,1.0,0.732406,0.723591,0.859498,0.832831,0.880409,0.805718,0.778332,0.90679,0.839333,0.869128,0.819761,0.846554,0.890097,0.874896,0.87014,0.86467,0.839893,0.794142,0.625565
Teddy Bear,0.7615,0.773425,0.805606,0.809848,0.766479,0.783249,0.704409,0.675646,0.762514,0.783261,0.718184,0.698735,0.814485,0.682894,0.793463,0.782907,0.73925,0.790292,0.748579,0.783246,0.739997,0.769853,0.710295,0.758259,0.731075,0.74639,0.756703,0.652214,0.768709,0.768134,0.792762,0.718668,0.810666,0.752879,0.707374,0.722261,0.683588,0.783056,0.781806,0.692072,0.780917,0.697205,0.707099,0.722706,0.767414,0.616137,0.827577,0.748553,0.736213,0.689914,0.785424,0.739796,0.75619,0.73114,0.727128,0.795396,0.73439,0.801903,0.792745,0.661098,0.72381,0.769326,0.688432,0.737436,0.741134,0.791189,0.77051,0.647903,0.800478,0.698563,0.790773,0.785308,0.8306,0.756579,0.752809,0.689969,0.792037,0.694335,0.604962,0.586381,0.695571,0.802296,0.742449,0.737213,0.633621,0.73111,0.692557,0.768162,0.680052,0.769755,0.81032,0.732944,0.759754,0.75343,0.71328,0.772028,0.725939,0.796722,0.825386,0.813699,0.765561,0.775445,0.711693,0.848224,0.645887,0.689892,0.770074,0.689513,0.815564,0.794605,0.732406,1.0,0.663826,0.78482,0.639687,0.754617,0.693439,0.755666,0.77981,0.796506,0.719877,0.764387,0.721756,0.69404,0.767956,0.768622,0.755404,0.685563,0.828291,0.760743
Tennisracket,0.684154,0.772258,0.676398,0.675101,0.722267,0.649516,0.611589,0.624258,0.716061,0.749792,0.730416,0.751288,0.78176,0.714663,0.708639,0.743526,0.763151,0.690641,0.711089,0.728899,0.788311,0.714098,0.74669,0.626248,0.76508,0.75565,0.691157,0.765871,0.73674,0.716178,0.658378,0.650402,0.732026,0.68167,0.601784,0.747266,0.68734,0.693269,0.748485,0.782636,0.759899,0.779634,0.76123,0.774241,0.735479,0.73551,0.683389,0.66734,0.773781,0.787915,0.740051,0.76356,0.734608,0.78022,0.718397,0.756068,0.752639,0.751097,0.748168,0.751222,0.777599,0.777516,0.750673,0.769642,0.744056,0.753304,0.781215,0.748262,0.696917,0.758936,0.720719,0.754258,0.687186,0.741153,0.762018,0.773106,0.763325,0.636782,0.738874,0.720665,0.625197,0.688435,0.473241,0.718664,0.75223,0.658615,0.766761,0.738413,0.761485,0.780185,0.736799,0.605456,0.706686,0.769089,0.717389,0.709969,0.778685,0.739946,0.671773,0.685552,0.686932,0.739139,0.693092,0.725352,0.761753,0.728013,0.749369,0.680005,0.764342,0.686576,0.723591,0.663826,1.0,0.778431,0.74596,0.753001,0.682845,0.693472,0.776142,0.664453,0.787189,0.726335,0.693029,0.748211,0.744174,0.764285,0.74693,0.766316,0.708085,0.647933
Tent,0.772904,0.865926,0.813832,0.852778,0.865936,0.755982,0.689891,0.682184,0.878888,0.893113,0.845306,0.856426,0.880738,0.830724,0.856366,0.858854,0.876802,0.825082,0.838857,0.867895,0.886238,0.889054,0.854217,0.776085,0.85425,0.844678,0.820161,0.831837,0.884698,0.861031,0.801101,0.79308,0.894243,0.86208,0.719108,0.879972,0.795664,0.842935,0.893378,0.863428,0.893126,0.875127,0.82933,0.872681,0.848744,0.81349,0.801605,0.812351,0.887018,0.879032,0.870083,0.899133,0.885579,0.842698,0.832274,0.894105,0.853455,0.892479,0.887974,0.850982,0.865188,0.884551,0.846113,0.873579,0.852365,0.897952,0.891048,0.819715,0.847249,0.83849,0.862098,0.899877,0.847603,0.854345,0.844438,0.813546,0.881144,0.812752,0.785682,0.791453,0.754085,0.824935,0.622484,0.865595,0.81468,0.75952,0.853151,0.888722,0.832541,0.893908,0.893433,0.715236,0.841491,0.856777,0.831665,0.808282,0.880138,0.885421,0.821897,0.816585,0.802695,0.880761,0.779767,0.86681,0.821763,0.871145,0.907717,0.782339,0.904304,0.830496,0.859498,0.78482,0.778431,1.0,0.813723,0.891418,0.782863,0.777653,0.907508,0.857316,0.882029,0.83738,0.82631,0.841924,0.894489,0.896821,0.849101,0.844735,0.859083,0.715919
Toothbrush,0.627027,0.882391,0.702381,0.712156,0.809423,0.577676,0.56125,0.599844,0.801887,0.860297,0.8283,0.88418,0.710515,0.828391,0.707055,0.813499,0.833084,0.755331,0.783135,0.816869,0.861712,0.800595,0.868364,0.673194,0.845677,0.821944,0.704457,0.924627,0.845603,0.807455,0.596923,0.715627,0.788109,0.776746,0.607062,0.86505,0.797423,0.728746,0.843259,0.843961,0.843377,0.905169,0.834823,0.906007,0.794034,0.903548,0.68823,0.643783,0.854216,0.92243,0.824817,0.879283,0.820861,0.861097,0.800016,0.821939,0.828778,0.777359,0.836503,0.906822,0.897902,0.802882,0.872985,0.860518,0.828579,0.827586,0.864466,0.91572,0.739117,0.887149,0.766982,0.855061,0.719946,0.847953,0.813993,0.864934,0.756907,0.712643,0.921041,0.897728,0.688408,0.727028,0.427476,0.817896,0.930052,0.661906,0.913454,0.8216,0.892644,0.85927,0.790635,0.580748,0.804835,0.880098,0.799173,0.727924,0.871407,0.810021,0.666652,0.697368,0.674759,0.794491,0.787929,0.754027,0.926821,0.867246,0.815429,0.739965,0.801813,0.704041,0.832831,0.639687,0.74596,0.813723,1.0,0.84784,0.748356,0.74697,0.883186,0.707563,0.887418,0.777528,0.783973,0.898187,0.84272,0.861516,0.831649,0.899321,0.751508,0.561893
Train,0.756406,0.872714,0.771713,0.832404,0.858181,0.724947,0.685423,0.672589,0.893686,0.898923,0.884039,0.894555,0.843298,0.845461,0.819373,0.869294,0.904772,0.844517,0.841356,0.87446,0.869343,0.907815,0.879091,0.746564,0.865809,0.85155,0.805688,0.869361,0.899329,0.861817,0.756927,0.802613,0.877514,0.87143,0.707588,0.902938,0.828987,0.805735,0.91418,0.867418,0.886439,0.881067,0.841144,0.894055,0.844515,0.861654,0.790727,0.750369,0.874636,0.899079,0.857641,0.912404,0.897372,0.857913,0.844701,0.879416,0.856197,0.846587,0.888218,0.892084,0.886996,0.872618,0.863639,0.87776,0.867029,0.907773,0.884855,0.860314,0.828002,0.863703,0.847066,0.919408,0.8348,0.865026,0.838989,0.833476,0.857447,0.828591,0.830424,0.844792,0.775798,0.828075,0.605359,0.871072,0.866466,0.743506,0.886306,0.896931,0.868698,0.889516,0.895941,0.696148,0.846118,0.885264,0.851148,0.80135,0.876673,0.881199,0.783642,0.797225,0.778481,0.873691,0.80232,0.871449,0.855424,0.903161,0.892798,0.801073,0.888249,0.773447,0.880409,0.754617,0.753001,0.891418,0.84784,1.0,0.785037,0.803362,0.912408,0.871184,0.883519,0.828708,0.841,0.873635,0.911022,0.885622,0.871709,0.833836,0.84017,0.678365
Trashbin,0.723525,0.793599,0.719185,0.758658,0.813297,0.649285,0.655128,0.644664,0.782228,0.812529,0.756456,0.786318,0.738227,0.788851,0.707178,0.784699,0.783246,0.730211,0.771521,0.801839,0.758219,0.770874,0.807713,0.691863,0.789947,0.751691,0.731468,0.774493,0.831552,0.795046,0.690623,0.780642,0.771774,0.761903,0.653908,0.806155,0.791216,0.743342,0.793275,0.766147,0.791304,0.782077,0.780545,0.806357,0.742693,0.735901,0.711598,0.670425,0.771344,0.780313,0.782941,0.788395,0.799434,0.776418,0.735409,0.797012,0.768382,0.76228,0.817517,0.762728,0.782374,0.755892,0.785058,0.791938,0.810927,0.781116,0.809963,0.796839,0.775324,0.772528,0.756672,0.812259,0.725399,0.769334,0.749248,0.759069,0.740327,0.751871,0.761521,0.730417,0.724875,0.713514,0.510835,0.784718,0.781623,0.705894,0.794517,0.791409,0.783425,0.781945,0.765774,0.631952,0.802887,0.792747,0.77066,0.739457,0.765607,0.782827,0.701968,0.702179,0.702861,0.756867,0.770094,0.775885,0.768379,0.77766,0.772569,0.738492,0.778354,0.766247,0.805718,0.693439,0.682845,0.782863,0.748356,0.785037,1.0,0.710705,0.814893,0.745399,0.784123,0.75843,0.771487,0.805755,0.780795,0.794241,0.778331,0.768648,0.733279,0.615189
Tree,0.709755,0.82762,0.755673,0.760529,0.778674,0.711869,0.648237,0.652681,0.779261,0.813275,0.778501,0.79049,0.772756,0.739883,0.731447,0.827645,0.790956,0.865513,0.764765,0.798565,0.768227,0.777036,0.774251,0.72813,0.778134,0.785947,0.731598,0.774221,0.800209,0.77806,0.697645,0.722712,0.779615,0.754161,0.677481,0.784969,0.74121,0.741995,0.807867,0.762204,0.796244,0.768067,0.755245,0.805347,0.799721,0.744545,0.802955,0.668517,0.764104,0.78547,0.793153,0.779315,0.784512,0.796457,0.763735,0.803091,0.762959,0.758446,0.807509,0.766,0.802724,0.773516,0.770351,0.788444,0.784545,0.813657,0.803688,0.764149,0.762118,0.781289,0.771094,0.824358,0.807851,0.802251,0.784591,0.767653,0.778172,0.698333,0.739229,0.723588,0.70874,0.799946,0.655975,0.760007,0.767896,0.706161,0.780666,0.789146,0.770024,0.802127,0.798474,0.700304,0.778591,0.837727,0.753777,0.755996,0.76847,0.804615,0.757577,0.783666,0.72789,0.77263,0.759205,0.838883,0.764615,0.762635,0.77115,0.716688,0.807422,0.733614,0.778332,0.755666,0.693472,0.777653,0.74697,0.803362,0.710705,1.0,0.818543,0.763656,0.791474,0.764628,0.75054,0.780096,0.789639,0.791298,0.806254,0.752478,0.812216,0.682806
Trophy,0.767999,0.92346,0.795133,0.862076,0.906498,0.717988,0.675691,0.674614,0.88798,0.940937,0.874207,0.913627,0.85892,0.866812,0.843984,0.890667,0.899937,0.847567,0.859703,0.909271,0.906612,0.901931,0.915286,0.775533,0.896509,0.88558,0.826749,0.918827,0.937107,0.89242,0.77121,0.81838,0.909632,0.856613,0.7134,0.921695,0.855755,0.845355,0.93278,0.890745,0.922198,0.922105,0.88314,0.945262,0.872112,0.879713,0.816594,0.756496,0.910508,0.936253,0.90748,0.924096,0.909388,0.898301,0.866181,0.918971,0.874379,0.898123,0.939116,0.902108,0.935914,0.885126,0.91531,0.913436,0.909338,0.925662,0.936922,0.916034,0.866777,0.900765,0.877554,0.9486,0.851942,0.902013,0.879849,0.880475,0.864616,0.814344,0.891861,0.862507,0.779643,0.85814,0.597861,0.889324,0.910734,0.766877,0.929967,0.907793,0.912032,0.92843,0.906627,0.699873,0.892844,0.935641,0.866124,0.825519,0.920164,0.914344,0.808973,0.821809,0.782689,0.872432,0.84672,0.880244,0.912204,0.897046,0.899291,0.796295,0.925767,0.838363,0.90679,0.77981,0.776142,0.907508,0.883186,0.912408,0.814893,0.818543,1.0,0.852155,0.921623,0.86452,0.844509,0.922073,0.916428,0.928302,0.903985,0.918212,0.861825,0.686221
Truck,0.792298,0.776594,0.766618,0.874986,0.8445,0.779641,0.715953,0.667579,0.866548,0.849417,0.819449,0.796795,0.877603,0.774317,0.833995,0.821086,0.847675,0.825887,0.80409,0.841492,0.769081,0.897662,0.807592,0.762223,0.791883,0.784191,0.819659,0.724484,0.866412,0.834057,0.83935,0.827202,0.885405,0.859563,0.72978,0.833629,0.780607,0.829848,0.874673,0.781971,0.836183,0.756949,0.760822,0.795041,0.801706,0.710424,0.803751,0.771812,0.792245,0.770485,0.815056,0.825802,0.869718,0.756655,0.787899,0.854955,0.780654,0.840172,0.858039,0.760461,0.784138,0.823684,0.772271,0.803935,0.820684,0.880506,0.820996,0.72608,0.849582,0.747243,0.835269,0.878919,0.851119,0.789714,0.778772,0.716871,0.831564,0.846854,0.661493,0.690211,0.788659,0.832502,0.701429,0.825721,0.712392,0.750951,0.764831,0.863002,0.763661,0.824253,0.891506,0.729973,0.818729,0.799455,0.806632,0.782476,0.78272,0.874628,0.813979,0.80338,0.795067,0.843351,0.763803,0.884401,0.700749,0.819432,0.849582,0.760356,0.881466,0.796127,0.839333,0.796506,0.664453,0.857316,0.707563,0.871184,0.745399,0.763656,0.852155,1.0,0.782361,0.795886,0.806444,0.767377,0.863625,0.818569,0.817297,0.705269,0.832329,0.700923
Umbrella,0.70801,0.905721,0.766135,0.794578,0.861279,0.667973,0.623401,0.65125,0.850613,0.898526,0.85172,0.897651,0.801294,0.853766,0.781833,0.860463,0.871598,0.809637,0.827679,0.863573,0.892246,0.850879,0.888539,0.738803,0.875279,0.860788,0.772386,0.920019,0.886688,0.850565,0.692717,0.768484,0.851829,0.823098,0.670752,0.89473,0.823865,0.794099,0.887859,0.879995,0.888345,0.920537,0.860894,0.92514,0.846536,0.888307,0.758574,0.724095,0.886424,0.932469,0.871136,0.90515,0.866744,0.881541,0.837565,0.878738,0.859303,0.847978,0.886384,0.903103,0.915549,0.858786,0.896943,0.894769,0.869385,0.881112,0.903822,0.909319,0.804361,0.896669,0.827338,0.901654,0.794088,0.879497,0.855693,0.875797,0.826938,0.762568,0.900475,0.873807,0.732345,0.795495,0.519652,0.860776,0.913969,0.720885,0.915952,0.86778,0.899425,0.898789,0.852356,0.657057,0.846063,0.904784,0.833655,0.786136,0.898559,0.866142,0.74757,0.770147,0.748083,0.843171,0.815476,0.822339,0.914908,0.882308,0.871503,0.775369,0.871556,0.787424,0.869128,0.719877,0.787189,0.882029,0.887418,0.883519,0.784123,0.791474,0.921623,0.782361,1.0,0.825064,0.815601,0.904672,0.884217,0.899828,0.87209,0.910589,0.818561,0.63305
Vase,0.754904,0.844317,0.783516,0.812122,0.835026,0.717411,0.665489,0.663684,0.815314,0.852501,0.791902,0.813235,0.807199,0.789877,0.786807,0.82588,0.81757,0.791848,0.803234,0.836745,0.818074,0.819102,0.825634,0.749799,0.816245,0.81212,0.776553,0.803307,0.847652,0.825265,0.754063,0.770096,0.83644,0.787845,0.693484,0.828668,0.787626,0.796088,0.84141,0.799845,0.838428,0.821427,0.802141,0.836224,0.808779,0.763136,0.784213,0.73768,0.816033,0.819192,0.834261,0.83132,0.824267,0.814862,0.78991,0.845446,0.799041,0.828385,0.858467,0.795287,0.827033,0.822925,0.815584,0.830701,0.828351,0.840599,0.850431,0.804875,0.814619,0.811355,0.812067,0.851057,0.807795,0.820903,0.808558,0.797226,0.813684,0.753515,0.778785,0.74686,0.739919,0.792684,0.616874,0.812591,0.79414,0.740028,0.822547,0.828403,0.812626,0.840721,0.833824,0.691333,0.822862,0.840014,0.788879,0.786581,0.818114,0.835201,0.772187,0.784001,0.759386,0.807768,0.794757,0.839886,0.797716,0.799078,0.817594,0.745435,0.844841,0.804384,0.819761,0.764387,0.726335,0.83738,0.777528,0.828708,0.75843,0.764628,0.86452,0.795886,0.825064,1.0,0.782645,0.822836,0.834238,0.842421,0.826069,0.819076,0.817313,0.699214
Wallet,0.72315,0.827785,0.761187,0.792192,0.830147,0.681953,0.68039,0.67773,0.842027,0.851397,0.830329,0.839616,0.767171,0.819169,0.735871,0.825589,0.83969,0.786007,0.812029,0.835415,0.794026,0.833785,0.838364,0.728541,0.811916,0.778527,0.757195,0.80353,0.859273,0.828898,0.71556,0.808781,0.810349,0.833795,0.690478,0.856077,0.820854,0.771037,0.832605,0.799198,0.828783,0.808926,0.792949,0.82714,0.770244,0.7933,0.757953,0.702329,0.805347,0.819181,0.815413,0.832607,0.853978,0.800418,0.771755,0.835099,0.814156,0.780114,0.840987,0.818394,0.811811,0.785043,0.806712,0.825841,0.828713,0.824227,0.826681,0.812505,0.807615,0.799397,0.787981,0.844988,0.766151,0.807917,0.772104,0.777983,0.768608,0.827177,0.774604,0.789109,0.776771,0.746693,0.557004,0.81349,0.807122,0.730521,0.819518,0.840318,0.808326,0.815132,0.810677,0.681235,0.820196,0.814402,0.81224,0.758036,0.793337,0.814214,0.740665,0.739175,0.736943,0.808956,0.774231,0.816374,0.791621,0.850649,0.812763,0.786185,0.811748,0.770638,0.846554,0.721756,0.693029,0.82631,0.783973,0.841,0.771487,0.75054,0.844509,0.806444,0.815601,0.782645,1.0,0.824109,0.829197,0.824374,0.799968,0.778042,0.774734,0.62728
Waterbottle,0.698642,0.904457,0.741843,0.790105,0.874103,0.620433,0.609345,0.639625,0.840553,0.903107,0.844424,0.902011,0.74786,0.87438,0.742101,0.854825,0.861845,0.788507,0.828819,0.870119,0.859741,0.83392,0.915054,0.722139,0.87422,0.848297,0.756764,0.936042,0.911274,0.857544,0.660418,0.800523,0.833858,0.809078,0.656632,0.898884,0.868021,0.771463,0.881376,0.861168,0.875822,0.918041,0.874154,0.93628,0.827379,0.890905,0.731303,0.675253,0.862,0.923953,0.869495,0.895996,0.862289,0.87777,0.823992,0.867391,0.845708,0.818629,0.89797,0.904302,0.913672,0.832681,0.91128,0.893581,0.88979,0.863671,0.906337,0.952392,0.806015,0.907926,0.808401,0.901453,0.766784,0.87152,0.840842,0.88584,0.779597,0.774344,0.938093,0.887377,0.753823,0.766788,0.478798,0.86014,0.949463,0.719734,0.936191,0.85864,0.923328,0.879229,0.82811,0.628511,0.871965,0.915629,0.840782,0.781665,0.879818,0.851241,0.71143,0.734237,0.727736,0.810223,0.856734,0.808478,0.936875,0.876986,0.832682,0.779118,0.843225,0.79122,0.890097,0.69404,0.748211,0.841924,0.898187,0.873635,0.805755,0.780096,0.922073,0.767377,0.904672,0.822836,0.824109,1.0,0.875985,0.89063,0.876138,0.920025,0.784424,0.592586
Watergun,0.748972,0.874205,0.79247,0.84892,0.861801,0.727218,0.66455,0.65955,0.8791,0.898455,0.860919,0.881177,0.836204,0.842862,0.827308,0.852571,0.880113,0.835244,0.83423,0.868519,0.869519,0.899779,0.876002,0.765905,0.854651,0.855639,0.805153,0.863282,0.892527,0.863195,0.7553,0.787687,0.898127,0.860459,0.703921,0.889512,0.809881,0.812247,0.914343,0.856087,0.892237,0.889038,0.832842,0.890979,0.859133,0.844662,0.778267,0.778003,0.870508,0.894707,0.873967,0.915335,0.887517,0.84988,0.845165,0.891253,0.848152,0.86814,0.889633,0.880864,0.88432,0.878503,0.865529,0.879454,0.856796,0.909593,0.889057,0.856249,0.832993,0.868471,0.850955,0.912258,0.837587,0.865382,0.846957,0.833534,0.846916,0.813375,0.827414,0.826571,0.759771,0.827421,0.614451,0.87254,0.858741,0.741307,0.882679,0.887149,0.867244,0.888174,0.904405,0.692793,0.844406,0.875679,0.841799,0.801812,0.881232,0.884425,0.794042,0.803894,0.788169,0.8699,0.800342,0.860483,0.854782,0.888664,0.889114,0.782287,0.893256,0.796178,0.874896,0.767956,0.744174,0.894489,0.84272,0.911022,0.780795,0.789639,0.916428,0.863625,0.884217,0.834238,0.829197,0.875985,1.0,0.896967,0.868424,0.852872,0.845843,0.670888
Wateringcan,0.740248,0.903289,0.806868,0.828877,0.872921,0.70727,0.658522,0.666173,0.863842,0.911877,0.848347,0.882262,0.833239,0.84616,0.830392,0.864041,0.866724,0.822986,0.83826,0.878032,0.899123,0.873829,0.881886,0.768867,0.872538,0.860109,0.800201,0.884753,0.899553,0.870856,0.749665,0.782328,0.886779,0.842283,0.696642,0.888385,0.815194,0.82963,0.899744,0.862952,0.902447,0.908053,0.853419,0.912667,0.851093,0.855679,0.792394,0.769698,0.899429,0.913217,0.884363,0.914522,0.87769,0.87407,0.842297,0.892777,0.862549,0.883606,0.901146,0.881721,0.904799,0.868874,0.875792,0.888215,0.867791,0.894124,0.908805,0.87947,0.843218,0.880551,0.857872,0.909362,0.830726,0.878966,0.856443,0.854734,0.84852,0.782724,0.858015,0.838033,0.745356,0.817973,0.582193,0.868164,0.878153,0.748228,0.900225,0.882288,0.876824,0.906331,0.881394,0.685093,0.862494,0.894572,0.835363,0.804449,0.903734,0.883124,0.800736,0.803879,0.771416,0.864519,0.80939,0.853368,0.885316,0.87676,0.891748,0.778163,0.892649,0.814017,0.87014,0.768622,0.764285,0.896821,0.861516,0.885622,0.794241,0.791298,0.928302,0.818569,0.899828,0.842421,0.824374,0.89063,0.896967,1.0,0.866508,0.895639,0.845622,0.683005
Windchime,0.75312,0.875308,0.761597,0.828659,0.866505,0.70559,0.650203,0.664661,0.844227,0.880815,0.831219,0.862097,0.814334,0.829976,0.785805,0.857501,0.855564,0.827282,0.82452,0.866069,0.837488,0.842318,0.869671,0.749741,0.849302,0.848969,0.790692,0.868561,0.884955,0.844553,0.736907,0.79929,0.85333,0.813556,0.698355,0.870304,0.834763,0.798173,0.880771,0.839837,0.863954,0.86222,0.842374,0.892459,0.842495,0.822125,0.784118,0.716046,0.833129,0.871548,0.859331,0.863317,0.851742,0.848252,0.825319,0.870048,0.821427,0.835062,0.892976,0.844525,0.880878,0.845834,0.86868,0.867784,0.875271,0.878301,0.881881,0.869422,0.819589,0.858233,0.825253,0.898005,0.818959,0.857406,0.841761,0.841326,0.82364,0.765868,0.846547,0.80463,0.764594,0.823296,0.596729,0.845585,0.864223,0.736046,0.875781,0.853471,0.870308,0.870149,0.855714,0.68966,0.852255,0.897616,0.822182,0.799432,0.85299,0.868645,0.760577,0.789661,0.765462,0.82226,0.841521,0.851942,0.856039,0.833875,0.837907,0.768086,0.872298,0.807619,0.86467,0.755404,0.74693,0.849101,0.831649,0.871709,0.778331,0.806254,0.903985,0.817297,0.87209,0.826069,0.799968,0.876138,0.868424,0.866508,1.0,0.853907,0.831092,0.66235
Wishbone,0.683211,0.921991,0.753052,0.759223,0.857615,0.593257,0.573889,0.615287,0.800654,0.891505,0.808478,0.88151,0.737668,0.83415,0.739464,0.835469,0.829174,0.755161,0.796365,0.845593,0.88758,0.793838,0.882071,0.717046,0.859091,0.851159,0.736476,0.942226,0.869311,0.831252,0.636461,0.726875,0.820751,0.762815,0.630177,0.873584,0.815462,0.767596,0.851775,0.859699,0.871064,0.928391,0.867508,0.928857,0.818711,0.891371,0.726277,0.67606,0.866327,0.931687,0.866962,0.880907,0.822637,0.882509,0.814388,0.862254,0.833851,0.836488,0.883212,0.892628,0.916228,0.828557,0.921386,0.89095,0.862384,0.838538,0.908353,0.934945,0.778543,0.906158,0.797657,0.868949,0.749021,0.875545,0.85198,0.888988,0.780289,0.698412,0.953709,0.877717,0.698136,0.755016,0.468318,0.828301,0.936467,0.697651,0.92933,0.827066,0.908642,0.884279,0.799019,0.608158,0.83968,0.910218,0.806037,0.770764,0.896824,0.834066,0.702375,0.742696,0.696858,0.788945,0.821968,0.779534,0.948576,0.841699,0.812769,0.736272,0.831966,0.797655,0.839893,0.685563,0.766316,0.844735,0.899321,0.833836,0.768648,0.752478,0.918212,0.705269,0.910589,0.819076,0.778042,0.920025,0.852872,0.895639,0.853907,1.0,0.789269,0.601118
Wrap,0.749753,0.864976,0.853416,0.836079,0.813547,0.786562,0.702043,0.671077,0.836172,0.855843,0.799256,0.797787,0.833919,0.756047,0.835215,0.852327,0.817109,0.860868,0.806611,0.842765,0.835844,0.8369,0.786127,0.813822,0.801841,0.821864,0.792498,0.767107,0.825731,0.826754,0.792707,0.738606,0.851981,0.819542,0.724256,0.810315,0.745126,0.818895,0.851952,0.784253,0.843623,0.798019,0.76641,0.814193,0.845751,0.746445,0.861407,0.782981,0.822595,0.803807,0.843544,0.831602,0.816343,0.805416,0.810789,0.852195,0.803364,0.839153,0.853061,0.783695,0.817379,0.837189,0.777479,0.821594,0.803892,0.862472,0.839483,0.754712,0.820769,0.800751,0.832123,0.852657,0.881624,0.850989,0.818447,0.770905,0.858589,0.736478,0.729112,0.710153,0.734185,0.869139,0.793798,0.811453,0.744161,0.755408,0.78552,0.837408,0.772612,0.85628,0.868724,0.743599,0.81489,0.840936,0.775676,0.797136,0.808227,0.849224,0.835694,0.879948,0.790637,0.845395,0.765826,0.891697,0.758837,0.790902,0.848671,0.740316,0.860767,0.795005,0.794142,0.828291,0.708085,0.859083,0.751508,0.84017,0.733279,0.812216,0.861825,0.832329,0.818561,0.817313,0.774734,0.784424,0.845843,0.845622,0.831092,0.789269,1.0,0.760499
Yarn,0.724379,0.68553,0.734935,0.699252,0.664744,0.74949,0.688264,0.634439,0.6737,0.68349,0.640299,0.609447,0.781897,0.586167,0.752017,0.698672,0.664406,0.704208,0.665746,0.688019,0.685365,0.684174,0.611716,0.667661,0.658679,0.675023,0.68955,0.559545,0.660983,0.674004,0.755268,0.613011,0.717319,0.653479,0.652504,0.632649,0.588254,0.723819,0.682975,0.634083,0.687818,0.611428,0.632587,0.628964,0.687147,0.537891,0.781436,0.702133,0.677899,0.607924,0.683056,0.6593,0.662449,0.66841,0.656538,0.694264,0.654199,0.728375,0.695836,0.582126,0.639756,0.715161,0.591407,0.645245,0.648487,0.696604,0.690975,0.545497,0.718736,0.614282,0.717087,0.677808,0.766406,0.669343,0.680697,0.611664,0.773131,0.598759,0.510901,0.511842,0.618638,0.720656,0.705408,0.644329,0.536182,0.681111,0.605784,0.683877,0.579326,0.702865,0.72313,0.662962,0.660623,0.66186,0.62741,0.706873,0.660888,0.703301,0.765573,0.75929,0.702539,0.706947,0.615164,0.77338,0.557645,0.605182,0.692643,0.619649,0.728492,0.686497,0.625565,0.760743,0.647933,0.715919,0.561893,0.678365,0.615189,0.682806,0.686221,0.700923,0.63305,0.699214,0.62728,0.592586,0.670888,0.683005,0.66235,0.601118,0.760499,1.0
