,Accordion,Acorn,Apple,Backpack,Barstool,Baseball,Basket,Beanie,Bed,Bell,Belt,Bench,Bike,Binder,Binoculars,Birdfeeder,Boat,Bonzai,Book,Bookend,Boomerang,Car,Cellphone,Cheese,Cheesegrater,Christmasstreeornament,Clock,Coatrack,Coffeemaker,Coffeemug,Compass,Computertower,Controller,Couch,Cushion,Desk,Door,Doorknob,Drill,Dryingrack,Dumbbell,Dustpan,Fan,Faucet,Flower,Flute,Fossils,Frisbee,Fryingpan,Glasses,Glove,Goggles,Grill,Hairbrush,Hairclip,Handbag,Hat,Headphones,Hourglass,Kayak,Key,Kite,Ladder,Lamp,Lantern,Lawnmower,Lightbulb,Lipstick,Lock,Lollipop,Mask,Microscope,Minerals,Mushroom,Necklace,Necktie,Orifan,Oven,Paintbrush,Pen,Pictureframe,Pinecone,Pizza,Plug,Pogostick,Pot,Razor,Recordplayer,Remotecontrol,Ring,Rollerskates,Rug,Saltpeppershaker,Saxophone,Scale,Scarf,Scissors,Scooter,Scrunchie,Seashell,Shirt,Shoe,Skiis,Snowglobe,Spoon,Stapler,Stapleremover,Storagebin,Stroller,Suit,Suitcase,Teddy Bear,Tennisracket,Tent,Toothbrush,Train,Trashbin,Tree,Trophy,Truck,Umbrella,Vase,Wallet,Waterbottle,Watergun,Wateringcan,Windchime,Wishbone,Wrap,Yarn
Accordion,1.0,0.643465,0.619509,0.641018,0.636276,0.594603,0.63632,0.593215,0.631383,0.659315,0.60278,0.621171,0.637792,0.583894,0.606383,0.641473,0.63041,0.5399,0.60728,0.657263,0.579212,0.652211,0.645943,0.542161,0.633952,0.603069,0.618308,0.590807,0.664329,0.638668,0.655441,0.628617,0.651701,0.608672,0.564101,0.631516,0.576907,0.642578,0.647062,0.559061,0.649709,0.598823,0.626599,0.63846,0.559679,0.529444,0.615593,0.541232,0.623702,0.597805,0.624346,0.618997,0.659426,0.624307,0.581653,0.684696,0.628027,0.64412,0.638742,0.577153,0.609988,0.60731,0.583745,0.62441,0.636114,0.636899,0.649061,0.614478,0.668193,0.61205,0.622568,0.649522,0.624557,0.617842,0.604258,0.604573,0.666916,0.604496,0.556594,0.543722,0.562853,0.542605,0.478435,0.608585,0.593122,0.602324,0.62687,0.646316,0.616989,0.613499,0.627551,0.515012,0.627715,0.639154,0.62957,0.644696,0.602894,0.650011,0.602789,0.592824,0.583084,0.606953,0.591905,0.667517,0.593917,0.612986,0.601987,0.599689,0.654756,0.675847,0.635389,0.591229,0.562442,0.628613,0.550664,0.637837,0.60929,0.538306,0.658301,0.64956,0.600568,0.617991,0.608043,0.595802,0.613469,0.613852,0.593605,0.587844,0.597069,0.59587
Acorn,0.643465,1.0,0.813092,0.714593,0.737527,0.622943,0.686691,0.64475,0.716022,0.829779,0.73072,0.761623,0.66736,0.689273,0.712652,0.792839,0.748697,0.694436,0.718584,0.773364,0.772715,0.732651,0.746946,0.720834,0.750168,0.748568,0.667703,0.774427,0.737054,0.762636,0.697094,0.684409,0.712811,0.743276,0.614662,0.723848,0.671129,0.786892,0.762817,0.678816,0.779484,0.788862,0.747305,0.775995,0.719295,0.738414,0.764982,0.6619,0.773816,0.760501,0.77501,0.740935,0.732494,0.755471,0.715937,0.775724,0.787856,0.710357,0.771761,0.762635,0.78659,0.703657,0.663591,0.804965,0.709688,0.733225,0.810638,0.799232,0.736641,0.798841,0.726014,0.764371,0.762126,0.839213,0.750156,0.770969,0.731192,0.616333,0.781478,0.743888,0.638267,0.699471,0.576168,0.725985,0.766874,0.691965,0.787889,0.760273,0.751907,0.779448,0.716839,0.613421,0.741263,0.823023,0.732642,0.719064,0.716004,0.762382,0.705814,0.769,0.676109,0.765502,0.723398,0.802085,0.810184,0.735463,0.716516,0.705873,0.7275,0.707261,0.758404,0.710673,0.666672,0.749605,0.751113,0.760898,0.705323,0.685161,0.815211,0.723776,0.773443,0.75307,0.717407,0.770843,0.740623,0.76232,0.758514,0.794108,0.810606,0.630756
Apple,0.619509,0.813092,1.0,0.657849,0.637797,0.634328,0.655216,0.650202,0.641503,0.732736,0.62437,0.644766,0.610608,0.619167,0.67395,0.694269,0.655816,0.601147,0.653072,0.69051,0.727242,0.656376,0.654481,0.68966,0.666576,0.661149,0.614355,0.631413,0.653798,0.707793,0.681734,0.602125,0.675282,0.662167,0.587433,0.629892,0.579228,0.720717,0.662412,0.57766,0.72899,0.72163,0.656604,0.650928,0.641645,0.604236,0.693381,0.685047,0.736701,0.667506,0.709849,0.703554,0.649411,0.671017,0.639344,0.711332,0.738715,0.687611,0.662534,0.661396,0.662459,0.6547,0.54968,0.710844,0.607791,0.651083,0.719088,0.664803,0.697413,0.725584,0.672373,0.646804,0.711021,0.734071,0.6618,0.654765,0.685512,0.578788,0.622864,0.60668,0.551389,0.57597,0.61061,0.667156,0.630115,0.653007,0.668669,0.685405,0.638714,0.70551,0.655771,0.572443,0.661388,0.663708,0.648867,0.668401,0.648611,0.661137,0.709782,0.721017,0.645077,0.701982,0.595252,0.721327,0.681458,0.658724,0.677504,0.642698,0.643949,0.683525,0.649739,0.672761,0.627385,0.704435,0.635458,0.668051,0.639843,0.573728,0.707562,0.639089,0.672961,0.69584,0.659213,0.654632,0.674401,0.716824,0.629844,0.695029,0.762375,0.651558
Backpack,0.641018,0.714593,0.657849,1.0,0.732576,0.553925,0.593884,0.573826,0.697413,0.76169,0.621792,0.671051,0.680303,0.654243,0.686812,0.713909,0.683761,0.624231,0.674232,0.75521,0.63276,0.714982,0.717319,0.624493,0.66391,0.659408,0.666427,0.665708,0.760408,0.713809,0.694693,0.697176,0.73092,0.666151,0.570289,0.691535,0.664243,0.69647,0.754494,0.599444,0.720249,0.685767,0.682433,0.722912,0.639443,0.556175,0.650568,0.582456,0.671988,0.65657,0.731169,0.67243,0.736854,0.617445,0.627478,0.763856,0.684852,0.717394,0.755577,0.622792,0.692894,0.678786,0.65164,0.70246,0.713805,0.740465,0.707925,0.7112,0.7424,0.681561,0.70506,0.763748,0.706813,0.694689,0.660957,0.661263,0.640715,0.669364,0.648533,0.582522,0.620369,0.623739,0.53318,0.689148,0.684664,0.62449,0.697975,0.717344,0.68026,0.67083,0.716862,0.563917,0.705315,0.712763,0.703016,0.673994,0.675552,0.748665,0.674659,0.66079,0.660147,0.675668,0.668505,0.740634,0.670322,0.661537,0.681142,0.613492,0.761531,0.764433,0.750022,0.67801,0.573818,0.699564,0.620005,0.679509,0.655712,0.591578,0.776351,0.73777,0.685156,0.676081,0.654675,0.700837,0.715699,0.698501,0.700035,0.646668,0.673583,0.518437
Barstool,0.636276,0.737527,0.637797,0.732576,1.0,0.521231,0.609672,0.568462,0.75557,0.804823,0.693287,0.763231,0.744703,0.731879,0.657072,0.762858,0.752755,0.618528,0.702526,0.771222,0.672537,0.726164,0.78215,0.641657,0.738531,0.711334,0.687461,0.802104,0.827406,0.752429,0.686295,0.75387,0.701465,0.733316,0.58309,0.799297,0.742394,0.739595,0.767229,0.742175,0.728022,0.747211,0.768879,0.822071,0.65608,0.678729,0.608026,0.597888,0.723791,0.759073,0.727942,0.720555,0.783345,0.66099,0.680617,0.784846,0.719941,0.709333,0.83752,0.712375,0.772265,0.70191,0.788449,0.774207,0.811099,0.754325,0.784769,0.815287,0.740583,0.746708,0.703809,0.800289,0.660195,0.731178,0.720727,0.718019,0.670287,0.703836,0.800604,0.718686,0.680556,0.596776,0.44859,0.716305,0.804575,0.643366,0.781403,0.757849,0.763229,0.729911,0.688434,0.551343,0.7535,0.764623,0.767027,0.67453,0.74797,0.780251,0.611445,0.654055,0.65747,0.715764,0.751859,0.749175,0.775034,0.73502,0.708281,0.677312,0.751486,0.735623,0.782733,0.61241,0.665146,0.729875,0.719474,0.725161,0.709029,0.619188,0.826933,0.724679,0.775064,0.698686,0.694582,0.781571,0.724408,0.741636,0.754022,0.790161,0.677702,0.503712
Baseball,0.594603,0.622943,0.634328,0.553925,0.521231,1.0,0.576009,0.55095,0.568559,0.577599,0.559655,0.556732,0.564216,0.50953,0.57888,0.583746,0.573268,0.530741,0.54549,0.562061,0.585908,0.593628,0.543858,0.535615,0.580176,0.573894,0.556041,0.523243,0.53976,0.578363,0.59184,0.496672,0.595842,0.564919,0.52595,0.539777,0.463537,0.593777,0.575019,0.507682,0.595764,0.556755,0.531096,0.546329,0.563849,0.510071,0.599943,0.584476,0.596137,0.559717,0.567093,0.585376,0.568766,0.595507,0.560113,0.596936,0.598927,0.564806,0.529361,0.541478,0.555933,0.581725,0.452733,0.566694,0.511398,0.57338,0.579768,0.523891,0.581327,0.58308,0.565167,0.552114,0.596882,0.5888,0.547091,0.527329,0.654501,0.501948,0.476065,0.496521,0.463936,0.517052,0.514721,0.56189,0.504942,0.540788,0.545835,0.585167,0.526643,0.58384,0.59047,0.501948,0.537677,0.549434,0.54353,0.554975,0.548566,0.566495,0.580204,0.596525,0.554861,0.590817,0.491549,0.620671,0.53237,0.555188,0.573371,0.544557,0.570706,0.549379,0.536436,0.562704,0.540747,0.586005,0.517588,0.597529,0.51919,0.520709,0.577938,0.577839,0.559639,0.564765,0.547886,0.514039,0.577015,0.569954,0.544867,0.495967,0.615575,0.598115
Basket,0.63632,0.686691,0.655216,0.593884,0.609672,0.576009,1.0,0.589639,0.631297,0.668612,0.615485,0.634959,0.617883,0.563968,0.596255,0.651953,0.645882,0.542304,0.601481,0.640494,0.61132,0.631046,0.611571,0.571624,0.630753,0.598167,0.590304,0.602755,0.619448,0.631598,0.635175,0.581588,0.592352,0.627233,0.559021,0.625289,0.564324,0.642589,0.61641,0.585515,0.628895,0.6014,0.611161,0.616844,0.54868,0.573203,0.661329,0.553475,0.652131,0.618117,0.604083,0.61786,0.634293,0.618165,0.585702,0.649197,0.657305,0.585942,0.620243,0.606609,0.610841,0.581137,0.550953,0.629477,0.614096,0.60676,0.640074,0.606728,0.633354,0.61205,0.602414,0.617358,0.605209,0.646726,0.590122,0.595652,0.640325,0.584525,0.576663,0.576607,0.558721,0.553664,0.505444,0.594266,0.584253,0.614166,0.609356,0.645551,0.588557,0.629157,0.586638,0.538981,0.610274,0.6282,0.625819,0.600763,0.596294,0.615922,0.591368,0.629309,0.561796,0.638001,0.562552,0.671144,0.605299,0.627961,0.608676,0.630722,0.599683,0.584399,0.611472,0.583827,0.573874,0.620504,0.570839,0.640549,0.598215,0.538368,0.649029,0.615255,0.604619,0.607684,0.617827,0.582756,0.590728,0.617992,0.584373,0.58967,0.647898,0.619782
Beanie,0.593215,0.64475,0.650202,0.573826,0.568462,0.55095,0.589639,1.0,0.583057,0.619349,0.583396,0.586083,0.534915,0.569943,0.548415,0.609886,0.58962,0.5187,0.597575,0.61888,0.588916,0.580674,0.596939,0.547952,0.594578,0.562832,0.54713,0.566819,0.587084,0.589956,0.576981,0.580857,0.574702,0.595841,0.555447,0.576001,0.56791,0.599907,0.572719,0.531776,0.613218,0.600932,0.582415,0.57967,0.52611,0.540983,0.605387,0.54161,0.611506,0.561624,0.595392,0.576904,0.595906,0.593627,0.549544,0.616924,0.63115,0.57222,0.578998,0.567182,0.576427,0.557076,0.509363,0.603915,0.568145,0.566202,0.60268,0.597803,0.61328,0.594848,0.569538,0.576806,0.592944,0.604754,0.554523,0.586552,0.605287,0.564722,0.553919,0.553544,0.541575,0.489126,0.458028,0.567034,0.571077,0.578131,0.581354,0.596282,0.574481,0.578174,0.548266,0.526773,0.573138,0.581047,0.589367,0.595442,0.547226,0.569774,0.582152,0.572301,0.575829,0.590342,0.543126,0.622768,0.583638,0.590464,0.560071,0.601766,0.562367,0.610554,0.604642,0.557451,0.56494,0.605192,0.554615,0.595165,0.579713,0.513532,0.59403,0.570398,0.582057,0.582308,0.626914,0.575362,0.56147,0.582518,0.549976,0.562347,0.590731,0.573652
Bed,0.631383,0.716022,0.641503,0.697413,0.75557,0.568559,0.631297,0.583057,1.0,0.763543,0.744316,0.777744,0.707217,0.705512,0.668625,0.739541,0.769688,0.633392,0.691049,0.737882,0.684471,0.777653,0.726998,0.634681,0.705554,0.666507,0.664215,0.732022,0.763758,0.72974,0.667645,0.709237,0.707317,0.790965,0.599771,0.789363,0.682017,0.720972,0.747868,0.70022,0.728469,0.704472,0.68997,0.756403,0.636428,0.702203,0.632448,0.606241,0.735989,0.744076,0.684092,0.74371,0.778978,0.633853,0.680444,0.751041,0.738262,0.669292,0.744976,0.735738,0.723419,0.68037,0.678171,0.727537,0.720114,0.746971,0.722062,0.720016,0.700535,0.693812,0.683194,0.757229,0.677264,0.715507,0.662285,0.643829,0.701664,0.727462,0.683581,0.724157,0.658875,0.575456,0.485199,0.714357,0.724844,0.621566,0.723085,0.768976,0.689478,0.714607,0.684442,0.558452,0.708378,0.694279,0.747414,0.623199,0.701883,0.740913,0.621452,0.660655,0.645258,0.742987,0.651784,0.734122,0.70313,0.780602,0.742356,0.706032,0.716974,0.663773,0.744922,0.601969,0.610943,0.754878,0.686282,0.778046,0.661418,0.605624,0.764474,0.767398,0.732741,0.650207,0.735348,0.698523,0.740501,0.723887,0.704886,0.669702,0.701123,0.511484
Bell,0.659315,0.829779,0.732736,0.76169,0.804823,0.577599,0.668612,0.619349,0.763543,1.0,0.73043,0.781432,0.724545,0.721675,0.725054,0.796189,0.782599,0.678412,0.728417,0.805973,0.739498,0.776891,0.79321,0.693825,0.769835,0.74569,0.702268,0.790521,0.820482,0.786932,0.734255,0.741671,0.752797,0.760789,0.612852,0.771066,0.714781,0.794752,0.806357,0.720293,0.788577,0.787037,0.778741,0.822866,0.697361,0.715851,0.702371,0.647823,0.786229,0.779247,0.776635,0.760652,0.79942,0.720235,0.714775,0.810639,0.783741,0.749294,0.82691,0.759005,0.80188,0.714222,0.722682,0.812796,0.773367,0.78077,0.830344,0.819156,0.780839,0.77515,0.752666,0.830312,0.741107,0.799076,0.746391,0.752659,0.710674,0.705351,0.780264,0.747488,0.675059,0.665897,0.519958,0.741568,0.789597,0.6906,0.810267,0.802681,0.773656,0.787301,0.745958,0.593693,0.776248,0.81653,0.783933,0.719139,0.764496,0.8078,0.686027,0.722376,0.679718,0.771746,0.739089,0.816692,0.808936,0.780591,0.754488,0.706183,0.784228,0.750146,0.802389,0.690956,0.658457,0.770184,0.749984,0.770723,0.726744,0.658499,0.862851,0.762632,0.786329,0.747561,0.724957,0.79483,0.757952,0.783063,0.770703,0.802003,0.759182,0.576894
Belt,0.60278,0.73072,0.62437,0.621792,0.693287,0.559655,0.615485,0.583396,0.744316,0.73043,1.0,0.788112,0.665069,0.679067,0.642878,0.707221,0.765671,0.625715,0.669274,0.688898,0.692697,0.766938,0.701566,0.60803,0.705697,0.662685,0.617587,0.748476,0.698422,0.69498,0.604056,0.65159,0.678192,0.800364,0.593069,0.752913,0.62388,0.702902,0.713223,0.687322,0.721221,0.706183,0.674406,0.732548,0.632757,0.779702,0.623009,0.595933,0.73437,0.764554,0.659982,0.744637,0.732212,0.657914,0.687295,0.709645,0.741998,0.620968,0.693125,0.789769,0.726299,0.654643,0.627851,0.719517,0.655796,0.713476,0.708286,0.720716,0.640448,0.700401,0.652016,0.706689,0.657253,0.722795,0.65668,0.658472,0.700696,0.650747,0.702596,0.80552,0.621493,0.554776,0.454385,0.681242,0.727911,0.605639,0.735442,0.74325,0.688642,0.707366,0.664088,0.55658,0.670338,0.693518,0.713441,0.596251,0.693188,0.715901,0.579011,0.634284,0.618953,0.747691,0.644188,0.697536,0.740308,0.790856,0.703642,0.712514,0.671631,0.598027,0.697607,0.566513,0.612325,0.731384,0.730625,0.794155,0.632294,0.609868,0.726347,0.740048,0.72615,0.63321,0.74356,0.690251,0.727859,0.701499,0.685396,0.678145,0.696205,0.506351
Bench,0.621171,0.761623,0.644766,0.671051,0.763231,0.556732,0.634959,0.586083,0.777744,0.781432,0.788112,1.0,0.699389,0.71511,0.663374,0.74156,0.783563,0.658742,0.693279,0.735626,0.708831,0.784885,0.743264,0.64167,0.735631,0.698046,0.657253,0.789456,0.759807,0.735508,0.644086,0.701683,0.698223,0.807312,0.599375,0.803071,0.675874,0.736606,0.760191,0.728068,0.744864,0.736139,0.717249,0.792012,0.66667,0.781267,0.631752,0.609301,0.754265,0.78685,0.699726,0.758949,0.777416,0.682472,0.711602,0.747414,0.754647,0.662383,0.75666,0.789463,0.774838,0.678894,0.688628,0.758261,0.716038,0.748886,0.752966,0.768753,0.686595,0.732305,0.686381,0.768695,0.675413,0.75465,0.690479,0.691556,0.707484,0.691753,0.753172,0.808432,0.657916,0.597769,0.451817,0.715235,0.77666,0.631505,0.77267,0.77434,0.728458,0.740612,0.688495,0.562206,0.713966,0.745091,0.753433,0.628745,0.722878,0.760209,0.595876,0.664053,0.638418,0.758937,0.692953,0.727205,0.772705,0.809826,0.734252,0.724915,0.722003,0.644697,0.752921,0.591488,0.635689,0.749509,0.751165,0.795597,0.674268,0.644864,0.782302,0.764684,0.766583,0.665002,0.753063,0.734876,0.752445,0.736918,0.734831,0.731502,0.715934,0.509801
Bike,0.637792,0.66736,0.610608,0.680303,0.744703,0.564216,0.617883,0.534915,0.707217,0.724545,0.665069,0.699389,1.0,0.614483,0.731844,0.703379,0.725875,0.594116,0.621666,0.673198,0.673853,0.750546,0.671062,0.583733,0.707035,0.678624,0.682947,0.703607,0.746403,0.711432,0.728997,0.608272,0.744963,0.678496,0.565132,0.732505,0.565525,0.731101,0.747584,0.726864,0.72584,0.666755,0.700284,0.752421,0.625652,0.608551,0.613737,0.616376,0.745845,0.790403,0.656293,0.754614,0.745838,0.608238,0.659084,0.761907,0.703168,0.739479,0.725283,0.668225,0.7319,0.700503,0.695911,0.685214,0.720731,0.774058,0.718047,0.646583,0.712792,0.685423,0.711195,0.728896,0.66243,0.666265,0.694705,0.601759,0.709691,0.616075,0.617697,0.638743,0.558589,0.572377,0.503779,0.665552,0.660739,0.587501,0.695188,0.735504,0.648668,0.730067,0.72809,0.54003,0.669339,0.673559,0.700608,0.610828,0.808942,0.778596,0.64673,0.655501,0.612265,0.719692,0.589496,0.718717,0.676762,0.697982,0.720449,0.609823,0.78801,0.64474,0.663773,0.613227,0.702773,0.714124,0.634954,0.710491,0.609419,0.593183,0.773907,0.723253,0.721878,0.632739,0.619633,0.640963,0.713245,0.730632,0.679048,0.655192,0.674597,0.568781
Binder,0.583894,0.689273,0.619167,0.654243,0.731879,0.50953,0.563968,0.569943,0.705512,0.721675,0.679067,0.71511,0.614483,1.0,0.60375,0.701944,0.703563,0.578833,0.7036,0.727715,0.640221,0.682442,0.764902,0.611053,0.696553,0.647738,0.627089,0.721584,0.751535,0.708346,0.61898,0.753513,0.654338,0.706915,0.566143,0.724199,0.740408,0.682146,0.696188,0.649576,0.687869,0.710056,0.699347,0.735291,0.609823,0.664669,0.556598,0.588748,0.683584,0.687935,0.677185,0.690224,0.721278,0.630512,0.635116,0.707912,0.687799,0.625591,0.732036,0.698853,0.700483,0.648597,0.65379,0.710528,0.708377,0.678098,0.706419,0.765177,0.680909,0.703471,0.638844,0.720465,0.618582,0.675277,0.64315,0.695808,0.624688,0.705102,0.732552,0.705158,0.680676,0.522369,0.405386,0.694259,0.777807,0.628922,0.73382,0.714808,0.74247,0.67095,0.637809,0.519092,0.707007,0.688212,0.712951,0.630599,0.659633,0.698758,0.561538,0.580689,0.638713,0.68182,0.704736,0.685849,0.718944,0.720421,0.667832,0.675487,0.661805,0.665716,0.750362,0.557988,0.600566,0.687177,0.69542,0.696774,0.696013,0.566923,0.724926,0.67933,0.704343,0.661297,0.717952,0.746804,0.685998,0.689623,0.688448,0.68333,0.636542,0.470305
Binoculars,0.606383,0.712652,0.67395,0.686812,0.657072,0.57888,0.596255,0.548415,0.668625,0.725054,0.642878,0.663374,0.731844,0.60375,1.0,0.671828,0.667124,0.611155,0.633147,0.688263,0.728045,0.752576,0.661303,0.616707,0.675075,0.657779,0.644356,0.629054,0.69693,0.693029,0.704276,0.595956,0.772891,0.667398,0.545221,0.659437,0.545279,0.724103,0.747413,0.596103,0.752795,0.687915,0.650002,0.701288,0.645363,0.58322,0.659416,0.634293,0.753554,0.711885,0.686717,0.741861,0.698885,0.638943,0.65591,0.722978,0.709809,0.749339,0.679805,0.650688,0.713535,0.688879,0.561449,0.667389,0.63513,0.743202,0.697927,0.634663,0.704993,0.682176,0.714711,0.716427,0.725284,0.69538,0.65745,0.614079,0.715586,0.590871,0.581026,0.60217,0.529274,0.605407,0.554768,0.677086,0.634899,0.580948,0.684889,0.715555,0.629757,0.713591,0.740357,0.544459,0.659864,0.666654,0.659795,0.624409,0.736694,0.747371,0.706791,0.685524,0.62423,0.718181,0.569966,0.702072,0.659777,0.680321,0.729311,0.587184,0.762002,0.653414,0.658118,0.663589,0.622646,0.715439,0.634048,0.700464,0.598771,0.572272,0.738793,0.726098,0.683769,0.642834,0.616457,0.63302,0.719697,0.728564,0.662593,0.612268,0.71843,0.587329
Birdfeeder,0.641473,0.792839,0.694269,0.713909,0.762858,0.583746,0.651953,0.609886,0.739541,0.796189,0.707221,0.74156,0.703379,0.701944,0.671828,1.0,0.763651,0.678974,0.70992,0.763379,0.699119,0.720849,0.745173,0.677573,0.736161,0.715978,0.677489,0.7625,0.767949,0.741107,0.696053,0.718605,0.69496,0.727688,0.61439,0.746929,0.702881,0.744673,0.746074,0.711668,0.730261,0.729775,0.738527,0.777651,0.68304,0.691153,0.710987,0.618062,0.725013,0.743964,0.72144,0.701811,0.750007,0.685218,0.682823,0.771297,0.736828,0.682622,0.776005,0.714329,0.75623,0.691341,0.708443,0.770931,0.746967,0.738181,0.782105,0.776691,0.72925,0.739039,0.701264,0.77248,0.716293,0.764671,0.725851,0.724091,0.698758,0.671449,0.740536,0.705481,0.675104,0.643325,0.545265,0.710924,0.754258,0.666705,0.7496,0.7582,0.737069,0.74221,0.694044,0.605986,0.73811,0.786068,0.750123,0.685855,0.705004,0.75738,0.65618,0.710147,0.668335,0.73012,0.713001,0.80437,0.752551,0.721469,0.704391,0.693735,0.727139,0.712309,0.756876,0.665753,0.650953,0.740257,0.706159,0.743008,0.689382,0.672439,0.79487,0.72662,0.758926,0.706494,0.703073,0.744766,0.710748,0.728017,0.748637,0.745187,0.749897,0.574633
Boat,0.63041,0.748697,0.655816,0.683761,0.752755,0.573268,0.645882,0.58962,0.769688,0.782599,0.765671,0.783563,0.725875,0.703563,0.667124,0.763651,1.0,0.649457,0.691583,0.73303,0.701473,0.774383,0.741469,0.642808,0.740824,0.702467,0.667939,0.776528,0.763111,0.737095,0.671485,0.699537,0.699562,0.784894,0.607867,0.774052,0.667846,0.735935,0.752591,0.738052,0.736137,0.726387,0.724417,0.775151,0.660074,0.75485,0.646161,0.622459,0.757444,0.782251,0.697794,0.742192,0.773996,0.671859,0.699018,0.762948,0.753247,0.661875,0.752032,0.77845,0.755127,0.687844,0.698814,0.758348,0.722802,0.748114,0.763521,0.759491,0.691936,0.720864,0.689936,0.768486,0.682313,0.737546,0.704444,0.687791,0.712581,0.694509,0.726789,0.782815,0.652834,0.599981,0.48998,0.707986,0.749078,0.642293,0.761782,0.781868,0.724343,0.745605,0.692457,0.572832,0.716281,0.744635,0.761112,0.6432,0.725924,0.763393,0.620496,0.676267,0.646598,0.764825,0.685753,0.771493,0.754295,0.794874,0.732689,0.715292,0.720558,0.666437,0.744273,0.609277,0.648191,0.755942,0.734402,0.796874,0.673982,0.640558,0.786199,0.758784,0.762437,0.67635,0.730254,0.728031,0.734471,0.729792,0.729314,0.726801,0.719869,0.536298
Bonzai,0.5399,0.694436,0.601147,0.624231,0.618528,0.530741,0.542304,0.5187,0.633392,0.678412,0.625715,0.658742,0.594116,0.578833,0.611155,0.678974,0.649457,1.0,0.591564,0.651129,0.594352,0.644868,0.605357,0.580801,0.603889,0.629514,0.581636,0.6313,0.627554,0.623943,0.590109,0.573372,0.614868,0.621971,0.540899,0.61915,0.557031,0.618484,0.667415,0.569937,0.630209,0.604976,0.591686,0.663193,0.68655,0.595427,0.640341,0.523221,0.60916,0.613983,0.619223,0.602055,0.639467,0.602575,0.612433,0.645738,0.621381,0.582462,0.646361,0.61647,0.672627,0.60199,0.568935,0.656575,0.599146,0.674211,0.642956,0.627418,0.603849,0.627429,0.616586,0.688041,0.666906,0.674827,0.612271,0.608739,0.632484,0.538365,0.584766,0.597114,0.558219,0.631846,0.54149,0.593312,0.640967,0.546346,0.624085,0.642859,0.601208,0.633368,0.641295,0.555027,0.607662,0.690639,0.625972,0.579799,0.593658,0.670148,0.598608,0.641083,0.585044,0.634062,0.599116,0.715945,0.624827,0.622294,0.613482,0.568347,0.656893,0.564096,0.644276,0.599215,0.523086,0.625405,0.604647,0.65952,0.555322,0.748161,0.681245,0.664542,0.64149,0.590009,0.589857,0.61434,0.654161,0.63241,0.671192,0.575543,0.696918,0.50061
Book,0.60728,0.718584,0.653072,0.674232,0.702526,0.54549,0.601481,0.597575,0.691049,0.728417,0.669274,0.693279,0.621666,0.7036,0.633147,0.70992,0.691583,0.591564,1.0,0.734369,0.662182,0.680795,0.734522,0.618043,0.684963,0.64866,0.63165,0.692945,0.719878,0.698889,0.647396,0.721394,0.662767,0.691685,0.584289,0.699229,0.705931,0.689698,0.69248,0.629102,0.694353,0.697911,0.685934,0.70697,0.612251,0.635687,0.633116,0.593702,0.691296,0.674703,0.686662,0.677066,0.704552,0.645187,0.630843,0.713775,0.699474,0.64279,0.717763,0.676195,0.688395,0.653543,0.620741,0.702584,0.684623,0.677192,0.704403,0.728981,0.69075,0.692679,0.652829,0.702633,0.657646,0.69004,0.647317,0.696492,0.652077,0.674311,0.700405,0.666474,0.658447,0.565546,0.468576,0.676492,0.723159,0.643488,0.71144,0.706042,0.710418,0.672777,0.645989,0.554385,0.691171,0.696129,0.697687,0.654522,0.649995,0.690124,0.61594,0.624341,0.648236,0.685312,0.676702,0.708559,0.69949,0.696052,0.664608,0.667041,0.667454,0.68528,0.731477,0.600944,0.606643,0.692475,0.668639,0.692453,0.681828,0.577908,0.721627,0.675907,0.689563,0.6755,0.707329,0.714008,0.670209,0.68074,0.671269,0.663428,0.667779,0.533957
Bookend,0.657263,0.773364,0.69051,0.75521,0.771222,0.562061,0.640494,0.61888,0.737882,0.805973,0.688898,0.735626,0.673198,0.727715,0.688263,0.763379,0.73303,0.651129,0.734369,1.0,0.682698,0.733165,0.787799,0.656827,0.721519,0.690686,0.691427,0.732772,0.801221,0.756531,0.7101,0.778666,0.720158,0.71967,0.604982,0.745767,0.75993,0.748587,0.761682,0.651298,0.748115,0.729229,0.738857,0.771838,0.652213,0.647528,0.683744,0.59503,0.72531,0.702296,0.74347,0.706506,0.766784,0.682736,0.665782,0.77219,0.733228,0.708789,0.794436,0.692925,0.749136,0.677971,0.677715,0.751537,0.76075,0.737397,0.758824,0.789266,0.766975,0.73114,0.715839,0.79131,0.710891,0.745273,0.681024,0.731438,0.672195,0.731238,0.736246,0.677908,0.703533,0.638883,0.509596,0.725044,0.764702,0.679382,0.758403,0.760439,0.75665,0.719027,0.708762,0.584299,0.759971,0.75529,0.752589,0.706447,0.695202,0.755533,0.666862,0.68173,0.672264,0.718811,0.720316,0.773883,0.742527,0.725526,0.703577,0.687861,0.744903,0.756286,0.793436,0.663403,0.607003,0.717028,0.689989,0.721234,0.726164,0.626555,0.799378,0.735706,0.722058,0.720575,0.728803,0.76353,0.709634,0.727399,0.7259,0.700922,0.704371,0.552472
Boomerang,0.579212,0.772715,0.727242,0.63276,0.672537,0.585908,0.61132,0.588916,0.684471,0.739498,0.692697,0.708831,0.673853,0.640221,0.728045,0.699119,0.701473,0.594352,0.662182,0.682698,1.0,0.712991,0.660907,0.646565,0.701525,0.679231,0.631876,0.699903,0.668105,0.686898,0.669409,0.606805,0.699642,0.71624,0.558862,0.691298,0.571746,0.732121,0.714634,0.652603,0.743587,0.759619,0.679083,0.714141,0.646204,0.697398,0.654365,0.686218,0.794387,0.741441,0.696806,0.757855,0.683948,0.699402,0.679249,0.719761,0.751854,0.724737,0.68581,0.724694,0.739618,0.706476,0.589712,0.716182,0.638878,0.700557,0.731684,0.688446,0.674141,0.722748,0.682228,0.686537,0.687144,0.731477,0.691253,0.664199,0.746119,0.579906,0.680165,0.704194,0.553444,0.580806,0.522677,0.680797,0.679616,0.59383,0.717479,0.714468,0.655049,0.741416,0.663399,0.548717,0.643933,0.705237,0.674311,0.628542,0.729989,0.702495,0.672546,0.703169,0.630484,0.753139,0.615643,0.687485,0.721564,0.729348,0.737197,0.641314,0.680893,0.642877,0.662541,0.626017,0.703901,0.767775,0.712043,0.733223,0.61814,0.577193,0.730759,0.673761,0.73929,0.660356,0.662434,0.666106,0.710453,0.741408,0.670524,0.71178,0.747995,0.582859
Car,0.652211,0.732651,0.656376,0.714982,0.726164,0.593628,0.631046,0.580674,0.777653,0.776891,0.766938,0.784885,0.750546,0.682442,0.752576,0.720849,0.774383,0.644868,0.680795,0.733165,0.712991,1.0,0.741733,0.640305,0.733018,0.687839,0.676523,0.717466,0.773808,0.745052,0.695997,0.68707,0.801491,0.793632,0.595057,0.765634,0.62278,0.747624,0.807668,0.6769,0.785973,0.714675,0.693427,0.765326,0.659948,0.703506,0.655567,0.631422,0.773894,0.77594,0.707357,0.787746,0.798944,0.661073,0.703747,0.762686,0.758639,0.718057,0.729941,0.756409,0.753886,0.698164,0.6321,0.72539,0.685076,0.800569,0.738158,0.703197,0.724344,0.715214,0.725535,0.786735,0.731521,0.737169,0.675838,0.649233,0.731092,0.708454,0.648698,0.734025,0.611966,0.604977,0.51453,0.73163,0.710887,0.623447,0.755115,0.794422,0.702606,0.743216,0.77539,0.561195,0.715103,0.703607,0.744151,0.635643,0.751572,0.801361,0.667434,0.678702,0.648108,0.767754,0.622208,0.746172,0.7224,0.803166,0.77275,0.687164,0.7937,0.659768,0.742659,0.650288,0.611475,0.758574,0.700466,0.813457,0.656014,0.611544,0.788956,0.837254,0.735433,0.663288,0.723812,0.698961,0.783944,0.74789,0.712619,0.652652,0.723927,0.544037
Cellphone,0.645943,0.746946,0.654481,0.717319,0.78215,0.543858,0.611571,0.596939,0.726998,0.79321,0.701566,0.743264,0.671062,0.764902,0.661303,0.745173,0.741469,0.605357,0.734522,0.787799,0.660907,0.741733,1.0,0.64356,0.761426,0.706888,0.679593,0.768848,0.821831,0.763631,0.689567,0.804947,0.726242,0.720412,0.592191,0.749052,0.775137,0.749902,0.761153,0.682725,0.74316,0.746316,0.766412,0.794471,0.64714,0.681337,0.607967,0.609652,0.723195,0.733463,0.733923,0.718805,0.775347,0.690481,0.670052,0.764394,0.724743,0.686095,0.798294,0.724663,0.759615,0.681067,0.695789,0.763146,0.762362,0.735469,0.779743,0.831634,0.757155,0.763153,0.697482,0.790767,0.671462,0.729689,0.696619,0.763337,0.651643,0.742398,0.785587,0.73205,0.707036,0.589881,0.447137,0.733214,0.813424,0.683468,0.804492,0.76815,0.818446,0.727149,0.714345,0.546641,0.771311,0.762484,0.762008,0.695695,0.713136,0.772045,0.603663,0.625101,0.665988,0.714036,0.758957,0.762248,0.786316,0.744854,0.68588,0.694508,0.739708,0.717022,0.805839,0.619076,0.629482,0.699772,0.73243,0.729876,0.746982,0.604884,0.803247,0.733152,0.740264,0.729303,0.733155,0.809675,0.714033,0.72487,0.740395,0.732569,0.674236,0.528823
Cheese,0.542161,0.720834,0.68966,0.624493,0.641657,0.535615,0.571624,0.547952,0.634681,0.693825,0.60803,0.64167,0.583733,0.611053,0.616707,0.677573,0.642808,0.580801,0.618043,0.656827,0.646565,0.640305,0.64356,1.0,0.642571,0.629203,0.587257,0.643976,0.648735,0.66453,0.604408,0.600032,0.639555,0.646803,0.548503,0.632522,0.585232,0.665187,0.649231,0.593924,0.662179,0.66701,0.627359,0.661229,0.624142,0.600864,0.623807,0.598134,0.654203,0.650673,0.655687,0.644888,0.632103,0.60743,0.616925,0.666205,0.666268,0.615888,0.654207,0.635491,0.656142,0.607204,0.573303,0.68112,0.605042,0.639237,0.685378,0.659134,0.636839,0.671893,0.625313,0.651942,0.648385,0.698759,0.628971,0.627675,0.623277,0.564513,0.643692,0.605994,0.561763,0.563354,0.529998,0.646421,0.640242,0.58949,0.653096,0.660696,0.638723,0.660751,0.626476,0.536539,0.649715,0.655829,0.637137,0.601998,0.626704,0.654769,0.598736,0.656666,0.602393,0.654788,0.60076,0.686319,0.660917,0.637817,0.644506,0.612756,0.628891,0.626015,0.640594,0.613649,0.558831,0.659511,0.622648,0.644341,0.599119,0.568015,0.67943,0.636147,0.666304,0.632697,0.618032,0.654033,0.649591,0.662546,0.647856,0.684158,0.708195,0.514104
Cheesegrater,0.633952,0.750168,0.666576,0.66391,0.738531,0.580176,0.630753,0.594578,0.705554,0.769835,0.705697,0.735631,0.707035,0.696553,0.675075,0.736161,0.740824,0.603889,0.684963,0.721519,0.701525,0.733018,0.761426,0.642571,1.0,0.710655,0.660705,0.755338,0.765353,0.733608,0.678651,0.701501,0.7062,0.712599,0.588788,0.720129,0.661214,0.744607,0.740888,0.711681,0.737779,0.737106,0.74381,0.772897,0.65587,0.701722,0.627,0.635007,0.754951,0.758982,0.70306,0.728242,0.745083,0.701946,0.683496,0.740776,0.733392,0.68651,0.745512,0.73066,0.759812,0.680898,0.673759,0.749833,0.711025,0.723654,0.781513,0.771451,0.711582,0.744427,0.69328,0.759336,0.673599,0.731096,0.707354,0.721942,0.696987,0.655302,0.739077,0.737632,0.626092,0.589647,0.470833,0.702976,0.754661,0.656321,0.776187,0.754186,0.756574,0.749531,0.697482,0.554868,0.722917,0.748503,0.728573,0.667044,0.734211,0.755413,0.61469,0.654841,0.645327,0.729405,0.698443,0.754151,0.770167,0.741845,0.707239,0.67895,0.726133,0.659363,0.735103,0.62398,0.680757,0.709557,0.730054,0.734037,0.693027,0.616675,0.778967,0.704147,0.748983,0.69841,0.68342,0.748674,0.70318,0.72493,0.723165,0.736015,0.704093,0.575836
Christmasstreeornament,0.603069,0.748568,0.661149,0.659408,0.711334,0.573894,0.598167,0.562832,0.666507,0.74569,0.662685,0.698046,0.678624,0.647738,0.657779,0.715978,0.702467,0.629514,0.64866,0.690686,0.679231,0.687839,0.706888,0.629203,0.710655,1.0,0.643806,0.738747,0.703064,0.694314,0.656981,0.636698,0.685294,0.665703,0.562949,0.682645,0.612805,0.708787,0.72078,0.67558,0.698486,0.719838,0.703408,0.744932,0.680731,0.665787,0.627561,0.621502,0.696464,0.723084,0.695105,0.693658,0.693356,0.676066,0.670474,0.724566,0.69373,0.666321,0.725655,0.694383,0.743863,0.687185,0.65716,0.733324,0.681092,0.709908,0.747566,0.744252,0.679728,0.74101,0.671144,0.728878,0.670791,0.724116,0.706058,0.703168,0.687335,0.580007,0.724257,0.688561,0.584881,0.6243,0.504836,0.669245,0.725047,0.611902,0.738424,0.704569,0.715631,0.7162,0.696615,0.549899,0.673502,0.75164,0.690947,0.649582,0.706893,0.736195,0.610483,0.668216,0.640288,0.700498,0.69317,0.73093,0.745625,0.679747,0.667533,0.629639,0.712159,0.642419,0.696365,0.624363,0.651953,0.68613,0.702681,0.704046,0.638604,0.631238,0.76543,0.681688,0.735435,0.677975,0.633621,0.718461,0.702346,0.700531,0.7268,0.729641,0.70767,0.57358
Clock,0.618308,0.667703,0.614355,0.666427,0.687461,0.556041,0.590304,0.54713,0.664215,0.702268,0.617587,0.657253,0.682947,0.627089,0.644356,0.677489,0.667939,0.581636,0.63165,0.691427,0.631876,0.676523,0.679593,0.587257,0.660705,0.643806,1.0,0.659402,0.704311,0.673045,0.677099,0.650283,0.67845,0.633356,0.5447,0.676527,0.625927,0.677542,0.689672,0.616915,0.669863,0.644008,0.655607,0.694666,0.600993,0.579793,0.600976,0.577361,0.665866,0.657293,0.650432,0.659196,0.690865,0.614598,0.616648,0.702698,0.649157,0.661653,0.694846,0.618582,0.680006,0.642745,0.625096,0.661513,0.681434,0.684756,0.678956,0.670914,0.690703,0.663542,0.649899,0.699045,0.6326,0.649241,0.631699,0.621667,0.647703,0.634716,0.628316,0.597974,0.596684,0.574176,0.498597,0.648624,0.653766,0.589777,0.663764,0.685709,0.660436,0.663805,0.665335,0.529184,0.656599,0.667239,0.670052,0.616466,0.665326,0.693082,0.601567,0.62832,0.603286,0.653581,0.627856,0.69452,0.64602,0.648904,0.642427,0.599478,0.695329,0.650846,0.67224,0.598931,0.603715,0.657123,0.612176,0.657143,0.616923,0.570566,0.717872,0.674393,0.660861,0.635282,0.624623,0.647802,0.653635,0.660038,0.65702,0.624253,0.645793,0.532833
Coatrack,0.590807,0.774427,0.631413,0.665708,0.802104,0.523243,0.602755,0.566819,0.732022,0.790521,0.748476,0.789456,0.703607,0.721584,0.629054,0.7625,0.776528,0.6313,0.692945,0.732772,0.699903,0.717466,0.768848,0.643976,0.755338,0.738747,0.659402,1.0,0.763943,0.72456,0.635394,0.710458,0.662694,0.753895,0.583607,0.780768,0.704687,0.73407,0.744597,0.773909,0.712588,0.771194,0.773201,0.827594,0.685227,0.786283,0.606458,0.603365,0.729433,0.801603,0.715504,0.717837,0.748134,0.700728,0.704081,0.755076,0.727112,0.655459,0.800559,0.782818,0.807392,0.693638,0.771184,0.791611,0.762693,0.737921,0.795264,0.848393,0.684096,0.776966,0.672067,0.775836,0.648592,0.760795,0.747296,0.759434,0.683186,0.635567,0.868816,0.824261,0.659669,0.616804,0.433191,0.702929,0.839933,0.632134,0.812575,0.747317,0.784916,0.743167,0.661174,0.558941,0.714969,0.810559,0.756475,0.649443,0.744953,0.772882,0.558609,0.657744,0.643489,0.734805,0.781472,0.736366,0.841221,0.758607,0.683455,0.696689,0.713588,0.66115,0.76221,0.589108,0.69558,0.72434,0.795203,0.752032,0.688198,0.658005,0.81225,0.702845,0.807822,0.694325,0.708803,0.796714,0.719881,0.726738,0.783053,0.82916,0.702646,0.505365
Coffeemaker,0.664329,0.737054,0.653798,0.760408,0.827406,0.53976,0.619448,0.587084,0.763758,0.820482,0.698422,0.759807,0.746403,0.751535,0.69693,0.767949,0.763111,0.627554,0.719878,0.801221,0.668105,0.773808,0.821831,0.648735,0.765353,0.703064,0.704311,0.763943,1.0,0.787256,0.724294,0.801631,0.749343,0.736693,0.593737,0.785158,0.760573,0.766252,0.803742,0.710901,0.76653,0.736502,0.77743,0.82481,0.652642,0.660067,0.621988,0.606958,0.75737,0.753357,0.738463,0.738522,0.818763,0.666847,0.679527,0.790429,0.734278,0.739094,0.833505,0.710911,0.777197,0.691963,0.737361,0.77034,0.808059,0.777367,0.801919,0.812604,0.784772,0.743938,0.73529,0.838008,0.69643,0.731351,0.704882,0.716744,0.670064,0.763334,0.746479,0.708842,0.698832,0.602252,0.467613,0.747637,0.799007,0.677551,0.795104,0.797732,0.784284,0.751809,0.728869,0.557461,0.798891,0.754876,0.78273,0.690406,0.753538,0.804213,0.642622,0.65358,0.66442,0.726095,0.727747,0.782904,0.762334,0.756922,0.734694,0.689908,0.792805,0.747065,0.813759,0.640234,0.634712,0.730322,0.707779,0.740994,0.741848,0.616318,0.843905,0.768981,0.752284,0.719328,0.716355,0.791886,0.737655,0.757657,0.750092,0.727826,0.685148,0.519771
Coffeemug,0.638668,0.762636,0.707793,0.713809,0.752429,0.578363,0.631598,0.589956,0.72974,0.786932,0.69498,0.735508,0.711432,0.708346,0.693029,0.741107,0.737095,0.623943,0.698889,0.756531,0.686898,0.745052,0.763631,0.66453,0.733608,0.694314,0.673045,0.72456,0.787256,1.0,0.699128,0.717752,0.729284,0.725786,0.592862,0.737661,0.686638,0.750699,0.757733,0.671743,0.753707,0.728746,0.721752,0.761786,0.655482,0.666716,0.641057,0.634022,0.753315,0.749021,0.720966,0.747765,0.759044,0.666131,0.677196,0.763195,0.743256,0.705545,0.762424,0.720583,0.740404,0.684502,0.663798,0.747592,0.719705,0.739259,0.764921,0.753464,0.738151,0.738438,0.711508,0.763196,0.697978,0.737653,0.690948,0.695349,0.677806,0.694571,0.706607,0.696867,0.649401,0.595739,0.50221,0.720244,0.740239,0.670436,0.755599,0.76546,0.734347,0.742118,0.718387,0.55996,0.748825,0.725385,0.73749,0.671356,0.728154,0.759042,0.649263,0.673836,0.655519,0.736039,0.680605,0.762336,0.738139,0.738822,0.725282,0.684894,0.740626,0.697706,0.750253,0.642386,0.625426,0.723523,0.694818,0.733894,0.703768,0.603947,0.792916,0.734179,0.727694,0.708957,0.707861,0.744309,0.732832,0.750047,0.714396,0.715105,0.71563,0.546883
Compass,0.655441,0.697094,0.681734,0.694693,0.686295,0.59184,0.635175,0.576981,0.667645,0.734255,0.604056,0.644086,0.728997,0.61898,0.704276,0.696053,0.671485,0.590109,0.647396,0.7101,0.669409,0.695997,0.689567,0.604408,0.678651,0.656981,0.677099,0.635394,0.724294,0.699128,1.0,0.649496,0.718877,0.628643,0.564349,0.665949,0.611944,0.728173,0.710703,0.615281,0.710729,0.66383,0.681241,0.696264,0.60525,0.545698,0.658996,0.624639,0.712881,0.673751,0.673689,0.687873,0.704895,0.631718,0.619826,0.729198,0.681785,0.724507,0.70818,0.609372,0.683632,0.66125,0.601911,0.675839,0.685595,0.703145,0.715987,0.651961,0.746639,0.676813,0.693286,0.711124,0.679116,0.665427,0.651982,0.627773,0.671633,0.64495,0.601558,0.566532,0.586682,0.585038,0.54438,0.663914,0.634652,0.625691,0.674623,0.711124,0.655678,0.705808,0.692403,0.543615,0.674465,0.672142,0.680723,0.653562,0.699497,0.716228,0.669617,0.658418,0.616164,0.674217,0.602761,0.736993,0.649424,0.653162,0.674956,0.600899,0.723871,0.683309,0.676951,0.643021,0.627412,0.679333,0.598763,0.662828,0.632636,0.568259,0.745032,0.682583,0.657977,0.67512,0.617474,0.645775,0.658675,0.694878,0.648853,0.629658,0.683982,0.625835
Computertower,0.628617,0.684409,0.602125,0.697176,0.75387,0.496672,0.581588,0.580857,0.709237,0.741671,0.65159,0.701683,0.608272,0.753513,0.595956,0.718605,0.699537,0.573372,0.721394,0.778666,0.606805,0.68707,0.804947,0.600032,0.701501,0.636698,0.650283,0.710458,0.801631,0.717752,0.649496,1.0,0.654635,0.684851,0.57032,0.728446,0.807583,0.690864,0.705041,0.631651,0.685656,0.679941,0.726336,0.742034,0.583829,0.618346,0.582705,0.544184,0.666309,0.649855,0.682707,0.645797,0.747787,0.63277,0.607541,0.718337,0.670899,0.631116,0.763493,0.652522,0.697135,0.626909,0.673285,0.710499,0.758103,0.678833,0.71567,0.786816,0.724953,0.689002,0.649337,0.751634,0.629205,0.668844,0.627538,0.717606,0.599099,0.769209,0.732025,0.667199,0.724447,0.552597,0.412977,0.694182,0.772117,0.655177,0.735126,0.723697,0.7713,0.658897,0.631626,0.523842,0.7397,0.706351,0.734143,0.667202,0.629222,0.702381,0.571679,0.580029,0.633035,0.650708,0.729118,0.710295,0.704686,0.699768,0.634484,0.674131,0.678409,0.71329,0.797633,0.571157,0.567549,0.66165,0.661388,0.680543,0.732956,0.568377,0.741404,0.695559,0.679575,0.677901,0.724278,0.759338,0.646582,0.661362,0.683169,0.651685,0.615096,0.475696
Controller,0.651701,0.712811,0.675282,0.73092,0.701465,0.595842,0.592352,0.574702,0.707317,0.752797,0.678192,0.698223,0.744963,0.654338,0.772891,0.69496,0.699562,0.614868,0.662767,0.720158,0.699642,0.801491,0.726242,0.639555,0.7062,0.685294,0.67845,0.662694,0.749343,0.729284,0.718877,0.654635,1.0,0.710238,0.579421,0.700499,0.590148,0.745401,0.7816,0.62113,0.782105,0.708928,0.680372,0.733396,0.656427,0.60039,0.645881,0.650279,0.737837,0.734594,0.721099,0.763227,0.75027,0.639796,0.673935,0.768912,0.728773,0.766047,0.71329,0.678269,0.726244,0.705878,0.600664,0.699345,0.665417,0.780269,0.727569,0.669793,0.748147,0.716227,0.732891,0.753238,0.739562,0.710094,0.677481,0.639664,0.705363,0.656106,0.604059,0.628671,0.572456,0.58687,0.533498,0.719084,0.66681,0.611757,0.726739,0.750823,0.692917,0.722348,0.800496,0.553417,0.702525,0.67623,0.69744,0.657026,0.75649,0.789598,0.6991,0.665625,0.657835,0.726046,0.59486,0.73252,0.692137,0.716188,0.736505,0.622158,0.805206,0.713924,0.706564,0.679678,0.612339,0.739176,0.653429,0.724369,0.633902,0.577637,0.77242,0.780321,0.70915,0.673895,0.668163,0.68031,0.764145,0.743963,0.693876,0.646516,0.703262,0.561569
Couch,0.608672,0.743276,0.662167,0.666151,0.733316,0.564919,0.627233,0.595841,0.790965,0.760789,0.800364,0.807312,0.678496,0.706915,0.667398,0.727688,0.784894,0.621971,0.691685,0.71967,0.71624,0.793632,0.720412,0.646803,0.712599,0.665703,0.633356,0.753895,0.736693,0.725786,0.628643,0.684851,0.710238,1.0,0.611571,0.78999,0.65087,0.729168,0.737283,0.709763,0.752656,0.727698,0.687992,0.749945,0.639616,0.771422,0.63273,0.623564,0.76223,0.783737,0.693668,0.767715,0.766581,0.649234,0.699048,0.743091,0.773218,0.65565,0.721913,0.793737,0.731365,0.669254,0.650469,0.741794,0.683351,0.734254,0.731658,0.731336,0.671743,0.709226,0.678468,0.731246,0.68048,0.741973,0.666221,0.653503,0.710799,0.698512,0.706056,0.792485,0.638186,0.563257,0.462758,0.714935,0.73339,0.619249,0.743137,0.771593,0.690054,0.724448,0.671954,0.559135,0.700088,0.689851,0.738515,0.612484,0.707352,0.733114,0.615613,0.659872,0.640904,0.771257,0.642354,0.714835,0.742594,0.816574,0.749947,0.736837,0.688419,0.649679,0.729248,0.59054,0.609216,0.7787,0.728236,0.802831,0.656692,0.596699,0.750496,0.764676,0.748779,0.644911,0.772817,0.705995,0.753114,0.733326,0.696731,0.702497,0.716983,0.494974
Cushion,0.564101,0.614662,0.587433,0.570289,0.58309,0.52595,0.559021,0.555447,0.599771,0.612852,0.593069,0.599375,0.565132,0.566143,0.545221,0.61439,0.607867,0.540899,0.584289,0.604982,0.558862,0.595057,0.592191,0.548503,0.588788,0.562949,0.5447,0.583607,0.593737,0.592862,0.564349,0.57032,0.579421,0.611571,1.0,0.593872,0.554122,0.59605,0.576975,0.56299,0.593336,0.571781,0.574556,0.590584,0.544065,0.551723,0.585483,0.521476,0.587208,0.589867,0.576392,0.577142,0.595692,0.556017,0.556962,0.617118,0.603871,0.552584,0.591708,0.579156,0.581028,0.55803,0.526368,0.603207,0.56991,0.584521,0.606321,0.589089,0.58592,0.584663,0.566242,0.579333,0.585746,0.601564,0.562508,0.571175,0.595076,0.555502,0.56011,0.563352,0.548342,0.502799,0.462897,0.561947,0.573861,0.564399,0.585407,0.602458,0.575036,0.583268,0.556027,0.518595,0.581483,0.582138,0.591408,0.562727,0.562778,0.590138,0.552359,0.570335,0.561025,0.590716,0.544709,0.627938,0.583471,0.594655,0.56474,0.590692,0.57009,0.582809,0.592122,0.537886,0.533938,0.602572,0.55622,0.59971,0.561303,0.534823,0.605108,0.586351,0.590705,0.570724,0.610579,0.576219,0.574228,0.580101,0.573694,0.559605,0.601288,0.52452
Desk,0.631516,0.723848,0.629892,0.691535,0.799297,0.539777,0.625289,0.576001,0.789363,0.771066,0.752913,0.803071,0.732505,0.724199,0.659437,0.746929,0.774052,0.61915,0.699229,0.745767,0.691298,0.765634,0.749052,0.632522,0.720129,0.682645,0.676527,0.780768,0.785158,0.737661,0.665949,0.728446,0.700499,0.78999,0.593872,1.0,0.710712,0.73412,0.747343,0.737447,0.730654,0.720326,0.72088,0.790025,0.638558,0.727793,0.614052,0.600453,0.738778,0.776699,0.692564,0.748262,0.786457,0.646327,0.690326,0.763394,0.737701,0.678258,0.778386,0.748359,0.74998,0.687536,0.723496,0.744364,0.758586,0.747309,0.740354,0.760068,0.707292,0.719792,0.683393,0.759203,0.655552,0.722108,0.684002,0.665928,0.694251,0.726133,0.741891,0.758153,0.677718,0.566739,0.446465,0.719457,0.762976,0.625633,0.74774,0.767772,0.720141,0.721651,0.674708,0.550689,0.724032,0.711079,0.759582,0.625922,0.725464,0.752823,0.597568,0.649902,0.642812,0.739753,0.686557,0.720015,0.740413,0.784155,0.726798,0.713009,0.720965,0.680929,0.751974,0.579245,0.644128,0.753757,0.713271,0.767457,0.678097,0.607191,0.780586,0.754723,0.760323,0.661054,0.744932,0.724046,0.735495,0.732294,0.718175,0.721687,0.687787,0.49537
Door,0.576907,0.671129,0.579228,0.664243,0.742394,0.463537,0.564324,0.56791,0.682017,0.714781,0.62388,0.675874,0.565525,0.740408,0.545279,0.702881,0.667846,0.557031,0.705931,0.75993,0.571746,0.62278,0.775137,0.585232,0.661214,0.612805,0.625927,0.704687,0.760573,0.686638,0.611944,0.807583,0.590148,0.65087,0.554122,0.710712,1.0,0.656324,0.651144,0.617027,0.630813,0.654193,0.701096,0.715978,0.557957,0.609219,0.567108,0.503663,0.614084,0.616648,0.652334,0.60126,0.700448,0.605698,0.584505,0.68321,0.629193,0.581673,0.751808,0.623966,0.669719,0.597205,0.676181,0.69155,0.753126,0.630824,0.680068,0.785241,0.694439,0.669671,0.605502,0.702585,0.582282,0.648351,0.602131,0.704595,0.561964,0.73907,0.751454,0.646989,0.741726,0.53095,0.395568,0.657588,0.770472,0.639082,0.700993,0.677866,0.748667,0.62154,0.573676,0.518619,0.715812,0.684934,0.70714,0.640539,0.591062,0.654996,0.528592,0.559649,0.612554,0.611546,0.73404,0.678104,0.686686,0.65561,0.577131,0.659498,0.618278,0.676637,0.769156,0.542174,0.551322,0.624172,0.643367,0.637104,0.710526,0.55428,0.707419,0.641401,0.655702,0.659853,0.709272,0.74783,0.605754,0.630199,0.665075,0.654549,0.588294,0.458164
Doorknob,0.642578,0.786892,0.720717,0.69647,0.739595,0.593777,0.642589,0.599907,0.720972,0.794752,0.702902,0.736606,0.731101,0.682146,0.724103,0.744673,0.735935,0.618484,0.689698,0.748587,0.732121,0.747624,0.749902,0.665187,0.744607,0.708787,0.677542,0.73407,0.766252,0.750699,0.728173,0.690864,0.745401,0.729168,0.59605,0.73412,0.656324,1.0,0.745655,0.696306,0.769156,0.745021,0.740031,0.778085,0.661488,0.683301,0.673534,0.656187,0.77733,0.776026,0.724483,0.75687,0.747893,0.692713,0.690175,0.770486,0.75518,0.745883,0.757003,0.723243,0.761255,0.687879,0.647751,0.756969,0.716856,0.735872,0.796233,0.752746,0.763077,0.752998,0.726792,0.750589,0.712057,0.754502,0.709108,0.700035,0.710769,0.663618,0.709025,0.710487,0.625619,0.604222,0.503523,0.719123,0.724158,0.659544,0.763506,0.767439,0.730851,0.775808,0.709867,0.558824,0.734537,0.737357,0.72783,0.675323,0.753926,0.76396,0.66635,0.69166,0.646988,0.742334,0.664034,0.765531,0.764653,0.742589,0.726001,0.677356,0.738382,0.698874,0.728466,0.646279,0.652413,0.744356,0.706563,0.734567,0.685416,0.611065,0.794522,0.718961,0.746537,0.715549,0.694016,0.731177,0.713021,0.755951,0.708697,0.7385,0.736527,0.608854
Drill,0.647062,0.762817,0.662412,0.754494,0.767229,0.575019,0.61641,0.572719,0.747868,0.806357,0.713223,0.760191,0.747584,0.696188,0.747413,0.746074,0.752591,0.667415,0.69248,0.761682,0.714634,0.807668,0.761153,0.649231,0.740888,0.72078,0.689672,0.744597,0.803742,0.757733,0.710703,0.705041,0.7816,0.737283,0.576975,0.747343,0.651144,0.745655,1.0,0.671286,0.777366,0.749077,0.729616,0.797807,0.69292,0.670597,0.657907,0.631567,0.762597,0.7529,0.743813,0.766077,0.793295,0.680394,0.701121,0.780967,0.747694,0.744839,0.784094,0.731897,0.785838,0.728887,0.681452,0.752448,0.729075,0.810171,0.76871,0.754775,0.741443,0.747456,0.738059,0.834688,0.736097,0.753931,0.718699,0.706328,0.710212,0.675452,0.708199,0.704316,0.6232,0.654515,0.519715,0.738012,0.764982,0.632702,0.784589,0.783752,0.738395,0.749862,0.785122,0.569878,0.732345,0.773299,0.750391,0.677408,0.761373,0.821279,0.676113,0.689627,0.668098,0.756979,0.696487,0.771162,0.751038,0.758829,0.763968,0.656837,0.825025,0.701078,0.775473,0.678481,0.645607,0.741797,0.719234,0.779646,0.679874,0.636135,0.837374,0.802543,0.75602,0.696764,0.684096,0.748851,0.792986,0.758214,0.760235,0.700983,0.72907,0.535443
Dryingrack,0.559061,0.678816,0.57766,0.599444,0.742175,0.507682,0.585515,0.531776,0.70022,0.720293,0.687322,0.728068,0.726864,0.649576,0.596103,0.711668,0.738052,0.569937,0.629102,0.651298,0.652603,0.6769,0.682725,0.593924,0.711681,0.67558,0.616915,0.773909,0.710901,0.671743,0.615281,0.631651,0.62113,0.709763,0.56299,0.737447,0.617027,0.696306,0.671286,1.0,0.657452,0.691639,0.705249,0.755443,0.625723,0.708821,0.560291,0.586485,0.707848,0.780335,0.637215,0.686705,0.710678,0.625552,0.656645,0.706914,0.683701,0.625363,0.720174,0.710051,0.724946,0.648976,0.714652,0.726894,0.703885,0.690363,0.746442,0.729553,0.637894,0.691357,0.634294,0.694905,0.596011,0.679547,0.689556,0.648737,0.671282,0.610403,0.734295,0.743096,0.59234,0.544166,0.404547,0.639382,0.712027,0.592709,0.720732,0.708921,0.680487,0.711699,0.604282,0.522831,0.655248,0.7018,0.703429,0.586024,0.721782,0.707646,0.53837,0.614038,0.593233,0.694624,0.650582,0.693161,0.737866,0.725154,0.673042,0.657488,0.663397,0.602025,0.676108,0.52987,0.671547,0.708542,0.699794,0.698418,0.627927,0.597527,0.742469,0.645449,0.753747,0.627675,0.643839,0.695932,0.656805,0.684907,0.692192,0.746653,0.651052,0.507682
Dumbbell,0.649709,0.779484,0.72899,0.720249,0.728022,0.595764,0.628895,0.613218,0.728469,0.788577,0.721221,0.744864,0.72584,0.687869,0.752795,0.730261,0.736137,0.630209,0.694353,0.748115,0.743587,0.785973,0.74316,0.662179,0.737779,0.698486,0.669863,0.712588,0.76653,0.753707,0.710729,0.685656,0.782105,0.752656,0.593336,0.730654,0.630813,0.769156,0.777366,0.657452,1.0,0.755032,0.720907,0.760842,0.664075,0.673292,0.673569,0.665957,0.789404,0.765701,0.743283,0.778603,0.762597,0.688226,0.694369,0.771149,0.777232,0.753284,0.743438,0.730889,0.753402,0.697785,0.628321,0.74364,0.692971,0.760036,0.769484,0.732742,0.747689,0.745742,0.737874,0.763618,0.742098,0.753524,0.696234,0.684483,0.717358,0.665745,0.680363,0.703187,0.601083,0.594444,0.509524,0.729818,0.719625,0.642254,0.75862,0.772286,0.716164,0.756934,0.749588,0.563795,0.729064,0.718009,0.727508,0.675163,0.746886,0.77544,0.702895,0.691607,0.668015,0.761065,0.64386,0.75283,0.748879,0.756269,0.755879,0.676506,0.767357,0.717152,0.737446,0.668753,0.643932,0.75836,0.706257,0.756319,0.675357,0.602831,0.787068,0.761283,0.741241,0.696703,0.70895,0.721619,0.757582,0.765456,0.705616,0.707327,0.734586,0.571485
Dustpan,0.598823,0.788862,0.72163,0.685767,0.747211,0.556755,0.6014,0.600932,0.704472,0.787037,0.706183,0.736139,0.666755,0.710056,0.687915,0.729775,0.726387,0.604976,0.697911,0.729229,0.759619,0.714675,0.746316,0.66701,0.737106,0.719838,0.644008,0.771194,0.736502,0.728746,0.66383,0.679941,0.708928,0.727698,0.571781,0.720326,0.654193,0.745021,0.749077,0.691639,0.755032,1.0,0.741382,0.776171,0.67821,0.710689,0.620188,0.673654,0.766578,0.755342,0.747138,0.761312,0.726651,0.704316,0.694286,0.759642,0.760538,0.723866,0.763273,0.754626,0.762957,0.720084,0.671137,0.77237,0.699918,0.726195,0.782949,0.788755,0.713286,0.775523,0.700905,0.751793,0.688769,0.755165,0.728291,0.738853,0.703849,0.626029,0.788552,0.750349,0.610606,0.584467,0.473358,0.717532,0.77718,0.633407,0.788839,0.744564,0.745321,0.747621,0.694104,0.550044,0.697798,0.76346,0.724323,0.674477,0.744282,0.752485,0.640794,0.668456,0.671843,0.752439,0.721297,0.730517,0.799609,0.751655,0.735497,0.670984,0.720018,0.703812,0.74024,0.637675,0.690987,0.754714,0.759675,0.741689,0.680412,0.600504,0.786939,0.692131,0.776049,0.709296,0.692964,0.771624,0.746599,0.757875,0.728918,0.802785,0.724998,0.549161
Fan,0.626599,0.747305,0.656604,0.682433,0.768879,0.531096,0.611161,0.582415,0.68997,0.778741,0.674406,0.717249,0.700284,0.699347,0.650002,0.738527,0.724417,0.591686,0.685934,0.738857,0.679083,0.693427,0.766412,0.627359,0.74381,0.703408,0.655607,0.773201,0.77743,0.721752,0.681241,0.726336,0.680372,0.687992,0.574556,0.72088,0.701096,0.740031,0.729616,0.705249,0.720907,0.741382,1.0,0.786943,0.638638,0.676241,0.615623,0.608073,0.722079,0.73955,0.71018,0.697716,0.733702,0.683255,0.659853,0.745291,0.71099,0.69427,0.786473,0.703366,0.759859,0.675215,0.708634,0.758229,0.755204,0.709957,0.789886,0.801317,0.728571,0.747178,0.688836,0.758541,0.6557,0.722946,0.714897,0.738961,0.656531,0.648776,0.788341,0.720469,0.649122,0.583183,0.448941,0.688946,0.781085,0.646912,0.782824,0.735337,0.764592,0.733459,0.665409,0.546415,0.72327,0.76724,0.732298,0.680552,0.727737,0.751402,0.603489,0.637059,0.63861,0.696693,0.737446,0.744024,0.786825,0.708093,0.670813,0.663442,0.714743,0.697887,0.749242,0.615841,0.674069,0.693952,0.724291,0.703741,0.697825,0.607632,0.790229,0.679021,0.747908,0.70186,0.668849,0.769374,0.681093,0.71434,0.727147,0.772455,0.67672,0.54403
Faucet,0.63846,0.775995,0.650928,0.722912,0.822071,0.546329,0.616844,0.57967,0.756403,0.822866,0.732548,0.792012,0.752421,0.735291,0.701288,0.777651,0.775151,0.663193,0.70697,0.771838,0.714141,0.765326,0.794471,0.661229,0.772897,0.744932,0.694666,0.827594,0.82481,0.761786,0.696264,0.742034,0.733396,0.749945,0.590584,0.790025,0.715978,0.778085,0.797807,0.755443,0.760842,0.776171,0.786943,1.0,0.701212,0.73749,0.632437,0.626741,0.760913,0.799261,0.74184,0.756472,0.790223,0.702682,0.717434,0.791172,0.744823,0.737103,0.827823,0.758302,0.825947,0.715763,0.758871,0.795864,0.793645,0.7825,0.819832,0.839552,0.759778,0.779946,0.725471,0.825898,0.696436,0.769277,0.749035,0.747927,0.704908,0.678491,0.81021,0.778502,0.668601,0.633047,0.46119,0.741335,0.829998,0.646075,0.816557,0.785668,0.789531,0.777007,0.720511,0.56499,0.760515,0.814972,0.776314,0.681251,0.781237,0.816906,0.616038,0.677455,0.664402,0.746042,0.764148,0.776044,0.82226,0.76867,0.733136,0.689955,0.781493,0.706684,0.79359,0.636598,0.683741,0.748306,0.768902,0.767234,0.70959,0.671234,0.841113,0.754295,0.806754,0.711045,0.703447,0.798172,0.752937,0.76983,0.791929,0.800007,0.720427,0.534721
Flower,0.559679,0.719295,0.641645,0.639443,0.65608,0.563849,0.54868,0.52611,0.636428,0.697361,0.632757,0.66667,0.625652,0.609823,0.645363,0.68304,0.660074,0.68655,0.612251,0.652213,0.646204,0.659948,0.64714,0.624142,0.65587,0.680731,0.600993,0.685227,0.652642,0.655482,0.60525,0.583829,0.656427,0.639616,0.544065,0.638558,0.557957,0.661488,0.69292,0.625723,0.664075,0.67821,0.638638,0.701212,1.0,0.627271,0.610597,0.595145,0.653682,0.678112,0.667327,0.664451,0.650206,0.643678,0.651063,0.678674,0.654375,0.633129,0.676452,0.661099,0.706323,0.666528,0.598907,0.695135,0.618622,0.696723,0.70488,0.687594,0.624839,0.702871,0.646896,0.697803,0.678426,0.705544,0.670673,0.659993,0.678689,0.530316,0.661537,0.64149,0.544465,0.633086,0.530032,0.640389,0.687376,0.568365,0.681439,0.66472,0.652235,0.676206,0.675158,0.543282,0.635116,0.714581,0.645522,0.610217,0.656034,0.701826,0.608222,0.661878,0.629393,0.670301,0.650909,0.705943,0.692622,0.645529,0.651381,0.585149,0.685151,0.60843,0.656025,0.618276,0.587705,0.667593,0.661706,0.673902,0.589629,0.666607,0.717891,0.664787,0.701239,0.634221,0.596006,0.674204,0.702449,0.676192,0.707084,0.666424,0.716664,0.533735
Flute,0.529444,0.738414,0.604236,0.556175,0.678729,0.510071,0.573203,0.540983,0.702203,0.715851,0.779702,0.781267,0.608551,0.664669,0.58322,0.691153,0.75485,0.595427,0.635687,0.647528,0.697398,0.703506,0.681337,0.600864,0.701722,0.665787,0.579793,0.786283,0.660067,0.666716,0.545698,0.618346,0.60039,0.771422,0.551723,0.727793,0.609219,0.683301,0.670597,0.708821,0.673292,0.710689,0.676241,0.73749,0.627271,1.0,0.563675,0.579691,0.715912,0.770732,0.636544,0.705826,0.687953,0.668902,0.682451,0.666974,0.709973,0.569507,0.676551,0.805885,0.744697,0.62291,0.641039,0.726078,0.636118,0.665537,0.716386,0.753624,0.58679,0.706334,0.607433,0.683142,0.601744,0.721153,0.6652,0.67468,0.668426,0.591572,0.767582,0.859272,0.60141,0.548181,0.410714,0.652646,0.753192,0.579795,0.747219,0.711755,0.698831,0.705581,0.599055,0.521077,0.63864,0.721663,0.694235,0.564622,0.679068,0.683988,0.505901,0.618423,0.574277,0.726693,0.672345,0.664239,0.775662,0.773935,0.659136,0.693584,0.609367,0.53799,0.677751,0.518655,0.627981,0.698885,0.771003,0.765084,0.614856,0.606779,0.711216,0.671715,0.739379,0.617002,0.706783,0.704358,0.687507,0.678938,0.694551,0.738842,0.686733,0.465561
Fossils,0.615593,0.764982,0.693381,0.650568,0.608026,0.599943,0.661329,0.605387,0.632448,0.702371,0.623009,0.631752,0.613737,0.556598,0.659416,0.710987,0.646161,0.640341,0.633116,0.683744,0.654365,0.655567,0.607967,0.623807,0.627,0.627561,0.600976,0.606458,0.621988,0.641057,0.658996,0.582705,0.645881,0.63273,0.585483,0.614052,0.567108,0.673534,0.657907,0.560291,0.673569,0.620188,0.615623,0.632437,0.610597,0.563675,1.0,0.561646,0.654299,0.616521,0.65154,0.609186,0.634199,0.636258,0.604897,0.676221,0.672785,0.627913,0.639827,0.600044,0.644896,0.607562,0.542626,0.656388,0.606924,0.647004,0.670633,0.612588,0.66382,0.633093,0.64721,0.648648,0.71781,0.714254,0.626195,0.631401,0.670341,0.551974,0.571686,0.557773,0.562767,0.658129,0.611095,0.613086,0.586583,0.623003,0.619945,0.654447,0.59631,0.656596,0.635828,0.602433,0.633894,0.682836,0.625976,0.64057,0.598464,0.653834,0.692856,0.711962,0.608356,0.652509,0.562904,0.732961,0.62068,0.609935,0.624771,0.61369,0.647355,0.645159,0.634502,0.671145,0.563772,0.653471,0.575518,0.660156,0.589905,0.623047,0.675238,0.655736,0.630762,0.642686,0.615999,0.5977,0.614084,0.636254,0.626952,0.599682,0.726937,0.657502
Frisbee,0.541232,0.6619,0.685047,0.582456,0.597888,0.584476,0.553475,0.54161,0.606241,0.647823,0.595933,0.609301,0.616376,0.588748,0.634293,0.618062,0.622459,0.523221,0.593702,0.59503,0.686218,0.631422,0.609652,0.598134,0.635007,0.621502,0.577361,0.603365,0.606958,0.634022,0.624639,0.544184,0.650279,0.623564,0.521476,0.600453,0.503663,0.656187,0.631567,0.586485,0.665957,0.673654,0.608073,0.626741,0.595145,0.579691,0.561646,1.0,0.690877,0.662347,0.629272,0.691247,0.612639,0.605372,0.605122,0.652811,0.670559,0.644756,0.603657,0.635433,0.630069,0.64876,0.517983,0.644768,0.558635,0.628496,0.66433,0.601067,0.622721,0.663247,0.615813,0.604812,0.619155,0.633424,0.624509,0.587862,0.654565,0.53216,0.575926,0.59838,0.491601,0.492788,0.484745,0.624698,0.602502,0.562119,0.636131,0.645014,0.598816,0.6621,0.623487,0.497053,0.584453,0.604611,0.60386,0.577979,0.654311,0.633052,0.604269,0.608864,0.596263,0.667749,0.552639,0.636755,0.633941,0.637189,0.65762,0.576941,0.61491,0.592708,0.589438,0.563361,0.627839,0.676742,0.618086,0.649726,0.569771,0.510076,0.649303,0.605301,0.651009,0.612107,0.585803,0.605415,0.655826,0.667499,0.595101,0.632252,0.660343,0.559014
Fryingpan,0.623702,0.773816,0.736701,0.671988,0.723791,0.596137,0.652131,0.611506,0.735989,0.786229,0.73437,0.754265,0.745845,0.683584,0.753554,0.725013,0.757444,0.60916,0.691296,0.72531,0.794387,0.773894,0.723195,0.654203,0.754951,0.696464,0.665866,0.729433,0.75737,0.753315,0.712881,0.666309,0.737837,0.76223,0.587208,0.738778,0.614084,0.77733,0.762597,0.707848,0.789404,0.766578,0.722079,0.760913,0.653682,0.715912,0.654299,0.690877,1.0,0.802083,0.712394,0.807337,0.760828,0.703124,0.703291,0.757523,0.797967,0.744718,0.730887,0.766828,0.76363,0.705622,0.630767,0.74556,0.684033,0.74413,0.77528,0.721348,0.719225,0.735848,0.730466,0.749723,0.712889,0.741642,0.703438,0.677431,0.750463,0.661032,0.684471,0.749499,0.585465,0.587171,0.501668,0.717832,0.717067,0.651403,0.762616,0.782373,0.694637,0.786622,0.704799,0.556869,0.707639,0.717668,0.728815,0.653212,0.775094,0.757848,0.693379,0.700599,0.646784,0.794206,0.632688,0.73452,0.751245,0.791128,0.794833,0.690812,0.739511,0.664854,0.715243,0.625226,0.696998,0.778776,0.728357,0.77093,0.679376,0.593405,0.786731,0.720548,0.755077,0.691657,0.705336,0.706538,0.733597,0.780575,0.688196,0.711332,0.743257,0.60014
Glasses,0.597805,0.760501,0.667506,0.65657,0.759073,0.559717,0.618117,0.561624,0.744076,0.779247,0.764554,0.78685,0.790403,0.687935,0.711885,0.743964,0.782251,0.613983,0.674703,0.702296,0.741441,0.77594,0.733463,0.650673,0.758982,0.723084,0.657293,0.801603,0.753357,0.749021,0.673751,0.649855,0.734594,0.783737,0.589867,0.776699,0.616648,0.776026,0.7529,0.780335,0.765701,0.755342,0.73955,0.799261,0.678112,0.770732,0.616521,0.662347,0.802083,1.0,0.704267,0.803006,0.756641,0.679621,0.71879,0.765254,0.772599,0.704634,0.747855,0.796605,0.787142,0.705025,0.690408,0.769348,0.708816,0.764701,0.792298,0.758129,0.694139,0.760635,0.709877,0.742716,0.681454,0.753657,0.735961,0.685575,0.725056,0.628592,0.749776,0.805407,0.596896,0.579668,0.456843,0.714481,0.756216,0.629143,0.785652,0.776273,0.724077,0.781569,0.711141,0.551554,0.715351,0.738859,0.742576,0.624443,0.801577,0.785113,0.619134,0.676806,0.637845,0.782259,0.667447,0.733919,0.800109,0.787092,0.756317,0.698825,0.737913,0.644395,0.710315,0.595077,0.69065,0.774511,0.76039,0.781815,0.663322,0.617645,0.801855,0.736854,0.79683,0.678453,0.70477,0.737199,0.752296,0.771391,0.733875,0.770405,0.732122,0.541801
Glove,0.624346,0.77501,0.709849,0.731169,0.727942,0.567093,0.604083,0.595392,0.684092,0.776635,0.659982,0.699726,0.656293,0.677185,0.686717,0.72144,0.697794,0.619223,0.686662,0.74347,0.696806,0.707357,0.733923,0.655687,0.70306,0.695105,0.650432,0.715504,0.738463,0.720966,0.673689,0.682707,0.721099,0.693668,0.576392,0.692564,0.652334,0.724483,0.743813,0.637215,0.743283,0.747138,0.71018,0.74184,0.667327,0.636544,0.65154,0.629272,0.712394,0.704267,1.0,0.705066,0.71827,0.67692,0.662175,0.757365,0.72345,0.714502,0.750428,0.686864,0.729112,0.689808,0.643426,0.739503,0.693776,0.723631,0.752073,0.756722,0.726478,0.738989,0.701914,0.749854,0.705563,0.738427,0.69848,0.712506,0.671942,0.629584,0.71999,0.662915,0.607394,0.617587,0.514644,0.701246,0.729193,0.638983,0.746606,0.722615,0.720229,0.710674,0.708012,0.560218,0.706543,0.742689,0.704057,0.683605,0.699821,0.745674,0.667687,0.674267,0.664437,0.709291,0.693391,0.739591,0.745775,0.693987,0.694487,0.643248,0.734868,0.740564,0.741151,0.668112,0.627118,0.716687,0.692317,0.697204,0.673189,0.60471,0.780447,0.706693,0.72852,0.701688,0.674661,0.739985,0.723252,0.725292,0.716535,0.732536,0.708199,0.543812
Goggles,0.618997,0.740935,0.703554,0.67243,0.720555,0.585376,0.61786,0.576904,0.74371,0.760652,0.744637,0.758949,0.754614,0.690224,0.741861,0.701811,0.742192,0.602055,0.677066,0.706506,0.757855,0.787746,0.718805,0.644888,0.728242,0.693658,0.659196,0.717837,0.738522,0.747765,0.687873,0.645797,0.763227,0.767715,0.577142,0.748262,0.60126,0.75687,0.766077,0.686705,0.778603,0.761312,0.697716,0.756472,0.664451,0.705826,0.609186,0.691247,0.807337,0.803006,0.705066,1.0,0.751336,0.662919,0.70833,0.756231,0.776665,0.737734,0.723163,0.77209,0.744749,0.731642,0.619021,0.73054,0.66961,0.758119,0.745166,0.708503,0.708458,0.747191,0.719986,0.730246,0.697591,0.728482,0.69247,0.655277,0.737492,0.652138,0.675978,0.743313,0.587001,0.555546,0.485028,0.725293,0.723103,0.620013,0.752936,0.771496,0.691875,0.76177,0.736592,0.53899,0.696082,0.687738,0.718536,0.630388,0.781882,0.761502,0.657467,0.668337,0.659917,0.784027,0.632721,0.7096,0.741214,0.790153,0.786202,0.68029,0.742591,0.64891,0.698248,0.613325,0.666384,0.774202,0.723102,0.787992,0.653827,0.578108,0.769075,0.749203,0.749708,0.671669,0.706311,0.70434,0.785305,0.782326,0.692046,0.699742,0.72629,0.551701
Grill,0.659426,0.732494,0.649411,0.736854,0.783345,0.568766,0.634293,0.595906,0.778978,0.79942,0.732212,0.777416,0.745838,0.721278,0.698885,0.750007,0.773996,0.639467,0.704552,0.766784,0.683948,0.798944,0.775347,0.632103,0.745083,0.693356,0.690865,0.748134,0.818763,0.759044,0.704895,0.747787,0.75027,0.766581,0.595692,0.786457,0.700448,0.747893,0.793295,0.710678,0.762597,0.726651,0.733702,0.790223,0.650206,0.687953,0.634199,0.612639,0.760828,0.756641,0.71827,0.751336,1.0,0.663442,0.685405,0.783551,0.748375,0.715801,0.782209,0.729967,0.755227,0.693088,0.701998,0.750316,0.751624,0.780326,0.760497,0.754403,0.748295,0.717711,0.720715,0.809603,0.699382,0.725458,0.689056,0.679948,0.696825,0.752322,0.697091,0.7252,0.662687,0.596401,0.472418,0.727991,0.751032,0.650159,0.764812,0.794978,0.733578,0.73815,0.733313,0.559223,0.740647,0.733378,0.768439,0.66337,0.739828,0.789287,0.647884,0.658067,0.655369,0.744843,0.675234,0.762833,0.733736,0.788122,0.747996,0.695719,0.784027,0.705912,0.786968,0.630398,0.632829,0.752757,0.70089,0.769184,0.698839,0.615496,0.814642,0.783951,0.748281,0.684124,0.730844,0.736887,0.751267,0.744005,0.725023,0.689446,0.690167,0.524525
Hairbrush,0.624307,0.755471,0.671017,0.617445,0.66099,0.595507,0.618165,0.593627,0.633853,0.720235,0.657914,0.682472,0.608238,0.630512,0.638943,0.685218,0.671859,0.602575,0.645187,0.682736,0.699402,0.661073,0.690481,0.60743,0.701946,0.676066,0.614598,0.700728,0.666847,0.666131,0.631718,0.63277,0.639796,0.649234,0.556017,0.646327,0.605698,0.692713,0.680394,0.625552,0.688226,0.704316,0.683255,0.702682,0.643678,0.668902,0.636258,0.605372,0.703124,0.679621,0.67692,0.662919,0.663442,1.0,0.64257,0.682343,0.68507,0.642086,0.683498,0.680232,0.718065,0.644211,0.595549,0.703695,0.638639,0.656295,0.727663,0.721421,0.66019,0.709056,0.648431,0.692839,0.648878,0.711653,0.672828,0.712192,0.687688,0.569049,0.708356,0.685028,0.574931,0.620671,0.476336,0.640988,0.706386,0.622466,0.724103,0.679643,0.696528,0.689989,0.645669,0.541798,0.649401,0.736249,0.661221,0.650516,0.661958,0.682521,0.613048,0.654017,0.608135,0.679512,0.671318,0.702318,0.729857,0.66888,0.637384,0.627857,0.656917,0.619844,0.67822,0.614491,0.65033,0.656228,0.691885,0.680488,0.642806,0.615637,0.717946,0.637838,0.692963,0.66918,0.634978,0.69625,0.651298,0.669331,0.674691,0.690946,0.676746,0.59884
Hairclip,0.581653,0.715937,0.639344,0.627478,0.680617,0.560113,0.585702,0.549544,0.680444,0.714775,0.687295,0.711602,0.659084,0.635116,0.65591,0.682823,0.699018,0.612433,0.630843,0.665782,0.679249,0.703747,0.670052,0.616925,0.683496,0.670474,0.616648,0.704081,0.679527,0.677196,0.619826,0.607541,0.673935,0.699048,0.556962,0.690326,0.584505,0.690175,0.701121,0.656645,0.694369,0.694286,0.659853,0.717434,0.651063,0.682451,0.604897,0.605122,0.703291,0.71879,0.662175,0.70833,0.685405,0.64257,1.0,0.695884,0.692631,0.64914,0.684863,0.706994,0.713674,0.661993,0.61358,0.698801,0.644865,0.69569,0.709073,0.696931,0.644352,0.699823,0.651715,0.696269,0.657733,0.703505,0.661185,0.646006,0.68812,0.587627,0.679141,0.701108,0.569728,0.580233,0.491917,0.662201,0.692918,0.583938,0.704765,0.700244,0.667833,0.700343,0.666655,0.535383,0.652764,0.689471,0.671692,0.603961,0.68832,0.704804,0.596381,0.650206,0.614096,0.703661,0.634799,0.689525,0.709018,0.707759,0.682811,0.635583,0.678758,0.606905,0.66406,0.588532,0.617391,0.692286,0.687798,0.716927,0.609675,0.599971,0.721102,0.685592,0.709607,0.634907,0.647091,0.674874,0.703108,0.69376,0.687548,0.685971,0.700134,0.534477
Handbag,0.684696,0.775724,0.711332,0.763856,0.784846,0.596936,0.649197,0.616924,0.751041,0.810639,0.709645,0.747414,0.761907,0.707912,0.722978,0.771297,0.762948,0.645738,0.713775,0.77219,0.719761,0.762686,0.764394,0.666205,0.740776,0.724566,0.702698,0.755076,0.790429,0.763195,0.729198,0.718337,0.768912,0.743091,0.617118,0.763394,0.68321,0.770486,0.780967,0.706914,0.771149,0.759642,0.745291,0.791172,0.678674,0.666974,0.676221,0.652811,0.757523,0.765254,0.757365,0.756231,0.783551,0.682343,0.695884,1.0,0.759897,0.760258,0.793148,0.722353,0.760261,0.730866,0.710828,0.771024,0.756584,0.777399,0.780426,0.76862,0.772891,0.751509,0.735035,0.78213,0.72797,0.750514,0.735008,0.712122,0.719244,0.693647,0.718313,0.695896,0.651814,0.622445,0.525742,0.727284,0.740444,0.664836,0.764327,0.77655,0.737668,0.75537,0.743802,0.585004,0.740568,0.767691,0.753963,0.702796,0.761754,0.794674,0.693724,0.701658,0.684898,0.754046,0.69952,0.782773,0.753311,0.748124,0.73998,0.681382,0.784456,0.773418,0.765979,0.670427,0.66848,0.780222,0.70632,0.746984,0.694474,0.630609,0.82429,0.755629,0.769127,0.71948,0.717816,0.743176,0.753797,0.766395,0.737346,0.754067,0.73062,0.576482
Hat,0.628027,0.787856,0.738715,0.684852,0.719941,0.598927,0.657305,0.63115,0.738262,0.783741,0.741998,0.754647,0.703168,0.687799,0.709809,0.736828,0.753247,0.621381,0.699474,0.733228,0.751854,0.758639,0.724743,0.666268,0.733392,0.69373,0.649157,0.727112,0.734278,0.743256,0.681785,0.670899,0.728773,0.773218,0.603871,0.737701,0.629193,0.75518,0.747694,0.683701,0.777232,0.760538,0.71099,0.744823,0.654375,0.709973,0.672785,0.670559,0.797967,0.772599,0.72345,0.776665,0.748375,0.68507,0.692631,0.759897,1.0,0.70749,0.726761,0.763665,0.73652,0.693514,0.628644,0.7512,0.678876,0.732593,0.757012,0.727656,0.710315,0.73609,0.709916,0.734614,0.711177,0.755105,0.692952,0.684483,0.724813,0.657059,0.695437,0.738163,0.603842,0.579451,0.495816,0.717061,0.716751,0.649343,0.748211,0.766253,0.698771,0.750897,0.703737,0.569839,0.706768,0.71366,0.725992,0.662378,0.729401,0.742713,0.672542,0.688014,0.662062,0.779521,0.642248,0.743226,0.749062,0.776375,0.759425,0.709538,0.719048,0.693261,0.722646,0.638578,0.654475,0.771706,0.718042,0.770117,0.675171,0.596819,0.768686,0.727341,0.74828,0.688353,0.729806,0.711303,0.738104,0.756929,0.690334,0.721414,0.743753,0.570327
Headphones,0.64412,0.710357,0.687611,0.717394,0.709333,0.564806,0.585942,0.57222,0.669292,0.749294,0.620968,0.662383,0.739479,0.625591,0.749339,0.682622,0.661875,0.582462,0.64279,0.708789,0.724737,0.718057,0.686095,0.615888,0.68651,0.666321,0.661653,0.655459,0.739094,0.705545,0.724507,0.631116,0.766047,0.65565,0.552584,0.678258,0.581673,0.745883,0.744839,0.625363,0.753284,0.723866,0.69427,0.737103,0.633129,0.569507,0.627913,0.644756,0.744718,0.704634,0.714502,0.737734,0.715801,0.642086,0.64914,0.760258,0.70749,1.0,0.728132,0.636554,0.717246,0.702816,0.613825,0.695796,0.684607,0.736498,0.739791,0.67394,0.758878,0.703199,0.724398,0.72919,0.703612,0.688509,0.683103,0.640513,0.694738,0.614171,0.62158,0.599353,0.555613,0.573813,0.50551,0.683025,0.656456,0.600309,0.704901,0.717418,0.658519,0.72638,0.713758,0.532986,0.674608,0.686971,0.674737,0.661902,0.754832,0.748421,0.692455,0.660074,0.637758,0.697457,0.607718,0.711374,0.688938,0.678275,0.718375,0.590036,0.766594,0.730629,0.68522,0.659037,0.65637,0.730509,0.63819,0.677803,0.626515,0.561584,0.761478,0.694288,0.704223,0.671249,0.61764,0.66716,0.711374,0.742439,0.667035,0.685659,0.68285,0.579563
Hourglass,0.638742,0.771761,0.662534,0.755577,0.83752,0.529361,0.620243,0.578998,0.744976,0.82691,0.693125,0.75666,0.725283,0.732036,0.679805,0.776005,0.752032,0.646361,0.717763,0.794436,0.68581,0.729941,0.798294,0.654207,0.745512,0.725655,0.694846,0.800559,0.833505,0.762424,0.70818,0.763493,0.71329,0.721913,0.591708,0.778386,0.751808,0.757003,0.784094,0.720174,0.743438,0.763273,0.786473,0.827823,0.676452,0.676551,0.639827,0.603657,0.730887,0.747855,0.750428,0.723163,0.782209,0.683498,0.684863,0.793148,0.726761,0.728132,1.0,0.716009,0.786164,0.711982,0.759501,0.785457,0.809938,0.759776,0.807251,0.834966,0.76593,0.767922,0.723979,0.814872,0.689477,0.754419,0.735549,0.750274,0.671752,0.699001,0.821825,0.718157,0.69812,0.631539,0.486003,0.720593,0.815322,0.663477,0.801507,0.76835,0.780607,0.746644,0.708826,0.570655,0.769671,0.804251,0.774104,0.700005,0.746743,0.793723,0.638252,0.674946,0.671872,0.720101,0.778983,0.782432,0.79723,0.732934,0.705714,0.676508,0.768645,0.747778,0.798244,0.650454,0.661803,0.724318,0.732282,0.727559,0.722147,0.643687,0.84624,0.731514,0.773645,0.726781,0.698152,0.802641,0.732696,0.75028,0.77148,0.795378,0.704005,0.524072
Kayak,0.577153,0.762635,0.661396,0.622792,0.712375,0.541478,0.606609,0.567182,0.735738,0.759005,0.789769,0.789463,0.668225,0.698853,0.650688,0.714329,0.77845,0.61647,0.676195,0.692925,0.724694,0.756409,0.724663,0.635491,0.73066,0.694383,0.618582,0.782818,0.710911,0.720583,0.609372,0.652522,0.678269,0.793737,0.579156,0.748359,0.623966,0.723243,0.731897,0.710051,0.730889,0.754626,0.703366,0.758302,0.661099,0.805885,0.600044,0.635433,0.766828,0.796605,0.686864,0.77209,0.729967,0.680232,0.706994,0.722353,0.763665,0.636554,0.716009,1.0,0.753365,0.681996,0.647455,0.753186,0.660043,0.724303,0.748013,0.763219,0.641277,0.741358,0.663541,0.725131,0.658782,0.745811,0.696492,0.700463,0.701515,0.630522,0.762142,0.841348,0.61352,0.565287,0.44688,0.699294,0.771767,0.621085,0.778873,0.756539,0.724548,0.739719,0.67635,0.538948,0.686081,0.735646,0.724441,0.613007,0.724832,0.738299,0.579202,0.646667,0.626264,0.778739,0.688221,0.710715,0.791215,0.807262,0.728701,0.711088,0.679163,0.608663,0.710272,0.569045,0.644528,0.745548,0.779023,0.799196,0.657667,0.607699,0.755247,0.722453,0.759446,0.663512,0.729144,0.738204,0.749943,0.733745,0.713735,0.748977,0.722919,0.501858
Key,0.609988,0.78659,0.662459,0.692894,0.772265,0.555933,0.610841,0.576427,0.723419,0.80188,0.726299,0.774838,0.7319,0.700483,0.713535,0.75623,0.755127,0.672627,0.688395,0.749136,0.739618,0.753886,0.759615,0.656142,0.759812,0.743863,0.680006,0.807392,0.777197,0.740404,0.683632,0.697135,0.726244,0.731365,0.581028,0.74998,0.669719,0.761255,0.785838,0.724946,0.753402,0.762957,0.759859,0.825947,0.706323,0.744697,0.644896,0.630069,0.76363,0.787142,0.729112,0.744749,0.755227,0.718065,0.713674,0.760261,0.73652,0.717246,0.786164,0.753365,1.0,0.706705,0.711694,0.777199,0.745144,0.768857,0.79752,0.806578,0.722195,0.771627,0.715681,0.806242,0.701743,0.771455,0.740097,0.740819,0.714757,0.63201,0.785675,0.770648,0.63425,0.660957,0.494575,0.718041,0.802142,0.632323,0.804282,0.762714,0.765829,0.768869,0.723266,0.574691,0.724329,0.809124,0.746448,0.66591,0.778146,0.796522,0.629971,0.699542,0.650633,0.747061,0.734815,0.754335,0.807407,0.747522,0.720522,0.670582,0.769274,0.661602,0.758444,0.643216,0.688203,0.730265,0.767648,0.758094,0.680956,0.675893,0.826827,0.737235,0.787985,0.70003,0.68435,0.769615,0.742577,0.755475,0.782044,0.769807,0.735012,0.553074
Kite,0.60731,0.703657,0.6547,0.678786,0.70191,0.581725,0.581137,0.557076,0.68037,0.714222,0.654643,0.678894,0.700503,0.648597,0.688879,0.691341,0.687844,0.60199,0.653543,0.677971,0.706476,0.698164,0.681067,0.607204,0.680898,0.687185,0.642745,0.693638,0.691963,0.684502,0.66125,0.626909,0.705878,0.669254,0.55803,0.687536,0.597205,0.687879,0.728887,0.648976,0.697785,0.720084,0.675215,0.715763,0.666528,0.62291,0.607562,0.64876,0.705622,0.705025,0.689808,0.731642,0.693088,0.644211,0.661993,0.730866,0.693514,0.702816,0.711982,0.681996,0.706705,1.0,0.630496,0.699734,0.665145,0.724578,0.70599,0.696084,0.675178,0.72074,0.676131,0.704683,0.674133,0.686223,0.693546,0.667481,0.709191,0.593781,0.676168,0.650917,0.577143,0.582959,0.519436,0.670563,0.700272,0.592442,0.709373,0.699729,0.673672,0.695134,0.69602,0.547922,0.646225,0.704134,0.67603,0.640455,0.714557,0.723477,0.639079,0.654227,0.661718,0.709669,0.66895,0.700204,0.695881,0.685327,0.69735,0.61273,0.717889,0.66608,0.676755,0.623255,0.682137,0.720365,0.679834,0.721873,0.622035,0.591555,0.739706,0.693419,0.722417,0.658324,0.634159,0.683598,0.73762,0.711113,0.694309,0.684004,0.697596,0.558171
Ladder,0.583745,0.663591,0.54968,0.65164,0.788449,0.452733,0.550953,0.509363,0.678171,0.722682,0.627851,0.688628,0.695911,0.65379,0.561449,0.708443,0.698814,0.568935,0.620741,0.677715,0.589712,0.6321,0.695789,0.573303,0.673759,0.65716,0.625096,0.771184,0.737361,0.663798,0.601911,0.673285,0.600664,0.650469,0.526368,0.723496,0.676181,0.647751,0.681452,0.714652,0.628321,0.671137,0.708634,0.758871,0.598907,0.641039,0.542626,0.517983,0.630767,0.690408,0.643426,0.619021,0.701998,0.595549,0.61358,0.710828,0.628644,0.613825,0.759501,0.647455,0.711694,0.630496,1.0,0.712946,0.75817,0.685726,0.711144,0.760791,0.645303,0.672678,0.614045,0.72575,0.574876,0.657416,0.679464,0.664335,0.599441,0.614089,0.763259,0.672279,0.624927,0.556382,0.402299,0.626071,0.751356,0.570298,0.707356,0.671233,0.702719,0.653961,0.598625,0.506899,0.663175,0.729945,0.702205,0.605833,0.677477,0.713099,0.5168,0.588485,0.583163,0.635219,0.720342,0.681043,0.714887,0.652444,0.606114,0.606676,0.672673,0.649028,0.711906,0.540867,0.633401,0.652784,0.667272,0.647524,0.625478,0.589235,0.749584,0.644106,0.720921,0.619721,0.615331,0.714285,0.642606,0.653315,0.706919,0.754336,0.603076,0.441573
Lamp,0.62441,0.804965,0.710844,0.70246,0.774207,0.566694,0.629477,0.603915,0.727537,0.812796,0.719517,0.758261,0.685214,0.710528,0.667389,0.770931,0.758348,0.656575,0.702584,0.751537,0.716182,0.72539,0.763146,0.68112,0.749833,0.733324,0.661513,0.791611,0.77034,0.747592,0.675839,0.710499,0.699345,0.741794,0.603207,0.744364,0.69155,0.756969,0.752448,0.726894,0.74364,0.77237,0.758229,0.795864,0.695135,0.726078,0.656388,0.644768,0.74556,0.769348,0.739503,0.73054,0.750316,0.703695,0.698801,0.771024,0.7512,0.695796,0.785457,0.753186,0.777199,0.699734,0.712946,1.0,0.737809,0.739467,0.809116,0.808175,0.721894,0.76912,0.703657,0.773721,0.701082,0.77728,0.738145,0.746054,0.698192,0.651575,0.787897,0.757027,0.650643,0.629956,0.493621,0.71067,0.787511,0.664189,0.789401,0.760008,0.760093,0.757043,0.693986,0.576792,0.735889,0.793819,0.748993,0.688795,0.732395,0.767412,0.634106,0.69237,0.665946,0.742617,0.735515,0.776294,0.801765,0.748075,0.711214,0.695705,0.725552,0.704486,0.762288,0.642042,0.658551,0.751806,0.749745,0.749867,0.700767,0.651518,0.814291,0.715901,0.782019,0.720425,0.70451,0.782033,0.733078,0.749451,0.75794,0.802809,0.742897,0.557697
Lantern,0.636114,0.709688,0.607791,0.713805,0.811099,0.511398,0.614096,0.568145,0.720114,0.773367,0.655796,0.716038,0.720731,0.708377,0.63513,0.746967,0.722802,0.599146,0.684623,0.76075,0.638878,0.685076,0.762362,0.605042,0.711025,0.681092,0.681434,0.762693,0.808059,0.719705,0.685595,0.758103,0.665417,0.683351,0.56991,0.758586,0.753126,0.716856,0.729075,0.703885,0.692971,0.699918,0.755204,0.793645,0.618622,0.636118,0.606924,0.558635,0.684033,0.708816,0.693776,0.66961,0.751624,0.638639,0.644865,0.756584,0.678876,0.684607,0.809938,0.660043,0.745144,0.665145,0.75817,0.737809,1.0,0.722085,0.751647,0.803494,0.742645,0.714278,0.672895,0.766354,0.634027,0.692077,0.684477,0.69872,0.64248,0.696523,0.762928,0.670367,0.684853,0.586604,0.446703,0.687885,0.773791,0.628098,0.739353,0.724604,0.744419,0.697821,0.648656,0.543433,0.740427,0.743441,0.742534,0.662827,0.709305,0.741648,0.589403,0.629384,0.625776,0.671629,0.738954,0.734624,0.73432,0.683611,0.649113,0.654577,0.717618,0.708689,0.76625,0.598153,0.641274,0.689613,0.677253,0.688121,0.696186,0.603694,0.795577,0.696614,0.728026,0.678003,0.670526,0.749194,0.669327,0.7024,0.727694,0.727283,0.647778,0.505947
Lawnmower,0.636899,0.733225,0.651083,0.740465,0.754325,0.57338,0.60676,0.566202,0.746971,0.78077,0.713476,0.748886,0.774058,0.678098,0.743202,0.738181,0.748114,0.674211,0.677192,0.737397,0.700557,0.800569,0.735469,0.639237,0.723654,0.709908,0.684756,0.737921,0.777367,0.739259,0.703145,0.678833,0.780269,0.734254,0.584521,0.747309,0.630824,0.735872,0.810171,0.690363,0.760036,0.726195,0.709957,0.7825,0.696723,0.665537,0.647004,0.628496,0.74413,0.764701,0.723631,0.758119,0.780326,0.656295,0.69569,0.777399,0.732593,0.736498,0.759776,0.724303,0.768857,0.724578,0.685726,0.739467,0.722085,1.0,0.748003,0.726807,0.727704,0.730108,0.72501,0.801163,0.730714,0.732301,0.712913,0.671586,0.714273,0.663866,0.682893,0.694887,0.608891,0.631095,0.53702,0.720081,0.737708,0.611858,0.751432,0.76832,0.710851,0.736341,0.775196,0.567807,0.710146,0.741847,0.738819,0.650721,0.766622,0.814502,0.66884,0.685333,0.658207,0.748664,0.668207,0.758764,0.730874,0.747693,0.748785,0.647768,0.815697,0.687023,0.750201,0.659616,0.644169,0.750717,0.700314,0.764452,0.652218,0.639183,0.816687,0.800206,0.753805,0.673955,0.679364,0.718412,0.786191,0.752535,0.747448,0.685552,0.730735,0.532701
Lightbulb,0.649061,0.810638,0.719088,0.707925,0.784769,0.579768,0.640074,0.60268,0.722062,0.830344,0.708286,0.752966,0.718047,0.706419,0.697927,0.782105,0.763521,0.642956,0.704403,0.758824,0.731684,0.738158,0.779743,0.685378,0.781513,0.747566,0.678956,0.795264,0.801919,0.764921,0.715987,0.71567,0.727569,0.731658,0.606321,0.740354,0.680068,0.796233,0.76871,0.746442,0.769484,0.782949,0.789886,0.819832,0.70488,0.716386,0.670633,0.66433,0.77528,0.792298,0.752073,0.745166,0.760497,0.727663,0.709073,0.780426,0.757012,0.739791,0.807251,0.748013,0.79752,0.70599,0.711144,0.809116,0.751647,0.748003,1.0,0.81554,0.758449,0.788535,0.735299,0.791157,0.721877,0.786328,0.761981,0.762559,0.71393,0.649122,0.794225,0.753972,0.64323,0.63927,0.496858,0.723457,0.787078,0.683911,0.816364,0.777377,0.779405,0.796559,0.712377,0.574153,0.762408,0.810818,0.758757,0.709106,0.767002,0.788055,0.655173,0.701995,0.67153,0.744736,0.739516,0.810543,0.826151,0.749889,0.725391,0.689409,0.752061,0.720092,0.765413,0.665018,0.683566,0.751102,0.75647,0.744328,0.718141,0.654602,0.836519,0.71543,0.792193,0.745677,0.68363,0.798562,0.728537,0.767865,0.76704,0.824097,0.751793,0.597395
Lipstick,0.614478,0.799232,0.664803,0.7112,0.815287,0.523891,0.606728,0.597803,0.720016,0.819156,0.720716,0.768753,0.646583,0.765177,0.634663,0.776691,0.759491,0.627418,0.728981,0.789266,0.688446,0.703197,0.831634,0.659134,0.771451,0.744252,0.670914,0.848393,0.812604,0.753464,0.651961,0.786816,0.669793,0.731336,0.589089,0.760068,0.785241,0.752746,0.754775,0.729553,0.732742,0.788755,0.801317,0.839552,0.687594,0.753624,0.612588,0.601067,0.721348,0.758129,0.756722,0.708503,0.754403,0.721421,0.696931,0.76862,0.727656,0.67394,0.834966,0.763219,0.806578,0.696084,0.760791,0.808175,0.803494,0.726807,0.81554,1.0,0.739911,0.807449,0.688213,0.797075,0.666807,0.771558,0.739913,0.811395,0.660322,0.679551,0.897623,0.796596,0.712195,0.622036,0.444558,0.724712,0.872642,0.672631,0.834806,0.755547,0.840906,0.74406,0.674939,0.561509,0.775694,0.835696,0.769634,0.702732,0.719144,0.773004,0.581901,0.65444,0.672875,0.722815,0.845748,0.763411,0.861637,0.737627,0.670604,0.703402,0.716063,0.720716,0.814747,0.618803,0.66533,0.709339,0.795556,0.73535,0.748598,0.651861,0.826484,0.704377,0.793434,0.735464,0.725028,0.854822,0.714874,0.732245,0.792129,0.828177,0.702023,0.510373
Lock,0.668193,0.736641,0.697413,0.7424,0.740583,0.581327,0.633354,0.61328,0.700535,0.780839,0.640448,0.686595,0.712792,0.680909,0.704993,0.72925,0.691936,0.603849,0.69075,0.766975,0.674141,0.724344,0.757155,0.636839,0.711582,0.679728,0.690703,0.684096,0.784772,0.738151,0.746639,0.724953,0.748147,0.671743,0.58592,0.707292,0.694439,0.763077,0.741443,0.637894,0.747689,0.713286,0.728571,0.759778,0.624839,0.58679,0.66382,0.622721,0.719225,0.694139,0.726478,0.708458,0.748295,0.66019,0.644352,0.772891,0.710315,0.758878,0.76593,0.641277,0.722195,0.675178,0.645303,0.721894,0.742645,0.727704,0.758449,0.739911,1.0,0.72225,0.719734,0.753165,0.701402,0.705208,0.674073,0.687054,0.667872,0.698939,0.66715,0.618607,0.64849,0.590921,0.512729,0.706046,0.700789,0.657583,0.726496,0.741915,0.720653,0.724378,0.707518,0.558864,0.729234,0.718532,0.721367,0.694128,0.719328,0.749927,0.668873,0.657448,0.651282,0.683811,0.666657,0.763408,0.712834,0.690615,0.682393,0.643584,0.750935,0.744532,0.750408,0.669613,0.624054,0.704877,0.643202,0.685426,0.68853,0.589869,0.780243,0.717287,0.697849,0.708688,0.679863,0.718863,0.688718,0.726368,0.685167,0.687527,0.682606,0.597899
Lollipop,0.61205,0.798841,0.725584,0.681561,0.746708,0.58308,0.61205,0.594848,0.693812,0.77515,0.700401,0.732305,0.685423,0.703471,0.682176,0.739039,0.720864,0.627429,0.692679,0.73114,0.722748,0.715214,0.763153,0.671893,0.744427,0.74101,0.663542,0.776966,0.743938,0.738438,0.676813,0.689002,0.716227,0.709226,0.584663,0.719792,0.669671,0.752998,0.747456,0.691357,0.745742,0.775523,0.747178,0.779946,0.702871,0.706334,0.633093,0.663247,0.735848,0.760635,0.738989,0.747191,0.717711,0.709056,0.699823,0.751509,0.73609,0.703199,0.767922,0.741358,0.771627,0.72074,0.672678,0.76912,0.714278,0.730108,0.788535,0.807449,0.72225,1.0,0.697262,0.742252,0.694719,0.765022,0.737798,0.753372,0.699109,0.619379,0.796666,0.735834,0.628632,0.611757,0.522805,0.716692,0.785183,0.648375,0.786071,0.73537,0.770814,0.750192,0.715207,0.563924,0.716666,0.768094,0.723066,0.681171,0.732337,0.756105,0.632492,0.684754,0.677409,0.732001,0.741822,0.753072,0.806687,0.718034,0.689157,0.668709,0.722532,0.674493,0.73408,0.648004,0.692471,0.715176,0.752298,0.734066,0.688368,0.632083,0.792047,0.704567,0.768038,0.722984,0.68885,0.777769,0.744938,0.742012,0.749445,0.783016,0.74407,0.571899
Mask,0.622568,0.726014,0.672373,0.70506,0.703809,0.565167,0.602414,0.569538,0.683194,0.752666,0.652016,0.686381,0.711195,0.638844,0.714711,0.701264,0.689936,0.616586,0.652829,0.715839,0.682228,0.725535,0.697482,0.625313,0.69328,0.671144,0.649899,0.672067,0.73529,0.711508,0.693286,0.649337,0.732891,0.678468,0.566242,0.683393,0.605502,0.726792,0.738059,0.634294,0.737874,0.700905,0.688836,0.725471,0.646896,0.607433,0.64721,0.615813,0.730466,0.709877,0.701914,0.719986,0.720715,0.648431,0.651715,0.735035,0.709916,0.724398,0.723979,0.663541,0.715681,0.676131,0.614045,0.703657,0.672895,0.72501,0.735299,0.688213,0.719734,0.697262,1.0,0.737529,0.705287,0.70662,0.670536,0.656786,0.682058,0.628322,0.643172,0.635425,0.581849,0.606897,0.516143,0.681003,0.675293,0.621155,0.714456,0.726727,0.673055,0.717127,0.713494,0.550246,0.689386,0.701319,0.68891,0.655419,0.722547,0.742442,0.671949,0.669128,0.639735,0.703815,0.627065,0.729098,0.697946,0.694027,0.709619,0.623027,0.745462,0.688887,0.70047,0.651707,0.60992,0.704315,0.649668,0.697554,0.642596,0.599127,0.76116,0.707464,0.698794,0.669997,0.641562,0.686069,0.706547,0.720434,0.680262,0.670412,0.69532,0.567388
Microscope,0.649522,0.764371,0.646804,0.763748,0.800289,0.552114,0.617358,0.576806,0.757229,0.830312,0.706689,0.768695,0.728896,0.720465,0.716427,0.77248,0.768486,0.688041,0.702633,0.79131,0.686537,0.786735,0.790767,0.651942,0.759336,0.728878,0.699045,0.775836,0.838008,0.763196,0.711124,0.751634,0.753238,0.731246,0.579333,0.759203,0.702585,0.750589,0.834688,0.694905,0.763618,0.751793,0.758541,0.825898,0.697803,0.683142,0.648648,0.604812,0.749723,0.742716,0.749854,0.730246,0.809603,0.692839,0.696269,0.78213,0.734614,0.72919,0.814872,0.725131,0.806242,0.704683,0.72575,0.773721,0.766354,0.801163,0.791157,0.797075,0.753165,0.742252,0.737529,1.0,0.722264,0.759001,0.723184,0.730604,0.689069,0.711437,0.744904,0.720332,0.656693,0.670181,0.504706,0.74524,0.801612,0.647086,0.802835,0.794145,0.770373,0.749095,0.766154,0.576676,0.753952,0.806543,0.774739,0.688275,0.749555,0.825606,0.655436,0.685845,0.667354,0.741362,0.734949,0.796375,0.770736,0.757637,0.748194,0.667872,0.822229,0.714708,0.812307,0.679515,0.63945,0.724527,0.729375,0.764305,0.705255,0.663774,0.85601,0.789062,0.764121,0.706968,0.688236,0.780821,0.763715,0.749448,0.791783,0.72396,0.71128,0.524773
Minerals,0.624557,0.762126,0.711021,0.706813,0.660195,0.596882,0.605209,0.592944,0.677264,0.741107,0.657253,0.675413,0.66243,0.618582,0.725284,0.716293,0.682313,0.666906,0.657646,0.710891,0.687144,0.731521,0.671462,0.648385,0.673599,0.670791,0.6326,0.648592,0.69643,0.697978,0.679116,0.629205,0.739562,0.68048,0.585746,0.655552,0.582282,0.712057,0.736097,0.596011,0.742098,0.688769,0.6557,0.696436,0.678426,0.601744,0.71781,0.619155,0.712889,0.681454,0.705563,0.697591,0.699382,0.648878,0.657733,0.72797,0.711177,0.703612,0.689477,0.658782,0.701743,0.674133,0.574876,0.701082,0.634027,0.730714,0.721877,0.666807,0.701402,0.694719,0.705287,0.722264,1.0,0.731496,0.670452,0.655929,0.702114,0.598336,0.609308,0.614085,0.566096,0.641353,0.600138,0.675211,0.651967,0.619356,0.689085,0.713998,0.651378,0.712699,0.725022,0.580506,0.678754,0.710094,0.669852,0.663423,0.674575,0.731034,0.717096,0.714464,0.655162,0.706183,0.607997,0.751838,0.675423,0.67118,0.69891,0.619077,0.737067,0.687322,0.696757,0.684089,0.582655,0.714868,0.637459,0.711789,0.624009,0.637918,0.738752,0.724524,0.691105,0.669837,0.646466,0.664943,0.712156,0.707967,0.686127,0.638013,0.751323,0.60837
Mushroom,0.617842,0.839213,0.734071,0.694689,0.731178,0.5888,0.646726,0.604754,0.715507,0.799076,0.722795,0.75465,0.666265,0.675277,0.69538,0.764671,0.737546,0.674827,0.69004,0.745273,0.731477,0.737169,0.729689,0.698759,0.731096,0.724116,0.649241,0.760795,0.731351,0.737653,0.665427,0.668844,0.710094,0.741973,0.601564,0.722108,0.648351,0.754502,0.753931,0.679547,0.753524,0.755165,0.722946,0.769277,0.705544,0.721153,0.714254,0.633424,0.741642,0.753657,0.738427,0.728482,0.725458,0.711653,0.703505,0.750514,0.755105,0.688509,0.754419,0.745811,0.771455,0.686223,0.657416,0.77728,0.692077,0.732301,0.786328,0.771558,0.705208,0.765022,0.70662,0.759001,0.731496,1.0,0.722535,0.73192,0.712558,0.614209,0.755746,0.73284,0.623617,0.670977,0.549337,0.710017,0.753342,0.655923,0.767437,0.746947,0.730283,0.751481,0.710873,0.594355,0.723636,0.783422,0.722917,0.679492,0.711326,0.756053,0.665729,0.732967,0.661385,0.745085,0.697344,0.771056,0.782463,0.731973,0.713765,0.688024,0.72284,0.680553,0.734735,0.677629,0.635743,0.735389,0.732127,0.751859,0.675079,0.663235,0.790569,0.726367,0.761574,0.70833,0.696801,0.749729,0.737639,0.741278,0.75024,0.767302,0.778562,0.579302
Necklace,0.604258,0.750156,0.6618,0.660957,0.720727,0.547091,0.590122,0.554523,0.662285,0.746391,0.65668,0.690479,0.694705,0.64315,0.65745,0.725851,0.704444,0.612271,0.647317,0.681024,0.691253,0.675838,0.696619,0.628971,0.707354,0.706058,0.631699,0.747296,0.704882,0.690948,0.651982,0.627538,0.677481,0.666221,0.562508,0.684002,0.602131,0.709108,0.718699,0.689556,0.696234,0.728291,0.714897,0.749035,0.670673,0.6652,0.626195,0.624509,0.703438,0.735961,0.69848,0.69247,0.689056,0.672828,0.661185,0.735008,0.692952,0.683103,0.735549,0.696492,0.740097,0.693546,0.679464,0.738145,0.684477,0.712913,0.761981,0.739913,0.674073,0.737798,0.670536,0.723184,0.670452,0.722535,1.0,0.711597,0.674804,0.563489,0.736365,0.690461,0.582645,0.608139,0.5039,0.658438,0.732568,0.614029,0.743826,0.702468,0.70682,0.720921,0.677812,0.551685,0.666688,0.769373,0.691182,0.655147,0.719535,0.743309,0.620275,0.665494,0.634976,0.699066,0.69897,0.736443,0.755923,0.676784,0.66902,0.620866,0.710813,0.664428,0.691783,0.627394,0.684278,0.702475,0.70936,0.695652,0.636791,0.625602,0.767643,0.666254,0.746486,0.677142,0.624129,0.721973,0.700684,0.706367,0.724438,0.763413,0.7045,0.554234
Necktie,0.604573,0.770969,0.654765,0.661263,0.718019,0.527329,0.595652,0.586552,0.643829,0.752659,0.658472,0.691556,0.601759,0.695808,0.614079,0.724091,0.687791,0.608739,0.696492,0.731438,0.664199,0.649233,0.763337,0.627675,0.721942,0.703168,0.621667,0.759434,0.716744,0.695349,0.627773,0.717606,0.639664,0.653503,0.571175,0.665928,0.704595,0.700035,0.706328,0.648737,0.684483,0.738853,0.738961,0.747927,0.659993,0.67468,0.631401,0.587862,0.677431,0.685575,0.712506,0.655277,0.679948,0.712192,0.646006,0.712122,0.684483,0.640513,0.750274,0.700463,0.740819,0.667481,0.664335,0.746054,0.69872,0.671586,0.762559,0.811395,0.687054,0.753372,0.656786,0.730604,0.655929,0.73192,0.711597,1.0,0.640091,0.604542,0.802258,0.714253,0.654988,0.629044,0.457328,0.665149,0.793123,0.660561,0.780003,0.692116,0.780615,0.696831,0.65132,0.556514,0.69354,0.805325,0.698707,0.70061,0.664728,0.719015,0.591744,0.631636,0.650429,0.67823,0.777982,0.733252,0.790277,0.672081,0.624335,0.647864,0.677316,0.67466,0.747929,0.623919,0.653137,0.655973,0.733454,0.682671,0.701731,0.632572,0.756079,0.644977,0.723598,0.713504,0.666336,0.786537,0.663901,0.675133,0.729445,0.755629,0.677263,0.558084
Orifan,0.666916,0.731192,0.685512,0.640715,0.670287,0.654501,0.640325,0.605287,0.701664,0.710674,0.700696,0.707484,0.709691,0.624688,0.715586,0.698758,0.712581,0.632484,0.652077,0.672195,0.746119,0.731092,0.651643,0.623277,0.696987,0.687335,0.647703,0.683186,0.670064,0.677806,0.671633,0.599099,0.705363,0.710799,0.595076,0.694251,0.561964,0.710769,0.710212,0.671282,0.717358,0.703849,0.656531,0.704908,0.678689,0.668426,0.670341,0.654565,0.750463,0.725056,0.671942,0.737492,0.696825,0.687688,0.68812,0.719244,0.724813,0.694738,0.671752,0.701515,0.714757,0.709191,0.599441,0.698192,0.64248,0.714273,0.71393,0.660322,0.667872,0.699109,0.682058,0.689069,0.702114,0.712558,0.674804,0.640091,1.0,0.588769,0.627852,0.676334,0.552556,0.61325,0.56001,0.670144,0.653816,0.601937,0.68909,0.71094,0.637201,0.718228,0.683,0.575065,0.63816,0.688693,0.671974,0.632311,0.707377,0.707737,0.675991,0.706709,0.647482,0.731461,0.602938,0.7078,0.678486,0.716969,0.725467,0.647534,0.701732,0.63838,0.653087,0.629655,0.669069,0.7483,0.668152,0.746193,0.610345,0.624997,0.719729,0.701991,0.719098,0.647878,0.656362,0.639211,0.708948,0.711419,0.675349,0.653303,0.73708,0.640829
Oven,0.604496,0.616333,0.578788,0.669364,0.703836,0.501948,0.584525,0.564722,0.727462,0.705351,0.650747,0.691753,0.616075,0.705102,0.590871,0.671449,0.694509,0.538365,0.674311,0.731238,0.579906,0.708454,0.742398,0.564513,0.655302,0.580007,0.634716,0.635567,0.763334,0.694571,0.64495,0.769209,0.656106,0.698512,0.555502,0.726133,0.73907,0.663618,0.675452,0.610403,0.665745,0.626029,0.648776,0.678491,0.530316,0.591572,0.551974,0.53216,0.661032,0.628592,0.629584,0.652138,0.752322,0.569049,0.587627,0.693647,0.657059,0.614171,0.699001,0.630522,0.63201,0.593781,0.614089,0.651575,0.696523,0.663866,0.649122,0.679551,0.698939,0.619379,0.628322,0.711437,0.598336,0.614209,0.563489,0.604542,0.588769,1.0,0.609969,0.630509,0.688151,0.490252,0.416775,0.668697,0.671904,0.621134,0.663039,0.721286,0.678154,0.629697,0.618983,0.503039,0.690705,0.603685,0.711688,0.599427,0.610232,0.664479,0.561555,0.556,0.595176,0.648152,0.6101,0.677209,0.61656,0.725726,0.647301,0.662677,0.654102,0.658587,0.73906,0.541239,0.527983,0.664981,0.596436,0.675803,0.67161,0.504494,0.697373,0.701346,0.626022,0.621648,0.723541,0.667379,0.640247,0.642509,0.612969,0.563356,0.584813,0.463379
Paintbrush,0.556594,0.781478,0.622864,0.648533,0.800604,0.476065,0.576663,0.553919,0.683581,0.780264,0.702596,0.753172,0.617697,0.732552,0.581026,0.740536,0.726789,0.584766,0.700405,0.736246,0.680165,0.648698,0.785587,0.643692,0.739077,0.724257,0.628316,0.868816,0.746479,0.706607,0.601558,0.732025,0.604059,0.706056,0.56011,0.741891,0.751454,0.709025,0.708199,0.734295,0.680363,0.788552,0.788341,0.81021,0.661537,0.767582,0.571686,0.575926,0.684471,0.749776,0.71999,0.675978,0.697091,0.708356,0.679141,0.718313,0.695437,0.62158,0.821825,0.762142,0.785675,0.676168,0.763259,0.787897,0.762928,0.682893,0.794225,0.897623,0.66715,0.796666,0.643172,0.744904,0.609308,0.755746,0.736365,0.802258,0.627852,0.609969,1.0,0.811494,0.684508,0.596555,0.413451,0.682725,0.873464,0.633717,0.825133,0.710376,0.81813,0.714631,0.620017,0.538356,0.717631,0.819438,0.740218,0.658321,0.702304,0.72914,0.512422,0.623913,0.632675,0.693297,0.857651,0.712118,0.871845,0.714631,0.629241,0.681402,0.65631,0.665615,0.761283,0.571287,0.675317,0.668766,0.80837,0.702489,0.706428,0.621984,0.786694,0.641889,0.787677,0.709614,0.689354,0.841642,0.686125,0.697023,0.774404,0.893316,0.685002,0.470206
Pen,0.543722,0.743888,0.60668,0.582522,0.718686,0.496521,0.576607,0.553544,0.724157,0.747488,0.80552,0.808432,0.638743,0.705158,0.60217,0.705481,0.782815,0.597114,0.666474,0.677908,0.704194,0.734025,0.73205,0.605994,0.737632,0.688561,0.597974,0.824261,0.708842,0.696867,0.566532,0.667199,0.628671,0.792485,0.563352,0.758153,0.646989,0.710487,0.704316,0.743096,0.703187,0.750349,0.720469,0.778502,0.64149,0.859272,0.557773,0.59838,0.749499,0.805407,0.662915,0.743313,0.7252,0.685028,0.701108,0.695896,0.738163,0.599353,0.718157,0.841348,0.770648,0.650917,0.672279,0.757027,0.670367,0.694887,0.753972,0.796596,0.618607,0.735834,0.635425,0.720332,0.614085,0.73284,0.690461,0.714253,0.676334,0.630509,0.811494,1.0,0.626957,0.548426,0.383379,0.677857,0.804157,0.606957,0.796192,0.744943,0.745228,0.731675,0.622673,0.525133,0.671308,0.747862,0.72939,0.590371,0.715531,0.723624,0.51216,0.608018,0.599525,0.752353,0.713441,0.68553,0.822547,0.818946,0.688506,0.717677,0.644893,0.573294,0.717114,0.524391,0.653694,0.720907,0.811057,0.792923,0.656173,0.612243,0.745898,0.695097,0.769323,0.646987,0.734198,0.753604,0.713289,0.707244,0.718717,0.770548,0.682259,0.47013
Pictureframe,0.562853,0.638267,0.551389,0.620369,0.680556,0.463936,0.558721,0.541575,0.658875,0.675059,0.621493,0.657916,0.558589,0.680676,0.529274,0.675104,0.652834,0.558219,0.658447,0.703533,0.553444,0.611966,0.707036,0.561763,0.626092,0.584881,0.596684,0.659669,0.698832,0.649401,0.586682,0.724447,0.572456,0.638186,0.548342,0.677718,0.741726,0.625619,0.6232,0.59234,0.601083,0.610606,0.649122,0.668601,0.544465,0.60141,0.562767,0.491601,0.585465,0.596896,0.607394,0.587001,0.662687,0.574931,0.569728,0.651814,0.603842,0.555613,0.69812,0.61352,0.63425,0.577143,0.624927,0.650643,0.684853,0.608891,0.64323,0.712195,0.64849,0.628632,0.581849,0.656693,0.566096,0.623617,0.582645,0.654988,0.552556,0.688151,0.684508,0.626957,1.0,0.514798,0.412798,0.614608,0.703129,0.608255,0.65697,0.652734,0.687689,0.600921,0.562558,0.51521,0.666012,0.659093,0.671317,0.599183,0.572476,0.628631,0.506377,0.548773,0.582009,0.598225,0.677195,0.660632,0.643741,0.641035,0.562765,0.636995,0.591652,0.61963,0.703676,0.526495,0.529923,0.600337,0.611562,0.62401,0.649277,0.550995,0.663428,0.625183,0.620992,0.617662,0.681976,0.6832,0.595267,0.600685,0.625746,0.615328,0.583735,0.454705
Pinecone,0.542605,0.699471,0.57597,0.623739,0.596776,0.517052,0.553664,0.489126,0.575456,0.665897,0.554776,0.597769,0.572377,0.522369,0.605407,0.643325,0.599981,0.631846,0.565546,0.638883,0.580806,0.604977,0.589881,0.563354,0.589647,0.6243,0.574176,0.616804,0.602252,0.595739,0.585038,0.552597,0.58687,0.563257,0.502799,0.566739,0.53095,0.604222,0.654515,0.544166,0.594444,0.584467,0.583183,0.633047,0.633086,0.548181,0.658129,0.492788,0.587171,0.579668,0.617587,0.555546,0.596401,0.620671,0.580233,0.622445,0.579451,0.573813,0.631539,0.565287,0.660957,0.582959,0.556382,0.629956,0.586604,0.631095,0.63927,0.622036,0.590921,0.611757,0.606897,0.670181,0.641353,0.670977,0.608139,0.629044,0.61325,0.490252,0.596555,0.548426,0.514798,1.0,0.552349,0.57096,0.607131,0.553426,0.618008,0.605095,0.596855,0.610981,0.623759,0.537377,0.585339,0.705913,0.589363,0.588785,0.584462,0.647403,0.598268,0.669082,0.553124,0.601284,0.603884,0.671133,0.615858,0.555952,0.573049,0.525851,0.642755,0.55739,0.620997,0.615061,0.514853,0.573063,0.572781,0.604266,0.548843,0.627552,0.68098,0.615458,0.606478,0.598579,0.529602,0.608516,0.597174,0.589998,0.657606,0.576027,0.65589,0.540678
Pizza,0.478435,0.576168,0.61061,0.53318,0.44859,0.514721,0.505444,0.458028,0.485199,0.519958,0.454385,0.451817,0.503779,0.405386,0.554768,0.545265,0.48998,0.54149,0.468576,0.509596,0.522677,0.51453,0.447137,0.529998,0.470833,0.504836,0.498597,0.433191,0.467613,0.50221,0.54438,0.412977,0.533498,0.462758,0.462897,0.446465,0.395568,0.503523,0.519715,0.404547,0.509524,0.473358,0.448941,0.46119,0.530032,0.410714,0.611095,0.484745,0.501668,0.456843,0.514644,0.485028,0.472418,0.476336,0.491917,0.525742,0.495816,0.50551,0.486003,0.44688,0.494575,0.519436,0.402299,0.493621,0.446703,0.53702,0.496858,0.444558,0.512729,0.522805,0.516143,0.504706,0.600138,0.549337,0.5039,0.457328,0.56001,0.416775,0.413451,0.383379,0.412798,0.552349,1.0,0.490891,0.416339,0.464816,0.45059,0.505381,0.438774,0.517168,0.549006,0.503944,0.469606,0.516835,0.476211,0.488412,0.477395,0.511508,0.587718,0.638628,0.500679,0.513579,0.438823,0.592619,0.44737,0.446104,0.498306,0.43797,0.52601,0.480142,0.457728,0.586592,0.454506,0.506506,0.427096,0.507887,0.418614,0.50917,0.524008,0.533883,0.475226,0.500919,0.444788,0.439323,0.524236,0.504579,0.511362,0.439643,0.677941,0.530925
Plug,0.608585,0.725985,0.667156,0.689148,0.716305,0.56189,0.594266,0.567034,0.714357,0.741568,0.681242,0.715235,0.665552,0.694259,0.677086,0.710924,0.707986,0.593312,0.676492,0.725044,0.680797,0.73163,0.733214,0.646421,0.702976,0.669245,0.648624,0.702929,0.747637,0.720244,0.663914,0.694182,0.719084,0.714935,0.561947,0.719457,0.657588,0.719123,0.738012,0.639382,0.729818,0.717532,0.688946,0.741335,0.640389,0.652646,0.613086,0.624698,0.717832,0.714481,0.701246,0.725293,0.727991,0.640988,0.662201,0.727284,0.717061,0.683025,0.720593,0.699294,0.718041,0.670563,0.626071,0.71067,0.687885,0.720081,0.723457,0.724712,0.706046,0.716692,0.681003,0.74524,0.675211,0.710017,0.658438,0.665149,0.670144,0.668697,0.682725,0.677857,0.614608,0.57096,0.490891,1.0,0.722654,0.61649,0.727282,0.736483,0.711037,0.705458,0.697269,0.535052,0.705918,0.690116,0.70639,0.632011,0.695334,0.731938,0.619061,0.643591,0.641709,0.713766,0.656169,0.713491,0.711263,0.719188,0.714287,0.659062,0.713638,0.674216,0.727034,0.622494,0.598502,0.711007,0.679219,0.724654,0.661966,0.57459,0.748978,0.726386,0.710225,0.667901,0.682848,0.711702,0.723383,0.717321,0.699495,0.672943,0.696142,0.519686
Pogostick,0.593122,0.766874,0.630115,0.684664,0.804575,0.504942,0.584253,0.571077,0.724844,0.789597,0.727911,0.77666,0.660739,0.777807,0.634899,0.754258,0.749078,0.640967,0.723159,0.764702,0.679616,0.710887,0.813424,0.640242,0.754661,0.725047,0.653766,0.839933,0.799007,0.740239,0.634652,0.772117,0.66681,0.73339,0.573861,0.762976,0.770472,0.724158,0.764982,0.712027,0.719625,0.77718,0.781085,0.829998,0.687376,0.753192,0.586583,0.602502,0.717067,0.756216,0.729193,0.723103,0.751032,0.706386,0.692918,0.740444,0.716751,0.656456,0.815322,0.771767,0.802142,0.700272,0.751356,0.787511,0.773791,0.737708,0.787078,0.872642,0.700789,0.785183,0.675293,0.801612,0.651967,0.753342,0.732568,0.793123,0.653816,0.671904,0.873464,0.804157,0.703129,0.607131,0.416339,0.722654,1.0,0.649707,0.829527,0.748385,0.822904,0.72958,0.676562,0.547922,0.745444,0.810365,0.761095,0.671387,0.724472,0.775133,0.567164,0.627962,0.662658,0.720926,0.823697,0.732683,0.838442,0.747319,0.684382,0.693487,0.716743,0.673179,0.802473,0.598665,0.673564,0.698606,0.799338,0.749816,0.728709,0.648559,0.809277,0.711518,0.784068,0.709703,0.719889,0.841455,0.743561,0.737842,0.791939,0.798369,0.684578,0.487748
Pot,0.602324,0.691965,0.653007,0.62449,0.643366,0.540788,0.614166,0.578131,0.621566,0.6906,0.605639,0.631505,0.587501,0.628922,0.580948,0.666705,0.642293,0.546346,0.643488,0.679382,0.59383,0.623447,0.683468,0.58949,0.656321,0.611902,0.589777,0.632134,0.677551,0.670436,0.625691,0.655177,0.611757,0.619249,0.564399,0.625633,0.639082,0.659544,0.632702,0.592709,0.642254,0.633407,0.646912,0.646075,0.568365,0.579795,0.623003,0.562119,0.651403,0.629143,0.638983,0.620013,0.650159,0.622466,0.583938,0.664836,0.649343,0.600309,0.663477,0.621085,0.632323,0.592442,0.570298,0.664189,0.628098,0.611858,0.683911,0.672631,0.657583,0.648375,0.621155,0.647086,0.619356,0.655923,0.614029,0.660561,0.601937,0.621134,0.633717,0.606957,0.608255,0.553426,0.464816,0.61649,0.649707,1.0,0.669218,0.660925,0.661799,0.643658,0.601841,0.537111,0.660146,0.65865,0.645046,0.632487,0.607992,0.640722,0.585046,0.600194,0.594918,0.631756,0.618607,0.690614,0.654759,0.6341,0.604744,0.631385,0.62014,0.640451,0.667239,0.583099,0.570339,0.621886,0.607672,0.62747,0.658652,0.551776,0.680272,0.60851,0.625775,0.660783,0.639998,0.666564,0.600906,0.634076,0.614432,0.631101,0.629119,0.578397
Razor,0.62687,0.787889,0.668669,0.697975,0.781403,0.545835,0.609356,0.581354,0.723085,0.810267,0.735442,0.77267,0.695188,0.73382,0.684889,0.7496,0.761782,0.624085,0.71144,0.758403,0.717479,0.755115,0.804492,0.653096,0.776187,0.738424,0.663764,0.812575,0.795104,0.755599,0.674623,0.735126,0.726739,0.743137,0.585407,0.74774,0.700993,0.763506,0.784589,0.720732,0.75862,0.788839,0.782824,0.816557,0.681439,0.747219,0.619945,0.636131,0.762616,0.785652,0.746606,0.752936,0.764812,0.724103,0.704765,0.764327,0.748211,0.704901,0.801507,0.778873,0.804282,0.709373,0.707356,0.789401,0.739353,0.751432,0.816364,0.834806,0.726496,0.786071,0.714456,0.802835,0.689085,0.767437,0.743826,0.780003,0.68909,0.663039,0.825133,0.796192,0.65697,0.618008,0.45059,0.727282,0.829527,0.669218,1.0,0.774988,0.806814,0.765006,0.724048,0.555825,0.7448,0.809912,0.756806,0.690571,0.763643,0.797599,0.613985,0.6567,0.662801,0.750497,0.767787,0.761014,0.838731,0.770344,0.720399,0.692719,0.75676,0.69102,0.782938,0.632559,0.678597,0.723705,0.789336,0.763417,0.719717,0.63415,0.829685,0.731546,0.783497,0.730225,0.705284,0.817057,0.746333,0.750662,0.772083,0.795328,0.710011,0.542828
Recordplayer,0.646316,0.760273,0.685405,0.717344,0.757849,0.585167,0.645551,0.596282,0.768976,0.802681,0.74325,0.77434,0.735504,0.714808,0.715555,0.7582,0.781868,0.642859,0.706042,0.760439,0.714468,0.794422,0.76815,0.660696,0.754186,0.704569,0.685709,0.747317,0.797732,0.76546,0.711124,0.723697,0.750823,0.771593,0.602458,0.767772,0.677866,0.767439,0.783752,0.708921,0.772286,0.744564,0.735337,0.785668,0.66472,0.711755,0.654447,0.645014,0.782373,0.776273,0.722615,0.771496,0.794978,0.679643,0.700244,0.77655,0.766253,0.717418,0.76835,0.756539,0.762714,0.699729,0.671233,0.760008,0.724604,0.76832,0.777377,0.755547,0.741915,0.73537,0.726727,0.794145,0.713998,0.746947,0.702468,0.692116,0.71094,0.721286,0.710376,0.744943,0.652734,0.605095,0.505381,0.736483,0.748385,0.660925,0.774988,1.0,0.738328,0.765093,0.736082,0.569933,0.744293,0.741568,0.76183,0.665404,0.749098,0.784651,0.655722,0.681928,0.660803,0.768776,0.675721,0.777936,0.753783,0.791629,0.762903,0.705645,0.76445,0.693406,0.764371,0.64303,0.642058,0.760802,0.721627,0.785377,0.696278,0.622479,0.807301,0.773202,0.754551,0.69908,0.727259,0.741911,0.75358,0.757869,0.727693,0.713331,0.729516,0.552605
Remotecontrol,0.616989,0.751907,0.638714,0.68026,0.763229,0.526643,0.588557,0.574481,0.689478,0.773656,0.688642,0.728458,0.648668,0.74247,0.629757,0.737069,0.724343,0.601208,0.710418,0.75665,0.655049,0.702606,0.818446,0.638723,0.756574,0.715631,0.660436,0.784916,0.784284,0.734347,0.655678,0.7713,0.692917,0.690054,0.575036,0.720141,0.748667,0.730851,0.738395,0.680487,0.716164,0.745321,0.764592,0.789531,0.652235,0.698831,0.59631,0.598816,0.694637,0.724077,0.720229,0.691875,0.733578,0.696528,0.667833,0.737668,0.698771,0.658519,0.780607,0.724548,0.765829,0.673672,0.702719,0.760093,0.744419,0.710851,0.779405,0.840906,0.720653,0.770814,0.673055,0.770373,0.651378,0.730283,0.70682,0.780615,0.637201,0.678154,0.81813,0.745228,0.687689,0.596855,0.438774,0.711037,0.822904,0.661799,0.806814,0.738328,1.0,0.720161,0.693974,0.539585,0.747205,0.782568,0.737335,0.684922,0.702658,0.75682,0.567823,0.617293,0.651041,0.695683,0.78306,0.74497,0.805021,0.71409,0.648742,0.673119,0.713808,0.684692,0.780248,0.604302,0.64266,0.6688,0.750949,0.711201,0.722327,0.61887,0.785317,0.698079,0.743128,0.718117,0.69906,0.811364,0.694898,0.701396,0.749521,0.763531,0.672061,0.518298
Ring,0.613499,0.779448,0.70551,0.67083,0.729911,0.58384,0.629157,0.578174,0.714607,0.787301,0.707366,0.740612,0.730067,0.67095,0.713591,0.74221,0.745605,0.633368,0.672777,0.719027,0.741416,0.743216,0.727149,0.660751,0.749531,0.7162,0.663805,0.743167,0.751809,0.742118,0.705808,0.658897,0.722348,0.724448,0.583268,0.721651,0.62154,0.775808,0.749862,0.711699,0.756934,0.747621,0.733459,0.777007,0.676206,0.705581,0.656596,0.6621,0.786622,0.781569,0.710674,0.76177,0.73815,0.689989,0.700343,0.75537,0.750897,0.72638,0.746644,0.739719,0.768869,0.695134,0.653961,0.757043,0.697821,0.736341,0.796559,0.74406,0.724378,0.750192,0.717127,0.749095,0.712699,0.751481,0.720921,0.696831,0.718228,0.629697,0.714631,0.731675,0.600921,0.610981,0.517168,0.705458,0.72958,0.643658,0.765006,0.765093,0.720161,1.0,0.70511,0.557272,0.714262,0.753454,0.722185,0.660765,0.759474,0.762399,0.654719,0.696963,0.641189,0.753691,0.664533,0.764511,0.766448,0.748658,0.742577,0.667514,0.73409,0.661006,0.714048,0.632095,0.666368,0.744172,0.723969,0.747376,0.665023,0.6312,0.792042,0.70963,0.756975,0.699227,0.669856,0.726739,0.72122,0.758038,0.721463,0.752535,0.751118,0.59346
Rollerskates,0.627551,0.716839,0.655771,0.716862,0.688434,0.59047,0.586638,0.548266,0.684442,0.745958,0.664088,0.688495,0.72809,0.637809,0.740357,0.694044,0.692457,0.641295,0.645989,0.708762,0.663399,0.77539,0.714345,0.626476,0.697482,0.696615,0.665335,0.661174,0.728869,0.718387,0.692403,0.631626,0.800496,0.671954,0.556027,0.674708,0.573676,0.709867,0.785122,0.604282,0.749588,0.694104,0.665409,0.720511,0.675158,0.599055,0.635828,0.623487,0.704799,0.711141,0.708012,0.736592,0.733313,0.645669,0.666655,0.743802,0.703737,0.713758,0.708826,0.67635,0.723266,0.69602,0.598625,0.693986,0.648656,0.775196,0.712377,0.674939,0.707518,0.715207,0.713494,0.766154,0.725022,0.710873,0.677812,0.65132,0.683,0.618983,0.620017,0.622673,0.562558,0.623759,0.549006,0.697269,0.676562,0.601841,0.724048,0.736082,0.693974,0.70511,1.0,0.551196,0.693356,0.701043,0.690679,0.646248,0.730709,0.78487,0.67592,0.668259,0.650923,0.719221,0.621421,0.743363,0.689637,0.68905,0.714471,0.603903,0.803959,0.667807,0.703499,0.672261,0.595917,0.690913,0.6552,0.719409,0.62384,0.602093,0.774144,0.771412,0.69678,0.666379,0.63308,0.687314,0.764056,0.718931,0.708634,0.632853,0.703794,0.545229
Rug,0.515012,0.613421,0.572443,0.563917,0.551343,0.501948,0.538981,0.526773,0.558452,0.593693,0.55658,0.562206,0.54003,0.519092,0.544459,0.605986,0.572832,0.555027,0.554385,0.584299,0.548717,0.561195,0.546641,0.536539,0.554868,0.549899,0.529184,0.558941,0.557461,0.55996,0.543615,0.523842,0.553417,0.559135,0.518595,0.550689,0.518619,0.558824,0.569878,0.522831,0.563795,0.550044,0.546415,0.56499,0.543282,0.521077,0.602433,0.497053,0.556869,0.551554,0.560218,0.53899,0.559223,0.541798,0.535383,0.585004,0.569839,0.532986,0.570655,0.538948,0.574691,0.547922,0.506899,0.576792,0.543433,0.567807,0.574153,0.561509,0.558864,0.563924,0.550246,0.576676,0.580506,0.594355,0.551685,0.556514,0.575065,0.503039,0.538356,0.525133,0.51521,0.537377,0.503944,0.535052,0.547922,0.537111,0.555825,0.569933,0.539585,0.557272,0.551196,1.0,0.544883,0.588467,0.56136,0.540897,0.54092,0.569818,0.552296,0.582724,0.548255,0.566063,0.529552,0.615927,0.554235,0.545793,0.536983,0.545881,0.565051,0.555003,0.561612,0.558218,0.522909,0.571544,0.532796,0.575524,0.518661,0.547316,0.590446,0.567747,0.566695,0.548944,0.557566,0.545908,0.557763,0.551554,0.570415,0.533757,0.595846,0.509756
Saltpeppershaker,0.627715,0.741263,0.661388,0.705315,0.7535,0.537677,0.610274,0.573138,0.708378,0.776248,0.670338,0.713966,0.669339,0.707007,0.659864,0.73811,0.716281,0.607662,0.691171,0.759971,0.643933,0.715103,0.771311,0.649715,0.722917,0.673502,0.656599,0.714969,0.798891,0.748825,0.674465,0.7397,0.702525,0.700088,0.581483,0.724032,0.715812,0.734537,0.732345,0.655248,0.729064,0.697798,0.72327,0.760515,0.635116,0.63864,0.633894,0.584453,0.707639,0.715351,0.706543,0.696082,0.740647,0.649401,0.652764,0.740568,0.706768,0.674608,0.769671,0.686081,0.724329,0.646225,0.663175,0.735889,0.740427,0.710146,0.762408,0.775694,0.729234,0.716666,0.689386,0.753952,0.678754,0.723636,0.666688,0.69354,0.63816,0.690705,0.717631,0.671308,0.666012,0.585339,0.469606,0.705918,0.745444,0.660146,0.7448,0.744293,0.747205,0.714262,0.693356,0.544883,1.0,0.716615,0.72786,0.663713,0.688627,0.737741,0.619144,0.647693,0.639261,0.695868,0.694226,0.758341,0.731931,0.701885,0.678747,0.671014,0.712477,0.710139,0.752077,0.623208,0.582199,0.689765,0.677145,0.698758,0.706474,0.599524,0.773153,0.71178,0.710257,0.696019,0.688192,0.753561,0.690835,0.717617,0.708976,0.705234,0.686613,0.522519
Saxophone,0.639154,0.823023,0.663708,0.712763,0.764623,0.549434,0.6282,0.581047,0.694279,0.81653,0.693518,0.745091,0.673559,0.688212,0.666654,0.786068,0.744635,0.690639,0.696129,0.75529,0.705237,0.703607,0.762484,0.655829,0.748503,0.75164,0.667239,0.810559,0.754876,0.725385,0.672142,0.706351,0.67623,0.689851,0.582138,0.711079,0.684934,0.737357,0.773299,0.7018,0.718009,0.76346,0.76724,0.814972,0.714581,0.721663,0.682836,0.604611,0.717668,0.738859,0.742689,0.687738,0.733378,0.736249,0.689471,0.767691,0.71366,0.686971,0.804251,0.735646,0.809124,0.704134,0.729945,0.793819,0.743441,0.741847,0.810818,0.835696,0.718532,0.768094,0.701319,0.806543,0.710094,0.783422,0.769373,0.805325,0.688693,0.603685,0.819438,0.747862,0.659093,0.705913,0.516835,0.690116,0.810365,0.65865,0.809912,0.741568,0.782568,0.753454,0.701043,0.588467,0.716615,1.0,0.741483,0.71055,0.720494,0.791005,0.625768,0.702286,0.654876,0.719239,0.809147,0.794755,0.82254,0.707546,0.677673,0.656643,0.752602,0.686996,0.780237,0.666337,0.67009,0.7063,0.7612,0.730483,0.693383,0.714207,0.828092,0.704907,0.778724,0.721742,0.662592,0.795134,0.711012,0.721346,0.799059,0.796914,0.737999,0.567123
Scale,0.62957,0.732642,0.648867,0.703016,0.767027,0.54353,0.625819,0.589367,0.747414,0.783933,0.713441,0.753433,0.700608,0.712951,0.659795,0.750123,0.761112,0.625972,0.697687,0.752589,0.674311,0.744151,0.762008,0.637137,0.728573,0.690947,0.670052,0.756475,0.78273,0.73749,0.680723,0.734143,0.69744,0.738515,0.591408,0.759582,0.70714,0.72783,0.750391,0.703429,0.727508,0.724323,0.732298,0.776314,0.645522,0.694235,0.625976,0.60386,0.728815,0.742576,0.704057,0.718536,0.768439,0.661221,0.671692,0.753963,0.725992,0.674737,0.774104,0.724441,0.746448,0.67603,0.702205,0.748993,0.742534,0.738819,0.758757,0.769634,0.721367,0.723066,0.68891,0.774739,0.669852,0.722917,0.691182,0.698707,0.671974,0.711688,0.740218,0.72939,0.671317,0.589363,0.476211,0.70639,0.761095,0.645046,0.756806,0.76183,0.737335,0.722185,0.690679,0.56136,0.72786,0.741483,1.0,0.657445,0.710347,0.757435,0.613856,0.650995,0.647672,0.72459,0.706496,0.757602,0.746529,0.755007,0.70645,0.689723,0.726702,0.692649,0.764822,0.618165,0.635844,0.724339,0.709564,0.746045,0.691209,0.614594,0.78812,0.739445,0.741527,0.683373,0.714926,0.746078,0.71988,0.719617,0.723708,0.722305,0.692937,0.521529
Scarf,0.644696,0.719064,0.668401,0.673994,0.67453,0.554975,0.600763,0.595442,0.623199,0.719139,0.596251,0.628745,0.610828,0.630599,0.624409,0.685855,0.6432,0.579799,0.654522,0.706447,0.628542,0.635643,0.695695,0.601998,0.667044,0.649582,0.616466,0.649443,0.690406,0.671356,0.653562,0.667202,0.657026,0.612484,0.562727,0.625922,0.640539,0.675323,0.677408,0.586024,0.675163,0.674477,0.680552,0.681251,0.610217,0.564622,0.64057,0.577979,0.653212,0.624443,0.683605,0.630388,0.66337,0.650516,0.603961,0.702796,0.662378,0.661902,0.700005,0.613007,0.66591,0.640455,0.605833,0.688795,0.662827,0.650721,0.709106,0.702732,0.694128,0.681171,0.655419,0.688275,0.663423,0.679492,0.655147,0.70061,0.632311,0.599427,0.658321,0.590371,0.599183,0.588785,0.488412,0.632011,0.671387,0.632487,0.690571,0.665404,0.684922,0.660765,0.646248,0.540897,0.663713,0.71055,0.657445,1.0,0.631503,0.680897,0.635541,0.627757,0.629549,0.641293,0.663732,0.717427,0.681092,0.623303,0.618609,0.604636,0.671928,0.704843,0.693017,0.635273,0.601193,0.645222,0.624941,0.640988,0.655951,0.578744,0.712717,0.633436,0.657262,0.674539,0.621396,0.690797,0.635094,0.652669,0.653169,0.676205,0.652189,0.575272
Scissors,0.602894,0.716004,0.648611,0.675552,0.74797,0.548566,0.596294,0.547226,0.701883,0.764496,0.693188,0.722878,0.808942,0.659633,0.736694,0.705004,0.725924,0.593658,0.649995,0.695202,0.729989,0.751572,0.713136,0.626704,0.734211,0.706893,0.665326,0.744953,0.753538,0.728154,0.699497,0.629222,0.75649,0.707352,0.562778,0.725464,0.591062,0.753926,0.761373,0.721782,0.746886,0.744282,0.727737,0.781237,0.656034,0.679068,0.598464,0.654311,0.775094,0.801577,0.699821,0.781882,0.739828,0.661958,0.68832,0.761754,0.729401,0.754832,0.746743,0.724832,0.778146,0.714557,0.677477,0.732395,0.709305,0.766622,0.767002,0.719144,0.719328,0.732337,0.722547,0.749555,0.674575,0.711326,0.719535,0.664728,0.707377,0.610232,0.702304,0.715531,0.572476,0.584462,0.477395,0.695334,0.724472,0.607992,0.763643,0.749098,0.702658,0.759474,0.730709,0.54092,0.688627,0.720494,0.710347,0.631503,1.0,0.784183,0.637663,0.661875,0.631519,0.745975,0.645625,0.71295,0.755879,0.737617,0.744284,0.634443,0.77285,0.653461,0.692819,0.619624,0.69258,0.739882,0.715721,0.72994,0.640485,0.593731,0.79955,0.711615,0.758225,0.670202,0.641519,0.71239,0.74146,0.767837,0.71399,0.741471,0.696098,0.557731
Scooter,0.650011,0.762382,0.661137,0.748665,0.780251,0.566495,0.615922,0.569774,0.740913,0.8078,0.715901,0.760209,0.778596,0.698758,0.747371,0.75738,0.763393,0.670148,0.690124,0.755533,0.702495,0.801361,0.772045,0.654769,0.755413,0.736195,0.693082,0.772882,0.804213,0.759042,0.716228,0.702381,0.789598,0.733114,0.590138,0.752823,0.654996,0.76396,0.821279,0.707646,0.77544,0.752485,0.751402,0.816906,0.701826,0.683988,0.653834,0.633052,0.757848,0.785113,0.745674,0.761502,0.789287,0.682521,0.704804,0.794674,0.742713,0.748421,0.793723,0.738299,0.796522,0.723477,0.713099,0.767412,0.741648,0.814502,0.788055,0.773004,0.749927,0.756105,0.742442,0.825606,0.731034,0.756053,0.743309,0.719015,0.707737,0.664479,0.72914,0.723624,0.628631,0.647403,0.511508,0.731938,0.775133,0.640722,0.797599,0.784651,0.75682,0.762399,0.78487,0.569818,0.737741,0.791005,0.757435,0.680897,0.784183,1.0,0.666064,0.685991,0.66649,0.753482,0.712833,0.780724,0.780049,0.752711,0.751379,0.659712,0.829914,0.712073,0.774318,0.675273,0.660311,0.743003,0.732219,0.761691,0.680954,0.654354,0.841471,0.792787,0.775409,0.703697,0.682353,0.761261,0.775573,0.762378,0.773585,0.735617,0.7291,0.548283
Scrunchie,0.602789,0.705814,0.709782,0.674659,0.611445,0.580204,0.591368,0.582152,0.621452,0.686027,0.579011,0.595876,0.64673,0.561538,0.706791,0.65618,0.620496,0.598608,0.61594,0.666862,0.672546,0.667434,0.603663,0.598736,0.61469,0.610483,0.601567,0.558609,0.642622,0.649263,0.669617,0.571679,0.6991,0.615613,0.552359,0.597568,0.528592,0.66635,0.676113,0.53837,0.702895,0.640794,0.603489,0.616038,0.608222,0.505901,0.692856,0.604269,0.693379,0.619134,0.667687,0.657467,0.647884,0.613048,0.596381,0.693724,0.672542,0.692455,0.638252,0.579202,0.629971,0.639079,0.5168,0.634106,0.589403,0.66884,0.655173,0.581901,0.668873,0.632492,0.671949,0.655436,0.717096,0.665729,0.620275,0.591744,0.675991,0.561555,0.512422,0.51216,0.506377,0.598268,0.587718,0.619061,0.567164,0.585046,0.613985,0.655722,0.567823,0.654719,0.67592,0.552296,0.619144,0.625768,0.613856,0.635541,0.637663,0.666064,1.0,0.685568,0.618802,0.66234,0.520326,0.691999,0.59121,0.608401,0.671063,0.561099,0.690977,0.676364,0.624858,0.66751,0.584116,0.67928,0.555383,0.637008,0.579929,0.559477,0.68908,0.654669,0.624145,0.627498,0.590992,0.588545,0.652783,0.671244,0.602792,0.565434,0.688183,0.600266
Seashell,0.592824,0.769,0.721017,0.66079,0.654055,0.596525,0.629309,0.572301,0.660655,0.722376,0.634284,0.664053,0.655501,0.580689,0.685524,0.710147,0.676267,0.641083,0.624341,0.68173,0.703169,0.678702,0.625101,0.656666,0.654841,0.668216,0.62832,0.657744,0.65358,0.673836,0.658418,0.580029,0.665625,0.659872,0.570335,0.649902,0.559649,0.69166,0.689627,0.614038,0.691607,0.668456,0.637059,0.677455,0.661878,0.618423,0.711962,0.608864,0.700599,0.676806,0.674267,0.668337,0.658067,0.654017,0.650206,0.701658,0.688014,0.660074,0.674946,0.646667,0.699542,0.654227,0.588485,0.69237,0.629384,0.685333,0.701995,0.65444,0.657448,0.684754,0.669128,0.685845,0.714464,0.732967,0.665494,0.631636,0.706709,0.556,0.623913,0.608018,0.548773,0.669082,0.638628,0.643591,0.627962,0.600194,0.6567,0.681928,0.617293,0.696963,0.668259,0.582724,0.647693,0.702286,0.650995,0.627757,0.661875,0.685991,0.685568,1.0,0.620257,0.693421,0.599103,0.72588,0.660995,0.643773,0.673149,0.611941,0.67878,0.632585,0.643983,0.662876,0.607639,0.692479,0.626963,0.685853,0.592266,0.628385,0.722328,0.670982,0.685862,0.646886,0.614721,0.631538,0.673254,0.687689,0.678382,0.65805,0.76247,0.60672
Shirt,0.583084,0.676109,0.645077,0.660147,0.65747,0.554861,0.561796,0.575829,0.645258,0.679718,0.618953,0.638418,0.612265,0.638713,0.62423,0.668335,0.646598,0.585044,0.648236,0.672264,0.630484,0.648108,0.665988,0.602393,0.645327,0.640288,0.603286,0.643489,0.66442,0.655519,0.616164,0.633035,0.657835,0.640904,0.561025,0.642812,0.612554,0.646988,0.668098,0.593233,0.668015,0.671843,0.63861,0.664402,0.629393,0.574277,0.608356,0.596263,0.646784,0.637845,0.664437,0.659917,0.655369,0.608135,0.614096,0.684898,0.662062,0.637758,0.671872,0.626264,0.650633,0.661718,0.583163,0.665946,0.625776,0.658207,0.67153,0.672875,0.651282,0.677409,0.639735,0.667354,0.655162,0.661385,0.634976,0.650429,0.647482,0.595176,0.632675,0.599525,0.582009,0.553124,0.500679,0.641709,0.662658,0.594918,0.662801,0.660803,0.651041,0.641189,0.650923,0.548255,0.639261,0.654876,0.647672,0.629549,0.631519,0.66649,0.618802,0.620257,1.0,0.65492,0.632785,0.685189,0.652898,0.639163,0.645863,0.610937,0.659438,0.666777,0.668402,0.612675,0.60313,0.668114,0.625729,0.659316,0.619204,0.57315,0.682854,0.653714,0.66808,0.637082,0.637411,0.664451,0.674766,0.656436,0.653132,0.628959,0.653785,0.537621
Shoe,0.606953,0.765502,0.701982,0.675668,0.715764,0.590817,0.638001,0.590342,0.742987,0.771746,0.747691,0.758937,0.719692,0.68182,0.718181,0.73012,0.764825,0.634062,0.685312,0.718811,0.753139,0.767754,0.714036,0.654788,0.729405,0.700498,0.653581,0.734805,0.726095,0.736039,0.674217,0.650708,0.726046,0.771257,0.590716,0.739753,0.611546,0.742334,0.756979,0.694624,0.761065,0.752439,0.696693,0.746042,0.670301,0.726693,0.652509,0.667749,0.794206,0.782259,0.709291,0.784027,0.744843,0.679512,0.703661,0.754046,0.779521,0.697457,0.720101,0.778739,0.747061,0.709669,0.635219,0.742617,0.671629,0.748664,0.744736,0.722815,0.683811,0.732001,0.703815,0.741362,0.706183,0.745085,0.699066,0.67823,0.731461,0.648152,0.693297,0.752353,0.598225,0.601284,0.513579,0.713766,0.720926,0.631756,0.750497,0.768776,0.695683,0.753691,0.719221,0.566063,0.695868,0.719239,0.72459,0.641293,0.745975,0.753482,0.66234,0.693421,0.65492,1.0,0.64796,0.740648,0.744689,0.782719,0.771224,0.692364,0.726059,0.659205,0.711274,0.626805,0.663128,0.770884,0.731156,0.785383,0.656741,0.607606,0.772395,0.738745,0.751966,0.676545,0.708095,0.708381,0.756735,0.755722,0.706418,0.709016,0.747423,0.560169
Skiis,0.591905,0.723398,0.595252,0.668505,0.751859,0.491549,0.562552,0.543126,0.651784,0.739089,0.644188,0.692953,0.589496,0.704736,0.569966,0.713001,0.685753,0.599116,0.676702,0.720316,0.615643,0.622208,0.758957,0.60076,0.698443,0.69317,0.627856,0.781472,0.727747,0.680605,0.602761,0.729118,0.59486,0.642354,0.544709,0.686557,0.73404,0.664034,0.696487,0.650582,0.64386,0.721297,0.737446,0.764148,0.650909,0.672345,0.562904,0.552639,0.632688,0.667447,0.693391,0.632721,0.675234,0.671318,0.634799,0.69952,0.642248,0.607718,0.778983,0.688221,0.734815,0.66895,0.720342,0.735515,0.738954,0.668207,0.739516,0.845748,0.666657,0.741822,0.627065,0.734949,0.607997,0.697344,0.69897,0.777982,0.602938,0.6101,0.857651,0.713441,0.677195,0.603884,0.438823,0.656169,0.823697,0.618607,0.767787,0.675721,0.78306,0.664533,0.621421,0.529552,0.694226,0.809147,0.706496,0.663732,0.645625,0.712833,0.520326,0.599103,0.632785,0.64796,1.0,0.70812,0.783902,0.652645,0.593663,0.633474,0.656492,0.662265,0.75539,0.581094,0.628397,0.629527,0.73353,0.671767,0.685165,0.626272,0.750408,0.642202,0.721437,0.681427,0.650011,0.791421,0.66385,0.654524,0.750114,0.764701,0.647773,0.48161
Snowglobe,0.667517,0.802085,0.721327,0.740634,0.749175,0.620671,0.671144,0.622768,0.734122,0.816692,0.697536,0.727205,0.718717,0.685849,0.702072,0.80437,0.771493,0.715945,0.708559,0.773883,0.687485,0.746172,0.762248,0.686319,0.754151,0.73093,0.69452,0.736366,0.782904,0.762336,0.736993,0.710295,0.73252,0.714835,0.627938,0.720015,0.678104,0.765531,0.771162,0.693161,0.75283,0.730517,0.744024,0.776044,0.705943,0.664239,0.732961,0.636755,0.73452,0.733919,0.739591,0.7096,0.762833,0.702318,0.689525,0.782773,0.743226,0.711374,0.782432,0.710715,0.754335,0.700204,0.681043,0.776294,0.734624,0.758764,0.810543,0.763411,0.763408,0.753072,0.729098,0.796375,0.751838,0.771056,0.736443,0.733252,0.7078,0.677209,0.712118,0.68553,0.660632,0.671133,0.592619,0.713491,0.732683,0.690614,0.761014,0.777936,0.74497,0.764511,0.743363,0.615927,0.758341,0.794755,0.757602,0.717427,0.71295,0.780724,0.691999,0.72588,0.685189,0.740648,0.70812,1.0,0.756037,0.725384,0.713006,0.683153,0.760187,0.723108,0.763097,0.716695,0.655466,0.726314,0.700174,0.749644,0.701245,0.698872,0.813843,0.748632,0.744922,0.738487,0.688459,0.753617,0.728867,0.738819,0.755914,0.7332,0.770969,0.619062
Spoon,0.593917,0.810184,0.681458,0.670322,0.775034,0.53237,0.605299,0.583638,0.70313,0.808936,0.740308,0.772705,0.676762,0.718944,0.659777,0.752551,0.754295,0.624827,0.69949,0.742527,0.721564,0.7224,0.786316,0.660917,0.770167,0.745625,0.64602,0.841221,0.762334,0.738139,0.649424,0.704686,0.692137,0.742594,0.583471,0.740413,0.686686,0.764653,0.751038,0.737866,0.748879,0.799609,0.786825,0.82226,0.692622,0.775662,0.62068,0.633941,0.751245,0.800109,0.745775,0.741214,0.733736,0.729857,0.709018,0.753311,0.749062,0.688938,0.79723,0.791215,0.807407,0.695881,0.714887,0.801765,0.73432,0.730874,0.826151,0.861637,0.712834,0.806687,0.697946,0.770736,0.675423,0.782463,0.755923,0.790277,0.678486,0.61656,0.871845,0.822547,0.643741,0.615858,0.44737,0.711263,0.838442,0.654759,0.838731,0.753783,0.805021,0.766448,0.689637,0.554235,0.731931,0.82254,0.746529,0.681092,0.755879,0.780049,0.59121,0.660995,0.652898,0.744689,0.783902,0.756037,1.0,0.759909,0.694189,0.692726,0.718899,0.675934,0.760868,0.624486,0.68866,0.717462,0.809254,0.747967,0.705585,0.647607,0.814667,0.695568,0.79857,0.724919,0.70143,0.821733,0.729,0.746291,0.774663,0.847885,0.72365,0.535334
Stapler,0.612986,0.735463,0.658724,0.661537,0.73502,0.555188,0.627961,0.590464,0.780602,0.780591,0.790856,0.809826,0.697982,0.720421,0.680321,0.721469,0.794874,0.622294,0.696052,0.725526,0.729348,0.803166,0.744854,0.637817,0.741845,0.679747,0.648904,0.758607,0.756922,0.738822,0.653162,0.699768,0.716188,0.816574,0.594655,0.784155,0.65561,0.742589,0.758829,0.725154,0.756269,0.751655,0.708093,0.76867,0.645529,0.773935,0.609935,0.637189,0.791128,0.787092,0.693987,0.790153,0.788122,0.66888,0.707759,0.748124,0.776375,0.678275,0.732934,0.807262,0.747522,0.685327,0.652444,0.748075,0.683611,0.747693,0.749889,0.737627,0.690615,0.718034,0.694027,0.757637,0.67118,0.731973,0.676784,0.672081,0.716969,0.725726,0.714631,0.818946,0.641035,0.555952,0.446104,0.719188,0.747319,0.6341,0.770344,0.791629,0.71409,0.748658,0.68905,0.545793,0.701885,0.707546,0.755007,0.623303,0.737617,0.752711,0.608401,0.643773,0.639163,0.782719,0.652645,0.725384,0.759909,1.0,0.770929,0.727454,0.715528,0.64676,0.742283,0.586069,0.63421,0.775424,0.750604,0.807664,0.675346,0.596416,0.769684,0.759131,0.756839,0.663941,0.759403,0.723976,0.758227,0.747971,0.699075,0.717385,0.713321,0.512267
Stapleremover,0.601987,0.716516,0.677504,0.681142,0.708281,0.573371,0.608676,0.560071,0.742356,0.754488,0.703642,0.734252,0.720449,0.667832,0.729311,0.704391,0.732689,0.613482,0.664608,0.703577,0.737197,0.77275,0.68588,0.644506,0.707239,0.667533,0.642427,0.683455,0.734694,0.725282,0.674956,0.634484,0.736505,0.749947,0.56474,0.726798,0.577131,0.726001,0.763968,0.673042,0.755879,0.735497,0.670813,0.733136,0.651381,0.659136,0.624771,0.65762,0.794833,0.756317,0.694487,0.786202,0.747996,0.637384,0.682811,0.73998,0.759425,0.718375,0.705714,0.728701,0.720522,0.69735,0.606114,0.711214,0.649113,0.748785,0.725391,0.670604,0.682393,0.689157,0.709619,0.748194,0.69891,0.713765,0.66902,0.624335,0.725467,0.647301,0.629241,0.688506,0.562765,0.573049,0.498306,0.714287,0.684382,0.604744,0.720399,0.762903,0.648742,0.742577,0.714471,0.536983,0.678747,0.677673,0.70645,0.618609,0.744284,0.751379,0.671063,0.673149,0.645863,0.771224,0.593663,0.713006,0.694189,0.770929,1.0,0.659677,0.743938,0.659633,0.694214,0.619663,0.622112,0.768333,0.678786,0.760019,0.637091,0.576562,0.759475,0.737299,0.731201,0.646724,0.668991,0.673078,0.755074,0.755911,0.680222,0.666463,0.722957,0.530173
Storagebin,0.599689,0.705873,0.642698,0.613492,0.677312,0.544557,0.630722,0.601766,0.706032,0.706183,0.712514,0.724915,0.609823,0.675487,0.587184,0.693735,0.715292,0.568347,0.667041,0.687861,0.641314,0.687164,0.694508,0.612756,0.67895,0.629639,0.599478,0.696689,0.689908,0.684894,0.600899,0.674131,0.622158,0.736837,0.590692,0.713009,0.659498,0.677356,0.656837,0.657488,0.676506,0.670984,0.663442,0.689955,0.585149,0.693584,0.61369,0.576941,0.690812,0.698825,0.643248,0.68029,0.695719,0.627857,0.635583,0.681382,0.709538,0.590036,0.676508,0.711088,0.670582,0.61273,0.606676,0.695705,0.654577,0.647768,0.689409,0.703402,0.643584,0.668709,0.623027,0.667872,0.619077,0.688024,0.620866,0.647864,0.647534,0.662677,0.681402,0.717677,0.636995,0.525851,0.43797,0.659062,0.693487,0.631385,0.692719,0.705645,0.673119,0.667514,0.603903,0.545881,0.671014,0.656643,0.689723,0.604636,0.634443,0.659712,0.561099,0.611941,0.610937,0.692364,0.633474,0.683153,0.692726,0.727454,0.659677,1.0,0.616714,0.618444,0.691081,0.556488,0.586019,0.686702,0.670359,0.716128,0.653154,0.563126,0.687746,0.670963,0.682175,0.632473,0.7229,0.677232,0.657139,0.664575,0.64756,0.65909,0.659435,0.521383
Stroller,0.654756,0.7275,0.643949,0.761531,0.751486,0.570706,0.599683,0.562367,0.716974,0.784228,0.671631,0.722003,0.78801,0.661805,0.762002,0.727139,0.720558,0.656893,0.667454,0.744903,0.680893,0.7937,0.739708,0.628891,0.726133,0.712159,0.695329,0.713588,0.792805,0.740626,0.723871,0.678409,0.805206,0.688419,0.57009,0.720965,0.618278,0.738382,0.825025,0.663397,0.767357,0.720018,0.714743,0.781493,0.685151,0.609367,0.647355,0.61491,0.739511,0.737913,0.734868,0.742591,0.784027,0.656917,0.678758,0.784456,0.719048,0.766594,0.768645,0.679163,0.769274,0.717889,0.672673,0.725552,0.717618,0.815697,0.752061,0.716063,0.750935,0.722532,0.745462,0.822229,0.737067,0.72284,0.710813,0.677316,0.701732,0.654102,0.65631,0.644893,0.591652,0.642755,0.52601,0.713638,0.716743,0.62014,0.75676,0.76445,0.713808,0.73409,0.803959,0.565051,0.712477,0.752602,0.726702,0.671928,0.77285,0.829914,0.690977,0.67878,0.659438,0.726059,0.656492,0.760187,0.718899,0.715528,0.743938,0.616714,1.0,0.714468,0.753502,0.685378,0.634858,0.723352,0.67404,0.727263,0.6549,0.632021,0.830905,0.787412,0.738739,0.6824,0.647568,0.715837,0.768107,0.745406,0.743837,0.671654,0.703573,0.544885
Suit,0.675847,0.707261,0.683525,0.764433,0.735623,0.549379,0.584399,0.610554,0.663773,0.750146,0.598027,0.644697,0.64474,0.665716,0.653414,0.712309,0.666437,0.564096,0.68528,0.756286,0.642877,0.659768,0.717022,0.626015,0.659363,0.642419,0.650846,0.66115,0.747065,0.697706,0.683309,0.71329,0.713924,0.649679,0.582809,0.680929,0.676637,0.698874,0.701078,0.602025,0.717152,0.703812,0.697887,0.706684,0.60843,0.53799,0.645159,0.592708,0.664854,0.644395,0.740564,0.64891,0.705912,0.619844,0.606905,0.773418,0.693261,0.730629,0.747778,0.608663,0.661602,0.66608,0.649028,0.704486,0.708689,0.687023,0.720092,0.720716,0.744532,0.674493,0.688887,0.714708,0.687322,0.680553,0.664428,0.67466,0.63838,0.658587,0.665615,0.573294,0.61963,0.55739,0.480142,0.674216,0.673179,0.640451,0.69102,0.693406,0.684692,0.661006,0.667807,0.555003,0.710139,0.686996,0.692649,0.704843,0.653461,0.712073,0.676364,0.632585,0.666777,0.659205,0.662265,0.723108,0.675934,0.64676,0.659633,0.618444,0.714468,1.0,0.729314,0.654956,0.587073,0.719518,0.615929,0.637006,0.673784,0.552072,0.736557,0.667327,0.687748,0.685216,0.660574,0.702495,0.665266,0.685522,0.655873,0.713389,0.648446,0.528666
Suitcase,0.635389,0.758404,0.649739,0.750022,0.782733,0.536436,0.611472,0.604642,0.744922,0.802389,0.697607,0.752921,0.663773,0.750362,0.658118,0.756876,0.744273,0.644276,0.731477,0.793436,0.662541,0.742659,0.805839,0.640594,0.735103,0.696365,0.67224,0.76221,0.813759,0.750253,0.676951,0.797633,0.706564,0.729248,0.592122,0.751974,0.769156,0.728466,0.775473,0.676108,0.737446,0.74024,0.749242,0.79359,0.656025,0.677751,0.634502,0.589438,0.715243,0.710315,0.741151,0.698248,0.786968,0.67822,0.66406,0.765979,0.722646,0.68522,0.798244,0.710272,0.758444,0.676755,0.711906,0.762288,0.76625,0.750201,0.765413,0.814747,0.750408,0.73408,0.70047,0.812307,0.696757,0.734735,0.691783,0.747929,0.653087,0.73906,0.761283,0.717114,0.703676,0.620997,0.457728,0.727034,0.802473,0.667239,0.782938,0.764371,0.780248,0.714048,0.703499,0.561612,0.752077,0.780237,0.764822,0.693017,0.692819,0.774318,0.624858,0.643983,0.668402,0.711274,0.75539,0.763097,0.760868,0.742283,0.694214,0.691081,0.753502,0.729314,1.0,0.6362,0.613976,0.713425,0.716742,0.733729,0.732198,0.632305,0.808286,0.752607,0.742421,0.707041,0.733207,0.79218,0.723678,0.719197,0.750652,0.705955,0.678615,0.513088
Teddy Bear,0.591229,0.710673,0.672761,0.67801,0.61241,0.562704,0.583827,0.557451,0.601969,0.690956,0.566513,0.591488,0.613227,0.557988,0.663589,0.665753,0.609277,0.599215,0.600944,0.663403,0.626017,0.650288,0.619076,0.613649,0.62398,0.624363,0.598931,0.589108,0.640234,0.642386,0.643021,0.571157,0.679678,0.59054,0.537886,0.579245,0.542174,0.646279,0.678481,0.52987,0.668753,0.637675,0.615841,0.636598,0.618276,0.518655,0.671145,0.563361,0.625226,0.595077,0.668112,0.613325,0.630398,0.614491,0.588532,0.670427,0.638578,0.659037,0.650454,0.569045,0.643216,0.623255,0.540867,0.642042,0.598153,0.659616,0.665018,0.618803,0.669613,0.648004,0.651707,0.679515,0.684089,0.677629,0.627394,0.623919,0.629655,0.541239,0.571287,0.524391,0.526495,0.615061,0.586592,0.622494,0.598665,0.583099,0.632559,0.64303,0.604302,0.632095,0.672261,0.558218,0.623208,0.666337,0.618165,0.635273,0.619624,0.675273,0.66751,0.662876,0.612675,0.626805,0.581094,0.716695,0.624486,0.586069,0.619663,0.556488,0.685378,0.654956,0.6362,1.0,0.572612,0.626118,0.575812,0.624694,0.579664,0.576448,0.688069,0.655864,0.621894,0.633267,0.570024,0.62102,0.650066,0.64192,0.647137,0.607005,0.679599,0.565793
Tennisracket,0.562442,0.666672,0.627385,0.573818,0.665146,0.540747,0.573874,0.56494,0.610943,0.658457,0.612325,0.635689,0.702773,0.600566,0.622646,0.650953,0.648191,0.523086,0.606643,0.607003,0.703901,0.611475,0.629482,0.558831,0.680757,0.651953,0.603715,0.69558,0.634712,0.625426,0.627412,0.567549,0.612339,0.609216,0.533938,0.644128,0.551322,0.652413,0.645607,0.671547,0.643932,0.690987,0.674069,0.683741,0.587705,0.627981,0.563772,0.627839,0.696998,0.69065,0.627118,0.666384,0.632829,0.65033,0.617391,0.66848,0.654475,0.65637,0.661803,0.644528,0.688203,0.682137,0.633401,0.658551,0.641274,0.644169,0.683566,0.66533,0.624054,0.692471,0.60992,0.63945,0.582655,0.635743,0.684278,0.653137,0.669069,0.527983,0.675317,0.653694,0.529923,0.514853,0.454506,0.598502,0.673564,0.570339,0.678597,0.642058,0.64266,0.666368,0.595917,0.522909,0.582199,0.67009,0.635844,0.601193,0.69258,0.660311,0.584116,0.607639,0.60313,0.663128,0.628397,0.655466,0.68866,0.63421,0.622112,0.586019,0.634858,0.587073,0.613976,0.572612,1.0,0.658224,0.675086,0.653515,0.597521,0.549921,0.680282,0.586273,0.700753,0.617979,0.591979,0.639288,0.635521,0.658564,0.644249,0.691195,0.629785,0.570163
Tent,0.628613,0.749605,0.704435,0.699564,0.729875,0.586005,0.620504,0.605192,0.754878,0.770184,0.731384,0.749509,0.714124,0.687177,0.715439,0.740257,0.755942,0.625405,0.692475,0.717028,0.767775,0.758574,0.699772,0.659511,0.709557,0.68613,0.657123,0.72434,0.730322,0.723523,0.679333,0.66165,0.739176,0.7787,0.602572,0.753757,0.624172,0.744356,0.741797,0.708542,0.75836,0.754714,0.693952,0.748306,0.667593,0.698885,0.653471,0.676742,0.778776,0.774511,0.716687,0.774202,0.752757,0.656228,0.692286,0.780222,0.771706,0.730509,0.724318,0.745548,0.730265,0.720365,0.652784,0.751806,0.689613,0.750717,0.751102,0.709339,0.704877,0.715176,0.704315,0.724527,0.714868,0.735389,0.702475,0.655973,0.7483,0.664981,0.668766,0.720907,0.600337,0.573063,0.506506,0.711007,0.698606,0.621886,0.723705,0.760802,0.6688,0.744172,0.690913,0.571544,0.689765,0.7063,0.724339,0.645222,0.739882,0.743003,0.67928,0.692479,0.668114,0.770884,0.629527,0.726314,0.717462,0.775424,0.768333,0.686702,0.723352,0.719518,0.713425,0.626118,0.658224,1.0,0.702549,0.770901,0.649308,0.595821,0.766459,0.736271,0.768743,0.667512,0.717751,0.691541,0.753132,0.762053,0.695433,0.720482,0.743984,0.551211
Toothbrush,0.550664,0.751113,0.635458,0.620005,0.719474,0.517588,0.570839,0.554615,0.686282,0.749984,0.730625,0.751165,0.634954,0.69542,0.634048,0.706159,0.734402,0.604647,0.668639,0.689989,0.712043,0.700466,0.73243,0.622648,0.730054,0.702681,0.612176,0.795203,0.707779,0.694818,0.598763,0.661388,0.653429,0.728236,0.55622,0.713271,0.643367,0.706563,0.719234,0.699794,0.706257,0.759675,0.724291,0.768902,0.661706,0.771003,0.575518,0.618086,0.728357,0.76039,0.692317,0.723102,0.70089,0.691885,0.687798,0.70632,0.718042,0.63819,0.732282,0.779023,0.767648,0.679834,0.667272,0.749745,0.677253,0.700314,0.75647,0.795556,0.643202,0.752298,0.649668,0.729375,0.637459,0.732127,0.70936,0.733454,0.668152,0.596436,0.80837,0.811057,0.611562,0.572781,0.427096,0.679219,0.799338,0.607672,0.789336,0.721627,0.750949,0.723969,0.6552,0.532796,0.677145,0.7612,0.709564,0.624941,0.715721,0.732219,0.555383,0.626963,0.625729,0.731156,0.73353,0.700174,0.809254,0.750604,0.678786,0.670359,0.67404,0.615929,0.716742,0.575812,0.675086,0.702549,1.0,0.743109,0.657016,0.6132,0.75663,0.675266,0.762321,0.668972,0.684389,0.761717,0.716667,0.710863,0.734705,0.776024,0.695735,0.499309
Train,0.637837,0.760898,0.668051,0.679509,0.725161,0.597529,0.640549,0.595165,0.778046,0.770723,0.794155,0.795597,0.710491,0.696774,0.700464,0.743008,0.796874,0.65952,0.692453,0.721234,0.733223,0.813457,0.729876,0.644341,0.734037,0.704046,0.657143,0.752032,0.740994,0.733894,0.662828,0.680543,0.724369,0.802831,0.59971,0.767457,0.637104,0.734567,0.779646,0.698418,0.756319,0.741689,0.703741,0.767234,0.673902,0.765084,0.660156,0.649726,0.77093,0.781815,0.697204,0.787992,0.769184,0.680488,0.716927,0.746984,0.770117,0.677803,0.727559,0.799196,0.758094,0.721873,0.647524,0.749867,0.688121,0.764452,0.744328,0.73535,0.685426,0.734066,0.697554,0.764305,0.711789,0.751859,0.695652,0.682671,0.746193,0.675803,0.702489,0.792923,0.62401,0.604266,0.507887,0.724654,0.749816,0.62747,0.763417,0.785377,0.711201,0.747376,0.719409,0.575524,0.698758,0.730483,0.746045,0.640988,0.72994,0.761691,0.637008,0.685853,0.659316,0.785383,0.671767,0.749644,0.747967,0.807664,0.760019,0.716128,0.727263,0.637006,0.733729,0.624694,0.653515,0.770901,0.743109,1.0,0.661441,0.636259,0.771645,0.796277,0.757084,0.668839,0.730458,0.717128,0.780234,0.741793,0.726348,0.696291,0.74151,0.553903
Trashbin,0.60929,0.705323,0.639843,0.655712,0.709029,0.51919,0.598215,0.579713,0.661418,0.726744,0.632294,0.674268,0.609419,0.696013,0.598771,0.689382,0.673982,0.555322,0.681828,0.726164,0.61814,0.656014,0.746982,0.599119,0.693027,0.638604,0.616923,0.688198,0.741848,0.703768,0.632636,0.732956,0.633902,0.656692,0.561303,0.678097,0.710526,0.685416,0.679874,0.627927,0.675357,0.680412,0.697825,0.70959,0.589629,0.614856,0.589905,0.569771,0.679376,0.663322,0.673189,0.653827,0.698839,0.642806,0.609675,0.694474,0.675171,0.626515,0.722147,0.657667,0.680956,0.622035,0.625478,0.700767,0.696186,0.652218,0.718141,0.748598,0.68853,0.688368,0.642596,0.705255,0.624009,0.675079,0.636791,0.701731,0.610345,0.67161,0.706428,0.656173,0.649277,0.548843,0.418614,0.661966,0.728709,0.658652,0.719717,0.696278,0.722327,0.665023,0.62384,0.518661,0.706474,0.693383,0.691209,0.655951,0.640485,0.680954,0.579929,0.592266,0.619204,0.656741,0.685165,0.701245,0.705585,0.675346,0.637091,0.653154,0.6549,0.673784,0.732198,0.579664,0.597521,0.649308,0.657016,0.661441,1.0,0.558012,0.722665,0.646247,0.671978,0.677538,0.67501,0.730567,0.638833,0.666968,0.659509,0.671404,0.626571,0.52439
Tree,0.538306,0.685161,0.573728,0.591578,0.619188,0.520709,0.538368,0.513532,0.605624,0.658499,0.609868,0.644864,0.593183,0.566923,0.572272,0.672439,0.640558,0.748161,0.577908,0.626555,0.577193,0.611544,0.604884,0.568015,0.616675,0.631238,0.570566,0.658005,0.616318,0.603947,0.568259,0.568377,0.577637,0.596699,0.534823,0.607191,0.55428,0.611065,0.636135,0.597527,0.602831,0.600504,0.607632,0.671234,0.666607,0.606779,0.623047,0.510076,0.593405,0.617645,0.60471,0.578108,0.615496,0.615637,0.599971,0.630609,0.596819,0.561584,0.643687,0.607699,0.675893,0.591555,0.589235,0.651518,0.603694,0.639183,0.654602,0.651861,0.589869,0.632083,0.599127,0.663774,0.637918,0.663235,0.625602,0.632572,0.624997,0.504494,0.621984,0.612243,0.550995,0.627552,0.50917,0.57459,0.648559,0.551776,0.63415,0.622479,0.61887,0.6312,0.602093,0.547316,0.599524,0.714207,0.614594,0.578744,0.593731,0.654354,0.559477,0.628385,0.57315,0.607606,0.626272,0.698872,0.647607,0.596416,0.576562,0.563126,0.632021,0.552072,0.632305,0.576448,0.549921,0.595821,0.6132,0.636259,0.558012,1.0,0.665316,0.621523,0.648315,0.588139,0.56906,0.62462,0.612942,0.607491,0.670127,0.605869,0.660046,0.522077
Trophy,0.658301,0.815211,0.707562,0.776351,0.826933,0.577938,0.649029,0.59403,0.764474,0.862851,0.726347,0.782302,0.773907,0.724926,0.738793,0.79487,0.786199,0.681245,0.721627,0.799378,0.730759,0.788956,0.803247,0.67943,0.778967,0.76543,0.717872,0.81225,0.843905,0.792916,0.745032,0.741404,0.77242,0.750496,0.605108,0.780586,0.707419,0.794522,0.837374,0.742469,0.787068,0.786939,0.790229,0.841113,0.717891,0.711216,0.675238,0.649303,0.786731,0.801855,0.780447,0.769075,0.814642,0.717946,0.721102,0.82429,0.768686,0.761478,0.84624,0.755247,0.826827,0.739706,0.749584,0.814291,0.795577,0.816687,0.836519,0.826484,0.780243,0.792047,0.76116,0.85601,0.738752,0.790569,0.767643,0.756079,0.719729,0.697373,0.786694,0.745898,0.663428,0.68098,0.524008,0.748978,0.809277,0.680272,0.829685,0.807301,0.785317,0.792042,0.774144,0.590446,0.773153,0.828092,0.78812,0.712717,0.79955,0.841471,0.68908,0.722328,0.682854,0.772395,0.750408,0.813843,0.814667,0.769684,0.759475,0.687746,0.830905,0.736557,0.808286,0.688069,0.680282,0.766459,0.75663,0.771645,0.722665,0.665316,1.0,0.782228,0.800655,0.7511,0.706278,0.805051,0.782346,0.790987,0.800162,0.790954,0.754473,0.566618
Truck,0.64956,0.723776,0.639089,0.73777,0.724679,0.577839,0.615255,0.570398,0.767398,0.762632,0.740048,0.764684,0.723253,0.67933,0.726098,0.72662,0.758784,0.664542,0.675907,0.735706,0.673761,0.837254,0.733152,0.636147,0.704147,0.681688,0.674393,0.702845,0.768981,0.734179,0.682583,0.695559,0.780321,0.764676,0.586351,0.754723,0.641401,0.718961,0.802543,0.645449,0.761283,0.692131,0.679021,0.754295,0.664787,0.671715,0.655736,0.605301,0.720548,0.736854,0.706693,0.749203,0.783951,0.637838,0.685592,0.755629,0.727341,0.694288,0.731514,0.722453,0.737235,0.693419,0.644106,0.715901,0.696614,0.800206,0.71543,0.704377,0.717287,0.704567,0.707464,0.789062,0.724524,0.726367,0.666254,0.644977,0.701991,0.701346,0.641889,0.695097,0.625183,0.615458,0.533883,0.726386,0.711518,0.60851,0.731546,0.773202,0.698079,0.70963,0.771412,0.567747,0.71178,0.704907,0.739445,0.633436,0.711615,0.792787,0.654669,0.670982,0.653714,0.738745,0.642202,0.748632,0.695568,0.759131,0.737299,0.670963,0.787412,0.667327,0.752607,0.655864,0.586273,0.736271,0.675266,0.796277,0.646247,0.621523,0.782228,1.0,0.718195,0.653408,0.71154,0.696445,0.784163,0.723933,0.723431,0.629418,0.712578,0.513444
Umbrella,0.600568,0.773443,0.672961,0.685156,0.775064,0.559639,0.604619,0.582057,0.732741,0.786329,0.72615,0.766583,0.721878,0.704343,0.683769,0.758926,0.762437,0.64149,0.689563,0.722058,0.73929,0.735433,0.740264,0.666304,0.748983,0.735435,0.660861,0.807822,0.752284,0.727694,0.657977,0.679575,0.70915,0.748779,0.590705,0.760323,0.655702,0.746537,0.75602,0.753747,0.741241,0.776049,0.747908,0.806754,0.701239,0.739379,0.630762,0.651009,0.755077,0.79683,0.72852,0.749708,0.748281,0.692963,0.709607,0.769127,0.74828,0.704223,0.773645,0.759446,0.787985,0.722417,0.720921,0.782019,0.728026,0.753805,0.792193,0.793434,0.697849,0.768038,0.698794,0.764121,0.691105,0.761574,0.746486,0.723598,0.719098,0.626022,0.787677,0.769323,0.620992,0.606478,0.475226,0.710225,0.784068,0.625775,0.783497,0.754551,0.743128,0.756975,0.69678,0.566695,0.710257,0.778724,0.741527,0.657262,0.758225,0.775409,0.624145,0.685862,0.66808,0.751966,0.721437,0.744922,0.79857,0.756839,0.731201,0.682175,0.738739,0.687748,0.742421,0.621894,0.700753,0.768743,0.762321,0.757084,0.671978,0.648315,0.800655,0.718195,1.0,0.688367,0.693093,0.760728,0.747099,0.752914,0.761783,0.797293,0.735186,0.53595
Vase,0.617991,0.75307,0.69584,0.676081,0.698686,0.564765,0.607684,0.582308,0.650207,0.747561,0.63321,0.665002,0.632739,0.661297,0.642834,0.706494,0.67635,0.590009,0.6755,0.720575,0.660356,0.663288,0.729303,0.632697,0.69841,0.677975,0.635282,0.694325,0.719328,0.708957,0.67512,0.677901,0.673895,0.644911,0.570724,0.661054,0.659853,0.715549,0.696764,0.627675,0.696703,0.709296,0.70186,0.711045,0.634221,0.617002,0.642686,0.612107,0.691657,0.678453,0.701688,0.671669,0.684124,0.66918,0.634907,0.71948,0.688353,0.671249,0.726781,0.663512,0.70003,0.658324,0.619721,0.720425,0.678003,0.673955,0.745677,0.735464,0.708688,0.722984,0.669997,0.706968,0.669837,0.70833,0.677142,0.713504,0.647878,0.621648,0.709614,0.646987,0.617662,0.598579,0.500919,0.667901,0.709703,0.660783,0.730225,0.69908,0.718117,0.699227,0.666379,0.548944,0.696019,0.721742,0.683373,0.674539,0.670202,0.703697,0.627498,0.646886,0.637082,0.676545,0.681427,0.738487,0.724919,0.663941,0.646724,0.632473,0.6824,0.685216,0.707041,0.633267,0.617979,0.667512,0.668972,0.668839,0.677538,0.588139,0.7511,0.653408,0.688367,1.0,0.649045,0.726544,0.665292,0.690311,0.682683,0.71285,0.687268,0.588652
Wallet,0.608043,0.717407,0.659213,0.654675,0.694582,0.547886,0.617827,0.626914,0.735348,0.724957,0.74356,0.753063,0.619633,0.717952,0.616457,0.703073,0.730254,0.589857,0.707329,0.728803,0.662434,0.723812,0.733155,0.618032,0.68342,0.633621,0.624623,0.708803,0.716355,0.707861,0.617474,0.724278,0.668163,0.772817,0.610579,0.744932,0.709272,0.694016,0.684096,0.643839,0.70895,0.692964,0.668849,0.703447,0.596006,0.706783,0.615999,0.585803,0.705336,0.70477,0.674661,0.706311,0.730844,0.634978,0.647091,0.717816,0.729806,0.61764,0.698152,0.729144,0.68435,0.634159,0.615331,0.70451,0.670526,0.679364,0.68363,0.725028,0.679863,0.68885,0.641562,0.688236,0.646466,0.696801,0.624129,0.666336,0.656362,0.723541,0.689354,0.734198,0.681976,0.529602,0.444788,0.682848,0.719889,0.639998,0.705284,0.727259,0.69906,0.669856,0.63308,0.557566,0.688192,0.662592,0.714926,0.621396,0.641519,0.682353,0.590992,0.614721,0.637411,0.708095,0.650011,0.688459,0.70143,0.759403,0.668991,0.7229,0.647568,0.660574,0.733207,0.570024,0.591979,0.717751,0.684389,0.730458,0.67501,0.56906,0.706278,0.71154,0.693093,0.649045,1.0,0.696823,0.690694,0.684258,0.653945,0.647557,0.662546,0.501055
Waterbottle,0.595802,0.770843,0.654632,0.700837,0.781571,0.514039,0.582756,0.575362,0.698523,0.79483,0.690251,0.734876,0.640963,0.746804,0.63302,0.744766,0.728031,0.61434,0.714008,0.76353,0.666106,0.698961,0.809675,0.654033,0.748674,0.718461,0.647802,0.796714,0.791886,0.744309,0.645775,0.759338,0.68031,0.705995,0.576219,0.724046,0.74783,0.731177,0.748851,0.695932,0.721619,0.771624,0.769374,0.798172,0.674204,0.704358,0.5977,0.605415,0.706538,0.737199,0.739985,0.70434,0.736887,0.69625,0.674874,0.743176,0.711303,0.66716,0.802641,0.738204,0.769615,0.683598,0.714285,0.782033,0.749194,0.718412,0.798562,0.854822,0.718863,0.777769,0.686069,0.780821,0.664943,0.749729,0.721973,0.786537,0.639211,0.667379,0.841642,0.753604,0.6832,0.608516,0.439323,0.711702,0.841455,0.666564,0.817057,0.741911,0.811364,0.726739,0.687314,0.545908,0.753561,0.795134,0.746078,0.690797,0.71239,0.761261,0.588545,0.631538,0.664451,0.708381,0.791421,0.753617,0.821733,0.723976,0.673078,0.677232,0.715837,0.702495,0.79218,0.62102,0.639288,0.691541,0.761717,0.717128,0.730567,0.62462,0.805051,0.696445,0.760728,0.726544,0.696823,1.0,0.719029,0.72379,0.762627,0.796625,0.68457,0.506069
Watergun,0.613469,0.740623,0.674401,0.715699,0.724408,0.577015,0.590728,0.56147,0.740501,0.757952,0.727859,0.752445,0.713245,0.685998,0.719697,0.710748,0.734471,0.654161,0.670209,0.709634,0.710453,0.783944,0.714033,0.649591,0.70318,0.702346,0.653635,0.719881,0.737655,0.732832,0.658675,0.646582,0.764145,0.753114,0.574228,0.735495,0.605754,0.713021,0.792986,0.656805,0.757582,0.746599,0.681093,0.752937,0.702449,0.687507,0.614084,0.655826,0.733597,0.752296,0.723252,0.785305,0.751267,0.651298,0.703108,0.753797,0.738104,0.711374,0.732696,0.749943,0.742577,0.73762,0.642606,0.733078,0.669327,0.786191,0.728537,0.714874,0.688718,0.744938,0.706547,0.763715,0.712156,0.737639,0.700684,0.663901,0.708948,0.640247,0.686125,0.713289,0.595267,0.597174,0.524236,0.723383,0.743561,0.600906,0.746333,0.75358,0.694898,0.72122,0.764056,0.557763,0.690835,0.711012,0.71988,0.635094,0.74146,0.775573,0.652783,0.673254,0.674766,0.756735,0.66385,0.728867,0.729,0.758227,0.755074,0.657139,0.768107,0.665266,0.723678,0.650066,0.635521,0.753132,0.716667,0.780234,0.638833,0.612942,0.782346,0.784163,0.747099,0.665292,0.690694,0.719029,1.0,0.756996,0.734322,0.692359,0.733061,0.510356
Wateringcan,0.613852,0.76232,0.716824,0.698501,0.741636,0.569954,0.617992,0.582518,0.723887,0.783063,0.701499,0.736918,0.730632,0.689623,0.728564,0.728017,0.729792,0.63241,0.68074,0.727399,0.741408,0.74789,0.72487,0.662546,0.72493,0.700531,0.660038,0.726738,0.757657,0.750047,0.694878,0.661362,0.743963,0.733326,0.580101,0.732294,0.630199,0.755951,0.758214,0.684907,0.765456,0.757875,0.71434,0.76983,0.676192,0.678938,0.636254,0.667499,0.780575,0.771391,0.725292,0.782326,0.744005,0.669331,0.69376,0.766395,0.756929,0.742439,0.75028,0.733745,0.755475,0.711113,0.653315,0.749451,0.7024,0.752535,0.767865,0.732245,0.726368,0.742012,0.720434,0.749448,0.707967,0.741278,0.706367,0.675133,0.711419,0.642509,0.697023,0.707244,0.600685,0.589998,0.504579,0.717321,0.737842,0.634076,0.750662,0.757869,0.701396,0.758038,0.718931,0.551554,0.717617,0.721346,0.719617,0.652669,0.767837,0.762378,0.671244,0.687689,0.656436,0.755722,0.654524,0.738819,0.746291,0.747971,0.755911,0.664575,0.745406,0.685522,0.719197,0.64192,0.658564,0.762053,0.710863,0.741793,0.666968,0.607491,0.790987,0.723933,0.752914,0.690311,0.684258,0.72379,0.756996,1.0,0.715212,0.737448,0.735693,0.555834
Windchime,0.593605,0.758514,0.629844,0.700035,0.754022,0.544867,0.584373,0.549976,0.704886,0.770703,0.685396,0.734831,0.679048,0.688448,0.662593,0.748637,0.729314,0.671192,0.671269,0.7259,0.670524,0.712619,0.740395,0.647856,0.723165,0.7268,0.65702,0.783053,0.750092,0.714396,0.648853,0.683169,0.693876,0.696731,0.573694,0.718175,0.665075,0.708697,0.760235,0.692192,0.705616,0.728918,0.727147,0.791929,0.707084,0.694551,0.626952,0.595101,0.688196,0.733875,0.716535,0.692046,0.725023,0.674691,0.687548,0.737346,0.690334,0.667035,0.77148,0.713735,0.782044,0.694309,0.706919,0.75794,0.727694,0.747448,0.76704,0.792129,0.685167,0.749445,0.680262,0.791783,0.686127,0.75024,0.724438,0.729445,0.675349,0.612969,0.774404,0.718717,0.625746,0.657606,0.511362,0.699495,0.791939,0.614432,0.772083,0.727693,0.749521,0.721463,0.708634,0.570415,0.708976,0.799059,0.723708,0.653169,0.71399,0.773585,0.602792,0.678382,0.653132,0.706418,0.750114,0.755914,0.774663,0.699075,0.680222,0.64756,0.743837,0.655873,0.750652,0.647137,0.644249,0.695433,0.734705,0.726348,0.659509,0.670127,0.800162,0.723431,0.761783,0.682683,0.653945,0.762627,0.734322,0.715212,1.0,0.739088,0.7205,0.516679
Wishbone,0.587844,0.794108,0.695029,0.646668,0.790161,0.495967,0.58967,0.562347,0.669702,0.802003,0.678145,0.731502,0.655192,0.68333,0.612268,0.745187,0.726801,0.575543,0.663428,0.700922,0.71178,0.652652,0.732569,0.684158,0.736015,0.729641,0.624253,0.82916,0.727826,0.715105,0.629658,0.651685,0.646516,0.702497,0.559605,0.721687,0.654549,0.7385,0.700983,0.746653,0.707327,0.802785,0.772455,0.800007,0.666424,0.738842,0.599682,0.632252,0.711332,0.770405,0.732536,0.699742,0.689446,0.690946,0.685971,0.754067,0.721414,0.685659,0.795378,0.748977,0.769807,0.684004,0.754336,0.802809,0.727283,0.685552,0.824097,0.828177,0.687527,0.783016,0.670412,0.72396,0.638013,0.767302,0.763413,0.755629,0.653303,0.563356,0.893316,0.770548,0.615328,0.576027,0.439643,0.672943,0.798369,0.631101,0.795328,0.713331,0.763531,0.752535,0.632853,0.533757,0.705234,0.796914,0.722305,0.676205,0.741471,0.735617,0.565434,0.65805,0.628959,0.709016,0.764701,0.7332,0.847885,0.717385,0.666463,0.65909,0.671654,0.713389,0.705955,0.607005,0.691195,0.720482,0.776024,0.696291,0.671404,0.605869,0.790954,0.629418,0.797293,0.71285,0.647557,0.796625,0.692359,0.737448,0.739088,1.0,0.719271,0.513461
Wrap,0.597069,0.810606,0.762375,0.673583,0.677702,0.615575,0.647898,0.590731,0.701123,0.759182,0.696205,0.715934,0.674597,0.636542,0.71843,0.749897,0.719869,0.696918,0.667779,0.704371,0.747995,0.723927,0.674236,0.708195,0.704093,0.70767,0.645793,0.702646,0.685148,0.71563,0.683982,0.615096,0.703262,0.716983,0.601288,0.687787,0.588294,0.736527,0.72907,0.651052,0.734586,0.724998,0.67672,0.720427,0.716664,0.686733,0.726937,0.660343,0.743257,0.732122,0.708199,0.72629,0.690167,0.676746,0.700134,0.73062,0.743753,0.68285,0.704005,0.722919,0.735012,0.697596,0.603076,0.742897,0.647778,0.730735,0.751793,0.702023,0.682606,0.74407,0.69532,0.71128,0.751323,0.778562,0.7045,0.677263,0.73708,0.584813,0.685002,0.682259,0.583735,0.65589,0.677941,0.696142,0.684578,0.629119,0.710011,0.729516,0.672061,0.751118,0.703794,0.595846,0.686613,0.737999,0.692937,0.652189,0.696098,0.7291,0.688183,0.76247,0.653785,0.747423,0.647773,0.770969,0.72365,0.713321,0.722957,0.659435,0.703573,0.648446,0.678615,0.679599,0.629785,0.743984,0.695735,0.74151,0.626571,0.660046,0.754473,0.712578,0.735186,0.687268,0.662546,0.68457,0.733061,0.735693,0.7205,0.719271,1.0,0.61314
Yarn,0.59587,0.630756,0.651558,0.518437,0.503712,0.598115,0.619782,0.573652,0.511484,0.576894,0.506351,0.509801,0.568781,0.470305,0.587329,0.574633,0.536298,0.50061,0.533957,0.552472,0.582859,0.544037,0.528823,0.514104,0.575836,0.57358,0.532833,0.505365,0.519771,0.546883,0.625835,0.475696,0.561569,0.494974,0.52452,0.49537,0.458164,0.608854,0.535443,0.507682,0.571485,0.549161,0.54403,0.534721,0.533735,0.465561,0.657502,0.559014,0.60014,0.541801,0.543812,0.551701,0.524525,0.59884,0.534477,0.576482,0.570327,0.579563,0.524072,0.501858,0.553074,0.558171,0.441573,0.557697,0.505947,0.532701,0.597395,0.510373,0.597899,0.571899,0.567388,0.524773,0.60837,0.579302,0.554234,0.558084,0.640829,0.463379,0.470206,0.47013,0.454705,0.540678,0.530925,0.519686,0.487748,0.578397,0.542828,0.552605,0.518298,0.59346,0.545229,0.509756,0.522519,0.567123,0.521529,0.575272,0.557731,0.548283,0.600266,0.60672,0.537621,0.560169,0.48161,0.619062,0.535334,0.512267,0.530173,0.521383,0.544885,0.528666,0.513088,0.565793,0.570163,0.551211,0.499309,0.553903,0.52439,0.522077,0.566618,0.513444,0.53595,0.588652,0.501055,0.506069,0.510356,0.555834,0.516679,0.513461,0.61314,1.0
