,Accordion,Acorn,Apple,Backpack,Barstool,Baseball,Basket,Beanie,Bed,Bell,Belt,Bench,Bike,Binder,Binoculars,Birdfeeder,Boat,Bonzai,Book,Bookend,Boomerang,Car,Cellphone,Cheese,Cheesegrater,Christmasstreeornament,Clock,Coatrack,Coffeemaker,Coffeemug,Compass,Computertower,Controller,Couch,Cushion,Desk,Door,Doorknob,Drill,Dryingrack,Dumbbell,Dustpan,Fan,Faucet,Flower,Flute,Fossils,Frisbee,Fryingpan,Glasses,Glove,Goggles,Grill,Hairbrush,Hairclip,Handbag,Hat,Headphones,Hourglass,Kayak,Key,Kite,Ladder,Lamp,Lantern,Lawnmower,Lightbulb,Lipstick,Lock,Lollipop,Mask,Microscope,Minerals,Mushroom,Necklace,Necktie,Orifan,Oven,Paintbrush,Pen,Pictureframe,Pinecone,Pizza,Plug,Pogostick,Pot,Razor,Recordplayer,Remotecontrol,Ring,Rollerskates,Rug,Saltpeppershaker,Saxophone,Scale,Scarf,Scissors,Scooter,Scrunchie,Seashell,Shirt,Shoe,Skiis,Snowglobe,Spoon,Stapler,Stapleremover,Storagebin,Stroller,Suit,Suitcase,Teddy Bear,Tennisracket,Tent,Toothbrush,Train,Trashbin,Tree,Trophy,Truck,Umbrella,Vase,Wallet,Waterbottle,Watergun,Wateringcan,Windchime,Wishbone,Wrap,Yarn
Accordion,1.0,0.366287,0.232661,0.360166,0.35052,0.372013,0.461487,0.433199,0.385503,0.337301,0.402695,0.409487,0.232115,0.363925,0.332157,0.380601,0.370025,0.281334,0.385114,0.385234,0.341964,0.34973,0.38521,0.275084,0.443937,0.357787,0.28752,0.300099,0.37892,0.343423,0.289469,0.399855,0.336801,0.411714,0.393308,0.374239,0.302294,0.318802,0.340947,0.339026,0.36781,0.329439,0.39496,0.361636,0.290828,0.330856,0.374389,0.246315,0.35026,0.286158,0.397338,0.317574,0.374504,0.549684,0.391826,0.402957,0.37639,0.312822,0.321811,0.311175,0.364795,0.35555,0.302581,0.350148,0.450627,0.320669,0.394646,0.377775,0.341567,0.311385,0.349246,0.350142,0.343486,0.352914,0.323597,0.399441,0.477526,0.329678,0.294953,0.345528,0.320215,0.303382,0.195745,0.349266,0.327986,0.353988,0.373926,0.360323,0.356792,0.310917,0.341925,0.279586,0.362079,0.427268,0.361052,0.410712,0.307702,0.322827,0.329023,0.340195,0.34213,0.386972,0.368063,0.338117,0.321136,0.413439,0.356212,0.422949,0.332444,0.385172,0.443776,0.332642,0.451721,0.371247,0.342769,0.404618,0.414614,0.248631,0.361526,0.365798,0.363169,0.350398,0.378841,0.346352,0.338556,0.353516,0.36353,0.276257,0.313605,0.415438
Acorn,0.366287,1.0,0.610895,0.494465,0.382856,0.367362,0.427996,0.431662,0.438042,0.552217,0.479944,0.474441,0.239067,0.367414,0.476374,0.483026,0.431214,0.480881,0.419297,0.512282,0.484655,0.388671,0.431166,0.433685,0.477245,0.500444,0.335476,0.408753,0.424058,0.444496,0.356348,0.349438,0.430742,0.480882,0.371743,0.386191,0.351894,0.536381,0.462242,0.342787,0.54265,0.519762,0.439394,0.456474,0.422288,0.45222,0.576764,0.361876,0.511651,0.433613,0.535749,0.481675,0.421692,0.493837,0.479395,0.47475,0.558273,0.440709,0.432332,0.507285,0.508014,0.405343,0.302827,0.521489,0.431151,0.426646,0.530226,0.514455,0.426737,0.514462,0.484762,0.455753,0.560187,0.628919,0.442377,0.517464,0.3846,0.266696,0.44791,0.482257,0.29549,0.433208,0.365126,0.414167,0.417168,0.420065,0.504363,0.489573,0.455966,0.48258,0.500801,0.391687,0.46269,0.495332,0.412321,0.466494,0.391495,0.42012,0.497054,0.530969,0.383504,0.557179,0.357195,0.509482,0.577843,0.476917,0.449731,0.408094,0.430437,0.365181,0.47381,0.472896,0.407355,0.434988,0.493475,0.484832,0.422528,0.402003,0.552276,0.419414,0.481908,0.515482,0.412566,0.481344,0.478391,0.487131,0.490482,0.435809,0.568751,0.461057
Apple,0.232661,0.610895,1.0,0.371868,0.27214,0.404399,0.344427,0.400607,0.311556,0.433089,0.296319,0.278264,0.193362,0.274145,0.349577,0.332033,0.314596,0.291359,0.294209,0.34876,0.380896,0.266658,0.335538,0.37862,0.338829,0.369539,0.308569,0.265563,0.333564,0.404836,0.352105,0.249394,0.345189,0.317415,0.307784,0.239661,0.245065,0.451704,0.295893,0.208715,0.437197,0.411754,0.364813,0.32008,0.309007,0.259052,0.368003,0.471178,0.492128,0.324098,0.403812,0.429908,0.296824,0.314881,0.329921,0.351601,0.479506,0.422843,0.345571,0.386277,0.315888,0.328976,0.19002,0.419373,0.29018,0.295766,0.470117,0.406384,0.388622,0.457389,0.389799,0.29196,0.386553,0.421909,0.356767,0.355471,0.291628,0.224865,0.300056,0.292504,0.19669,0.213876,0.410461,0.31884,0.282003,0.371303,0.345218,0.384237,0.333217,0.422689,0.350125,0.319937,0.37441,0.271434,0.304076,0.387242,0.285465,0.28941,0.459243,0.387854,0.316568,0.40211,0.246189,0.464265,0.433412,0.325333,0.340719,0.302245,0.299333,0.297442,0.320949,0.35654,0.382111,0.348569,0.328964,0.309887,0.348885,0.252765,0.392518,0.278684,0.364667,0.446819,0.303299,0.366781,0.352138,0.410741,0.317056,0.328626,0.458923,0.389592
Backpack,0.360166,0.494465,0.371868,1.0,0.481319,0.297886,0.344784,0.343994,0.475335,0.548287,0.414605,0.480864,0.347957,0.415885,0.438281,0.462989,0.449666,0.421485,0.442989,0.50343,0.400843,0.419399,0.462604,0.382844,0.460301,0.46062,0.357128,0.43995,0.526704,0.479415,0.360589,0.41592,0.464449,0.470072,0.376367,0.454278,0.38219,0.408625,0.505296,0.374497,0.45385,0.502016,0.429068,0.513624,0.353941,0.370348,0.407641,0.316768,0.433997,0.420973,0.532841,0.434504,0.502791,0.385748,0.427648,0.555647,0.47239,0.432393,0.513032,0.437143,0.485276,0.454777,0.383357,0.499077,0.490363,0.486818,0.487278,0.512393,0.477531,0.428245,0.467504,0.54103,0.490148,0.473354,0.411016,0.471524,0.343138,0.365114,0.455334,0.419726,0.337919,0.334623,0.251153,0.425504,0.487926,0.413352,0.505696,0.485189,0.432303,0.395279,0.508054,0.348396,0.463434,0.465727,0.462835,0.432709,0.438385,0.475834,0.420932,0.410198,0.42379,0.500251,0.427203,0.470491,0.4681,0.47349,0.482722,0.408913,0.530844,0.484369,0.584964,0.39764,0.39068,0.488954,0.442928,0.473389,0.454966,0.335002,0.587249,0.472028,0.490305,0.476748,0.417077,0.514705,0.492817,0.508151,0.497569,0.4359,0.416548,0.30074
Barstool,0.35052,0.382856,0.27214,0.481319,1.0,0.247883,0.335809,0.27848,0.54269,0.502494,0.408152,0.592058,0.461137,0.469861,0.354376,0.48951,0.460221,0.412254,0.423317,0.495606,0.379673,0.369471,0.45734,0.312701,0.472044,0.454489,0.357528,0.590111,0.570285,0.4365,0.328301,0.454788,0.37196,0.465913,0.347848,0.649955,0.489866,0.364379,0.465921,0.537096,0.375106,0.475369,0.472174,0.550769,0.337735,0.442178,0.309577,0.244357,0.4042,0.466355,0.439397,0.384219,0.548999,0.395287,0.409643,0.501677,0.396163,0.374549,0.643211,0.412884,0.520508,0.448728,0.61496,0.511115,0.623125,0.475643,0.475617,0.52834,0.40103,0.446757,0.411483,0.551037,0.361661,0.43449,0.426121,0.449584,0.348331,0.392942,0.621352,0.471319,0.455989,0.281235,0.17921,0.389224,0.61755,0.395945,0.510307,0.464354,0.442333,0.340061,0.40066,0.307588,0.441123,0.421464,0.513981,0.368503,0.466005,0.489853,0.319235,0.346655,0.37895,0.435351,0.484911,0.391606,0.497401,0.457312,0.462392,0.406813,0.509947,0.383691,0.546628,0.289951,0.488966,0.428094,0.472689,0.424028,0.461113,0.364296,0.571014,0.406118,0.516782,0.427284,0.402277,0.495166,0.425054,0.478107,0.510411,0.559436,0.337982,0.249259
Baseball,0.372013,0.367362,0.404399,0.297886,0.247883,1.0,0.34099,0.346137,0.298876,0.316029,0.291574,0.276899,0.185044,0.232207,0.264959,0.281335,0.284888,0.23631,0.266777,0.301642,0.327244,0.245328,0.274253,0.279328,0.320208,0.349376,0.325668,0.216155,0.257341,0.321002,0.312806,0.215623,0.306645,0.303595,0.296092,0.238455,0.184335,0.329131,0.259254,0.198769,0.337476,0.297923,0.284456,0.254555,0.285999,0.225439,0.351696,0.445021,0.336691,0.249876,0.368179,0.327642,0.26313,0.419678,0.306788,0.297514,0.373516,0.317672,0.276544,0.294176,0.276219,0.340293,0.16255,0.315372,0.267607,0.238803,0.403432,0.266288,0.309145,0.321271,0.328895,0.258662,0.300611,0.330693,0.289256,0.302993,0.434052,0.213312,0.213164,0.229216,0.193103,0.258499,0.287552,0.28094,0.241303,0.328838,0.27303,0.305665,0.274035,0.326527,0.326464,0.266933,0.282695,0.255426,0.269916,0.354986,0.254646,0.231966,0.378673,0.345452,0.310849,0.3525,0.237421,0.410936,0.284755,0.28061,0.312301,0.276988,0.26379,0.278147,0.269702,0.326488,0.331974,0.306316,0.253657,0.325413,0.295554,0.195222,0.308633,0.241944,0.3113,0.365368,0.245003,0.272441,0.298112,0.311586,0.27659,0.2255,0.333143,0.408302
Basket,0.461487,0.427996,0.344427,0.344784,0.335809,0.34099,1.0,0.422585,0.359499,0.391992,0.355933,0.370056,0.271637,0.278141,0.288387,0.370033,0.346122,0.286586,0.349345,0.372061,0.364892,0.280983,0.320474,0.294542,0.415861,0.350542,0.305802,0.302091,0.336628,0.396802,0.316379,0.284246,0.292865,0.35816,0.373251,0.339002,0.311881,0.337,0.28983,0.320301,0.32011,0.31477,0.3835,0.339297,0.262295,0.30957,0.415924,0.30037,0.404421,0.321924,0.359609,0.316565,0.343424,0.473261,0.333317,0.379148,0.432877,0.332467,0.338979,0.319395,0.322318,0.307884,0.291331,0.366595,0.418133,0.285062,0.428769,0.32468,0.376701,0.316495,0.353938,0.303423,0.322207,0.382763,0.326207,0.37,0.37978,0.266816,0.292787,0.308771,0.284782,0.284237,0.275155,0.29967,0.282734,0.448454,0.325946,0.360886,0.298532,0.347325,0.305454,0.320119,0.350682,0.32831,0.334331,0.385269,0.31523,0.284941,0.340283,0.352053,0.294462,0.367788,0.258087,0.438656,0.330078,0.337015,0.316756,0.4248,0.305191,0.259678,0.375954,0.360317,0.489274,0.320314,0.311918,0.335525,0.423064,0.228681,0.380339,0.286817,0.342383,0.388927,0.362735,0.316698,0.285154,0.383499,0.326858,0.352683,0.366421,0.485975
Beanie,0.433199,0.431662,0.400607,0.343994,0.27848,0.346137,0.422585,1.0,0.339772,0.365405,0.367404,0.338185,0.176317,0.317157,0.285205,0.337582,0.321447,0.307602,0.372733,0.366284,0.331351,0.281211,0.35077,0.338808,0.38985,0.3773,0.279165,0.282238,0.286723,0.307485,0.273898,0.317889,0.328864,0.366878,0.390923,0.275946,0.294686,0.343384,0.28553,0.283514,0.360084,0.374059,0.360527,0.303779,0.298569,0.307227,0.425192,0.345518,0.387627,0.288446,0.394159,0.343876,0.312761,0.422055,0.356567,0.370192,0.469846,0.301355,0.277013,0.341025,0.319007,0.340501,0.235813,0.381916,0.339498,0.27201,0.379353,0.347172,0.324272,0.357378,0.360614,0.288134,0.379058,0.403353,0.312355,0.420595,0.390641,0.267679,0.285573,0.329398,0.247346,0.282751,0.263396,0.307585,0.268488,0.35708,0.333182,0.349664,0.342674,0.32886,0.343422,0.362691,0.324982,0.291921,0.33128,0.431468,0.266818,0.263339,0.423909,0.36731,0.396116,0.395336,0.254015,0.395119,0.360525,0.376583,0.320801,0.395161,0.296247,0.373671,0.386266,0.354028,0.446248,0.390752,0.340052,0.363646,0.373934,0.276338,0.343115,0.283491,0.397731,0.370839,0.396419,0.341135,0.310581,0.327881,0.322365,0.30013,0.384174,0.451864
Bed,0.385503,0.438042,0.311556,0.475335,0.54269,0.298876,0.359499,0.339772,1.0,0.496451,0.538459,0.617781,0.340386,0.510136,0.403532,0.503015,0.508104,0.457618,0.48953,0.520856,0.433939,0.488767,0.466552,0.376244,0.489228,0.457069,0.356331,0.508756,0.508981,0.443861,0.335174,0.483052,0.439475,0.598187,0.409962,0.5994,0.462223,0.429089,0.493401,0.48303,0.42386,0.506087,0.421292,0.515709,0.368761,0.523106,0.380708,0.319612,0.446894,0.459857,0.464474,0.457506,0.556412,0.405671,0.460864,0.500346,0.468009,0.374824,0.507548,0.49748,0.520477,0.451502,0.429481,0.495708,0.505772,0.478349,0.476572,0.466575,0.412024,0.437656,0.441083,0.535433,0.453084,0.475388,0.412,0.451418,0.407808,0.460123,0.489494,0.559182,0.441767,0.284313,0.219284,0.473942,0.524862,0.40023,0.512749,0.53959,0.438093,0.402178,0.45164,0.342306,0.426683,0.426143,0.520179,0.380798,0.443307,0.485022,0.371908,0.403233,0.426487,0.519772,0.398381,0.448368,0.476851,0.592412,0.560028,0.496315,0.494971,0.3744,0.566633,0.335573,0.42953,0.510112,0.501008,0.560803,0.471488,0.380262,0.544663,0.507224,0.523355,0.434711,0.492327,0.462742,0.495603,0.48266,0.495497,0.450547,0.430455,0.307295
Bell,0.337301,0.552217,0.433089,0.548287,0.502494,0.316029,0.391992,0.365405,0.496451,1.0,0.442815,0.520697,0.323114,0.418027,0.472013,0.51499,0.50054,0.479603,0.433976,0.545792,0.466815,0.417417,0.493235,0.398546,0.514715,0.519575,0.371783,0.475315,0.616999,0.534525,0.421022,0.407232,0.452806,0.466625,0.369647,0.454264,0.405116,0.483231,0.519443,0.390691,0.476997,0.563437,0.492655,0.578064,0.376583,0.442871,0.434753,0.334709,0.532208,0.460943,0.544009,0.477442,0.52652,0.439633,0.466308,0.530276,0.537409,0.454396,0.602129,0.502448,0.556174,0.41949,0.385932,0.586785,0.522256,0.475926,0.627701,0.62651,0.5133,0.462983,0.509727,0.622473,0.499426,0.528438,0.456315,0.52227,0.34684,0.361142,0.528402,0.499456,0.357342,0.321103,0.244574,0.417615,0.542677,0.460036,0.57813,0.567973,0.473052,0.481199,0.530583,0.349964,0.556519,0.534865,0.522491,0.458362,0.479021,0.500483,0.434611,0.428102,0.390421,0.551326,0.442658,0.57969,0.570241,0.530345,0.510061,0.416118,0.518558,0.424541,0.573585,0.397604,0.411374,0.450259,0.526887,0.489953,0.496607,0.376617,0.683501,0.439729,0.524049,0.543797,0.412928,0.606777,0.475579,0.563441,0.550099,0.539883,0.463919,0.353167
Belt,0.402695,0.479944,0.296319,0.414605,0.408152,0.291574,0.355933,0.367404,0.538459,0.442815,1.0,0.586346,0.312462,0.494755,0.41904,0.465039,0.494123,0.46233,0.48977,0.500338,0.450958,0.513854,0.49308,0.384632,0.517755,0.475381,0.336596,0.502088,0.438596,0.429574,0.313804,0.443717,0.479396,0.622263,0.447496,0.515874,0.382817,0.461001,0.488828,0.469867,0.466816,0.490882,0.41167,0.493851,0.39717,0.646894,0.431679,0.310436,0.459409,0.531026,0.476023,0.510217,0.468685,0.460335,0.514838,0.498351,0.480854,0.362988,0.382788,0.590626,0.541972,0.431852,0.334453,0.463853,0.430056,0.477614,0.447678,0.457234,0.381804,0.465481,0.448962,0.453137,0.486613,0.497676,0.429468,0.493323,0.409719,0.354548,0.439953,0.681168,0.384664,0.314686,0.237374,0.47672,0.439859,0.394327,0.543776,0.524028,0.491154,0.459587,0.495373,0.366068,0.420092,0.44187,0.466697,0.392127,0.481903,0.477223,0.379348,0.413706,0.415954,0.573305,0.358291,0.416326,0.546065,0.611052,0.522048,0.51871,0.468146,0.323585,0.491921,0.337723,0.408954,0.468457,0.576312,0.601027,0.424087,0.416106,0.510295,0.527736,0.504197,0.43484,0.549786,0.449686,0.528443,0.485825,0.483874,0.440055,0.474924,0.323591
Bench,0.409487,0.474441,0.278264,0.480864,0.592058,0.276899,0.370056,0.338185,0.617781,0.520697,0.586346,1.0,0.375798,0.530013,0.412734,0.514289,0.500716,0.514684,0.498789,0.553007,0.47586,0.487929,0.486434,0.356209,0.519419,0.498235,0.36625,0.574457,0.53765,0.455872,0.325959,0.497956,0.44904,0.600687,0.400759,0.663625,0.489822,0.439263,0.542377,0.523127,0.447241,0.511478,0.442255,0.582645,0.415727,0.605114,0.396037,0.276037,0.460124,0.512933,0.495552,0.470255,0.573211,0.486431,0.51134,0.510651,0.464281,0.384369,0.526806,0.537352,0.607906,0.457139,0.471493,0.512749,0.549909,0.512951,0.486311,0.517421,0.412669,0.471134,0.46157,0.576976,0.472401,0.521431,0.434942,0.513116,0.434111,0.431036,0.563326,0.6343,0.469733,0.338071,0.193141,0.476728,0.591027,0.403039,0.576202,0.540652,0.48337,0.421034,0.481773,0.341823,0.435331,0.486776,0.531993,0.393094,0.50147,0.526958,0.356814,0.415985,0.423628,0.547421,0.437277,0.411263,0.549883,0.612529,0.559469,0.50299,0.540531,0.369353,0.590853,0.329584,0.449268,0.474453,0.566558,0.562443,0.483967,0.450892,0.594377,0.516586,0.54627,0.443011,0.517349,0.493684,0.527679,0.514738,0.54926,0.52248,0.439878,0.295224
Bike,0.232115,0.239067,0.193362,0.347957,0.461137,0.185044,0.271637,0.176317,0.340386,0.323114,0.312462,0.375798,1.0,0.237862,0.3332,0.336165,0.343017,0.273948,0.246083,0.331816,0.319578,0.361565,0.311505,0.204513,0.344983,0.370749,0.409132,0.460891,0.394399,0.335647,0.499435,0.215643,0.373838,0.272253,0.227335,0.430017,0.228125,0.353586,0.401563,0.420596,0.301431,0.31371,0.454918,0.505101,0.258297,0.288023,0.255678,0.249789,0.377863,0.547045,0.279801,0.368188,0.389521,0.255663,0.30763,0.468141,0.284691,0.456581,0.437828,0.305504,0.45286,0.392863,0.433748,0.348995,0.467156,0.466667,0.364889,0.245911,0.414974,0.34956,0.371172,0.382264,0.272559,0.26214,0.429677,0.286455,0.318022,0.213018,0.322642,0.313442,0.229673,0.170026,0.19961,0.247138,0.400552,0.260147,0.383858,0.344735,0.281324,0.408186,0.355353,0.214117,0.249195,0.374871,0.364758,0.264663,0.621159,0.488048,0.26053,0.273478,0.240309,0.318204,0.263824,0.318584,0.36037,0.315463,0.357165,0.223232,0.548289,0.189803,0.328459,0.233491,0.52617,0.304943,0.311378,0.313647,0.235966,0.267728,0.474098,0.34728,0.406998,0.287042,0.229729,0.280473,0.343387,0.409533,0.368838,0.370434,0.294236,0.239226
Binder,0.363925,0.367414,0.274145,0.415885,0.469861,0.232207,0.278141,0.317157,0.510136,0.418027,0.494755,0.530013,0.237862,1.0,0.341692,0.480719,0.430727,0.405117,0.552678,0.529507,0.361141,0.397276,0.5962,0.374583,0.517283,0.423957,0.319842,0.486501,0.528193,0.459662,0.279836,0.65531,0.421125,0.498591,0.395064,0.519939,0.564762,0.406053,0.421224,0.432305,0.400601,0.49162,0.439879,0.498315,0.339801,0.499554,0.299908,0.275984,0.379719,0.416343,0.441399,0.426679,0.489875,0.384576,0.416906,0.46975,0.404107,0.303989,0.436536,0.478244,0.499968,0.406576,0.393431,0.460576,0.48502,0.407306,0.424279,0.569292,0.418421,0.472179,0.386642,0.466484,0.38093,0.414348,0.387396,0.518241,0.316059,0.533907,0.53986,0.56228,0.524941,0.236504,0.160231,0.489607,0.531415,0.422096,0.536397,0.496482,0.592877,0.360932,0.404385,0.316671,0.473353,0.421763,0.492958,0.374597,0.409084,0.428491,0.297756,0.310337,0.441732,0.465397,0.479871,0.361361,0.522358,0.521879,0.468852,0.50328,0.401525,0.38295,0.574482,0.278528,0.368814,0.442959,0.522406,0.47361,0.53479,0.367227,0.4658,0.441334,0.4676,0.437729,0.556855,0.53781,0.436789,0.464154,0.471176,0.416299,0.365711,0.235595
Binoculars,0.332157,0.476374,0.349577,0.438281,0.354376,0.264959,0.288387,0.285205,0.403532,0.472013,0.41904,0.412734,0.3332,0.341692,1.0,0.382785,0.39742,0.35956,0.352641,0.436654,0.44541,0.549989,0.440277,0.335768,0.448466,0.409592,0.293686,0.337497,0.442219,0.394869,0.382251,0.337488,0.550253,0.430492,0.287861,0.359367,0.260143,0.490164,0.517767,0.308739,0.523027,0.466601,0.40293,0.475679,0.327159,0.374731,0.37161,0.296459,0.490299,0.451314,0.459829,0.512623,0.440457,0.37421,0.420904,0.439502,0.450297,0.506004,0.395783,0.444588,0.484115,0.411876,0.262793,0.408766,0.373369,0.499802,0.43797,0.409026,0.472427,0.416304,0.493402,0.507408,0.467083,0.429716,0.400832,0.400091,0.347863,0.311722,0.336039,0.421415,0.239253,0.288368,0.215204,0.399745,0.388567,0.304982,0.511383,0.502024,0.393637,0.454703,0.529473,0.277688,0.390594,0.429041,0.406996,0.389356,0.466009,0.52835,0.395687,0.369581,0.341729,0.48569,0.300366,0.393109,0.465469,0.480424,0.504576,0.331473,0.531559,0.343089,0.43101,0.385004,0.341257,0.413576,0.426952,0.498503,0.346371,0.288272,0.505575,0.535493,0.422324,0.395706,0.334786,0.418201,0.491149,0.477469,0.433591,0.365289,0.423782,0.318206
Birdfeeder,0.380601,0.483026,0.332033,0.462989,0.48951,0.281335,0.370033,0.337582,0.503015,0.51499,0.465039,0.514289,0.336165,0.480719,0.382785,1.0,0.497727,0.453927,0.471613,0.50995,0.418097,0.375951,0.459528,0.380695,0.482239,0.477244,0.363853,0.516815,0.49149,0.430974,0.341712,0.454993,0.401197,0.465113,0.387216,0.503722,0.454324,0.405496,0.450029,0.465395,0.395772,0.475524,0.450534,0.517075,0.377982,0.474688,0.445336,0.283035,0.409461,0.442933,0.445781,0.393853,0.477133,0.411446,0.434832,0.495411,0.43816,0.355448,0.504408,0.460964,0.523685,0.441793,0.438695,0.509275,0.501492,0.446208,0.482951,0.510441,0.419898,0.45182,0.421521,0.516771,0.447707,0.478274,0.464618,0.48734,0.372594,0.386175,0.511523,0.498261,0.4384,0.322579,0.294645,0.419077,0.538319,0.412411,0.49339,0.494852,0.466278,0.405616,0.439613,0.374915,0.445277,0.554718,0.495547,0.405675,0.430097,0.479132,0.370562,0.422431,0.407817,0.481363,0.465015,0.464237,0.505348,0.471955,0.464662,0.4439,0.459814,0.388542,0.527356,0.361787,0.43725,0.462557,0.488765,0.479148,0.445449,0.401168,0.531807,0.426281,0.517934,0.445018,0.435452,0.48015,0.422711,0.462758,0.523577,0.465713,0.468924,0.313774
Boat,0.370025,0.431214,0.314596,0.449666,0.460221,0.284888,0.346122,0.321447,0.508104,0.50054,0.494123,0.500716,0.343017,0.430727,0.39742,0.497727,1.0,0.450356,0.422348,0.461556,0.405763,0.45364,0.447519,0.346678,0.475024,0.467438,0.348968,0.491543,0.479546,0.423048,0.358937,0.406654,0.403611,0.501992,0.369594,0.473375,0.360019,0.397246,0.474243,0.483818,0.409475,0.478465,0.442738,0.486662,0.370496,0.499364,0.375955,0.307132,0.454284,0.471481,0.445867,0.424314,0.502288,0.400377,0.445133,0.478982,0.457841,0.350944,0.475813,0.527453,0.503578,0.445121,0.411746,0.486766,0.448763,0.471713,0.492014,0.449382,0.373816,0.431828,0.429718,0.532804,0.432159,0.440689,0.446053,0.447988,0.388744,0.373429,0.450336,0.560595,0.348296,0.294223,0.238381,0.415702,0.490691,0.395562,0.511828,0.527666,0.424595,0.415576,0.453735,0.333982,0.399182,0.451148,0.501301,0.379926,0.450301,0.490693,0.376933,0.395225,0.382655,0.522838,0.382773,0.476445,0.484068,0.547636,0.505697,0.427736,0.475603,0.360923,0.506891,0.326021,0.446988,0.473253,0.500335,0.554886,0.426219,0.394673,0.548568,0.467374,0.510799,0.428358,0.412634,0.45948,0.462854,0.454897,0.501121,0.437116,0.408527,0.309586
Bonzai,0.281334,0.480881,0.291359,0.421485,0.412254,0.23631,0.286586,0.307602,0.457618,0.479603,0.46233,0.514684,0.273948,0.405117,0.35956,0.453927,0.450356,1.0,0.407274,0.475991,0.383145,0.367252,0.403397,0.346392,0.426403,0.487992,0.299704,0.453383,0.422387,0.390376,0.285141,0.378379,0.362357,0.446194,0.356946,0.434532,0.371391,0.376975,0.457172,0.38944,0.38082,0.453064,0.370838,0.468063,0.522465,0.465785,0.386595,0.239324,0.380154,0.405923,0.445103,0.388142,0.42729,0.398397,0.464317,0.434537,0.432634,0.305413,0.420843,0.495089,0.518889,0.400073,0.33639,0.476105,0.416208,0.438399,0.430792,0.441718,0.332479,0.42935,0.415979,0.503877,0.494018,0.488552,0.397757,0.482759,0.380217,0.289549,0.427084,0.512168,0.34508,0.366764,0.253312,0.379546,0.473848,0.350787,0.483743,0.456555,0.421415,0.392862,0.473478,0.338115,0.384592,0.460434,0.42293,0.365959,0.398507,0.440286,0.367116,0.405959,0.397957,0.515309,0.357613,0.460868,0.487901,0.481112,0.450275,0.38484,0.442352,0.309947,0.472963,0.337872,0.343641,0.40361,0.48722,0.496974,0.395037,0.635738,0.532396,0.401128,0.47399,0.410212,0.390368,0.455416,0.45514,0.428489,0.531089,0.392559,0.488058,0.284651
Book,0.385114,0.419297,0.294209,0.442989,0.423317,0.266777,0.349345,0.372733,0.48953,0.433976,0.48977,0.498789,0.246083,0.552678,0.352641,0.471613,0.422348,0.407274,1.0,0.525478,0.370419,0.388967,0.534054,0.385791,0.487191,0.425191,0.333124,0.433288,0.448481,0.448796,0.308396,0.545716,0.416922,0.500405,0.43459,0.474418,0.49213,0.402512,0.392978,0.404052,0.403294,0.474117,0.404695,0.426313,0.345033,0.45927,0.38803,0.279404,0.385177,0.406493,0.457342,0.408585,0.459509,0.39548,0.414647,0.498121,0.446104,0.300341,0.40822,0.448692,0.452015,0.400513,0.346354,0.447821,0.449781,0.386272,0.419537,0.479827,0.412555,0.426532,0.399648,0.413531,0.438775,0.428157,0.376125,0.499323,0.352524,0.472357,0.451027,0.498904,0.470812,0.273009,0.20517,0.44915,0.418665,0.442609,0.483354,0.480778,0.513392,0.36819,0.421596,0.354089,0.439521,0.422567,0.458288,0.402993,0.388175,0.38622,0.357998,0.355079,0.461899,0.484726,0.40518,0.40982,0.471907,0.49638,0.447882,0.505339,0.389918,0.399673,0.545046,0.31883,0.355907,0.460649,0.473488,0.461682,0.502802,0.341265,0.459799,0.414913,0.447631,0.454716,0.550875,0.475423,0.413115,0.446393,0.433167,0.403783,0.406923,0.29615
Bookend,0.385234,0.512282,0.34876,0.50343,0.495606,0.301642,0.372061,0.366284,0.520856,0.545792,0.500338,0.553007,0.331816,0.529507,0.436654,0.50995,0.461556,0.475991,0.525478,1.0,0.446763,0.439168,0.550897,0.4036,0.522299,0.494035,0.389249,0.482821,0.530942,0.482208,0.384732,0.53898,0.471016,0.509945,0.410109,0.5111,0.502351,0.479074,0.481446,0.412071,0.468331,0.519417,0.469692,0.536189,0.389371,0.477536,0.462801,0.298063,0.449533,0.450904,0.520389,0.450705,0.50537,0.449285,0.469197,0.527313,0.490673,0.40617,0.502144,0.490168,0.546228,0.425961,0.390116,0.513824,0.528717,0.455693,0.505639,0.56008,0.495629,0.472406,0.480287,0.5379,0.502473,0.518094,0.423004,0.544858,0.379843,0.449893,0.518098,0.522683,0.468524,0.361746,0.257088,0.461387,0.501191,0.44696,0.551736,0.538308,0.544729,0.446752,0.504372,0.36103,0.497677,0.502916,0.499497,0.456369,0.458477,0.467438,0.407017,0.428179,0.441262,0.535428,0.442855,0.480038,0.549699,0.526432,0.492753,0.476378,0.481805,0.421252,0.567862,0.38774,0.395612,0.455249,0.5178,0.496582,0.508109,0.398714,0.568789,0.464784,0.49222,0.500717,0.506801,0.53974,0.456646,0.505336,0.510109,0.479068,0.468732,0.355344
Boomerang,0.341964,0.484655,0.380896,0.400843,0.379673,0.327244,0.364892,0.331351,0.433939,0.466815,0.450958,0.47586,0.319578,0.361141,0.44541,0.418097,0.405763,0.383145,0.370419,0.446763,1.0,0.434315,0.390389,0.343457,0.439428,0.436761,0.326074,0.405384,0.379379,0.398971,0.353188,0.323746,0.465583,0.447164,0.329511,0.413163,0.309227,0.44405,0.454039,0.341421,0.437164,0.496478,0.415085,0.508183,0.341219,0.499358,0.390932,0.391246,0.504848,0.484537,0.463482,0.519336,0.383443,0.443457,0.442706,0.460716,0.467007,0.527073,0.399312,0.511725,0.518805,0.453979,0.305807,0.43779,0.393134,0.424944,0.465845,0.404129,0.458019,0.426521,0.455919,0.424876,0.419906,0.472822,0.452215,0.453421,0.382713,0.267103,0.439809,0.491457,0.314776,0.248833,0.259969,0.3709,0.439624,0.335399,0.489208,0.452583,0.402613,0.477537,0.431777,0.302462,0.353536,0.47764,0.398828,0.412949,0.520501,0.452078,0.402728,0.402272,0.349568,0.517259,0.348065,0.388743,0.505348,0.506523,0.520064,0.365242,0.443507,0.317337,0.371281,0.343135,0.458598,0.470837,0.489138,0.489413,0.347865,0.340607,0.476728,0.393265,0.487995,0.413068,0.36947,0.388939,0.471869,0.520842,0.415177,0.536861,0.458323,0.319473
Car,0.34973,0.388671,0.266658,0.419399,0.369471,0.245328,0.280983,0.281211,0.488767,0.417417,0.513854,0.487929,0.361565,0.397276,0.549989,0.375951,0.45364,0.367252,0.388967,0.439168,0.434315,1.0,0.499702,0.31979,0.474842,0.380546,0.328182,0.360247,0.457887,0.393052,0.399893,0.408977,0.584696,0.522976,0.309085,0.427921,0.290594,0.44419,0.581407,0.364702,0.51896,0.451301,0.389299,0.471511,0.3063,0.442781,0.336035,0.294977,0.489246,0.452524,0.414764,0.504316,0.521104,0.360917,0.422764,0.436977,0.421478,0.446997,0.377497,0.484913,0.483823,0.396205,0.264617,0.381329,0.367883,0.573553,0.412588,0.353428,0.44508,0.389042,0.475877,0.514392,0.451852,0.403841,0.367763,0.380826,0.358557,0.431063,0.320372,0.507334,0.283252,0.236219,0.205333,0.44759,0.392031,0.311214,0.540792,0.541799,0.407705,0.442267,0.529331,0.266829,0.358639,0.39358,0.46273,0.348551,0.447906,0.585446,0.339806,0.346211,0.326653,0.480792,0.276295,0.398485,0.426418,0.602232,0.552797,0.395443,0.571381,0.28523,0.494445,0.346406,0.351892,0.461449,0.433805,0.612059,0.376891,0.30202,0.491643,0.702291,0.424213,0.361078,0.403829,0.396909,0.51588,0.452234,0.413051,0.337757,0.397072,0.262751
Cellphone,0.38521,0.431166,0.335538,0.462604,0.45734,0.274253,0.320474,0.35077,0.466552,0.493235,0.49308,0.486434,0.311505,0.5962,0.440277,0.459528,0.447519,0.403397,0.534054,0.550897,0.390389,0.499702,1.0,0.397004,0.584031,0.461359,0.369709,0.469905,0.576858,0.508571,0.407113,0.62757,0.509411,0.475319,0.390211,0.458311,0.503287,0.485173,0.47978,0.414774,0.489485,0.530085,0.505329,0.528013,0.356473,0.466472,0.341738,0.306584,0.480959,0.474092,0.485996,0.488049,0.51556,0.428287,0.441177,0.523486,0.469365,0.39804,0.470483,0.499014,0.510185,0.408711,0.372727,0.487677,0.504566,0.464309,0.5025,0.60238,0.519673,0.504442,0.466162,0.506495,0.420913,0.444684,0.42213,0.551099,0.317945,0.53778,0.528377,0.550809,0.459292,0.274803,0.215984,0.491295,0.490139,0.454409,0.600623,0.549727,0.646576,0.459257,0.492693,0.328091,0.531126,0.442999,0.518245,0.434457,0.459751,0.483937,0.344275,0.34321,0.423337,0.501223,0.461211,0.454546,0.574288,0.546846,0.468617,0.47244,0.460957,0.402238,0.591159,0.338665,0.406595,0.442572,0.533596,0.490916,0.538563,0.362487,0.527221,0.500226,0.467642,0.498279,0.536089,0.588306,0.448668,0.506695,0.476394,0.474773,0.40098,0.293615
Cheese,0.275084,0.433685,0.37862,0.382844,0.312701,0.279328,0.294542,0.338808,0.376244,0.398546,0.384632,0.356209,0.204513,0.374583,0.335768,0.380695,0.346678,0.346392,0.385791,0.4036,0.343457,0.31979,0.397004,1.0,0.405574,0.389546,0.303036,0.338958,0.343119,0.382878,0.283076,0.335761,0.416796,0.395096,0.371212,0.316544,0.311531,0.37925,0.331749,0.302399,0.36134,0.41447,0.343461,0.351527,0.341975,0.346763,0.368685,0.333885,0.359383,0.36103,0.422892,0.389108,0.332036,0.332643,0.362322,0.39417,0.41249,0.309583,0.338815,0.392931,0.378598,0.343178,0.266166,0.409493,0.323216,0.330247,0.415759,0.398585,0.363972,0.391161,0.376965,0.354573,0.397947,0.424006,0.351097,0.414352,0.300107,0.279119,0.346822,0.371802,0.293031,0.286468,0.292665,0.402156,0.308608,0.354825,0.388762,0.417522,0.407259,0.36093,0.404693,0.347174,0.395552,0.339621,0.352828,0.368568,0.346725,0.335628,0.372885,0.368728,0.38411,0.425267,0.30112,0.423443,0.418878,0.39414,0.409115,0.38067,0.346073,0.341626,0.397103,0.367727,0.323855,0.393583,0.38508,0.375304,0.366668,0.295836,0.390688,0.341448,0.411469,0.396703,0.372485,0.408543,0.382253,0.391261,0.390677,0.351828,0.428799,0.287105
Cheesegrater,0.443937,0.477245,0.338829,0.460301,0.472044,0.320208,0.415861,0.38985,0.489228,0.514715,0.517755,0.519419,0.344983,0.517283,0.448466,0.482239,0.475024,0.426403,0.487191,0.522299,0.439428,0.474842,0.584031,0.405574,1.0,0.492461,0.361394,0.481376,0.544155,0.502853,0.387222,0.515447,0.484722,0.5062,0.420405,0.471041,0.435282,0.480192,0.491128,0.444152,0.480777,0.528085,0.511875,0.533967,0.388845,0.497943,0.400119,0.318131,0.491143,0.492177,0.502858,0.483386,0.509032,0.510692,0.472246,0.515994,0.499839,0.413905,0.480501,0.510759,0.536474,0.437902,0.396916,0.514315,0.510487,0.471212,0.536975,0.571447,0.475866,0.495254,0.479997,0.521739,0.444456,0.494129,0.457313,0.558955,0.376997,0.423336,0.505305,0.557606,0.406427,0.309172,0.2601,0.466325,0.495473,0.466941,0.583589,0.534882,0.573703,0.465212,0.500758,0.359948,0.517875,0.477636,0.508308,0.457896,0.494849,0.496033,0.382161,0.40459,0.428941,0.530517,0.435377,0.486094,0.569687,0.552312,0.51435,0.487496,0.486949,0.40609,0.549789,0.402236,0.523274,0.451271,0.542582,0.505917,0.529322,0.37034,0.550783,0.475614,0.5013,0.49504,0.486084,0.559151,0.477336,0.525358,0.500173,0.487601,0.450849,0.358777
Christmasstreeornament,0.357787,0.500444,0.369539,0.46062,0.454489,0.349376,0.350542,0.3773,0.457069,0.519575,0.475381,0.498235,0.370749,0.423957,0.409592,0.477244,0.467438,0.487992,0.425191,0.494035,0.436761,0.380546,0.461359,0.389546,0.492461,1.0,0.361793,0.509304,0.443731,0.412537,0.363127,0.389152,0.432821,0.442632,0.38069,0.436434,0.371377,0.447783,0.468539,0.442871,0.438075,0.529001,0.46568,0.512154,0.458359,0.482699,0.432235,0.347195,0.437227,0.477807,0.505284,0.462186,0.431395,0.46682,0.491458,0.489954,0.476028,0.39189,0.476694,0.514298,0.549759,0.490885,0.409662,0.52172,0.465849,0.454612,0.5227,0.527972,0.406135,0.509731,0.47231,0.50652,0.49278,0.505348,0.481884,0.541168,0.437221,0.291157,0.520505,0.523423,0.34371,0.377519,0.278012,0.409364,0.516203,0.392886,0.532303,0.478117,0.494133,0.459084,0.517019,0.366732,0.431453,0.504867,0.461079,0.444978,0.48797,0.481472,0.425452,0.442929,0.444036,0.541498,0.44948,0.467955,0.56788,0.491756,0.481384,0.402813,0.486673,0.379498,0.48689,0.383184,0.460779,0.437721,0.539785,0.494705,0.411253,0.440316,0.55913,0.404843,0.539392,0.475743,0.403544,0.509774,0.486268,0.476387,0.537196,0.50773,0.477475,0.394159
Clock,0.28752,0.335476,0.308569,0.357128,0.357528,0.325668,0.305802,0.279165,0.356331,0.371783,0.336596,0.36625,0.409132,0.319842,0.293686,0.363853,0.348968,0.299704,0.333124,0.389249,0.326074,0.328182,0.369709,0.303036,0.361394,0.361793,1.0,0.344315,0.370158,0.353824,0.447678,0.314236,0.37748,0.317873,0.292867,0.357847,0.311936,0.355661,0.331181,0.308398,0.342499,0.31631,0.370855,0.380947,0.276031,0.289946,0.322581,0.344267,0.375508,0.336735,0.340654,0.331651,0.353138,0.311086,0.319929,0.378539,0.343282,0.345157,0.372887,0.322088,0.385773,0.335533,0.303729,0.354689,0.381034,0.328979,0.397734,0.323722,0.396879,0.356737,0.355521,0.363045,0.319974,0.330366,0.338574,0.332534,0.333671,0.306969,0.3201,0.313214,0.303319,0.246231,0.306727,0.334002,0.332978,0.32899,0.350782,0.392061,0.354027,0.396358,0.360219,0.283239,0.323091,0.347177,0.372317,0.335999,0.360048,0.344735,0.326626,0.328682,0.301414,0.353423,0.298779,0.415758,0.342668,0.341222,0.333835,0.2975,0.368717,0.261664,0.365667,0.297229,0.383313,0.341186,0.31315,0.339836,0.320987,0.259147,0.392039,0.333034,0.356878,0.357429,0.313619,0.335135,0.313426,0.35412,0.363358,0.334542,0.354899,0.291893
Coatrack,0.300099,0.408753,0.265563,0.43995,0.590111,0.216155,0.302091,0.282238,0.508756,0.475315,0.502088,0.574457,0.460891,0.486501,0.337497,0.516815,0.491543,0.453383,0.433288,0.482821,0.405384,0.360247,0.469905,0.338958,0.481376,0.509304,0.344315,1.0,0.476878,0.385038,0.299709,0.424014,0.363068,0.481105,0.359677,0.582516,0.45429,0.381496,0.466493,0.569636,0.368128,0.527966,0.490985,0.572786,0.404805,0.581108,0.326497,0.24419,0.408013,0.546073,0.446704,0.415483,0.483156,0.422418,0.454327,0.511068,0.403483,0.357288,0.5621,0.517982,0.579868,0.474261,0.550735,0.516819,0.535524,0.485688,0.457107,0.533549,0.358481,0.50053,0.411348,0.510767,0.388773,0.452392,0.502596,0.517214,0.351775,0.312614,0.688476,0.616856,0.42385,0.298312,0.173831,0.401843,0.658775,0.359348,0.552904,0.464023,0.50108,0.382198,0.418708,0.328661,0.396569,0.489146,0.49812,0.361905,0.543931,0.538347,0.301952,0.371386,0.378886,0.484662,0.514254,0.356356,0.610935,0.495042,0.46406,0.414183,0.505116,0.327487,0.509979,0.279111,0.518007,0.422101,0.592497,0.468714,0.403361,0.462644,0.562532,0.394765,0.578119,0.41222,0.44072,0.493523,0.452081,0.466014,0.544437,0.627987,0.382308,0.245705
Coffeemaker,0.37892,0.424058,0.333564,0.526704,0.570285,0.257341,0.336628,0.286723,0.508981,0.616999,0.438596,0.53765,0.394399,0.528193,0.442219,0.49149,0.479546,0.422387,0.448481,0.530942,0.379379,0.457887,0.576858,0.343119,0.544155,0.443731,0.370158,0.476878,1.0,0.595213,0.41747,0.555522,0.448906,0.465905,0.349992,0.537477,0.472767,0.443172,0.541691,0.415056,0.459381,0.489226,0.508065,0.613421,0.329562,0.402462,0.314598,0.279346,0.509469,0.468974,0.476354,0.455105,0.588055,0.3952,0.415181,0.519399,0.448296,0.442315,0.625424,0.446363,0.539366,0.40664,0.425286,0.537532,0.589961,0.506907,0.574812,0.660929,0.528939,0.452308,0.469391,0.644289,0.400404,0.44613,0.418596,0.471573,0.307362,0.485164,0.529154,0.493374,0.423134,0.263091,0.20158,0.447084,0.592009,0.478814,0.596157,0.555847,0.521258,0.428045,0.470331,0.297229,0.596051,0.464129,0.549164,0.391544,0.485735,0.514172,0.339429,0.340045,0.367367,0.469088,0.472579,0.514834,0.515946,0.51754,0.494331,0.434569,0.528208,0.39907,0.62068,0.333632,0.411494,0.417772,0.484214,0.465882,0.563917,0.335,0.657886,0.501643,0.472676,0.510829,0.44288,0.630762,0.472377,0.570434,0.537959,0.441834,0.362167,0.261221
Coffeemug,0.343423,0.444496,0.404836,0.479415,0.4365,0.321002,0.396802,0.307485,0.443861,0.534525,0.429574,0.455872,0.335647,0.459662,0.394869,0.430974,0.423048,0.390376,0.448796,0.482208,0.398971,0.393052,0.508571,0.382878,0.502853,0.412537,0.353824,0.385038,0.595213,1.0,0.396335,0.448079,0.428061,0.436518,0.395003,0.42759,0.395929,0.447162,0.434839,0.351482,0.427116,0.453194,0.439785,0.503902,0.321991,0.380011,0.335297,0.361899,0.51793,0.459914,0.461381,0.477509,0.481118,0.369471,0.39626,0.502061,0.466466,0.442561,0.49527,0.448442,0.44765,0.383289,0.304775,0.485173,0.468047,0.412239,0.556803,0.508379,0.51975,0.43033,0.451617,0.473775,0.396328,0.427044,0.396017,0.441994,0.296598,0.405029,0.404809,0.451008,0.373731,0.245993,0.263405,0.422949,0.430614,0.535399,0.512883,0.514691,0.461851,0.457684,0.436381,0.32053,0.533806,0.401257,0.453386,0.392158,0.459834,0.419433,0.368793,0.342024,0.373212,0.47054,0.363388,0.552092,0.470265,0.471738,0.464991,0.45899,0.437069,0.351683,0.52334,0.349302,0.384801,0.399084,0.430501,0.415791,0.564237,0.29407,0.561849,0.405452,0.416803,0.521928,0.442485,0.537315,0.442203,0.576343,0.449798,0.411209,0.39501,0.305767
Compass,0.289469,0.356348,0.352105,0.360589,0.328301,0.312806,0.316379,0.273898,0.335174,0.421022,0.313804,0.325959,0.499435,0.279836,0.382251,0.341712,0.358937,0.285141,0.308396,0.384732,0.353188,0.399893,0.407113,0.283076,0.387222,0.363127,0.447678,0.299709,0.41747,0.396335,1.0,0.299815,0.406535,0.292401,0.264426,0.307139,0.260628,0.445133,0.367494,0.280553,0.390249,0.340075,0.437797,0.414978,0.261354,0.253,0.339816,0.376754,0.466781,0.381301,0.337252,0.380541,0.371613,0.291646,0.314289,0.396644,0.387235,0.432732,0.394078,0.328509,0.395796,0.329801,0.258865,0.366472,0.374919,0.370775,0.464808,0.323853,0.477423,0.374933,0.403072,0.385567,0.347694,0.3258,0.369095,0.322292,0.327842,0.317277,0.283036,0.295142,0.251565,0.200263,0.300284,0.304921,0.318367,0.339585,0.393145,0.438068,0.348939,0.491675,0.387255,0.252448,0.351939,0.359577,0.391519,0.35264,0.404863,0.384936,0.351021,0.325559,0.278878,0.368465,0.273478,0.484789,0.363585,0.364895,0.347925,0.268393,0.403402,0.269024,0.365523,0.299447,0.414,0.345735,0.305385,0.354475,0.325447,0.230584,0.436357,0.367059,0.342783,0.387421,0.282594,0.353694,0.322307,0.392683,0.349979,0.329752,0.375256,0.341888
Computertower,0.399855,0.349438,0.249394,0.41592,0.454788,0.215623,0.284246,0.317889,0.483052,0.407232,0.443717,0.497956,0.215643,0.65531,0.337488,0.454993,0.406654,0.378379,0.545716,0.53898,0.323746,0.408977,0.62757,0.335761,0.515447,0.389152,0.314236,0.424014,0.555522,0.448079,0.299815,1.0,0.403738,0.463419,0.369835,0.495804,0.591768,0.402747,0.405722,0.395747,0.403024,0.441002,0.442582,0.474819,0.312196,0.412048,0.296871,0.240037,0.372285,0.365528,0.411366,0.379123,0.505568,0.377669,0.378095,0.452222,0.392106,0.292448,0.420972,0.414051,0.45911,0.360086,0.379398,0.432568,0.504149,0.385026,0.416747,0.560142,0.427079,0.433058,0.383187,0.470075,0.368391,0.39039,0.336361,0.502099,0.309207,0.61173,0.485596,0.489148,0.52142,0.243469,0.156821,0.460678,0.477396,0.416631,0.516817,0.489932,0.604854,0.342058,0.379492,0.29269,0.474123,0.393721,0.487793,0.378789,0.353674,0.39071,0.285096,0.292017,0.419596,0.421059,0.450684,0.353548,0.471711,0.495537,0.423736,0.484023,0.381539,0.413161,0.59662,0.267568,0.346335,0.429135,0.45781,0.44698,0.551718,0.32943,0.454183,0.451434,0.416337,0.424254,0.547286,0.528138,0.378308,0.426928,0.429207,0.352837,0.333796,0.236359
Controller,0.336801,0.430742,0.345189,0.464449,0.37196,0.306645,0.292865,0.328864,0.439475,0.452806,0.479396,0.44904,0.373838,0.421125,0.550253,0.401197,0.403611,0.362357,0.416922,0.471016,0.465583,0.584696,0.509411,0.416796,0.484722,0.432821,0.37748,0.363068,0.448906,0.428061,0.406535,0.403738,1.0,0.476899,0.365062,0.398655,0.295452,0.494502,0.520725,0.324791,0.520421,0.465692,0.419374,0.482342,0.34199,0.405866,0.374403,0.35739,0.479401,0.487629,0.472064,0.524324,0.463985,0.391166,0.435386,0.48686,0.460059,0.494611,0.398001,0.470301,0.513048,0.432979,0.266566,0.422559,0.372863,0.515363,0.460004,0.395359,0.514559,0.446577,0.501067,0.495095,0.477183,0.44539,0.423617,0.443775,0.364363,0.368792,0.341983,0.450894,0.302311,0.271717,0.263189,0.465236,0.404133,0.352449,0.531393,0.53202,0.465379,0.4714,0.583689,0.329527,0.421669,0.424905,0.439452,0.420029,0.503521,0.559287,0.419465,0.368786,0.405277,0.496953,0.311419,0.433412,0.481533,0.508059,0.546849,0.397019,0.570944,0.39097,0.466273,0.424928,0.380414,0.459099,0.443427,0.501896,0.384356,0.297686,0.506158,0.570819,0.458054,0.422746,0.414958,0.433678,0.516873,0.496127,0.454748,0.363211,0.435162,0.291952
Couch,0.411714,0.480882,0.317415,0.470072,0.465913,0.303595,0.35816,0.366878,0.598187,0.466625,0.622263,0.600687,0.272253,0.498591,0.430492,0.465113,0.501992,0.446194,0.500405,0.509945,0.447164,0.522976,0.475319,0.395096,0.5062,0.442632,0.317873,0.481105,0.465905,0.436518,0.292401,0.463419,0.476899,1.0,0.44217,0.551604,0.400081,0.443836,0.495467,0.458472,0.468368,0.511958,0.391882,0.477621,0.372773,0.573458,0.416313,0.30898,0.45769,0.487047,0.503817,0.491664,0.532377,0.445983,0.484652,0.512615,0.500901,0.366121,0.426159,0.541405,0.505237,0.423388,0.342734,0.474066,0.447897,0.468332,0.455949,0.456017,0.388126,0.428387,0.447784,0.483276,0.470848,0.499991,0.396719,0.461873,0.401007,0.423018,0.430502,0.607116,0.386791,0.317635,0.210794,0.489391,0.451064,0.397216,0.524797,0.535423,0.445628,0.409192,0.476433,0.353819,0.428144,0.398059,0.484814,0.395068,0.439999,0.468319,0.406909,0.424949,0.430348,0.568284,0.332119,0.41342,0.492268,0.627088,0.574624,0.529736,0.473846,0.391911,0.543293,0.346888,0.39626,0.523879,0.524709,0.584132,0.459922,0.371435,0.527357,0.526285,0.510361,0.426872,0.539298,0.450751,0.532651,0.488804,0.466877,0.415652,0.448063,0.289112
Cushion,0.393308,0.371743,0.307784,0.376367,0.347848,0.296092,0.373251,0.390923,0.409962,0.369647,0.447496,0.400759,0.227335,0.395064,0.287861,0.387216,0.369594,0.356946,0.43459,0.410109,0.329511,0.309085,0.390211,0.371212,0.420405,0.38069,0.292867,0.359677,0.349992,0.395003,0.264426,0.369835,0.365062,0.44217,1.0,0.37191,0.343721,0.342757,0.312212,0.351145,0.336365,0.380218,0.353804,0.345626,0.332522,0.380701,0.375155,0.297478,0.351763,0.360045,0.410398,0.356991,0.353471,0.384671,0.37112,0.433103,0.409969,0.292554,0.344831,0.387476,0.355707,0.362733,0.292603,0.403207,0.370228,0.311539,0.397958,0.371105,0.344367,0.357104,0.364141,0.318206,0.388224,0.389198,0.338329,0.432032,0.369562,0.30197,0.329698,0.403742,0.353922,0.264701,0.242966,0.357768,0.317487,0.4141,0.37833,0.390098,0.389285,0.3309,0.364446,0.354181,0.378563,0.338858,0.361777,0.387039,0.331635,0.317105,0.384279,0.347723,0.418593,0.421465,0.315987,0.409979,0.383522,0.399154,0.378269,0.444437,0.336445,0.372722,0.416098,0.321693,0.382939,0.403801,0.380507,0.380531,0.416067,0.308474,0.388621,0.325127,0.408233,0.405642,0.44552,0.383326,0.356004,0.38847,0.373314,0.339507,0.371813,0.342598
Desk,0.374239,0.386191,0.239661,0.454278,0.649955,0.238455,0.339002,0.275946,0.5994,0.454264,0.515874,0.663625,0.430017,0.519939,0.359367,0.503722,0.473375,0.434532,0.474418,0.5111,0.413163,0.427921,0.458311,0.316544,0.471041,0.436434,0.357847,0.582516,0.537477,0.42759,0.307139,0.495804,0.398655,0.551604,0.37191,1.0,0.507019,0.380736,0.474411,0.543451,0.379648,0.45949,0.428553,0.548678,0.342256,0.535377,0.329811,0.238563,0.404127,0.49186,0.430981,0.409152,0.563223,0.403232,0.436703,0.501893,0.397786,0.35842,0.55657,0.45661,0.536084,0.444219,0.534455,0.473272,0.578919,0.483171,0.425615,0.477042,0.392826,0.434014,0.402041,0.522784,0.384895,0.438319,0.410642,0.42573,0.377405,0.447011,0.567718,0.55609,0.484446,0.266477,0.169393,0.442324,0.572315,0.379675,0.504598,0.491947,0.434527,0.351831,0.397892,0.306728,0.410308,0.412011,0.514446,0.336321,0.472901,0.49192,0.298215,0.35433,0.38626,0.462839,0.434251,0.355618,0.479766,0.531304,0.506243,0.472989,0.501759,0.360492,0.548721,0.27119,0.448575,0.463023,0.495162,0.488373,0.45811,0.379885,0.537508,0.470041,0.515393,0.397649,0.483162,0.439042,0.458609,0.478946,0.49359,0.519028,0.368749,0.240064
Door,0.302294,0.351894,0.245065,0.38219,0.489866,0.184335,0.311881,0.294686,0.462223,0.405116,0.382817,0.489822,0.228125,0.564762,0.260143,0.454324,0.360019,0.371391,0.49213,0.502351,0.309227,0.290594,0.503287,0.311531,0.435282,0.371377,0.311936,0.45429,0.472767,0.395929,0.260628,0.591768,0.295452,0.400081,0.343721,0.507019,1.0,0.335882,0.332065,0.419277,0.312704,0.399171,0.408407,0.435061,0.284907,0.419376,0.296068,0.198341,0.314395,0.327377,0.376126,0.314557,0.43269,0.334304,0.350149,0.407978,0.339934,0.250533,0.442484,0.366965,0.424974,0.331526,0.450565,0.428229,0.519655,0.326871,0.378959,0.530359,0.379252,0.406796,0.32715,0.401272,0.328601,0.379396,0.315959,0.467202,0.267821,0.491431,0.538561,0.448675,0.54549,0.240307,0.153814,0.37861,0.46988,0.390747,0.444767,0.414929,0.523211,0.293999,0.31904,0.294647,0.418383,0.373402,0.44044,0.344737,0.324839,0.337248,0.25608,0.283067,0.372953,0.367379,0.452941,0.337002,0.450197,0.399894,0.331859,0.442349,0.327413,0.324763,0.532157,0.237358,0.339223,0.366176,0.436303,0.367066,0.488106,0.332726,0.412893,0.342638,0.402432,0.398912,0.489904,0.483388,0.316459,0.38187,0.413867,0.423276,0.316042,0.22724
Doorknob,0.318802,0.536381,0.451704,0.408625,0.364379,0.329131,0.337,0.343384,0.429089,0.483231,0.461001,0.439263,0.353586,0.406053,0.490164,0.405496,0.397246,0.376975,0.402512,0.479074,0.44405,0.44419,0.485173,0.37925,0.480192,0.447783,0.355661,0.381496,0.443172,0.447162,0.445133,0.402747,0.494502,0.443836,0.342757,0.380736,0.335882,1.0,0.418738,0.345469,0.510352,0.478178,0.460586,0.486506,0.348768,0.427194,0.413843,0.379554,0.527653,0.489415,0.451423,0.506508,0.419351,0.396784,0.425481,0.45833,0.497644,0.500955,0.405351,0.465012,0.494429,0.377677,0.270296,0.452769,0.400182,0.409158,0.530997,0.451935,0.496748,0.487439,0.483667,0.43317,0.449017,0.473777,0.423521,0.451293,0.354973,0.353982,0.389844,0.474751,0.313812,0.282485,0.263334,0.414261,0.378528,0.382992,0.506794,0.518943,0.465687,0.530236,0.461302,0.311181,0.437683,0.427455,0.420892,0.41238,0.467758,0.451753,0.40633,0.393195,0.353805,0.48744,0.323303,0.469112,0.540751,0.487994,0.466289,0.389342,0.440319,0.344854,0.433883,0.367003,0.39811,0.41094,0.454089,0.443309,0.409032,0.324365,0.49735,0.429659,0.439243,0.459325,0.407903,0.446181,0.427782,0.483583,0.426913,0.408154,0.462964,0.396281
Drill,0.340947,0.462242,0.295893,0.505296,0.465921,0.259254,0.28983,0.28553,0.493401,0.519443,0.488828,0.542377,0.401563,0.421224,0.517767,0.450029,0.474243,0.457172,0.392978,0.481446,0.454039,0.581407,0.47978,0.331749,0.491128,0.468539,0.331181,0.466493,0.541691,0.434839,0.367494,0.405722,0.520725,0.495467,0.312212,0.474411,0.332065,0.418738,1.0,0.382475,0.499709,0.510552,0.439189,0.565838,0.379735,0.473705,0.358505,0.286713,0.469313,0.482715,0.491162,0.499793,0.535091,0.419738,0.467532,0.480984,0.454295,0.446614,0.492908,0.529336,0.582845,0.467414,0.354587,0.477498,0.451315,0.605923,0.468042,0.484057,0.431742,0.447646,0.488135,0.639739,0.48296,0.48487,0.451136,0.483784,0.352154,0.336573,0.465778,0.535126,0.316135,0.305445,0.211721,0.446312,0.569956,0.341064,0.597241,0.526277,0.45588,0.431152,0.571505,0.304394,0.420924,0.508615,0.497075,0.391205,0.518563,0.601593,0.366879,0.384678,0.373836,0.53898,0.412871,0.421749,0.520001,0.561022,0.569756,0.379959,0.626362,0.343195,0.546286,0.383519,0.407415,0.422454,0.519419,0.586558,0.403124,0.382713,0.618028,0.601176,0.490843,0.423645,0.383517,0.50638,0.592222,0.503901,0.539212,0.422019,0.427108,0.26389
Dryingrack,0.339026,0.342787,0.208715,0.374497,0.537096,0.198769,0.320301,0.283514,0.48303,0.390691,0.469867,0.523127,0.420596,0.432305,0.308739,0.465395,0.483818,0.38944,0.404052,0.412071,0.341421,0.364702,0.414774,0.302399,0.444152,0.442871,0.308398,0.569636,0.415056,0.351482,0.280553,0.395747,0.324791,0.458472,0.351145,0.543451,0.419277,0.345469,0.382475,1.0,0.322043,0.431683,0.429249,0.473071,0.359689,0.521369,0.311111,0.230313,0.37123,0.513561,0.370034,0.368816,0.459573,0.377233,0.425362,0.446733,0.351695,0.300437,0.466767,0.44208,0.478154,0.425775,0.551725,0.460473,0.493408,0.434025,0.424284,0.423277,0.313123,0.421892,0.365186,0.430844,0.352445,0.38369,0.437182,0.422145,0.385375,0.344222,0.511553,0.553302,0.386934,0.289009,0.165061,0.361891,0.494583,0.339008,0.461079,0.436743,0.416732,0.347695,0.360251,0.313448,0.346489,0.407373,0.45898,0.323237,0.457526,0.456656,0.290506,0.343744,0.349404,0.420998,0.387746,0.336176,0.483306,0.491504,0.425403,0.40928,0.430252,0.284295,0.477917,0.24135,0.494595,0.41929,0.481611,0.447127,0.380593,0.384993,0.461455,0.380069,0.515052,0.358549,0.406982,0.419157,0.393698,0.408355,0.467666,0.505271,0.340677,0.264529
Dumbbell,0.36781,0.54265,0.437197,0.45385,0.375106,0.337476,0.32011,0.360084,0.42386,0.476997,0.466816,0.447241,0.301431,0.400601,0.523027,0.395772,0.409475,0.38082,0.403294,0.468331,0.437164,0.51896,0.489485,0.36134,0.480777,0.438075,0.342499,0.368128,0.459381,0.427116,0.390249,0.403024,0.520421,0.468368,0.336365,0.379648,0.312704,0.510352,0.499709,0.322043,1.0,0.49279,0.435781,0.457909,0.349633,0.414385,0.398387,0.35562,0.509195,0.441845,0.502742,0.509444,0.448787,0.430521,0.433551,0.445541,0.503739,0.471263,0.408032,0.470221,0.483946,0.39733,0.269411,0.442313,0.397188,0.46529,0.490667,0.482906,0.447888,0.474177,0.49127,0.474813,0.475942,0.480376,0.399083,0.461711,0.360133,0.333301,0.392607,0.462091,0.275918,0.276347,0.233195,0.438197,0.407362,0.366252,0.525365,0.500802,0.466023,0.461538,0.504365,0.301036,0.446136,0.411512,0.432726,0.433691,0.414801,0.477229,0.443419,0.385353,0.385345,0.51146,0.331599,0.437186,0.524378,0.500295,0.493168,0.386022,0.488621,0.398509,0.477865,0.402055,0.374711,0.422514,0.461047,0.496954,0.409177,0.320305,0.502874,0.523015,0.437484,0.448306,0.399801,0.46517,0.493523,0.475611,0.434596,0.373772,0.449306,0.336446
Dustpan,0.329439,0.519762,0.411754,0.502016,0.475369,0.297923,0.31477,0.374059,0.506087,0.563437,0.490882,0.511478,0.31371,0.49162,0.466601,0.475524,0.478465,0.453064,0.474117,0.519417,0.496478,0.451301,0.530085,0.41447,0.528085,0.529001,0.31631,0.527966,0.489226,0.453194,0.340075,0.441002,0.465692,0.511958,0.380218,0.45949,0.399171,0.478178,0.510552,0.431683,0.49279,1.0,0.485051,0.544069,0.413283,0.510388,0.383798,0.378714,0.50637,0.503231,0.557355,0.553892,0.489337,0.444576,0.493425,0.541193,0.527864,0.458259,0.515551,0.570839,0.539681,0.512393,0.386797,0.550651,0.466516,0.49763,0.53109,0.585756,0.451511,0.529785,0.496142,0.527844,0.490783,0.511112,0.493717,0.552938,0.374326,0.37285,0.598686,0.57247,0.362454,0.285744,0.209452,0.458773,0.555015,0.391038,0.582109,0.532126,0.524367,0.458757,0.520022,0.349899,0.472229,0.460182,0.496162,0.448215,0.525686,0.509981,0.428799,0.407038,0.457149,0.588138,0.457208,0.449673,0.622288,0.589163,0.570898,0.436657,0.509195,0.44246,0.533136,0.364452,0.457961,0.529836,0.595611,0.542126,0.457519,0.3995,0.575241,0.448471,0.575667,0.499312,0.459898,0.562103,0.549451,0.542308,0.504866,0.59574,0.464453,0.33058
Fan,0.39496,0.439394,0.364813,0.429068,0.472174,0.284456,0.3835,0.360527,0.421292,0.492655,0.41167,0.442255,0.454918,0.439879,0.40293,0.450534,0.442738,0.370838,0.404695,0.469692,0.415085,0.389299,0.505329,0.343461,0.511875,0.46568,0.370855,0.490985,0.508065,0.439785,0.437797,0.442582,0.419374,0.391882,0.353804,0.428553,0.408407,0.460586,0.439189,0.429249,0.435781,0.485051,1.0,0.533059,0.349184,0.421819,0.362585,0.324129,0.483709,0.481258,0.439027,0.434497,0.44749,0.440738,0.40807,0.482287,0.452602,0.443075,0.511156,0.444033,0.51861,0.418889,0.42577,0.490589,0.515606,0.432466,0.52931,0.531642,0.466491,0.48625,0.451049,0.476452,0.385983,0.435897,0.466993,0.502701,0.36216,0.3524,0.53182,0.474957,0.370839,0.254642,0.227825,0.374023,0.521382,0.406555,0.533607,0.476621,0.497322,0.459057,0.423513,0.318306,0.451434,0.450276,0.47427,0.437344,0.508334,0.480636,0.37521,0.35312,0.365589,0.445697,0.447765,0.450888,0.553834,0.449394,0.424883,0.393076,0.467229,0.365859,0.485433,0.355324,0.559029,0.399746,0.490706,0.422086,0.443692,0.351572,0.523503,0.391911,0.485538,0.453919,0.396159,0.505453,0.403618,0.472433,0.479218,0.491296,0.390234,0.34897
Faucet,0.361636,0.456474,0.32008,0.513624,0.550769,0.254555,0.339297,0.303779,0.515709,0.578064,0.493851,0.582645,0.505101,0.498315,0.475679,0.517075,0.486662,0.468063,0.426313,0.536189,0.508183,0.471511,0.528013,0.351527,0.533967,0.512154,0.380947,0.572786,0.613421,0.503902,0.414978,0.474819,0.482342,0.477621,0.345626,0.548678,0.435061,0.486506,0.565838,0.473071,0.457909,0.544069,0.533059,1.0,0.390037,0.52295,0.35665,0.297092,0.517382,0.567268,0.500725,0.50952,0.533356,0.437058,0.486164,0.573654,0.455547,0.556973,0.57116,0.513572,0.644842,0.475012,0.463458,0.533061,0.572645,0.54899,0.538672,0.599695,0.566845,0.496617,0.503666,0.623059,0.443961,0.488087,0.514998,0.525991,0.362799,0.380116,0.587559,0.578465,0.407227,0.297981,0.20876,0.440424,0.648363,0.38521,0.617722,0.540662,0.522125,0.50625,0.49523,0.323627,0.478431,0.578214,0.529283,0.420888,0.630214,0.595126,0.35079,0.39525,0.377652,0.517568,0.503219,0.438057,0.603217,0.546964,0.53733,0.414502,0.598993,0.388948,0.567872,0.341898,0.506447,0.459603,0.565447,0.513889,0.44709,0.432085,0.645844,0.491028,0.565209,0.457574,0.436868,0.553239,0.514038,0.591473,0.579844,0.558718,0.419225,0.294161
Flower,0.290828,0.422288,0.309007,0.353941,0.337735,0.285999,0.262295,0.298569,0.368761,0.376583,0.39717,0.415727,0.258297,0.339801,0.327159,0.377982,0.370496,0.522465,0.345033,0.389371,0.341219,0.3063,0.356473,0.341975,0.388845,0.458359,0.276031,0.404805,0.329562,0.321991,0.261354,0.312196,0.34199,0.372773,0.332522,0.342256,0.284907,0.348768,0.379735,0.359689,0.349633,0.413283,0.349184,0.390037,1.0,0.392,0.346658,0.265375,0.330026,0.374837,0.411237,0.376475,0.326792,0.42281,0.427819,0.36701,0.376239,0.295898,0.350406,0.427033,0.445655,0.403106,0.300355,0.412872,0.334896,0.381878,0.4173,0.403126,0.282538,0.430907,0.382251,0.39571,0.439221,0.438205,0.382137,0.443913,0.449524,0.2211,0.389755,0.429225,0.265785,0.397858,0.277733,0.33884,0.415261,0.30514,0.410266,0.374123,0.385338,0.364782,0.424297,0.315551,0.33277,0.383933,0.352199,0.348047,0.364028,0.381041,0.365804,0.391581,0.393179,0.439674,0.338509,0.380083,0.456211,0.404307,0.39592,0.322763,0.380198,0.289552,0.375812,0.345385,0.340646,0.354547,0.43266,0.41522,0.32108,0.477684,0.426513,0.333499,0.437821,0.367134,0.32684,0.399346,0.428658,0.372843,0.474263,0.355429,0.454916,0.301271
Flute,0.330856,0.45222,0.259052,0.370348,0.442178,0.225439,0.30957,0.307227,0.523106,0.442871,0.646894,0.605114,0.288023,0.499554,0.374731,0.474688,0.499364,0.465785,0.45927,0.477536,0.499358,0.442781,0.466472,0.346763,0.497943,0.482699,0.289946,0.581108,0.402462,0.380011,0.253,0.412048,0.405866,0.573458,0.380701,0.535377,0.419376,0.427194,0.473705,0.521369,0.414385,0.510388,0.421819,0.52295,0.392,1.0,0.34869,0.254441,0.447014,0.553973,0.453102,0.481696,0.442311,0.462758,0.520018,0.470029,0.440098,0.325773,0.4043,0.625689,0.604831,0.423881,0.422023,0.468133,0.424591,0.460259,0.432092,0.49777,0.326561,0.474226,0.405639,0.456804,0.425915,0.48181,0.460745,0.51512,0.349165,0.30855,0.584269,0.771059,0.428344,0.280144,0.175153,0.433948,0.529552,0.34424,0.571453,0.497956,0.504772,0.434969,0.456192,0.328387,0.377659,0.497245,0.473367,0.359585,0.53043,0.492355,0.30183,0.37862,0.369122,0.559915,0.446401,0.346876,0.608527,0.603091,0.502718,0.472013,0.439792,0.277193,0.453066,0.277619,0.437871,0.417473,0.6581,0.578436,0.385878,0.456831,0.496494,0.452071,0.521564,0.394954,0.508463,0.4583,0.50979,0.478355,0.499629,0.594868,0.431779,0.254001
Fossils,0.374389,0.576764,0.368003,0.407641,0.309577,0.351696,0.415924,0.425192,0.380708,0.434753,0.431679,0.396037,0.255678,0.299908,0.37161,0.445336,0.375955,0.386595,0.38803,0.462801,0.390932,0.336035,0.341738,0.368685,0.400119,0.432235,0.322581,0.326497,0.314598,0.335297,0.339816,0.296871,0.374403,0.416313,0.375155,0.329811,0.296068,0.413843,0.358505,0.311111,0.398387,0.383798,0.362585,0.35665,0.346658,0.34869,1.0,0.305995,0.373519,0.337779,0.444919,0.346604,0.336146,0.445839,0.398224,0.407311,0.455416,0.327083,0.323104,0.387164,0.405699,0.362002,0.258531,0.411644,0.366352,0.332585,0.424398,0.354722,0.370616,0.368642,0.410506,0.357405,0.540544,0.514171,0.361454,0.440239,0.423554,0.235306,0.300945,0.363656,0.266678,0.44962,0.349909,0.336004,0.304266,0.37856,0.380692,0.390537,0.363631,0.40286,0.411599,0.37161,0.363464,0.434716,0.34103,0.436802,0.326653,0.331414,0.479958,0.504647,0.379315,0.453601,0.274329,0.466141,0.404286,0.384912,0.370823,0.376609,0.358785,0.351628,0.404125,0.413666,0.357903,0.389758,0.371817,0.42356,0.346565,0.337124,0.420226,0.345416,0.41542,0.419859,0.358083,0.358033,0.34473,0.373,0.388448,0.320602,0.504511,0.508802
Frisbee,0.246315,0.361876,0.471178,0.316768,0.244357,0.445021,0.30037,0.345518,0.319612,0.334709,0.310436,0.276037,0.249789,0.275984,0.296459,0.283035,0.307132,0.239324,0.279404,0.298063,0.391246,0.294977,0.306584,0.333885,0.318131,0.347195,0.344267,0.24419,0.279346,0.361899,0.376754,0.240037,0.35739,0.30898,0.297478,0.238563,0.198341,0.379554,0.286713,0.230313,0.35562,0.378714,0.324129,0.297092,0.265375,0.254441,0.305995,1.0,0.430872,0.323381,0.355114,0.439689,0.273401,0.27965,0.312139,0.329576,0.411774,0.3973,0.28847,0.377966,0.297465,0.387174,0.177369,0.354502,0.254007,0.282224,0.426135,0.262896,0.35433,0.381607,0.358204,0.267072,0.321847,0.326276,0.346796,0.30698,0.349336,0.232882,0.243978,0.286656,0.191635,0.16542,0.310484,0.317952,0.266026,0.328222,0.31484,0.364376,0.296361,0.421182,0.330122,0.282861,0.284902,0.238368,0.298181,0.342538,0.320736,0.272944,0.41034,0.32162,0.334845,0.387701,0.2278,0.425735,0.328765,0.353966,0.379146,0.289518,0.299136,0.279112,0.286076,0.288181,0.388547,0.405105,0.302768,0.356529,0.308982,0.200899,0.328609,0.279827,0.373562,0.38396,0.279083,0.30605,0.365318,0.379576,0.287038,0.300577,0.367821,0.362307
Fryingpan,0.35026,0.511651,0.492128,0.433997,0.4042,0.336691,0.404421,0.387627,0.446894,0.532208,0.459409,0.460124,0.377863,0.379719,0.490299,0.409461,0.454284,0.380154,0.385177,0.449533,0.504848,0.489246,0.480959,0.359383,0.491143,0.437227,0.375508,0.408013,0.509469,0.51793,0.466781,0.372285,0.479401,0.45769,0.351763,0.404127,0.314395,0.527653,0.469313,0.37123,0.509195,0.50637,0.483709,0.517382,0.330026,0.447014,0.373519,0.430872,1.0,0.541083,0.448175,0.561405,0.484091,0.420033,0.426375,0.493894,0.559686,0.544431,0.462346,0.51076,0.488779,0.408827,0.296123,0.474256,0.426555,0.454046,0.551799,0.443872,0.503872,0.463928,0.512058,0.477108,0.419727,0.445988,0.454596,0.438179,0.357318,0.356191,0.392219,0.511585,0.276359,0.247957,0.290295,0.396743,0.421374,0.435978,0.520765,0.553102,0.426013,0.54662,0.456917,0.316457,0.433072,0.401951,0.45914,0.429561,0.509275,0.482604,0.442118,0.391713,0.339864,0.524544,0.308375,0.520979,0.524704,0.537552,0.514251,0.400438,0.489852,0.320567,0.457774,0.350798,0.518878,0.454951,0.472764,0.470617,0.458404,0.320092,0.55545,0.437696,0.468912,0.469513,0.411904,0.452849,0.452799,0.544751,0.422181,0.462746,0.435761,0.360279
Glasses,0.286158,0.433613,0.324098,0.420973,0.466355,0.249876,0.321924,0.288446,0.459857,0.460943,0.531026,0.512933,0.547045,0.416343,0.451314,0.442933,0.471481,0.405923,0.406493,0.450904,0.484537,0.452524,0.474092,0.36103,0.492177,0.477807,0.336735,0.546073,0.468974,0.459914,0.381301,0.365528,0.487629,0.487047,0.360045,0.49186,0.327377,0.489415,0.482715,0.513561,0.441845,0.503231,0.481258,0.567268,0.374837,0.553973,0.337779,0.323381,0.541083,1.0,0.442257,0.559105,0.467134,0.395412,0.462979,0.537632,0.474203,0.491734,0.47035,0.550557,0.561371,0.456988,0.390156,0.478326,0.464197,0.504598,0.491357,0.420288,0.446732,0.47946,0.483502,0.467923,0.402778,0.441602,0.511496,0.454675,0.34324,0.302981,0.453447,0.604723,0.308805,0.254913,0.202462,0.406893,0.475409,0.36299,0.548263,0.513664,0.453379,0.498994,0.474057,0.318262,0.394391,0.437462,0.460642,0.365427,0.657607,0.541079,0.369668,0.367749,0.367934,0.536381,0.32992,0.394659,0.575953,0.534536,0.534995,0.408733,0.538665,0.30355,0.445401,0.308956,0.503704,0.461218,0.531506,0.478213,0.387004,0.37971,0.577945,0.433877,0.533708,0.417608,0.434577,0.443667,0.494887,0.548682,0.477471,0.509726,0.411006,0.273381
Glove,0.397338,0.535749,0.403812,0.532841,0.439397,0.368179,0.359609,0.394159,0.464474,0.544009,0.476023,0.495552,0.279801,0.441399,0.459829,0.445781,0.445867,0.445103,0.457342,0.520389,0.463482,0.414764,0.485996,0.422892,0.502858,0.505284,0.340654,0.446704,0.476354,0.461381,0.337252,0.411366,0.472064,0.503817,0.410398,0.430981,0.376126,0.451423,0.491162,0.370034,0.502742,0.557355,0.439027,0.500725,0.411237,0.453102,0.444919,0.355114,0.448175,0.442257,1.0,0.488639,0.449754,0.490249,0.48316,0.519136,0.511062,0.44356,0.463264,0.505229,0.509336,0.466289,0.339781,0.511185,0.454519,0.456724,0.528237,0.572897,0.4551,0.475755,0.490462,0.506697,0.515028,0.525702,0.43913,0.542009,0.403471,0.324528,0.493048,0.493274,0.334378,0.357748,0.253384,0.450622,0.471325,0.421296,0.547051,0.487707,0.494123,0.433732,0.52837,0.365139,0.487762,0.46473,0.446299,0.477983,0.458591,0.454771,0.469019,0.447458,0.462424,0.560647,0.425905,0.46913,0.554399,0.511643,0.511657,0.436655,0.490973,0.489875,0.533367,0.410665,0.396092,0.474239,0.522585,0.496287,0.456979,0.378603,0.557455,0.442992,0.516012,0.503868,0.444748,0.539665,0.524147,0.520232,0.500636,0.492928,0.469199,0.358648
Goggles,0.317574,0.481675,0.429908,0.434504,0.384219,0.327642,0.316565,0.343876,0.457506,0.477442,0.510217,0.470255,0.368188,0.426679,0.512623,0.393853,0.424314,0.388142,0.408585,0.450705,0.519336,0.504316,0.488049,0.389108,0.483386,0.462186,0.331651,0.415483,0.455105,0.477509,0.380541,0.379123,0.524324,0.491664,0.356991,0.409152,0.314557,0.506508,0.499793,0.368816,0.509444,0.553892,0.434497,0.50952,0.376475,0.481696,0.346604,0.439689,0.561405,0.559105,0.488639,1.0,0.442599,0.396122,0.472721,0.493348,0.509377,0.531105,0.420408,0.55825,0.499624,0.488167,0.283052,0.464549,0.401759,0.480169,0.50148,0.455713,0.47649,0.502946,0.50205,0.450102,0.454254,0.459246,0.457167,0.458906,0.381701,0.334429,0.40065,0.53933,0.294258,0.244408,0.249059,0.450067,0.434306,0.373176,0.538695,0.522318,0.459631,0.518761,0.507575,0.318634,0.419011,0.397349,0.435045,0.403637,0.545386,0.485306,0.426171,0.378103,0.41236,0.556972,0.340695,0.440386,0.545714,0.564295,0.562817,0.406929,0.497507,0.328853,0.443769,0.355555,0.436778,0.488859,0.518207,0.536365,0.41202,0.341148,0.522537,0.474749,0.499648,0.45192,0.432832,0.472405,0.561406,0.557505,0.447658,0.44266,0.449016,0.318231
Grill,0.374504,0.421692,0.296824,0.502791,0.548999,0.26313,0.343424,0.312761,0.556412,0.52652,0.468685,0.573211,0.389521,0.489875,0.440457,0.477133,0.502288,0.42729,0.459509,0.50537,0.383443,0.521104,0.51556,0.332036,0.509032,0.431395,0.353138,0.483156,0.588055,0.481118,0.371613,0.505568,0.463985,0.532377,0.353471,0.563223,0.43269,0.419351,0.535091,0.459573,0.448787,0.489337,0.44749,0.533356,0.326792,0.442311,0.336146,0.273401,0.484091,0.467134,0.449754,0.442599,1.0,0.393084,0.419905,0.511721,0.459526,0.396391,0.540859,0.458651,0.513275,0.418302,0.423424,0.486674,0.519016,0.519166,0.484623,0.487751,0.453405,0.419972,0.453234,0.594129,0.416758,0.436125,0.40101,0.437497,0.346212,0.502425,0.457929,0.512133,0.398004,0.263161,0.181002,0.453178,0.528122,0.412704,0.54453,0.557003,0.448087,0.387204,0.472671,0.300439,0.449024,0.424919,0.533513,0.373334,0.458766,0.524381,0.3408,0.353681,0.37611,0.487647,0.380741,0.451395,0.470509,0.576209,0.54025,0.450865,0.547539,0.378827,0.605922,0.333654,0.432548,0.463537,0.46271,0.521931,0.500903,0.339402,0.597281,0.534504,0.48203,0.432405,0.45372,0.495964,0.479479,0.493423,0.485776,0.411038,0.365646,0.269646
Hairbrush,0.549684,0.493837,0.314881,0.385748,0.395287,0.419678,0.473261,0.422055,0.405671,0.439633,0.460335,0.486431,0.255663,0.384576,0.37421,0.411446,0.400377,0.398397,0.39548,0.449285,0.443457,0.360917,0.428287,0.332643,0.510692,0.46682,0.311086,0.422418,0.3952,0.369471,0.291646,0.377669,0.391166,0.445983,0.384671,0.403232,0.334304,0.396784,0.419738,0.377233,0.430521,0.444576,0.440738,0.437058,0.42281,0.462758,0.445839,0.27965,0.420033,0.395412,0.490249,0.396122,0.393084,1.0,0.456575,0.415327,0.456545,0.355627,0.395476,0.447484,0.490644,0.393095,0.332208,0.433712,0.431238,0.373986,0.490263,0.475894,0.357558,0.423756,0.425851,0.428576,0.402391,0.488541,0.408356,0.525519,0.513265,0.277048,0.464508,0.481577,0.320914,0.432527,0.239464,0.376874,0.451152,0.402127,0.485222,0.411355,0.455464,0.384605,0.428909,0.331427,0.403018,0.450189,0.400357,0.447022,0.412179,0.401071,0.393355,0.42024,0.377237,0.475425,0.389606,0.393002,0.510697,0.460562,0.428366,0.417736,0.402924,0.352745,0.440287,0.39394,0.471107,0.360873,0.484194,0.432578,0.425344,0.378997,0.462527,0.365188,0.443743,0.419197,0.403262,0.438686,0.415675,0.420858,0.445854,0.439875,0.406355,0.455984
Hairclip,0.391826,0.479395,0.329921,0.427648,0.409643,0.306788,0.333317,0.356567,0.460864,0.466308,0.514838,0.51134,0.30763,0.416906,0.420904,0.434832,0.445133,0.464317,0.414647,0.469197,0.442706,0.422764,0.441177,0.362322,0.472246,0.491458,0.319929,0.454327,0.415181,0.39626,0.314289,0.378095,0.435386,0.484652,0.37112,0.436703,0.350149,0.425481,0.467532,0.425362,0.433551,0.493425,0.40807,0.486164,0.427819,0.520018,0.398224,0.312139,0.426375,0.462979,0.48316,0.472721,0.419905,0.456575,1.0,0.462614,0.447976,0.380882,0.405261,0.523993,0.519913,0.454732,0.352835,0.468336,0.433528,0.450609,0.463715,0.473693,0.378162,0.461062,0.442518,0.467111,0.487496,0.48209,0.43224,0.493826,0.424899,0.299003,0.459756,0.550274,0.334498,0.353183,0.268575,0.417788,0.448655,0.354881,0.514268,0.468764,0.460531,0.445652,0.493892,0.34344,0.403621,0.462066,0.429284,0.409674,0.459525,0.448662,0.391701,0.426412,0.407792,0.536336,0.390569,0.420289,0.522195,0.530021,0.484045,0.412805,0.454123,0.346478,0.462426,0.35569,0.409708,0.430833,0.529782,0.523494,0.390428,0.407646,0.509331,0.430101,0.495522,0.43315,0.418248,0.465028,0.501106,0.471674,0.502494,0.472354,0.479043,0.347336
Handbag,0.402957,0.47475,0.351601,0.555647,0.501677,0.297514,0.379148,0.370192,0.500346,0.530276,0.498351,0.510651,0.468141,0.46975,0.439502,0.495411,0.478982,0.434537,0.498121,0.527313,0.460716,0.436977,0.523486,0.39417,0.515994,0.489954,0.378539,0.511068,0.519399,0.502061,0.396644,0.452222,0.48686,0.512615,0.433103,0.501893,0.407978,0.45833,0.480984,0.446733,0.445541,0.541193,0.482287,0.573654,0.36701,0.470029,0.407311,0.329576,0.493894,0.537632,0.519136,0.493348,0.511721,0.415327,0.462614,1.0,0.49972,0.487009,0.505925,0.487055,0.525367,0.489624,0.430147,0.519756,0.53359,0.493713,0.495499,0.502478,0.524045,0.45093,0.488084,0.498191,0.476938,0.463731,0.481632,0.505454,0.375748,0.397183,0.459543,0.510251,0.390488,0.297494,0.24607,0.437378,0.474404,0.439351,0.53755,0.516015,0.490514,0.467525,0.499281,0.36523,0.460081,0.508788,0.485901,0.446759,0.564909,0.502735,0.428022,0.413696,0.44708,0.549986,0.423207,0.46134,0.52213,0.524687,0.50933,0.460426,0.541888,0.469548,0.557319,0.36508,0.488756,0.545845,0.508443,0.486026,0.465555,0.368244,0.59214,0.448683,0.542571,0.48744,0.496829,0.501341,0.478307,0.562593,0.486901,0.526852,0.432877,0.330052
Hat,0.37639,0.558273,0.479506,0.47239,0.396163,0.373516,0.432877,0.469846,0.468009,0.537409,0.480854,0.464281,0.284691,0.404107,0.450297,0.43816,0.457841,0.432634,0.446104,0.490673,0.467007,0.421478,0.469365,0.41249,0.499839,0.476028,0.343282,0.403483,0.448296,0.466466,0.387235,0.392106,0.460059,0.500901,0.409969,0.397786,0.339934,0.497644,0.454295,0.351695,0.503739,0.527864,0.452602,0.455547,0.376239,0.440098,0.455416,0.411774,0.559686,0.474203,0.511062,0.509377,0.459526,0.456545,0.447976,0.49972,1.0,0.440515,0.431641,0.514105,0.470233,0.421245,0.286627,0.498893,0.420995,0.422748,0.526753,0.462412,0.442553,0.464003,0.495518,0.468013,0.486341,0.512307,0.428988,0.498298,0.386115,0.332249,0.392604,0.487033,0.294527,0.302441,0.27119,0.428944,0.398768,0.440063,0.50018,0.526783,0.447909,0.478705,0.493752,0.373537,0.451975,0.405279,0.449467,0.470059,0.432771,0.427821,0.485362,0.429499,0.429885,0.574543,0.318755,0.5198,0.517607,0.521246,0.511222,0.455534,0.457523,0.42462,0.491711,0.415344,0.468164,0.484567,0.481232,0.493997,0.467332,0.350247,0.544936,0.418408,0.492606,0.49157,0.45647,0.469779,0.462119,0.502188,0.439426,0.423874,0.485563,0.416867
Headphones,0.312822,0.440709,0.422843,0.432393,0.374549,0.317672,0.332467,0.301355,0.374824,0.454396,0.362988,0.384369,0.456581,0.303989,0.506004,0.355448,0.350944,0.305413,0.300341,0.40617,0.527073,0.446997,0.39804,0.309583,0.413905,0.39189,0.345157,0.357288,0.442315,0.442561,0.432732,0.292448,0.494611,0.366121,0.292554,0.35842,0.250533,0.500955,0.446614,0.300437,0.471263,0.458259,0.443075,0.556973,0.295898,0.325773,0.327083,0.3973,0.544431,0.491734,0.44356,0.531105,0.396391,0.355627,0.380882,0.487009,0.440515,1.0,0.427416,0.402416,0.457825,0.432266,0.274562,0.407233,0.406707,0.44874,0.483719,0.387961,0.569917,0.419074,0.490362,0.43095,0.381159,0.394085,0.443436,0.385611,0.346313,0.278621,0.351822,0.368565,0.240059,0.213621,0.255258,0.341051,0.410798,0.322528,0.470102,0.446717,0.365584,0.500991,0.418119,0.271364,0.361591,0.405499,0.373901,0.401915,0.559856,0.483175,0.396628,0.348775,0.307706,0.428395,0.310816,0.406223,0.471348,0.437689,0.475252,0.300239,0.508798,0.3442,0.378292,0.342176,0.46712,0.423481,0.388875,0.406477,0.329033,0.268738,0.492686,0.410058,0.444233,0.403271,0.309827,0.382369,0.443243,0.531325,0.387683,0.425581,0.382214,0.331709
Hourglass,0.321811,0.432332,0.345571,0.513032,0.643211,0.276544,0.338979,0.277013,0.507548,0.602129,0.382788,0.526806,0.437828,0.436536,0.395783,0.504408,0.475813,0.420843,0.40822,0.502144,0.399312,0.377497,0.470483,0.338815,0.480501,0.476694,0.372887,0.5621,0.625424,0.49527,0.394078,0.420972,0.398001,0.426159,0.344831,0.55657,0.442484,0.405351,0.492908,0.466767,0.408032,0.515551,0.511156,0.57116,0.350406,0.4043,0.323104,0.28847,0.462346,0.47035,0.463264,0.420408,0.540859,0.395476,0.405261,0.505925,0.431641,0.427416,1.0,0.426396,0.540891,0.44225,0.519212,0.547459,0.588557,0.480614,0.569454,0.58483,0.459695,0.470434,0.448948,0.596266,0.389353,0.459718,0.461718,0.460741,0.327252,0.368393,0.653189,0.44881,0.424709,0.258846,0.207846,0.372818,0.645078,0.431473,0.546106,0.505663,0.444594,0.399415,0.440163,0.313971,0.499618,0.472795,0.532821,0.389993,0.48899,0.506277,0.364191,0.355099,0.368513,0.45353,0.514428,0.492144,0.547517,0.452209,0.475619,0.379844,0.516365,0.378305,0.534462,0.334595,0.47238,0.415581,0.485486,0.418812,0.472394,0.353199,0.647741,0.409781,0.510834,0.477717,0.376035,0.551902,0.441761,0.512602,0.539661,0.58489,0.362944,0.26813
Kayak,0.311175,0.507285,0.386277,0.437143,0.412884,0.294176,0.319395,0.341025,0.49748,0.502448,0.590626,0.537352,0.305504,0.478244,0.444588,0.460964,0.527453,0.495089,0.448692,0.490168,0.511725,0.484913,0.499014,0.392931,0.510759,0.514298,0.322088,0.517982,0.446363,0.448442,0.328509,0.414051,0.470301,0.541405,0.387476,0.45661,0.366965,0.465012,0.529336,0.44208,0.470221,0.570839,0.444033,0.513572,0.427033,0.625689,0.387164,0.377966,0.51076,0.550557,0.505229,0.55825,0.458651,0.447484,0.523993,0.487055,0.514105,0.402416,0.426396,1.0,0.563298,0.489785,0.343209,0.505586,0.412741,0.511225,0.493912,0.502308,0.387115,0.515703,0.47342,0.504857,0.494492,0.50436,0.482995,0.543631,0.369599,0.317842,0.519568,0.685257,0.351683,0.29529,0.248566,0.468088,0.511569,0.39657,0.594755,0.539031,0.521104,0.494822,0.534851,0.352537,0.419776,0.469278,0.471352,0.412089,0.523916,0.514232,0.401617,0.410469,0.417241,0.622494,0.414943,0.446598,0.60841,0.609848,0.559111,0.45502,0.496873,0.337333,0.483607,0.343507,0.439277,0.470427,0.624319,0.602763,0.432803,0.443574,0.561583,0.480235,0.538398,0.477354,0.473574,0.514772,0.574648,0.523726,0.517975,0.52123,0.496417,0.315166
Key,0.364795,0.508014,0.315888,0.485276,0.520508,0.276219,0.322318,0.319007,0.520477,0.556174,0.541972,0.607906,0.45286,0.499968,0.484115,0.523685,0.503578,0.518889,0.452015,0.546228,0.518805,0.483823,0.510185,0.378598,0.536474,0.549759,0.385773,0.579868,0.539366,0.44765,0.395796,0.45911,0.513048,0.505237,0.355707,0.536084,0.424974,0.494429,0.582845,0.478154,0.483946,0.539681,0.51861,0.644842,0.445655,0.604831,0.405699,0.297465,0.488779,0.561371,0.509336,0.499624,0.513275,0.490644,0.519913,0.525367,0.470233,0.457825,0.540891,0.563298,1.0,0.474309,0.454818,0.53677,0.518785,0.544088,0.538429,0.567939,0.464249,0.524505,0.501166,0.623365,0.492316,0.54038,0.523684,0.567038,0.400147,0.339414,0.604668,0.634877,0.414442,0.359627,0.232206,0.448853,0.641745,0.377286,0.638424,0.545029,0.540871,0.502001,0.546851,0.34932,0.449639,0.628371,0.530501,0.428185,0.610928,0.599701,0.386942,0.433213,0.40904,0.558629,0.502579,0.430878,0.639727,0.565751,0.554668,0.422805,0.593399,0.359117,0.541294,0.371122,0.485503,0.439538,0.609474,0.550689,0.429083,0.482426,0.640215,0.508322,0.564489,0.457366,0.445785,0.538282,0.53754,0.538222,0.609919,0.540621,0.469592,0.305531
Kite,0.35555,0.405343,0.328976,0.454777,0.448728,0.340293,0.307884,0.340501,0.451502,0.41949,0.431852,0.457139,0.392863,0.406576,0.411876,0.441793,0.445121,0.400073,0.400513,0.425961,0.453979,0.396205,0.408711,0.343178,0.437902,0.490885,0.335533,0.474261,0.40664,0.383289,0.329801,0.360086,0.432979,0.423388,0.362733,0.444219,0.331526,0.377677,0.467414,0.425775,0.39733,0.512393,0.418889,0.475012,0.403106,0.423881,0.362002,0.387174,0.408827,0.456988,0.466289,0.488167,0.418302,0.393095,0.454732,0.489624,0.421245,0.432266,0.44225,0.489785,0.474309,1.0,0.396928,0.464269,0.434102,0.470095,0.432168,0.430253,0.387248,0.475238,0.43919,0.450498,0.442011,0.424091,0.474694,0.477639,0.450052,0.29488,0.458814,0.468491,0.330243,0.288969,0.257155,0.392785,0.498768,0.346017,0.48195,0.431221,0.426381,0.400288,0.473963,0.342732,0.356124,0.424995,0.426307,0.407558,0.492791,0.472228,0.404531,0.394055,0.467544,0.505829,0.44578,0.397874,0.475426,0.479183,0.506855,0.371406,0.495269,0.393182,0.441027,0.355519,0.488543,0.494625,0.490185,0.51647,0.370348,0.364983,0.488716,0.411688,0.536563,0.427529,0.36783,0.443082,0.524003,0.46854,0.476739,0.4735,0.424511,0.33976
Ladder,0.302581,0.302827,0.19002,0.383357,0.61496,0.16255,0.291331,0.235813,0.429481,0.385932,0.334453,0.471493,0.433748,0.393431,0.262793,0.438695,0.411746,0.33639,0.346354,0.390116,0.305807,0.264617,0.372727,0.266166,0.396916,0.409662,0.303729,0.550735,0.425286,0.304775,0.258865,0.379398,0.266566,0.342734,0.292603,0.534455,0.450565,0.270296,0.354587,0.551725,0.269411,0.386797,0.42577,0.463458,0.300355,0.422023,0.258531,0.177369,0.296123,0.390156,0.339781,0.283052,0.423424,0.332208,0.352835,0.430147,0.286627,0.274562,0.519212,0.343209,0.454818,0.396928,1.0,0.438705,0.55303,0.400399,0.379099,0.457803,0.298296,0.38448,0.316828,0.431855,0.296343,0.342133,0.398727,0.410576,0.310844,0.296005,0.571809,0.421261,0.410602,0.281446,0.173709,0.293141,0.538694,0.307955,0.419314,0.353672,0.40884,0.274202,0.315186,0.278917,0.328541,0.416856,0.429798,0.322401,0.410912,0.410873,0.245985,0.302727,0.310027,0.342435,0.484433,0.293062,0.433743,0.3578,0.329462,0.319467,0.411714,0.285394,0.455014,0.223512,0.490589,0.348462,0.430606,0.355692,0.33779,0.339797,0.440066,0.31325,0.455732,0.335368,0.320852,0.415742,0.324412,0.365159,0.45155,0.525678,0.282214,0.213448
Lamp,0.350148,0.521489,0.419373,0.499077,0.511115,0.315372,0.366595,0.381916,0.495708,0.586785,0.463853,0.512749,0.348995,0.460576,0.408766,0.509275,0.486766,0.476105,0.447821,0.513824,0.43779,0.381329,0.487677,0.409493,0.514315,0.52172,0.354689,0.516819,0.537532,0.485173,0.366472,0.432568,0.422559,0.474066,0.403207,0.473272,0.428229,0.452769,0.477498,0.460473,0.442313,0.550651,0.490589,0.533061,0.412872,0.468133,0.411644,0.354502,0.474256,0.478326,0.511185,0.464549,0.486674,0.433712,0.468336,0.519756,0.498893,0.407233,0.547459,0.505586,0.53677,0.464269,0.438705,1.0,0.513137,0.465852,0.573958,0.577355,0.436826,0.496982,0.470378,0.543401,0.476607,0.514386,0.475967,0.532793,0.385032,0.345336,0.538157,0.519533,0.382563,0.319714,0.267741,0.417432,0.539916,0.443976,0.546089,0.516457,0.496801,0.443928,0.488734,0.372639,0.504761,0.495172,0.498868,0.443843,0.471554,0.482422,0.429305,0.430478,0.436247,0.527254,0.448257,0.521941,0.567999,0.506223,0.489601,0.434211,0.488439,0.415344,0.539192,0.376497,0.47519,0.479476,0.533172,0.47967,0.483029,0.406144,0.600855,0.412633,0.551935,0.514165,0.434014,0.567695,0.475923,0.518506,0.540973,0.517013,0.468622,0.35423
Lantern,0.450627,0.431151,0.29018,0.490363,0.623125,0.267607,0.418133,0.339498,0.505772,0.522256,0.430056,0.549909,0.467156,0.48502,0.373369,0.501492,0.448763,0.416208,0.449781,0.528717,0.393134,0.367883,0.504566,0.323216,0.510487,0.465849,0.381034,0.535524,0.589961,0.468047,0.374919,0.504149,0.372863,0.447897,0.370228,0.578919,0.519655,0.400182,0.451315,0.493408,0.397188,0.466516,0.515606,0.572645,0.334896,0.424591,0.366352,0.254007,0.426555,0.464197,0.454519,0.401759,0.519016,0.431238,0.433528,0.53359,0.420995,0.406707,0.588557,0.412741,0.518785,0.434102,0.55303,0.513137,1.0,0.463483,0.489811,0.586858,0.471706,0.451162,0.428511,0.524356,0.396669,0.441809,0.429625,0.485224,0.365781,0.413769,0.567222,0.459104,0.456283,0.300335,0.208407,0.398284,0.549419,0.425325,0.516538,0.468455,0.488616,0.393904,0.417707,0.328599,0.485637,0.469578,0.499573,0.419664,0.480253,0.453381,0.340232,0.369872,0.375548,0.454762,0.495459,0.434248,0.50153,0.448151,0.412127,0.432836,0.481389,0.381024,0.562339,0.323478,0.529951,0.430128,0.47699,0.439828,0.495514,0.358584,0.572689,0.413131,0.497094,0.462882,0.434236,0.524865,0.404934,0.500879,0.510184,0.524069,0.374385,0.322272
Lawnmower,0.320669,0.426646,0.295766,0.486818,0.475643,0.238803,0.285062,0.27201,0.478349,0.475926,0.477614,0.512951,0.466667,0.407306,0.499802,0.446208,0.471713,0.438399,0.386272,0.455693,0.424944,0.573553,0.464309,0.330247,0.471212,0.454612,0.328979,0.485688,0.506907,0.412239,0.370775,0.385026,0.515363,0.468332,0.311539,0.483171,0.326871,0.409158,0.605923,0.434025,0.46529,0.49763,0.432466,0.54899,0.381878,0.460259,0.332585,0.282224,0.454046,0.504598,0.456724,0.480169,0.519166,0.373986,0.450609,0.493713,0.422748,0.44874,0.480614,0.511225,0.544088,0.470095,0.400399,0.465852,0.463483,1.0,0.437594,0.450032,0.433475,0.443851,0.464328,0.584196,0.473641,0.433713,0.457308,0.437409,0.345276,0.33087,0.451363,0.51441,0.305195,0.275284,0.213645,0.416337,0.534344,0.32368,0.547137,0.509915,0.428526,0.411439,0.556809,0.295796,0.390039,0.469651,0.480274,0.359387,0.525863,0.614713,0.339499,0.363146,0.350662,0.505565,0.395034,0.399958,0.495963,0.529027,0.52556,0.369359,0.629113,0.32147,0.518532,0.34787,0.434089,0.441087,0.495248,0.559675,0.378556,0.365577,0.580883,0.606461,0.497034,0.397779,0.378982,0.467495,0.569201,0.492214,0.508863,0.43003,0.436772,0.248704
Lightbulb,0.394646,0.530226,0.470117,0.487278,0.475617,0.403432,0.428769,0.379353,0.476572,0.627701,0.447678,0.486311,0.364889,0.424279,0.43797,0.482951,0.492014,0.430792,0.419537,0.505639,0.465845,0.412588,0.5025,0.415759,0.536975,0.5227,0.397734,0.457107,0.574812,0.556803,0.464808,0.416747,0.460004,0.455949,0.397958,0.425615,0.378959,0.530997,0.468042,0.424284,0.490667,0.53109,0.52931,0.538672,0.4173,0.432092,0.424398,0.426135,0.551799,0.491357,0.528237,0.50148,0.484623,0.490263,0.463715,0.495499,0.526753,0.483719,0.569454,0.493912,0.538429,0.432168,0.379099,0.573958,0.489811,0.437594,1.0,0.585449,0.501082,0.505609,0.510717,0.541811,0.471344,0.51727,0.485345,0.519036,0.433499,0.352594,0.500955,0.490331,0.346635,0.337914,0.302117,0.427661,0.510473,0.501476,0.564417,0.55434,0.497443,0.528072,0.487722,0.351939,0.555236,0.501205,0.501091,0.464098,0.485918,0.470897,0.461016,0.439021,0.406476,0.514529,0.431688,0.62499,0.581646,0.512776,0.501307,0.429133,0.475906,0.406487,0.525559,0.402959,0.478447,0.447409,0.506163,0.462816,0.517535,0.364377,0.618222,0.411103,0.517302,0.551975,0.399305,0.585323,0.461204,0.552875,0.532716,0.499872,0.477862,0.414381
Lipstick,0.377775,0.514455,0.406384,0.512393,0.52834,0.266288,0.32468,0.347172,0.466575,0.62651,0.457234,0.517421,0.245911,0.569292,0.409026,0.510441,0.449382,0.441718,0.479827,0.56008,0.404129,0.353428,0.60238,0.398585,0.571447,0.527972,0.323722,0.533549,0.660929,0.508379,0.323853,0.560142,0.395359,0.456017,0.371105,0.477042,0.530359,0.451935,0.484057,0.423277,0.482906,0.585756,0.531642,0.599695,0.403126,0.49777,0.354722,0.262896,0.443872,0.420288,0.572897,0.455713,0.487751,0.475894,0.473693,0.502478,0.462412,0.387961,0.58483,0.502308,0.567939,0.430253,0.457803,0.577355,0.586858,0.450032,0.585449,1.0,0.484395,0.548324,0.45086,0.583523,0.450266,0.511049,0.45247,0.610107,0.315163,0.39446,0.710871,0.561226,0.452569,0.299057,0.201993,0.449339,0.626717,0.457229,0.626905,0.504885,0.632345,0.417262,0.490568,0.329706,0.63331,0.534081,0.521135,0.460005,0.435284,0.463174,0.3656,0.374175,0.425232,0.51154,0.618295,0.474635,0.661448,0.497484,0.4349,0.438869,0.444104,0.460914,0.606777,0.356572,0.41358,0.398953,0.6142,0.457566,0.542672,0.407053,0.598819,0.423887,0.519789,0.546477,0.470706,0.712784,0.487384,0.53917,0.571438,0.577569,0.419551,0.293167
Lock,0.341567,0.426737,0.388622,0.477531,0.40103,0.309145,0.376701,0.324272,0.412024,0.5133,0.381804,0.412669,0.414974,0.418421,0.472427,0.419898,0.373816,0.332479,0.412555,0.495629,0.458019,0.44508,0.519673,0.363972,0.475866,0.406135,0.396879,0.358481,0.528939,0.51975,0.477423,0.427079,0.514559,0.388126,0.344367,0.392826,0.379252,0.496748,0.431742,0.313123,0.447888,0.451511,0.466491,0.566845,0.282538,0.326561,0.370616,0.35433,0.503872,0.446732,0.4551,0.47649,0.453405,0.357558,0.378162,0.524045,0.442553,0.569917,0.459695,0.387115,0.464249,0.387248,0.298296,0.436826,0.471706,0.433475,0.501082,0.484395,1.0,0.420027,0.474995,0.466553,0.393397,0.4022,0.408872,0.428553,0.312179,0.41741,0.384433,0.38093,0.357083,0.236793,0.255375,0.403974,0.413974,0.41768,0.497325,0.505904,0.460691,0.496916,0.452545,0.300826,0.461662,0.434757,0.439613,0.429777,0.507063,0.459787,0.363376,0.344445,0.348361,0.430055,0.366079,0.479398,0.46616,0.446447,0.437731,0.387375,0.474589,0.374335,0.494939,0.362071,0.410819,0.417141,0.396299,0.404421,0.441476,0.269078,0.51777,0.442218,0.417232,0.461804,0.410095,0.473433,0.406259,0.539066,0.412085,0.41727,0.383195,0.341073
Lollipop,0.311385,0.514462,0.457389,0.428245,0.446757,0.321271,0.316495,0.357378,0.437656,0.462983,0.465481,0.471134,0.34956,0.472179,0.416304,0.45182,0.431828,0.42935,0.426532,0.472406,0.426521,0.389042,0.504442,0.391161,0.495254,0.509731,0.356737,0.50053,0.452308,0.43033,0.374933,0.433058,0.446577,0.428387,0.357104,0.434014,0.406796,0.487439,0.447646,0.421892,0.474177,0.529785,0.48625,0.496617,0.430907,0.474226,0.368642,0.381607,0.463928,0.47946,0.475755,0.502946,0.419972,0.423756,0.461062,0.45093,0.464003,0.419074,0.470434,0.515703,0.524505,0.475238,0.38448,0.496982,0.451162,0.443851,0.505609,0.548324,0.420027,1.0,0.450866,0.449317,0.445493,0.489692,0.47958,0.524063,0.375412,0.32878,0.559949,0.528688,0.374287,0.291419,0.303022,0.422465,0.527984,0.389393,0.53433,0.477135,0.528347,0.468318,0.476271,0.349878,0.440193,0.434198,0.454402,0.420769,0.45884,0.470709,0.393527,0.396137,0.426081,0.501555,0.457807,0.443906,0.608356,0.474508,0.452012,0.403603,0.447879,0.336217,0.463021,0.372072,0.470539,0.412922,0.538166,0.469992,0.425934,0.404309,0.505893,0.414275,0.506638,0.472365,0.428854,0.510769,0.496574,0.475661,0.505275,0.497964,0.476433,0.342061
Mask,0.349246,0.484762,0.389799,0.467504,0.411483,0.328895,0.353938,0.360614,0.441083,0.509727,0.448962,0.46157,0.371172,0.386642,0.493402,0.421521,0.429718,0.415979,0.399648,0.480287,0.455919,0.475877,0.466162,0.376965,0.479997,0.47231,0.355521,0.411348,0.469391,0.451617,0.403072,0.383187,0.501067,0.447784,0.364141,0.402041,0.32715,0.483667,0.488135,0.365186,0.49127,0.496142,0.451049,0.503666,0.382251,0.405639,0.410506,0.358204,0.512058,0.483502,0.490462,0.50205,0.453234,0.425851,0.442518,0.488084,0.495518,0.490362,0.448948,0.47342,0.501166,0.43919,0.316828,0.470378,0.428511,0.464328,0.510717,0.45086,0.474995,0.450866,1.0,0.499903,0.478388,0.475568,0.436731,0.478772,0.385805,0.333697,0.395577,0.459474,0.301346,0.3306,0.263339,0.405022,0.435158,0.388595,0.521315,0.504528,0.445167,0.47757,0.509758,0.33726,0.42965,0.44236,0.440506,0.444367,0.492991,0.49393,0.445387,0.409979,0.401364,0.516915,0.346311,0.466298,0.507443,0.4987,0.511025,0.389157,0.516206,0.393504,0.477224,0.392502,0.428554,0.445527,0.459516,0.480691,0.415684,0.358602,0.550076,0.460129,0.477989,0.456236,0.392927,0.470523,0.474499,0.50158,0.465048,0.42285,0.443314,0.372009
Microscope,0.350142,0.455753,0.29196,0.54103,0.551037,0.258662,0.303423,0.288134,0.535433,0.622473,0.453137,0.576976,0.382264,0.466484,0.507408,0.516771,0.532804,0.503877,0.413531,0.5379,0.424876,0.514392,0.506495,0.354573,0.521739,0.50652,0.363045,0.510767,0.644289,0.473775,0.385567,0.470075,0.495095,0.483276,0.318206,0.522784,0.401272,0.43317,0.639739,0.430844,0.474813,0.527844,0.476452,0.623059,0.39571,0.456804,0.357405,0.267072,0.477108,0.467923,0.506697,0.450102,0.594129,0.428576,0.467111,0.498191,0.468013,0.43095,0.596266,0.504857,0.623365,0.450498,0.431855,0.543401,0.524356,0.584196,0.541811,0.583523,0.466553,0.449317,0.499903,1.0,0.472794,0.501795,0.460928,0.504764,0.354625,0.407756,0.53088,0.530517,0.367275,0.345586,0.209425,0.458431,0.644494,0.381652,0.617009,0.580319,0.482397,0.426322,0.572358,0.322352,0.493904,0.566152,0.559856,0.404901,0.510208,0.611308,0.372356,0.393081,0.386199,0.536269,0.467021,0.480594,0.538615,0.566429,0.587878,0.39305,0.638003,0.393675,0.612857,0.385903,0.415192,0.426437,0.526797,0.548605,0.463053,0.407472,0.685611,0.564826,0.521332,0.456835,0.38788,0.574866,0.54596,0.516182,0.609222,0.45044,0.40695,0.26675
Minerals,0.343486,0.560187,0.386553,0.490148,0.361661,0.300611,0.322207,0.379058,0.453084,0.499426,0.486613,0.472401,0.272559,0.38093,0.467083,0.447707,0.432159,0.494018,0.438775,0.502473,0.419906,0.451852,0.420913,0.397947,0.444456,0.49278,0.319974,0.388773,0.400404,0.396328,0.347694,0.368391,0.477183,0.470848,0.388224,0.384895,0.328601,0.449017,0.48296,0.352445,0.475942,0.490783,0.385983,0.443961,0.439221,0.425915,0.540544,0.321847,0.419727,0.402778,0.515028,0.454254,0.416758,0.402391,0.487496,0.476938,0.486341,0.381159,0.389353,0.494492,0.492316,0.442011,0.296343,0.476607,0.396669,0.473641,0.471344,0.450266,0.393397,0.445493,0.478388,0.472794,1.0,0.523763,0.415396,0.502076,0.41504,0.278808,0.371884,0.46758,0.293125,0.380297,0.309743,0.414805,0.404684,0.373259,0.491709,0.475069,0.434172,0.452735,0.542092,0.366565,0.415305,0.491354,0.405508,0.449449,0.39161,0.449121,0.492096,0.490591,0.441373,0.548807,0.352155,0.491218,0.488613,0.489527,0.477031,0.398571,0.476509,0.403396,0.49955,0.409127,0.354044,0.462442,0.480684,0.545703,0.394019,0.408783,0.52568,0.473416,0.488315,0.468627,0.400034,0.465321,0.492958,0.459831,0.496144,0.383886,0.54772,0.405034
Mushroom,0.352914,0.628919,0.421909,0.473354,0.43449,0.330693,0.382763,0.403353,0.475388,0.528438,0.497676,0.521431,0.26214,0.414348,0.429716,0.478274,0.440689,0.488552,0.428157,0.518094,0.472822,0.403841,0.444684,0.424006,0.494129,0.505348,0.330366,0.452392,0.44613,0.427044,0.3258,0.39039,0.44539,0.499991,0.389198,0.438319,0.379396,0.473777,0.48487,0.38369,0.480376,0.511112,0.435897,0.488087,0.438205,0.48181,0.514171,0.326276,0.445988,0.441602,0.525702,0.459246,0.436125,0.488541,0.48209,0.463731,0.512307,0.394085,0.459718,0.50436,0.54038,0.424091,0.342133,0.514386,0.441809,0.433713,0.51727,0.511049,0.4022,0.489692,0.475568,0.501795,0.523763,1.0,0.440498,0.531284,0.395373,0.294447,0.491396,0.513795,0.34816,0.431632,0.322097,0.41955,0.487492,0.403907,0.526387,0.484756,0.472931,0.44773,0.497403,0.38855,0.455402,0.486144,0.4449,0.452054,0.426872,0.447018,0.456781,0.498794,0.422551,0.541248,0.387176,0.477536,0.561851,0.501477,0.491122,0.425991,0.45775,0.38105,0.487373,0.445872,0.406656,0.438933,0.516158,0.497305,0.427455,0.424354,0.548264,0.425293,0.507455,0.473797,0.427071,0.497068,0.492431,0.47915,0.518538,0.461347,0.532261,0.405152
Necklace,0.323597,0.442377,0.356767,0.411016,0.426121,0.289256,0.326207,0.312355,0.412,0.456315,0.429468,0.434942,0.429677,0.387396,0.400832,0.464618,0.446053,0.397757,0.376125,0.423004,0.452215,0.367763,0.42213,0.351097,0.457313,0.481884,0.338574,0.502596,0.418596,0.396017,0.369095,0.336361,0.423617,0.396719,0.338329,0.410642,0.315959,0.423521,0.451136,0.437182,0.399083,0.493717,0.466993,0.514998,0.382137,0.460745,0.361454,0.346796,0.454596,0.511496,0.43913,0.457167,0.40101,0.408356,0.43224,0.481632,0.428988,0.443436,0.461718,0.482995,0.523684,0.474694,0.398727,0.475967,0.429625,0.457308,0.485345,0.45247,0.408872,0.47958,0.436731,0.460928,0.415396,0.440498,1.0,0.483065,0.359675,0.256506,0.495671,0.496348,0.324912,0.27784,0.27186,0.359563,0.520271,0.356865,0.504694,0.444355,0.447269,0.457821,0.452093,0.341295,0.374224,0.504824,0.432742,0.401076,0.535019,0.499913,0.379226,0.390989,0.377373,0.483219,0.436765,0.418212,0.545759,0.44839,0.463894,0.355547,0.482435,0.326851,0.415932,0.344069,0.513666,0.416729,0.514653,0.441033,0.357145,0.378536,0.514153,0.375095,0.51047,0.422612,0.355625,0.447429,0.460516,0.472136,0.491072,0.511275,0.429486,0.325741
Necktie,0.399441,0.517464,0.355471,0.471524,0.449584,0.302993,0.37,0.420595,0.451418,0.52227,0.493323,0.513116,0.286455,0.518241,0.400091,0.48734,0.447988,0.482759,0.499323,0.544858,0.453421,0.380826,0.551099,0.414352,0.558955,0.541168,0.332534,0.517214,0.471573,0.441994,0.322292,0.502099,0.443775,0.461873,0.432032,0.42573,0.467202,0.451293,0.483784,0.422145,0.461711,0.552938,0.502701,0.525991,0.443913,0.51512,0.440239,0.30698,0.438179,0.454675,0.542009,0.458906,0.437497,0.525519,0.493826,0.505454,0.498298,0.385611,0.460741,0.543631,0.567038,0.477639,0.410576,0.532793,0.485224,0.437409,0.519036,0.610107,0.428553,0.524063,0.478772,0.504764,0.502076,0.531284,0.483065,1.0,0.389575,0.341315,0.582729,0.57174,0.447124,0.357951,0.236329,0.431363,0.561396,0.444913,0.607042,0.48195,0.628114,0.439566,0.515833,0.392986,0.485047,0.567535,0.469898,0.508211,0.477153,0.474293,0.424512,0.420671,0.48992,0.552482,0.530539,0.450728,0.636787,0.511752,0.470693,0.451956,0.479304,0.433067,0.548634,0.402115,0.483082,0.420924,0.59579,0.495517,0.492279,0.458382,0.549747,0.400938,0.530775,0.51417,0.476202,0.601449,0.48059,0.485469,0.540064,0.507912,0.461977,0.378141
Orifan,0.477526,0.3846,0.291628,0.343138,0.348331,0.434052,0.37978,0.390641,0.407808,0.34684,0.409719,0.434111,0.318022,0.316059,0.347863,0.372594,0.388744,0.380217,0.352524,0.379843,0.382713,0.358557,0.317945,0.300107,0.376997,0.437221,0.333671,0.351775,0.307362,0.296598,0.327842,0.309207,0.364363,0.401007,0.369562,0.377405,0.267821,0.354973,0.352154,0.385375,0.360133,0.374326,0.36216,0.362799,0.449524,0.349165,0.423554,0.349336,0.357318,0.34324,0.403471,0.381701,0.346212,0.513265,0.424899,0.375748,0.386115,0.346313,0.327252,0.369599,0.400147,0.450052,0.310844,0.385032,0.365781,0.345276,0.433499,0.315163,0.312179,0.375412,0.385805,0.354625,0.41504,0.395373,0.359675,0.389575,1.0,0.262718,0.301068,0.371018,0.255256,0.386,0.275948,0.344547,0.343827,0.322002,0.356751,0.37156,0.320576,0.365033,0.377212,0.318276,0.295191,0.341195,0.346266,0.374466,0.353445,0.346056,0.431057,0.425523,0.408349,0.415311,0.286309,0.390293,0.353105,0.428988,0.41232,0.346895,0.382327,0.330806,0.37056,0.342446,0.417794,0.431132,0.360744,0.440874,0.324131,0.363175,0.382993,0.349822,0.45859,0.359486,0.328165,0.312411,0.377248,0.358866,0.399312,0.307037,0.398211,0.454536
Oven,0.329678,0.266696,0.224865,0.365114,0.392942,0.213312,0.266816,0.267679,0.460123,0.361142,0.354548,0.431036,0.213018,0.533907,0.311722,0.386175,0.373429,0.289549,0.472357,0.449893,0.267103,0.431063,0.53778,0.279119,0.423336,0.291157,0.306969,0.312614,0.485164,0.405029,0.317277,0.61173,0.368792,0.423018,0.30197,0.447011,0.491431,0.353982,0.336573,0.344222,0.333301,0.37285,0.3524,0.380116,0.2211,0.30855,0.235306,0.232882,0.356191,0.302981,0.324528,0.334429,0.502425,0.277048,0.299003,0.397183,0.332249,0.278621,0.368393,0.317842,0.339414,0.29488,0.296005,0.345336,0.413769,0.33087,0.352594,0.39446,0.41741,0.32878,0.333697,0.407756,0.278808,0.294447,0.256506,0.341315,0.262718,1.0,0.328287,0.379669,0.446715,0.18081,0.163152,0.408221,0.345819,0.363471,0.404972,0.462493,0.441529,0.298096,0.310432,0.239633,0.376171,0.274474,0.445796,0.298228,0.29297,0.333779,0.233403,0.238497,0.331022,0.33289,0.305107,0.336359,0.32936,0.484699,0.400827,0.422504,0.33119,0.32276,0.522393,0.232659,0.281195,0.404781,0.321055,0.393876,0.474312,0.222297,0.380864,0.424034,0.3261,0.34641,0.472129,0.401092,0.313016,0.364003,0.320608,0.271265,0.265505,0.203799
Paintbrush,0.294953,0.44791,0.300056,0.455334,0.621352,0.213164,0.292787,0.285573,0.489494,0.528402,0.439953,0.563326,0.322642,0.53986,0.336039,0.511523,0.450336,0.427084,0.451027,0.518098,0.439809,0.320372,0.528377,0.346822,0.505305,0.520505,0.3201,0.688476,0.529154,0.404809,0.283036,0.485596,0.341983,0.430502,0.329698,0.567718,0.538561,0.389844,0.465778,0.511553,0.392607,0.598686,0.53182,0.587559,0.389755,0.584269,0.300945,0.243978,0.392219,0.453447,0.493048,0.40065,0.457929,0.464508,0.459756,0.459543,0.392604,0.351822,0.653189,0.519568,0.604668,0.458814,0.571809,0.538157,0.567222,0.451363,0.500955,0.710871,0.384433,0.559949,0.395577,0.53088,0.371884,0.491396,0.495671,0.582729,0.301068,0.328287,1.0,0.606363,0.511452,0.270489,0.165337,0.394028,0.768978,0.379438,0.60852,0.451123,0.583374,0.367663,0.417291,0.31519,0.475336,0.504313,0.527548,0.391352,0.488203,0.511199,0.286334,0.345163,0.380212,0.46286,0.683822,0.363381,0.700254,0.474765,0.4272,0.401443,0.447141,0.377149,0.522849,0.281098,0.470276,0.365586,0.65759,0.428815,0.445582,0.436276,0.562367,0.366488,0.55758,0.461992,0.435173,0.591463,0.459588,0.470235,0.568551,0.804262,0.377343,0.244969
Pen,0.345528,0.482257,0.292504,0.419726,0.471319,0.229216,0.308771,0.329398,0.559182,0.499456,0.681168,0.6343,0.313442,0.56228,0.421415,0.498261,0.560595,0.512168,0.498904,0.522683,0.491457,0.507334,0.550809,0.371802,0.557606,0.523423,0.313214,0.616856,0.493374,0.451008,0.295142,0.489148,0.450894,0.607116,0.403742,0.55609,0.448675,0.474751,0.535126,0.553302,0.462091,0.57247,0.474957,0.578465,0.429225,0.771059,0.363656,0.286656,0.511585,0.604723,0.493274,0.53933,0.512133,0.481577,0.550274,0.510251,0.487033,0.368565,0.44881,0.685257,0.634877,0.468491,0.421261,0.519533,0.459104,0.51441,0.490331,0.561226,0.38093,0.528688,0.459474,0.530517,0.46758,0.513795,0.496348,0.57174,0.371018,0.379669,0.606363,1.0,0.43354,0.297691,0.175215,0.483163,0.590742,0.398652,0.648267,0.565662,0.574592,0.481652,0.504178,0.34654,0.433592,0.504071,0.528706,0.392785,0.568457,0.555687,0.331935,0.394755,0.410663,0.606462,0.468246,0.398144,0.66901,0.686665,0.56065,0.514294,0.500036,0.321564,0.53826,0.303606,0.463434,0.461235,0.704889,0.622962,0.461515,0.495341,0.57083,0.508872,0.567716,0.45592,0.552145,0.541841,0.563871,0.526978,0.550725,0.571684,0.453551,0.277958
Pictureframe,0.320215,0.29549,0.19669,0.337919,0.455989,0.193103,0.284782,0.247346,0.441767,0.357342,0.384664,0.469733,0.229673,0.524941,0.239253,0.4384,0.348296,0.34508,0.470812,0.468524,0.314776,0.283252,0.459292,0.293031,0.406427,0.34371,0.303319,0.42385,0.423134,0.373731,0.251565,0.52142,0.302311,0.386791,0.353922,0.484446,0.54549,0.313812,0.316135,0.386934,0.275918,0.362454,0.370839,0.407227,0.265785,0.428344,0.266678,0.191635,0.276359,0.308805,0.334378,0.294258,0.398004,0.320914,0.334498,0.390488,0.294527,0.240059,0.424709,0.351683,0.414442,0.330243,0.410602,0.382563,0.456283,0.305195,0.346635,0.452569,0.357083,0.374287,0.301346,0.367275,0.293125,0.34816,0.324912,0.447124,0.255256,0.446715,0.511452,0.43354,1.0,0.212194,0.159388,0.345306,0.463814,0.372477,0.415922,0.388787,0.483356,0.277273,0.300842,0.282882,0.376909,0.422594,0.416787,0.318134,0.319952,0.330573,0.220056,0.254102,0.354538,0.339036,0.472595,0.320687,0.418517,0.385362,0.324368,0.412104,0.309631,0.284765,0.449668,0.230384,0.322032,0.31801,0.413443,0.347198,0.4351,0.314952,0.371359,0.320284,0.361561,0.364522,0.456464,0.432207,0.317839,0.351995,0.392656,0.415432,0.287612,0.206575
Pinecone,0.303382,0.433208,0.213876,0.334623,0.281235,0.258499,0.284237,0.282751,0.284313,0.321103,0.314686,0.338071,0.170026,0.236504,0.288368,0.322579,0.294223,0.366764,0.273009,0.361746,0.248833,0.236219,0.274803,0.286468,0.309172,0.377519,0.246231,0.298312,0.263091,0.245993,0.200263,0.243469,0.271717,0.317635,0.264701,0.266477,0.240307,0.282485,0.305445,0.289009,0.276347,0.285744,0.254642,0.297981,0.397858,0.280144,0.44962,0.16542,0.247957,0.254913,0.357748,0.244408,0.263161,0.432527,0.353183,0.297494,0.302441,0.213621,0.258846,0.29529,0.359627,0.288969,0.281446,0.319714,0.300335,0.275284,0.337914,0.299057,0.236793,0.291419,0.3306,0.345586,0.380297,0.431632,0.27784,0.357951,0.386,0.18081,0.270489,0.297691,0.212194,1.0,0.328649,0.273676,0.301523,0.266356,0.308541,0.284343,0.31252,0.275673,0.360177,0.30909,0.273017,0.355334,0.262914,0.321777,0.264329,0.274221,0.339803,0.438928,0.283742,0.346579,0.260177,0.310572,0.321158,0.299399,0.280017,0.256797,0.294228,0.235394,0.336627,0.320794,0.241367,0.257381,0.300624,0.314678,0.254348,0.336702,0.356349,0.258887,0.315757,0.292289,0.26261,0.310442,0.291106,0.268292,0.380806,0.236783,0.384979,0.33473
Pizza,0.195745,0.365126,0.410461,0.251153,0.17921,0.287552,0.275155,0.263396,0.219284,0.244574,0.237374,0.193141,0.19961,0.160231,0.215204,0.294645,0.238381,0.253312,0.20517,0.257088,0.259969,0.205333,0.215984,0.292665,0.2601,0.278012,0.306727,0.173831,0.20158,0.263405,0.300284,0.156821,0.263189,0.210794,0.242966,0.169393,0.153814,0.263334,0.211721,0.165061,0.233195,0.209452,0.227825,0.20876,0.277733,0.175153,0.349909,0.310484,0.290295,0.202462,0.253384,0.249059,0.181002,0.239464,0.268575,0.24607,0.27119,0.255258,0.207846,0.248566,0.232206,0.257155,0.173709,0.267741,0.208407,0.213645,0.302117,0.201993,0.255375,0.303022,0.263339,0.209425,0.309743,0.322097,0.27186,0.236329,0.275948,0.163152,0.165337,0.175215,0.159388,0.328649,1.0,0.224291,0.163013,0.269185,0.202016,0.244314,0.240418,0.334592,0.275933,0.301286,0.230892,0.259141,0.21418,0.282439,0.198277,0.195166,0.329495,0.426774,0.241259,0.268228,0.182076,0.394828,0.229014,0.214666,0.231371,0.196552,0.209406,0.181816,0.191829,0.306578,0.29372,0.239794,0.194579,0.240523,0.200659,0.203887,0.251215,0.201223,0.243101,0.285915,0.183752,0.206642,0.226812,0.253266,0.264556,0.212562,0.55329,0.29318
Plug,0.349266,0.414167,0.31884,0.425504,0.389224,0.28094,0.29967,0.307585,0.473942,0.417615,0.47672,0.476728,0.247138,0.489607,0.399745,0.419077,0.415702,0.379546,0.44915,0.461387,0.3709,0.44759,0.491295,0.402156,0.466325,0.409364,0.334002,0.401843,0.447084,0.422949,0.304921,0.460678,0.465236,0.489391,0.357768,0.442324,0.37861,0.414261,0.446312,0.361891,0.438197,0.458773,0.374023,0.440424,0.33884,0.433948,0.336004,0.317952,0.396743,0.406893,0.450622,0.450067,0.453178,0.376874,0.417788,0.437378,0.428944,0.341051,0.372818,0.468088,0.448853,0.392785,0.293141,0.417432,0.398284,0.416337,0.427661,0.449339,0.403974,0.422465,0.405022,0.458431,0.414805,0.41955,0.359563,0.431363,0.344547,0.408221,0.394028,0.483163,0.345306,0.273676,0.224291,1.0,0.411778,0.368467,0.479785,0.489067,0.467847,0.386611,0.443296,0.305142,0.426759,0.370108,0.430679,0.357047,0.386565,0.418625,0.337438,0.347963,0.393041,0.484524,0.353038,0.395873,0.455278,0.510575,0.504315,0.446367,0.422593,0.353468,0.510009,0.347548,0.328609,0.438835,0.453623,0.496793,0.437465,0.318889,0.452677,0.471935,0.442459,0.413381,0.442534,0.448486,0.460267,0.451436,0.440151,0.352148,0.407874,0.276098
Pogostick,0.327986,0.417168,0.282003,0.487926,0.61755,0.241303,0.282734,0.268488,0.524862,0.542677,0.439859,0.591027,0.400552,0.531415,0.388567,0.538319,0.490691,0.473848,0.418665,0.501191,0.439624,0.392031,0.490139,0.308608,0.495473,0.516203,0.332978,0.658775,0.592009,0.430614,0.318367,0.477396,0.404133,0.451064,0.317487,0.572315,0.46988,0.378528,0.569956,0.494583,0.407362,0.555015,0.521382,0.648363,0.415261,0.529552,0.304266,0.266026,0.421374,0.475409,0.471325,0.434306,0.528122,0.451152,0.448655,0.474404,0.398768,0.410798,0.645078,0.511569,0.641745,0.498768,0.538694,0.539916,0.549419,0.534344,0.510473,0.626717,0.413974,0.527984,0.435158,0.644494,0.404684,0.487492,0.520271,0.561396,0.343827,0.345819,0.768978,0.590742,0.463814,0.301523,0.163013,0.411778,1.0,0.367087,0.616295,0.481114,0.529096,0.374675,0.461303,0.305225,0.443446,0.579607,0.549611,0.38957,0.523388,0.599747,0.315046,0.357959,0.394065,0.474967,0.639193,0.37643,0.634954,0.505311,0.508783,0.386781,0.56289,0.34327,0.574694,0.314131,0.511485,0.39389,0.607328,0.492223,0.44615,0.468653,0.61734,0.447365,0.569957,0.433281,0.400545,0.580709,0.529986,0.494856,0.609993,0.560822,0.357669,0.235816
Pot,0.353988,0.420065,0.371303,0.413352,0.395945,0.328838,0.448454,0.35708,0.40023,0.460036,0.394327,0.403039,0.260147,0.422096,0.304982,0.412411,0.395562,0.350787,0.442609,0.44696,0.335399,0.311214,0.454409,0.354825,0.466941,0.392886,0.32899,0.359348,0.478814,0.535399,0.339585,0.416631,0.352449,0.397216,0.4141,0.379675,0.390747,0.382992,0.341064,0.339008,0.366252,0.391038,0.406555,0.38521,0.30514,0.34424,0.37856,0.328222,0.435978,0.36299,0.421296,0.373176,0.412704,0.402127,0.354881,0.439351,0.440063,0.322528,0.431473,0.39657,0.377286,0.346017,0.307955,0.443976,0.425325,0.32368,0.501476,0.457229,0.41768,0.389393,0.388595,0.381652,0.373259,0.403907,0.356865,0.444913,0.322002,0.363471,0.379438,0.398652,0.372477,0.266356,0.269185,0.368467,0.367087,1.0,0.43877,0.436587,0.433217,0.383754,0.370163,0.336078,0.474058,0.368332,0.404688,0.39177,0.346775,0.333722,0.363783,0.337986,0.37207,0.418511,0.356147,0.513356,0.424911,0.393352,0.373203,0.456102,0.343835,0.343174,0.468269,0.337925,0.386176,0.358352,0.391173,0.3607,0.536331,0.278014,0.465599,0.324066,0.37721,0.495634,0.428576,0.467711,0.339686,0.461609,0.395841,0.380743,0.377336,0.377794
Razor,0.373926,0.504363,0.345218,0.505696,0.510307,0.27303,0.325946,0.333182,0.512749,0.57813,0.543776,0.576202,0.383858,0.536397,0.511383,0.49339,0.511828,0.483743,0.483354,0.551736,0.489208,0.540792,0.600623,0.388762,0.583589,0.532303,0.350782,0.552904,0.596157,0.512883,0.393145,0.516817,0.531393,0.524797,0.37833,0.504598,0.444767,0.506794,0.597241,0.461079,0.525365,0.582109,0.533607,0.617722,0.410266,0.571453,0.380692,0.31484,0.520765,0.548263,0.547051,0.538695,0.54453,0.485222,0.514268,0.53755,0.50018,0.470102,0.546106,0.594755,0.638424,0.48195,0.419314,0.546089,0.516538,0.547137,0.564417,0.626905,0.497325,0.53433,0.521315,0.617009,0.491709,0.526387,0.504694,0.607042,0.356751,0.404972,0.60852,0.648267,0.415922,0.308541,0.202016,0.479785,0.616295,0.43877,1.0,0.572715,0.606811,0.506037,0.566313,0.341544,0.514039,0.559182,0.542262,0.455318,0.585145,0.595507,0.389585,0.398207,0.428522,0.583209,0.518335,0.463142,0.662708,0.609062,0.566509,0.460267,0.58019,0.408672,0.596489,0.372101,0.458749,0.449637,0.633022,0.571225,0.503519,0.437432,0.65037,0.540578,0.547173,0.518291,0.478938,0.621639,0.558958,0.566205,0.581546,0.545155,0.450981,0.309043
Recordplayer,0.360323,0.489573,0.384237,0.485189,0.464354,0.305665,0.360886,0.349664,0.53959,0.567973,0.524028,0.540652,0.344735,0.496482,0.502024,0.494852,0.527666,0.456555,0.480778,0.538308,0.452583,0.541799,0.549727,0.417522,0.534882,0.478117,0.392061,0.464023,0.555847,0.514691,0.438068,0.489932,0.53202,0.535423,0.390098,0.491947,0.414929,0.518943,0.526277,0.436743,0.500802,0.532126,0.476621,0.540662,0.374123,0.497956,0.390537,0.364376,0.553102,0.513664,0.487707,0.522318,0.557003,0.411355,0.468764,0.516015,0.526783,0.446717,0.505663,0.539031,0.545029,0.431221,0.353672,0.516457,0.468455,0.509915,0.55434,0.504885,0.505904,0.477135,0.504528,0.580319,0.475069,0.484756,0.444355,0.48195,0.37156,0.462493,0.451123,0.565662,0.388787,0.284343,0.244314,0.489067,0.481114,0.436587,0.572715,1.0,0.499354,0.503944,0.533218,0.344438,0.491325,0.466869,0.534098,0.424803,0.492432,0.53315,0.404174,0.398746,0.407843,0.557929,0.376562,0.53833,0.540755,0.60252,0.570598,0.471963,0.528856,0.380423,0.564114,0.384468,0.423074,0.488846,0.517234,0.556484,0.49878,0.364953,0.594689,0.539715,0.503603,0.485803,0.482017,0.526272,0.508317,0.529486,0.509497,0.450185,0.457391,0.323271
Remotecontrol,0.356792,0.455966,0.333217,0.432303,0.442333,0.274035,0.298532,0.342674,0.438093,0.473052,0.491154,0.48337,0.281324,0.592877,0.393637,0.466278,0.424595,0.421415,0.513392,0.544729,0.402613,0.407705,0.646576,0.407259,0.573703,0.494133,0.354027,0.50108,0.521258,0.461851,0.348939,0.604854,0.465379,0.445628,0.389285,0.434527,0.523211,0.465687,0.45588,0.416732,0.466023,0.524367,0.497322,0.522125,0.385338,0.504772,0.363631,0.296361,0.426013,0.453379,0.494123,0.459631,0.448087,0.455464,0.460531,0.490514,0.447909,0.365584,0.444594,0.521104,0.540871,0.426381,0.40884,0.496801,0.488616,0.428526,0.497443,0.632345,0.460691,0.528347,0.445167,0.482397,0.434172,0.472931,0.447269,0.628114,0.320576,0.441529,0.583374,0.574592,0.483356,0.31252,0.240418,0.467847,0.529096,0.433217,0.606811,0.499354,1.0,0.443229,0.485233,0.345724,0.517596,0.504026,0.481441,0.449672,0.463221,0.457368,0.346194,0.36572,0.439401,0.508318,0.529217,0.426528,0.623336,0.507635,0.439697,0.448112,0.436392,0.381859,0.555402,0.33709,0.416763,0.393595,0.579898,0.467065,0.501764,0.403915,0.507223,0.428493,0.481084,0.498809,0.501802,0.608938,0.445504,0.479812,0.500352,0.490357,0.434689,0.29796
Ring,0.310917,0.48258,0.422689,0.395279,0.340061,0.326527,0.347325,0.32886,0.402178,0.481199,0.459587,0.421034,0.408186,0.360932,0.454703,0.405616,0.415576,0.392862,0.36819,0.446752,0.477537,0.442267,0.459257,0.36093,0.465212,0.459084,0.396358,0.382198,0.428045,0.457684,0.491675,0.342058,0.4714,0.409192,0.3309,0.351831,0.293999,0.530236,0.431152,0.347695,0.461538,0.458757,0.459057,0.50625,0.364782,0.434969,0.40286,0.421182,0.54662,0.498994,0.433732,0.518761,0.387204,0.384605,0.445652,0.467525,0.478705,0.500991,0.399415,0.494822,0.502001,0.400288,0.274202,0.443928,0.393904,0.411439,0.528072,0.417262,0.496916,0.468318,0.47757,0.426322,0.452735,0.44773,0.457821,0.439566,0.365033,0.298096,0.367663,0.481652,0.277273,0.275673,0.334592,0.386611,0.374675,0.383754,0.506037,0.503944,0.443229,1.0,0.466749,0.325656,0.400605,0.458118,0.414929,0.415812,0.499799,0.443455,0.423095,0.409501,0.344966,0.507155,0.323454,0.49693,0.512638,0.486063,0.46132,0.361875,0.438128,0.30941,0.401845,0.351498,0.43909,0.419152,0.46606,0.461229,0.374522,0.342126,0.502611,0.403843,0.445052,0.453038,0.374579,0.433443,0.436606,0.505753,0.446795,0.448022,0.485314,0.381079
Rollerskates,0.341925,0.500801,0.350125,0.508054,0.40066,0.326464,0.305454,0.343422,0.45164,0.530583,0.495373,0.481773,0.355353,0.404385,0.529473,0.439613,0.453735,0.473478,0.421596,0.504372,0.431777,0.529331,0.492693,0.404693,0.500758,0.517019,0.360219,0.418708,0.470331,0.436381,0.387255,0.379492,0.583689,0.476433,0.364446,0.397892,0.31904,0.461302,0.571505,0.360251,0.504365,0.520022,0.423513,0.49523,0.424297,0.456192,0.411599,0.330122,0.456917,0.474057,0.52837,0.507575,0.472671,0.428909,0.493892,0.499281,0.493752,0.418119,0.440163,0.534851,0.546851,0.473963,0.315186,0.488734,0.417707,0.556809,0.487722,0.490568,0.452545,0.476271,0.509758,0.572358,0.542092,0.497403,0.452093,0.515833,0.377212,0.310432,0.417291,0.504178,0.300842,0.360177,0.275933,0.443296,0.461303,0.370163,0.566313,0.533218,0.485233,0.466749,1.0,0.358807,0.444482,0.50073,0.464098,0.447601,0.487853,0.557155,0.440939,0.423853,0.436004,0.586889,0.391137,0.483367,0.528268,0.527316,0.53596,0.393487,0.586639,0.391372,0.515165,0.437581,0.379807,0.438166,0.511942,0.550772,0.404882,0.379997,0.590481,0.553557,0.488115,0.470694,0.401879,0.517634,0.570441,0.492796,0.528974,0.410243,0.482482,0.327963
Rug,0.279586,0.391687,0.319937,0.348396,0.307588,0.266933,0.320119,0.362691,0.342306,0.349964,0.366068,0.341823,0.214117,0.316671,0.277688,0.374915,0.333982,0.338115,0.354089,0.36103,0.302462,0.266829,0.328091,0.347174,0.359948,0.366732,0.283239,0.328661,0.297229,0.32053,0.252448,0.29269,0.329527,0.353819,0.354181,0.306728,0.294647,0.311181,0.304394,0.313448,0.301036,0.349899,0.318306,0.323627,0.315551,0.328387,0.37161,0.282861,0.316457,0.318262,0.365139,0.318634,0.300439,0.331427,0.34344,0.36523,0.373537,0.271364,0.313971,0.352537,0.34932,0.342732,0.278917,0.372639,0.328599,0.295796,0.351939,0.329706,0.300826,0.349878,0.33726,0.322352,0.366565,0.38855,0.341295,0.392986,0.318276,0.239633,0.31519,0.34654,0.282882,0.30909,0.301286,0.305142,0.305225,0.336078,0.341544,0.344438,0.345724,0.325656,0.358807,1.0,0.31404,0.342276,0.323578,0.350013,0.308,0.300183,0.36253,0.359261,0.361498,0.383809,0.289254,0.380989,0.36261,0.339857,0.332029,0.347316,0.322592,0.301492,0.357396,0.330953,0.357652,0.35775,0.347841,0.35189,0.320669,0.305287,0.365902,0.286664,0.381294,0.354741,0.350545,0.34114,0.326046,0.332412,0.369328,0.325174,0.375655,0.312653
Saltpeppershaker,0.362079,0.46269,0.37441,0.463434,0.441123,0.282695,0.350682,0.324982,0.426683,0.556519,0.420092,0.435331,0.249195,0.473353,0.390594,0.445277,0.399182,0.384592,0.439521,0.497677,0.353536,0.358639,0.531126,0.395552,0.517875,0.431453,0.323091,0.396569,0.596051,0.533806,0.351939,0.474123,0.421669,0.428144,0.378563,0.410308,0.418383,0.437683,0.420924,0.346489,0.446136,0.472229,0.451434,0.478431,0.33277,0.377659,0.363464,0.284902,0.433072,0.394391,0.487762,0.419011,0.449024,0.403018,0.403621,0.460081,0.451975,0.361591,0.499618,0.419776,0.449639,0.356124,0.328541,0.504761,0.485637,0.390039,0.555236,0.63331,0.461662,0.440193,0.42965,0.493904,0.415305,0.455402,0.374224,0.485047,0.295191,0.376171,0.475336,0.433592,0.376909,0.273017,0.230892,0.426759,0.443446,0.474058,0.514039,0.491325,0.517596,0.400605,0.444482,0.31404,1.0,0.415122,0.455279,0.410201,0.378626,0.394877,0.362324,0.350757,0.378942,0.457008,0.420259,0.529049,0.511929,0.444957,0.424275,0.427971,0.395383,0.414902,0.527126,0.364429,0.341236,0.379477,0.460897,0.404584,0.525156,0.303893,0.529687,0.395375,0.424757,0.513385,0.423451,0.592709,0.409604,0.506573,0.472673,0.425897,0.413236,0.308017
Saxophone,0.427268,0.495332,0.271434,0.465727,0.421464,0.255426,0.32831,0.291921,0.426143,0.534865,0.44187,0.486776,0.374871,0.421763,0.429041,0.554718,0.451148,0.460434,0.422567,0.502916,0.47764,0.39358,0.442999,0.339621,0.477636,0.504867,0.347177,0.489146,0.464129,0.401257,0.359577,0.393721,0.424905,0.398059,0.338858,0.412011,0.373402,0.427455,0.508615,0.407373,0.411512,0.460182,0.450276,0.578214,0.383933,0.497245,0.434716,0.238368,0.401951,0.437462,0.46473,0.397349,0.424919,0.450189,0.462066,0.508788,0.405279,0.405499,0.472795,0.469278,0.628371,0.424995,0.416856,0.495172,0.469578,0.469651,0.501205,0.534081,0.434757,0.434198,0.44236,0.566152,0.491354,0.486144,0.504824,0.567535,0.341195,0.274474,0.504313,0.504071,0.422594,0.355334,0.259141,0.370108,0.579607,0.368332,0.559182,0.466869,0.504026,0.458118,0.50073,0.342276,0.415122,1.0,0.455904,0.42198,0.486581,0.528781,0.351871,0.432187,0.360142,0.488451,0.561411,0.428882,0.558346,0.450935,0.441838,0.357386,0.524173,0.32525,0.504593,0.350936,0.418589,0.373983,0.521857,0.471456,0.385364,0.430951,0.571755,0.430468,0.49041,0.432029,0.368758,0.506116,0.438832,0.467176,0.571124,0.459954,0.453826,0.295923
Scale,0.361052,0.412321,0.304076,0.462835,0.513981,0.269916,0.334331,0.33128,0.520179,0.522491,0.466697,0.531993,0.364758,0.492958,0.406996,0.495547,0.501301,0.42293,0.458288,0.499497,0.398828,0.46273,0.518245,0.352828,0.508308,0.461079,0.372317,0.49812,0.549164,0.453386,0.391519,0.487793,0.439452,0.484814,0.361777,0.514446,0.44044,0.420892,0.497075,0.45898,0.432726,0.496162,0.47427,0.529283,0.352199,0.473367,0.34103,0.298181,0.45914,0.460642,0.446299,0.435045,0.533513,0.400357,0.429284,0.485901,0.449467,0.373901,0.532821,0.471352,0.530501,0.426307,0.429798,0.498868,0.499573,0.480274,0.501091,0.521135,0.439613,0.454402,0.440506,0.559856,0.405508,0.4449,0.432742,0.469898,0.346266,0.445796,0.527548,0.528706,0.416787,0.262914,0.21418,0.430679,0.549611,0.404688,0.542262,0.534098,0.481441,0.414929,0.464098,0.323578,0.455279,0.455904,1.0,0.391032,0.453995,0.506023,0.347994,0.355453,0.395405,0.484847,0.441847,0.458178,0.511229,0.539944,0.500205,0.440494,0.493975,0.38032,0.556322,0.334785,0.446909,0.450345,0.500088,0.500262,0.468807,0.358842,0.560578,0.484357,0.491703,0.440051,0.452134,0.513135,0.464886,0.471501,0.504086,0.469147,0.397879,0.280251
Scarf,0.410712,0.466494,0.387242,0.432709,0.368503,0.354986,0.385269,0.431468,0.380798,0.458362,0.392127,0.393094,0.264663,0.374597,0.389356,0.405675,0.379926,0.365959,0.402993,0.456369,0.412949,0.348551,0.434457,0.368568,0.457896,0.444978,0.335999,0.361905,0.391544,0.392158,0.35264,0.378789,0.420029,0.395068,0.387039,0.336321,0.344737,0.41238,0.391205,0.323237,0.433691,0.448215,0.437344,0.420888,0.348047,0.359585,0.436802,0.342538,0.429561,0.365427,0.477983,0.403637,0.373334,0.447022,0.409674,0.446759,0.470059,0.401915,0.389993,0.412089,0.428185,0.407558,0.322401,0.443843,0.419664,0.359387,0.464098,0.460005,0.429777,0.420769,0.444367,0.404901,0.449449,0.452054,0.401076,0.508211,0.374466,0.298228,0.391352,0.392785,0.318134,0.321777,0.282439,0.357047,0.38957,0.39177,0.455318,0.424803,0.449672,0.415812,0.447601,0.350013,0.410201,0.42198,0.391032,1.0,0.389461,0.376407,0.455543,0.401205,0.422507,0.468678,0.377188,0.452779,0.468999,0.414437,0.403636,0.382465,0.403311,0.443051,0.44597,0.3998,0.455554,0.403102,0.430151,0.415203,0.408294,0.31951,0.453697,0.351987,0.435838,0.449458,0.380919,0.455594,0.390972,0.423173,0.41975,0.396658,0.431,0.391689
Scissors,0.307702,0.391495,0.285465,0.438385,0.466005,0.254646,0.31523,0.266818,0.443307,0.479021,0.481903,0.50147,0.621159,0.409084,0.466009,0.430097,0.450301,0.398507,0.388175,0.458477,0.520501,0.447906,0.459751,0.346725,0.494849,0.48797,0.360048,0.543931,0.485735,0.459834,0.404863,0.353674,0.503521,0.439999,0.331635,0.472901,0.324839,0.467758,0.518563,0.457526,0.414801,0.525686,0.508334,0.630214,0.364028,0.53043,0.326653,0.320736,0.509275,0.657607,0.458591,0.545386,0.458766,0.412179,0.459525,0.564909,0.432771,0.559856,0.48899,0.523916,0.610928,0.492791,0.410912,0.471554,0.480253,0.525863,0.485918,0.435284,0.507063,0.45884,0.492991,0.510208,0.39161,0.426872,0.535019,0.477153,0.353445,0.29297,0.488203,0.568457,0.319952,0.264329,0.198277,0.386565,0.523388,0.346775,0.585145,0.492432,0.463221,0.499799,0.487853,0.308,0.378626,0.486581,0.453995,0.389461,1.0,0.581068,0.351099,0.357743,0.364733,0.521758,0.391398,0.375627,0.577988,0.523992,0.559385,0.372897,0.598315,0.325714,0.441938,0.317778,0.538509,0.435137,0.550065,0.473737,0.365395,0.379123,0.598803,0.421703,0.53968,0.415693,0.38724,0.451588,0.504649,0.573631,0.492105,0.541295,0.392939,0.279113
Scooter,0.322827,0.42012,0.28941,0.475834,0.489853,0.231966,0.284941,0.263339,0.485022,0.500483,0.477223,0.526958,0.488048,0.428491,0.52835,0.479132,0.490693,0.440286,0.38622,0.467438,0.452078,0.585446,0.483937,0.335628,0.496033,0.481472,0.344735,0.538347,0.514172,0.419433,0.384936,0.39071,0.559287,0.468319,0.317105,0.49192,0.337248,0.451753,0.601593,0.456656,0.477229,0.509981,0.480636,0.595126,0.381041,0.492355,0.331414,0.272944,0.482604,0.541079,0.454771,0.485306,0.524381,0.401071,0.448662,0.502735,0.427821,0.483175,0.506277,0.514232,0.599701,0.472228,0.410873,0.482422,0.453381,0.614713,0.470897,0.463174,0.459787,0.470709,0.49393,0.611308,0.449121,0.447018,0.499913,0.474293,0.346056,0.333779,0.511199,0.555687,0.330573,0.274221,0.195166,0.418625,0.599747,0.333722,0.595507,0.53315,0.457368,0.443455,0.557155,0.300183,0.394877,0.528781,0.506023,0.376407,0.581068,1.0,0.341804,0.362202,0.356289,0.497232,0.425965,0.388747,0.552612,0.538873,0.561298,0.380254,0.662454,0.340894,0.519889,0.358826,0.464216,0.432823,0.526688,0.530013,0.385129,0.399242,0.595547,0.591107,0.532435,0.402406,0.37889,0.476326,0.540919,0.504792,0.54376,0.479022,0.40805,0.253093
Scrunchie,0.329023,0.497054,0.459243,0.420932,0.319235,0.378673,0.340283,0.423909,0.371908,0.434611,0.379348,0.356814,0.26053,0.297756,0.395687,0.370562,0.376933,0.367116,0.357998,0.407017,0.402728,0.339806,0.344275,0.372885,0.382161,0.425452,0.326626,0.301952,0.339429,0.368793,0.351021,0.285096,0.419465,0.406909,0.384279,0.298215,0.25608,0.40633,0.366879,0.290506,0.443419,0.428799,0.37521,0.35079,0.365804,0.30183,0.479958,0.41034,0.442118,0.369668,0.469019,0.426171,0.3408,0.393355,0.391701,0.428022,0.485362,0.396628,0.364191,0.401617,0.386942,0.404531,0.245985,0.429305,0.340232,0.339499,0.461016,0.3656,0.363376,0.393527,0.445387,0.372356,0.492096,0.456781,0.379226,0.424512,0.431057,0.233403,0.286334,0.331935,0.220056,0.339803,0.329495,0.337438,0.315046,0.363783,0.389585,0.404174,0.346194,0.423095,0.440939,0.36253,0.362324,0.351871,0.347994,0.455543,0.351099,0.341804,1.0,0.444776,0.437044,0.481759,0.254575,0.45597,0.400831,0.394335,0.426106,0.337344,0.403765,0.442938,0.3836,0.394969,0.390042,0.455361,0.358436,0.395736,0.350834,0.311133,0.450021,0.337973,0.446742,0.432596,0.336661,0.377911,0.394475,0.414426,0.384457,0.325649,0.449518,0.413326
Seashell,0.340195,0.530969,0.387854,0.410198,0.346655,0.345452,0.352053,0.36731,0.403233,0.428102,0.413706,0.415985,0.273478,0.310337,0.369581,0.422431,0.395225,0.405959,0.355079,0.428179,0.402272,0.346211,0.34321,0.368728,0.40459,0.442929,0.328682,0.371386,0.340045,0.342024,0.325559,0.292017,0.368786,0.424949,0.347723,0.35433,0.283067,0.393195,0.384678,0.343744,0.385353,0.407038,0.35312,0.39525,0.391581,0.37862,0.504647,0.32162,0.391713,0.367749,0.447458,0.378103,0.353681,0.42024,0.426412,0.413696,0.429499,0.348775,0.355099,0.410469,0.433213,0.394055,0.302727,0.430478,0.369872,0.363146,0.439021,0.374175,0.344445,0.396137,0.409979,0.393081,0.490591,0.498794,0.390989,0.420671,0.425523,0.238497,0.345163,0.394755,0.254102,0.438928,0.426774,0.347963,0.357959,0.337986,0.398207,0.398746,0.36572,0.409501,0.423853,0.359261,0.350757,0.432187,0.355453,0.401205,0.357743,0.362202,0.444776,1.0,0.370891,0.462494,0.305177,0.446299,0.418671,0.414262,0.412151,0.344996,0.387825,0.330978,0.400633,0.382796,0.388196,0.40947,0.398514,0.432266,0.332431,0.357167,0.45268,0.348874,0.452899,0.4001,0.335427,0.372453,0.389858,0.397206,0.431605,0.372701,0.522246,0.391077
Shirt,0.34213,0.383504,0.316568,0.42379,0.37895,0.310849,0.294462,0.396116,0.426487,0.390421,0.415954,0.423628,0.240309,0.441732,0.341729,0.407817,0.382655,0.397957,0.461899,0.441262,0.349568,0.326653,0.423337,0.38411,0.428941,0.444036,0.301414,0.378886,0.367367,0.373212,0.278878,0.419596,0.405277,0.430348,0.418593,0.38626,0.372953,0.353805,0.373836,0.349404,0.385345,0.457149,0.365589,0.377652,0.393179,0.369122,0.379315,0.334845,0.339864,0.367934,0.462424,0.41236,0.37611,0.377237,0.407792,0.44708,0.429885,0.307706,0.368513,0.417241,0.40904,0.467544,0.310027,0.436247,0.375548,0.350662,0.406476,0.425232,0.348361,0.426081,0.401364,0.386199,0.441373,0.422551,0.377373,0.48992,0.408349,0.331022,0.380212,0.410663,0.354538,0.283742,0.241259,0.393041,0.394065,0.37207,0.428522,0.407843,0.439401,0.344966,0.436004,0.361498,0.378942,0.360142,0.395405,0.422507,0.364733,0.356289,0.437044,0.370891,1.0,0.474401,0.364372,0.396646,0.42916,0.427942,0.444602,0.419997,0.397397,0.472766,0.455251,0.35567,0.375709,0.465478,0.427662,0.430133,0.412862,0.346358,0.422104,0.353321,0.469643,0.419615,0.433421,0.437939,0.435539,0.404256,0.426834,0.344169,0.400901,0.32815
Shoe,0.386972,0.557179,0.40211,0.500251,0.435351,0.3525,0.367788,0.395336,0.519772,0.551326,0.573305,0.547421,0.318204,0.465397,0.48569,0.481363,0.522838,0.515309,0.484726,0.535428,0.517259,0.480792,0.501223,0.425267,0.530517,0.541498,0.353423,0.484662,0.469088,0.47054,0.368465,0.421059,0.496953,0.568284,0.421465,0.462839,0.367379,0.48744,0.53898,0.420998,0.51146,0.588138,0.445697,0.517568,0.439674,0.559915,0.453601,0.387701,0.524544,0.536381,0.560647,0.556972,0.487647,0.475425,0.536336,0.549986,0.574543,0.428395,0.45353,0.622494,0.558629,0.505829,0.342435,0.527254,0.454762,0.505565,0.514529,0.51154,0.430055,0.501555,0.516915,0.536269,0.548807,0.541248,0.483219,0.552482,0.415311,0.33289,0.46286,0.606462,0.339036,0.346579,0.268228,0.484524,0.474967,0.418511,0.583209,0.557929,0.508318,0.507155,0.586889,0.383809,0.457008,0.488451,0.484847,0.468678,0.521758,0.497232,0.481759,0.462494,0.474401,1.0,0.395331,0.491764,0.578407,0.6087,0.595012,0.473542,0.519164,0.41847,0.525537,0.404947,0.442292,0.523791,0.58616,0.598867,0.457916,0.422985,0.60416,0.48003,0.547822,0.508834,0.481936,0.521108,0.572897,0.546199,0.524448,0.494101,0.527944,0.372311
Skiis,0.368063,0.357195,0.246189,0.427203,0.484911,0.237421,0.258087,0.254015,0.398381,0.442658,0.358291,0.437277,0.263824,0.479871,0.300366,0.465015,0.382773,0.357613,0.40518,0.442855,0.348065,0.276295,0.461211,0.30112,0.435377,0.44948,0.298779,0.514254,0.472579,0.363388,0.273478,0.450684,0.311419,0.332119,0.315987,0.434251,0.452941,0.323303,0.412871,0.387746,0.331599,0.457208,0.447765,0.503219,0.338509,0.446401,0.274329,0.2278,0.308375,0.32992,0.425905,0.340695,0.380741,0.389606,0.390569,0.423207,0.318755,0.310816,0.514428,0.414943,0.502579,0.44578,0.484433,0.448257,0.495459,0.395034,0.431688,0.618295,0.366079,0.457807,0.346311,0.467021,0.352155,0.387176,0.436765,0.530539,0.286309,0.305107,0.683822,0.468246,0.472595,0.260177,0.182076,0.353038,0.639193,0.356147,0.518335,0.376562,0.529217,0.323454,0.391137,0.289254,0.420259,0.561411,0.441847,0.377188,0.391398,0.425965,0.254575,0.305177,0.364372,0.395331,1.0,0.344411,0.540797,0.377334,0.34286,0.34369,0.38921,0.362381,0.48623,0.278517,0.399294,0.319047,0.529249,0.392153,0.397395,0.362169,0.462741,0.337257,0.444122,0.415441,0.358073,0.533489,0.399909,0.394995,0.507846,0.522268,0.332071,0.233367
Snowglobe,0.338117,0.509482,0.464265,0.470491,0.391606,0.410936,0.438656,0.395119,0.448368,0.57969,0.416326,0.411263,0.318584,0.361361,0.393109,0.464237,0.476445,0.460868,0.40982,0.480038,0.388743,0.398485,0.454546,0.423443,0.486094,0.467955,0.415758,0.356356,0.514834,0.552092,0.484789,0.353548,0.433412,0.41342,0.409979,0.355618,0.337002,0.469112,0.421749,0.336176,0.437186,0.449673,0.450888,0.438057,0.380083,0.346876,0.466141,0.425735,0.520979,0.394659,0.46913,0.440386,0.451395,0.393002,0.420289,0.46134,0.5198,0.406223,0.492144,0.446598,0.430878,0.397874,0.293062,0.521941,0.434248,0.399958,0.62499,0.474635,0.479398,0.443906,0.466298,0.480594,0.491218,0.477536,0.418212,0.450728,0.390293,0.336359,0.363381,0.398144,0.320687,0.310572,0.394828,0.395873,0.37643,0.513356,0.463142,0.53833,0.426528,0.49693,0.483367,0.380989,0.529049,0.428882,0.458178,0.452779,0.375627,0.388747,0.45597,0.446299,0.396646,0.491764,0.344411,1.0,0.458835,0.45348,0.44026,0.408065,0.416467,0.355677,0.48151,0.432457,0.430343,0.412364,0.416186,0.464107,0.496359,0.344254,0.550959,0.396336,0.439656,0.541173,0.372665,0.517364,0.41198,0.494226,0.477112,0.39362,0.512614,0.428777
Spoon,0.321136,0.577843,0.433412,0.4681,0.497401,0.284755,0.330078,0.360525,0.476851,0.570241,0.546065,0.549883,0.36037,0.522358,0.465469,0.505348,0.484068,0.487901,0.471907,0.549699,0.505348,0.426418,0.574288,0.418878,0.569687,0.56788,0.342668,0.610935,0.515946,0.470265,0.363585,0.471711,0.481533,0.492268,0.383522,0.479766,0.450197,0.540751,0.520001,0.483306,0.524378,0.622288,0.553834,0.603217,0.456211,0.608527,0.404286,0.328765,0.524704,0.575953,0.554399,0.545714,0.470509,0.510697,0.522195,0.52213,0.517607,0.471348,0.547517,0.60841,0.639727,0.475426,0.433743,0.567999,0.50153,0.495963,0.581646,0.661448,0.46616,0.608356,0.507443,0.538615,0.488613,0.561851,0.545759,0.636787,0.353105,0.32936,0.700254,0.66901,0.418517,0.321158,0.229014,0.455278,0.634954,0.424911,0.662708,0.540755,0.623336,0.512638,0.528268,0.36261,0.511929,0.558346,0.511229,0.468999,0.577988,0.552612,0.400831,0.418671,0.42916,0.578407,0.540797,0.458835,1.0,0.561986,0.515813,0.443392,0.514041,0.388466,0.525223,0.383102,0.497313,0.424256,0.674542,0.510984,0.467576,0.475479,0.609351,0.436099,0.57315,0.524493,0.482114,0.606004,0.52818,0.544421,0.578131,0.63638,0.491398,0.331797
Stapler,0.413439,0.476917,0.325333,0.47349,0.457312,0.28061,0.337015,0.376583,0.592412,0.530345,0.611052,0.612529,0.315463,0.521879,0.480424,0.471955,0.547636,0.481112,0.49638,0.526432,0.506523,0.602232,0.546846,0.39414,0.552312,0.491756,0.341222,0.495042,0.51754,0.471738,0.364895,0.495537,0.508059,0.627088,0.399154,0.531304,0.399894,0.487994,0.561022,0.491504,0.500295,0.589163,0.449394,0.546964,0.404307,0.603091,0.384912,0.353966,0.537552,0.534536,0.511643,0.564295,0.576209,0.460562,0.530021,0.524687,0.521246,0.437689,0.452209,0.609848,0.565751,0.479183,0.3578,0.506223,0.448151,0.529027,0.512776,0.497484,0.446447,0.474508,0.4987,0.566429,0.489527,0.501477,0.44839,0.511752,0.428988,0.484699,0.474765,0.686665,0.385362,0.299399,0.214666,0.510575,0.505311,0.393352,0.609062,0.60252,0.507635,0.486063,0.527316,0.339857,0.444957,0.450935,0.539944,0.414437,0.523992,0.538873,0.394335,0.414262,0.427942,0.6087,0.377334,0.45348,0.561986,1.0,0.642462,0.506699,0.529728,0.386976,0.585391,0.352541,0.440462,0.543095,0.591001,0.639596,0.479465,0.407238,0.574413,0.563874,0.549699,0.456587,0.521109,0.51837,0.579201,0.534854,0.504444,0.481294,0.472594,0.31615
Stapleremover,0.356212,0.449731,0.340719,0.482722,0.462392,0.312301,0.316756,0.320801,0.560028,0.510061,0.522048,0.559469,0.357165,0.468852,0.504576,0.464662,0.505697,0.450275,0.447882,0.492753,0.520064,0.552797,0.468617,0.409115,0.51435,0.481384,0.333835,0.46406,0.494331,0.464991,0.347925,0.423736,0.546849,0.574624,0.378269,0.506243,0.331859,0.466289,0.569756,0.425403,0.493168,0.570898,0.424883,0.53733,0.39592,0.502718,0.370823,0.379146,0.514251,0.534995,0.511657,0.562817,0.54025,0.428366,0.484045,0.50933,0.511222,0.475252,0.475619,0.559111,0.554668,0.506855,0.329462,0.489601,0.412127,0.52556,0.501307,0.4349,0.437731,0.452012,0.511025,0.587878,0.477031,0.491122,0.463894,0.470693,0.41232,0.400827,0.4272,0.56065,0.324368,0.280017,0.231371,0.504315,0.508783,0.373203,0.566509,0.570598,0.439697,0.46132,0.53596,0.332029,0.424275,0.441838,0.500205,0.403636,0.559385,0.561298,0.426106,0.412151,0.444602,0.595012,0.34286,0.44026,0.515813,0.642462,1.0,0.458366,0.580394,0.407768,0.524576,0.387759,0.436342,0.532776,0.524721,0.586443,0.442254,0.367046,0.577598,0.529812,0.547806,0.43622,0.432491,0.469088,0.590286,0.548881,0.50482,0.443015,0.461296,0.287453
Storagebin,0.422949,0.408094,0.302245,0.408913,0.406813,0.276988,0.4248,0.395161,0.496315,0.416118,0.51871,0.50299,0.223232,0.50328,0.331473,0.4439,0.427736,0.38484,0.505339,0.476378,0.365242,0.395443,0.47244,0.38067,0.487496,0.402813,0.2975,0.414183,0.434569,0.45899,0.268393,0.484023,0.397019,0.529736,0.444437,0.472989,0.442349,0.389342,0.379959,0.40928,0.386022,0.436657,0.393076,0.414502,0.322763,0.472013,0.376609,0.289518,0.400438,0.408733,0.436655,0.406929,0.450865,0.417736,0.412805,0.460426,0.455534,0.300239,0.379844,0.45502,0.422805,0.371406,0.319467,0.434211,0.432836,0.369359,0.429133,0.438869,0.387375,0.403603,0.389157,0.39305,0.398571,0.425991,0.355547,0.451956,0.346895,0.422504,0.401443,0.514294,0.412104,0.256797,0.196552,0.446367,0.386781,0.456102,0.460267,0.471963,0.448112,0.361875,0.393487,0.347316,0.427971,0.357386,0.440494,0.382465,0.372897,0.380254,0.337344,0.344996,0.419997,0.473542,0.34369,0.408065,0.443392,0.506699,0.458366,1.0,0.373393,0.372832,0.516071,0.326053,0.397416,0.438258,0.457943,0.460924,0.507526,0.31819,0.441457,0.416244,0.435532,0.431626,0.535564,0.437267,0.417735,0.44729,0.415517,0.378784,0.393305,0.320457
Stroller,0.332444,0.430437,0.299333,0.530844,0.509947,0.26379,0.305191,0.296247,0.494971,0.518558,0.468146,0.540531,0.548289,0.401525,0.531559,0.459814,0.475603,0.442352,0.389918,0.481805,0.443507,0.571381,0.460957,0.346073,0.486949,0.486673,0.368717,0.505116,0.528208,0.437069,0.403402,0.381539,0.570944,0.473846,0.336445,0.501759,0.327413,0.440319,0.626362,0.430252,0.488621,0.509195,0.467229,0.598993,0.380198,0.439792,0.358785,0.299136,0.489852,0.538665,0.490973,0.497507,0.547539,0.402924,0.454123,0.541888,0.457523,0.508798,0.516365,0.496873,0.593399,0.495269,0.411714,0.488439,0.481389,0.629113,0.475906,0.444104,0.474589,0.447879,0.516206,0.638003,0.476509,0.45775,0.482435,0.479304,0.382327,0.33119,0.447141,0.500036,0.309631,0.294228,0.209406,0.422593,0.56289,0.343835,0.58019,0.528856,0.436392,0.438128,0.586639,0.322592,0.395383,0.524173,0.493975,0.403311,0.598315,0.662454,0.403765,0.387825,0.397397,0.519164,0.38921,0.416467,0.514041,0.529728,0.580394,0.373393,1.0,0.397617,0.544954,0.385151,0.468953,0.460621,0.487737,0.530958,0.390511,0.380456,0.638113,0.5928,0.539979,0.416396,0.375068,0.472544,0.560201,0.519846,0.541675,0.433581,0.410466,0.268871
Suit,0.385172,0.365181,0.297442,0.484369,0.383691,0.278147,0.259678,0.373671,0.3744,0.424541,0.323585,0.369353,0.189803,0.38295,0.343089,0.388542,0.360923,0.309947,0.399673,0.421252,0.317337,0.28523,0.402238,0.341626,0.40609,0.379498,0.261664,0.327487,0.39907,0.351683,0.269024,0.413161,0.39097,0.391911,0.372722,0.360492,0.324763,0.344854,0.343195,0.284295,0.398509,0.44246,0.365859,0.388948,0.289552,0.277193,0.351628,0.279112,0.320567,0.30355,0.489875,0.328853,0.378827,0.352745,0.346478,0.469548,0.42462,0.3442,0.378305,0.337333,0.359117,0.393182,0.285394,0.415344,0.381024,0.32147,0.406487,0.460914,0.374335,0.336217,0.393504,0.393675,0.403396,0.38105,0.326851,0.433067,0.330806,0.32276,0.377149,0.321564,0.284765,0.235394,0.181816,0.353468,0.34327,0.343174,0.408672,0.380423,0.381859,0.30941,0.391372,0.301492,0.414902,0.32525,0.38032,0.443051,0.325714,0.340894,0.442938,0.330978,0.472766,0.41847,0.362381,0.355677,0.388466,0.386976,0.407768,0.372832,0.397617,1.0,0.47132,0.335259,0.309239,0.505129,0.368274,0.342065,0.401164,0.252623,0.423647,0.308498,0.451085,0.398649,0.361693,0.428957,0.35105,0.388046,0.370576,0.368014,0.355845,0.286076
Suitcase,0.443776,0.47381,0.320949,0.584964,0.546628,0.269702,0.375954,0.386266,0.566633,0.573585,0.491921,0.590853,0.328459,0.574482,0.43101,0.527356,0.506891,0.472963,0.545046,0.567862,0.371281,0.494445,0.591159,0.397103,0.549789,0.48689,0.365667,0.509979,0.62068,0.52334,0.365523,0.59662,0.466273,0.543293,0.416098,0.548721,0.532157,0.433883,0.546286,0.477917,0.477865,0.533136,0.485433,0.567872,0.375812,0.453066,0.404125,0.286076,0.457774,0.445401,0.533367,0.443769,0.605922,0.440287,0.462426,0.557319,0.491711,0.378292,0.534462,0.483607,0.541294,0.441027,0.455014,0.539192,0.562339,0.518532,0.525559,0.606777,0.494939,0.463021,0.477224,0.612857,0.49955,0.487373,0.415932,0.548634,0.37056,0.522393,0.522849,0.53826,0.449668,0.336627,0.191829,0.510009,0.574694,0.468269,0.596489,0.564114,0.555402,0.401845,0.515165,0.357396,0.527126,0.504593,0.556322,0.44597,0.441938,0.519889,0.3836,0.400633,0.455251,0.525537,0.48623,0.48151,0.525223,0.585391,0.524576,0.516071,0.544954,0.47132,1.0,0.364451,0.416059,0.502002,0.517441,0.54301,0.575098,0.393588,0.615285,0.547955,0.527683,0.502049,0.527978,0.605579,0.500845,0.519068,0.553082,0.419295,0.40908,0.308311
Teddy Bear,0.332642,0.472896,0.35654,0.39764,0.289951,0.326488,0.360317,0.354028,0.335573,0.397604,0.337723,0.329584,0.233491,0.278528,0.385004,0.361787,0.326021,0.337872,0.31883,0.38774,0.343135,0.346406,0.338665,0.367727,0.402236,0.383184,0.297229,0.279111,0.333632,0.349302,0.299447,0.267568,0.424928,0.346888,0.321693,0.27119,0.237358,0.367003,0.383519,0.24135,0.402055,0.364452,0.355324,0.341898,0.345385,0.277619,0.413666,0.288181,0.350798,0.308956,0.410665,0.355555,0.333654,0.39394,0.35569,0.36508,0.415344,0.342176,0.334595,0.343507,0.371122,0.355519,0.223512,0.376497,0.323478,0.34787,0.402959,0.356572,0.362071,0.372072,0.392502,0.385903,0.409127,0.445872,0.344069,0.402115,0.342446,0.232659,0.281098,0.303606,0.230384,0.320794,0.306578,0.347548,0.314131,0.337925,0.372101,0.384468,0.33709,0.351498,0.437581,0.330953,0.364429,0.350936,0.334785,0.3998,0.317778,0.358826,0.394969,0.382796,0.35567,0.404947,0.278517,0.432457,0.383102,0.352541,0.387759,0.326053,0.385151,0.335259,0.364451,1.0,0.360276,0.330665,0.341555,0.378078,0.332934,0.26769,0.400973,0.363579,0.359969,0.375614,0.295096,0.372199,0.393727,0.369288,0.388803,0.289823,0.424741,0.369036
Tennisracket,0.451721,0.407355,0.382111,0.39068,0.488966,0.331974,0.489274,0.446248,0.42953,0.411374,0.408954,0.449268,0.52617,0.368814,0.341257,0.43725,0.446988,0.343641,0.355907,0.395612,0.458598,0.351892,0.406595,0.323855,0.523274,0.460779,0.383313,0.518007,0.411494,0.384801,0.414,0.346335,0.380414,0.39626,0.382939,0.448575,0.339223,0.39811,0.407415,0.494595,0.374711,0.457961,0.559029,0.506447,0.340646,0.437871,0.357903,0.388547,0.518878,0.503704,0.396092,0.436778,0.432548,0.471107,0.409708,0.488756,0.468164,0.46712,0.47238,0.439277,0.485503,0.488543,0.490589,0.47519,0.529951,0.434089,0.478447,0.41358,0.410819,0.470539,0.428554,0.415192,0.354044,0.406656,0.513666,0.483082,0.417794,0.281195,0.470276,0.463434,0.322032,0.241367,0.29372,0.328609,0.511485,0.386176,0.458749,0.423074,0.416763,0.43909,0.379807,0.357652,0.341236,0.418589,0.446909,0.455554,0.538509,0.464216,0.390042,0.388196,0.375709,0.442292,0.399294,0.430343,0.497313,0.440462,0.436342,0.397416,0.468953,0.309239,0.416059,0.360276,1.0,0.43189,0.470847,0.423892,0.407,0.345181,0.478003,0.338854,0.522439,0.39951,0.372413,0.400546,0.40669,0.457196,0.439164,0.507368,0.392094,0.364587
Tent,0.371247,0.434988,0.348569,0.488954,0.428094,0.306316,0.320314,0.390752,0.510112,0.450259,0.468457,0.474453,0.304943,0.442959,0.413576,0.462557,0.473253,0.40361,0.460649,0.455249,0.470837,0.461449,0.442572,0.393583,0.451271,0.437721,0.341186,0.422101,0.417772,0.399084,0.345735,0.429135,0.459099,0.523879,0.403801,0.463023,0.366176,0.41094,0.422454,0.41929,0.422514,0.529836,0.399746,0.459603,0.354547,0.417473,0.389758,0.405105,0.454951,0.461218,0.474239,0.488859,0.463537,0.360873,0.430833,0.545845,0.484567,0.423481,0.415581,0.470427,0.439538,0.494625,0.348462,0.479476,0.430128,0.441087,0.447409,0.398953,0.417141,0.412922,0.445527,0.426437,0.462442,0.438933,0.416729,0.420924,0.431132,0.404781,0.365586,0.461235,0.31801,0.257381,0.239794,0.438835,0.39389,0.358352,0.449637,0.488846,0.393595,0.419152,0.438166,0.35775,0.379477,0.373983,0.450345,0.403102,0.435137,0.432823,0.455361,0.40947,0.465478,0.523791,0.319047,0.412364,0.424256,0.543095,0.532776,0.438258,0.460621,0.505129,0.502002,0.330665,0.43189,1.0,0.440865,0.526727,0.414331,0.333911,0.480832,0.451535,0.564491,0.415478,0.454443,0.413875,0.464152,0.484234,0.421717,0.435307,0.44418,0.308904
Toothbrush,0.342769,0.493475,0.328964,0.442928,0.472689,0.253657,0.311918,0.340052,0.501008,0.526887,0.576312,0.566558,0.311378,0.522406,0.426952,0.488765,0.500335,0.48722,0.473488,0.5178,0.489138,0.433805,0.533596,0.38508,0.542582,0.539785,0.31315,0.592497,0.484214,0.430501,0.305385,0.45781,0.443427,0.524709,0.380507,0.495162,0.436303,0.454089,0.519419,0.481611,0.461047,0.595611,0.490706,0.565447,0.43266,0.6581,0.371817,0.302768,0.472764,0.531506,0.522585,0.518207,0.46271,0.484194,0.529782,0.508443,0.481232,0.388875,0.485486,0.624319,0.609474,0.490185,0.430606,0.533172,0.47699,0.495248,0.506163,0.6142,0.396299,0.538166,0.459516,0.526797,0.480684,0.516158,0.514653,0.59579,0.360744,0.321055,0.65759,0.704889,0.413443,0.300624,0.194579,0.453623,0.607328,0.391173,0.633022,0.517234,0.579898,0.46606,0.511942,0.347841,0.460897,0.521857,0.500088,0.430151,0.550065,0.526688,0.358436,0.398514,0.427662,0.58616,0.529249,0.416186,0.674542,0.591001,0.524721,0.457943,0.487737,0.368274,0.517441,0.341555,0.470847,0.440865,1.0,0.557709,0.441963,0.46167,0.567308,0.447909,0.56126,0.477523,0.48879,0.571049,0.547702,0.51824,0.557272,0.619322,0.468956,0.298904
Train,0.404618,0.484832,0.309887,0.473389,0.424028,0.325413,0.335525,0.363646,0.560803,0.489953,0.601027,0.562443,0.313647,0.47361,0.498503,0.479148,0.554886,0.496974,0.461682,0.496582,0.489413,0.612059,0.490916,0.375304,0.505917,0.494705,0.339836,0.468714,0.465882,0.415791,0.354475,0.44698,0.501896,0.584132,0.380531,0.488373,0.367066,0.443309,0.586558,0.447127,0.496954,0.542126,0.422086,0.513889,0.41522,0.578436,0.42356,0.356529,0.470617,0.478213,0.496287,0.536365,0.521931,0.432578,0.523494,0.486026,0.493997,0.406477,0.418812,0.602763,0.550689,0.51647,0.355692,0.47967,0.439828,0.559675,0.462816,0.457566,0.404421,0.469992,0.480691,0.548605,0.545703,0.497305,0.441033,0.495517,0.440874,0.393876,0.428815,0.622962,0.347198,0.314678,0.240523,0.496793,0.492223,0.3607,0.571225,0.556484,0.467065,0.461229,0.550772,0.35189,0.404584,0.471456,0.500262,0.415203,0.473737,0.530013,0.395736,0.432266,0.430133,0.598867,0.392153,0.464107,0.510984,0.639596,0.586443,0.460924,0.530958,0.342065,0.54301,0.378078,0.423892,0.526727,0.557709,1.0,0.422468,0.431776,0.546803,0.617731,0.530952,0.441177,0.458764,0.4823,0.591282,0.495352,0.517671,0.42496,0.487814,0.343803
Trashbin,0.414614,0.422528,0.348885,0.454966,0.461113,0.295554,0.423064,0.373934,0.471488,0.496607,0.424087,0.483967,0.235966,0.53479,0.346371,0.445449,0.426219,0.395037,0.502802,0.508109,0.347865,0.376891,0.538563,0.366668,0.529322,0.411253,0.320987,0.403361,0.563917,0.564237,0.325447,0.551718,0.384356,0.459922,0.416067,0.45811,0.488106,0.409032,0.403124,0.380593,0.409177,0.457519,0.443692,0.44709,0.32108,0.385878,0.346565,0.308982,0.458404,0.387004,0.456979,0.41202,0.500903,0.425344,0.390428,0.465555,0.467332,0.329033,0.472394,0.432803,0.429083,0.370348,0.33779,0.483029,0.495514,0.378556,0.517535,0.542672,0.441476,0.425934,0.415684,0.463053,0.394019,0.427455,0.357145,0.492279,0.324131,0.474312,0.445582,0.461515,0.4351,0.254348,0.200659,0.437465,0.44615,0.536331,0.503519,0.49878,0.501764,0.374522,0.404882,0.320669,0.525156,0.385364,0.468807,0.408294,0.365395,0.385129,0.350834,0.332431,0.412862,0.457916,0.397395,0.496359,0.467576,0.479465,0.442254,0.507526,0.390511,0.401164,0.575098,0.332934,0.407,0.414331,0.441963,0.422468,1.0,0.311148,0.511231,0.397579,0.425727,0.502483,0.490668,0.545565,0.397617,0.496532,0.440385,0.382095,0.368758,0.338256
Tree,0.248631,0.402003,0.252765,0.335002,0.364296,0.195222,0.228681,0.276338,0.380262,0.376617,0.416106,0.450892,0.267728,0.367227,0.288272,0.401168,0.394673,0.635738,0.341265,0.398714,0.340607,0.30202,0.362487,0.295836,0.37034,0.440316,0.259147,0.462644,0.335,0.29407,0.230584,0.32943,0.297686,0.371435,0.308474,0.379885,0.332726,0.324365,0.382713,0.384993,0.320305,0.3995,0.351572,0.432085,0.477684,0.456831,0.337124,0.200899,0.320092,0.37971,0.378603,0.341148,0.339402,0.378997,0.407646,0.368244,0.350247,0.268738,0.353199,0.443574,0.482426,0.364983,0.339797,0.406144,0.358584,0.365577,0.364377,0.407053,0.269078,0.404309,0.358602,0.407472,0.408783,0.424354,0.378536,0.458382,0.363175,0.222297,0.436276,0.495341,0.314952,0.336702,0.203887,0.318889,0.468653,0.278014,0.437432,0.364953,0.403915,0.342126,0.379997,0.305287,0.303893,0.430951,0.358842,0.31951,0.379123,0.399242,0.311133,0.357167,0.346358,0.422985,0.362169,0.344254,0.475479,0.407238,0.367046,0.31819,0.380456,0.252623,0.393588,0.26769,0.345181,0.333911,0.46167,0.431776,0.311148,1.0,0.431419,0.325107,0.4476,0.335329,0.33579,0.395556,0.378616,0.354058,0.472562,0.375128,0.378912,0.257438
Trophy,0.361526,0.552276,0.392518,0.587249,0.571014,0.308633,0.380339,0.343115,0.544663,0.683501,0.510295,0.594377,0.474098,0.4658,0.505575,0.531807,0.548568,0.532396,0.459799,0.568789,0.476728,0.491643,0.527221,0.390688,0.550783,0.55913,0.392039,0.562532,0.657886,0.561849,0.436357,0.454183,0.506158,0.527357,0.388621,0.537508,0.412893,0.49735,0.618028,0.461455,0.502874,0.575241,0.523503,0.645844,0.426513,0.496494,0.420226,0.328609,0.55545,0.577945,0.557455,0.522537,0.597281,0.462527,0.509331,0.59214,0.544936,0.492686,0.647741,0.561583,0.640215,0.488716,0.440066,0.600855,0.572689,0.580883,0.618222,0.598819,0.51777,0.505893,0.550076,0.685611,0.52568,0.548264,0.514153,0.549747,0.382993,0.380864,0.562367,0.57083,0.371359,0.356349,0.251215,0.452677,0.61734,0.465599,0.65037,0.594689,0.507223,0.502611,0.590481,0.365902,0.529687,0.571755,0.560578,0.453697,0.598803,0.595547,0.450021,0.45268,0.422104,0.60416,0.462741,0.550959,0.609351,0.574413,0.577598,0.441457,0.638113,0.423647,0.615285,0.400973,0.478003,0.480832,0.567308,0.546803,0.511231,0.431419,1.0,0.522382,0.571215,0.541264,0.449053,0.605437,0.553522,0.602708,0.61241,0.539564,0.472847,0.330889
Truck,0.365798,0.419414,0.278684,0.472028,0.406118,0.241944,0.286817,0.283491,0.507224,0.439729,0.527736,0.516586,0.34728,0.441334,0.535493,0.426281,0.467374,0.401128,0.414913,0.464784,0.393265,0.702291,0.500226,0.341448,0.475614,0.404843,0.333034,0.394765,0.501643,0.405452,0.367059,0.451434,0.570819,0.526285,0.325127,0.470041,0.342638,0.429659,0.601176,0.380069,0.523015,0.448471,0.391911,0.491028,0.333499,0.452071,0.345416,0.279827,0.437696,0.433877,0.442992,0.474749,0.534504,0.365188,0.430101,0.448683,0.418408,0.410058,0.409781,0.480235,0.508322,0.411688,0.31325,0.412633,0.413131,0.606461,0.411103,0.423887,0.442218,0.414275,0.460129,0.564826,0.473416,0.425293,0.375095,0.400938,0.349822,0.424034,0.366488,0.508872,0.320284,0.258887,0.201223,0.471935,0.447365,0.324066,0.540578,0.539715,0.428493,0.403843,0.553557,0.286664,0.395375,0.430468,0.484357,0.351987,0.421703,0.591107,0.337973,0.348874,0.353321,0.48003,0.337257,0.396336,0.436099,0.563874,0.529812,0.416244,0.5928,0.308498,0.547955,0.363579,0.338854,0.451535,0.447909,0.617731,0.397579,0.325107,0.522382,1.0,0.436516,0.378289,0.427628,0.438949,0.551481,0.45183,0.468479,0.329682,0.404575,0.250837
Umbrella,0.363169,0.481908,0.364667,0.490305,0.516782,0.3113,0.342383,0.397731,0.523355,0.524049,0.504197,0.54627,0.406998,0.4676,0.422324,0.517934,0.510799,0.47399,0.447631,0.49222,0.487995,0.424213,0.467642,0.411469,0.5013,0.539392,0.356878,0.578119,0.472676,0.416803,0.342783,0.416337,0.458054,0.510361,0.408233,0.515393,0.402432,0.439243,0.490843,0.515052,0.437484,0.575667,0.485538,0.565209,0.437821,0.521564,0.41542,0.373562,0.468912,0.533708,0.516012,0.499648,0.48203,0.443743,0.495522,0.542571,0.492606,0.444233,0.510834,0.538398,0.564489,0.536563,0.455732,0.551935,0.497094,0.497034,0.517302,0.519789,0.417232,0.506638,0.477989,0.521332,0.488315,0.507455,0.51047,0.530775,0.45859,0.3261,0.55758,0.567716,0.361561,0.315757,0.243101,0.442459,0.569957,0.37721,0.547173,0.503603,0.481084,0.445052,0.488115,0.381294,0.424757,0.49041,0.491703,0.435838,0.53968,0.532435,0.446742,0.452899,0.469643,0.547822,0.444122,0.439656,0.57315,0.549699,0.547806,0.435532,0.539979,0.451085,0.527683,0.359969,0.522439,0.564491,0.56126,0.530952,0.425727,0.4476,0.571215,0.436516,1.0,0.457324,0.437379,0.502756,0.508864,0.517807,0.5449,0.556566,0.472777,0.348381
Vase,0.350398,0.515482,0.446819,0.476748,0.427284,0.365368,0.388927,0.370839,0.434711,0.543797,0.43484,0.443011,0.287042,0.437729,0.395706,0.445018,0.428358,0.410212,0.454716,0.500717,0.413068,0.361078,0.498279,0.396703,0.49504,0.475743,0.357429,0.41222,0.510829,0.521928,0.387421,0.424254,0.422746,0.426872,0.405642,0.397649,0.398912,0.459325,0.423645,0.358549,0.448306,0.499312,0.453919,0.457574,0.367134,0.394954,0.419859,0.38396,0.469513,0.417608,0.503868,0.45192,0.432405,0.419197,0.43315,0.48744,0.49157,0.403271,0.477717,0.477354,0.457366,0.427529,0.335368,0.514165,0.462882,0.397779,0.551975,0.546477,0.461804,0.472365,0.456236,0.456835,0.468627,0.473797,0.422612,0.51417,0.359486,0.34641,0.461992,0.45592,0.364522,0.292289,0.285915,0.413381,0.433281,0.495634,0.518291,0.485803,0.498809,0.453038,0.470694,0.354741,0.513385,0.432029,0.440051,0.449458,0.415693,0.402406,0.432596,0.4001,0.419615,0.508834,0.415441,0.541173,0.524493,0.456587,0.43622,0.431626,0.416396,0.398649,0.502049,0.375614,0.39951,0.415478,0.477523,0.441177,0.502483,0.335329,0.541264,0.378289,0.457324,1.0,0.427966,0.543951,0.432693,0.508676,0.469502,0.456371,0.452002,0.397952
Wallet,0.378841,0.412566,0.303299,0.417077,0.402277,0.245003,0.362735,0.396419,0.492327,0.412928,0.549786,0.517349,0.229729,0.556855,0.334786,0.435452,0.412634,0.390368,0.550875,0.506801,0.36947,0.403829,0.536089,0.372485,0.486084,0.403544,0.313619,0.44072,0.44288,0.442485,0.282594,0.547286,0.414958,0.539298,0.44552,0.483162,0.489904,0.407903,0.383517,0.406982,0.399801,0.459898,0.396159,0.436868,0.32684,0.508463,0.358083,0.279083,0.411904,0.434577,0.444748,0.432832,0.45372,0.403262,0.418248,0.496829,0.45647,0.309827,0.376035,0.473574,0.445785,0.36783,0.320852,0.434014,0.434236,0.378982,0.399305,0.470706,0.410095,0.428854,0.392927,0.38788,0.400034,0.427071,0.355625,0.476202,0.328165,0.472129,0.435173,0.552145,0.456464,0.26261,0.183752,0.442534,0.400545,0.428576,0.478938,0.482017,0.501802,0.374579,0.401879,0.350545,0.423451,0.368758,0.452134,0.380919,0.38724,0.37889,0.336661,0.335427,0.433421,0.481936,0.358073,0.372665,0.482114,0.521109,0.432491,0.535564,0.375068,0.361693,0.527978,0.295096,0.372413,0.454443,0.48879,0.458764,0.490668,0.33579,0.449053,0.427628,0.437379,0.427966,1.0,0.45465,0.425019,0.44611,0.409578,0.396346,0.378396,0.277046
Waterbottle,0.346352,0.481344,0.366781,0.514705,0.495166,0.272441,0.316698,0.341135,0.462742,0.606777,0.449686,0.493684,0.280473,0.53781,0.418201,0.48015,0.45948,0.455416,0.475423,0.53974,0.388939,0.396909,0.588306,0.408543,0.559151,0.509774,0.335135,0.493523,0.630762,0.537315,0.353694,0.528138,0.433678,0.450751,0.383326,0.439042,0.483388,0.446181,0.50638,0.419157,0.46517,0.562103,0.505453,0.553239,0.399346,0.4583,0.358033,0.30605,0.452849,0.443667,0.539665,0.472405,0.495964,0.438686,0.465028,0.501341,0.469779,0.382369,0.551902,0.514772,0.538282,0.443082,0.415742,0.567695,0.524865,0.467495,0.585323,0.712784,0.473433,0.510769,0.470523,0.574866,0.465321,0.497068,0.447429,0.601449,0.312411,0.401092,0.591463,0.541841,0.432207,0.310442,0.206642,0.448486,0.580709,0.467711,0.621639,0.526272,0.608938,0.433443,0.517634,0.34114,0.592709,0.506116,0.513135,0.455594,0.451588,0.476326,0.377911,0.372453,0.437939,0.521108,0.533489,0.517364,0.606004,0.51837,0.469088,0.437267,0.472544,0.428957,0.605579,0.372199,0.400546,0.413875,0.571049,0.4823,0.545565,0.395556,0.605437,0.438949,0.502756,0.543951,0.45465,1.0,0.506455,0.536554,0.556951,0.495678,0.421057,0.302012
Watergun,0.338556,0.478391,0.352138,0.492817,0.425054,0.298112,0.285154,0.310581,0.495603,0.475579,0.528443,0.527679,0.343387,0.436789,0.491149,0.422711,0.462854,0.45514,0.413115,0.456646,0.471869,0.51588,0.448668,0.382253,0.477336,0.486268,0.313426,0.452081,0.472377,0.442203,0.322307,0.378308,0.516873,0.532651,0.356004,0.458609,0.316459,0.427782,0.592222,0.393698,0.493523,0.549451,0.403618,0.514038,0.428658,0.50979,0.34473,0.365318,0.452799,0.494887,0.524147,0.561406,0.479479,0.415675,0.501106,0.478307,0.462119,0.443243,0.441761,0.574648,0.53754,0.524003,0.324412,0.475923,0.404934,0.569201,0.461204,0.487384,0.406259,0.496574,0.474499,0.54596,0.492958,0.492431,0.460516,0.48059,0.377248,0.313016,0.459588,0.563871,0.317839,0.291106,0.226812,0.460267,0.529986,0.339686,0.558958,0.508317,0.445504,0.436606,0.570441,0.326046,0.409604,0.438832,0.464886,0.390972,0.504649,0.540919,0.394475,0.389858,0.435539,0.572897,0.399909,0.41198,0.52818,0.579201,0.590286,0.417735,0.560201,0.35105,0.500845,0.393727,0.40669,0.464152,0.547702,0.591282,0.397617,0.378616,0.553522,0.551481,0.508864,0.432693,0.425019,0.506455,1.0,0.52202,0.525536,0.429397,0.459894,0.271322
Wateringcan,0.353516,0.487131,0.410741,0.508151,0.478107,0.311586,0.383499,0.327881,0.48266,0.563441,0.485825,0.514738,0.409533,0.464154,0.477469,0.462758,0.454897,0.428489,0.446393,0.505336,0.520842,0.452234,0.506695,0.391261,0.525358,0.476387,0.35412,0.466014,0.570434,0.576343,0.392683,0.426928,0.496127,0.488804,0.38847,0.478946,0.38187,0.483583,0.503901,0.408355,0.475611,0.542308,0.472433,0.591473,0.372843,0.478355,0.373,0.379576,0.544751,0.548682,0.520232,0.557505,0.493423,0.420858,0.471674,0.562593,0.502188,0.531325,0.512602,0.523726,0.538222,0.46854,0.365159,0.518506,0.500879,0.492214,0.552875,0.53917,0.539066,0.475661,0.50158,0.516182,0.459831,0.47915,0.472136,0.485469,0.358866,0.364003,0.470235,0.526978,0.351995,0.268292,0.253266,0.451436,0.494856,0.461609,0.566205,0.529486,0.479812,0.505753,0.492796,0.332412,0.506573,0.467176,0.471501,0.423173,0.573631,0.504792,0.414426,0.397206,0.404256,0.546199,0.394995,0.494226,0.544421,0.534854,0.548881,0.44729,0.519846,0.388046,0.519068,0.369288,0.457196,0.484234,0.51824,0.495352,0.496532,0.354058,0.602708,0.45183,0.517807,0.508676,0.44611,0.536554,0.52202,1.0,0.496172,0.526549,0.451942,0.318612
Windchime,0.36353,0.490482,0.317056,0.497569,0.510411,0.27659,0.326858,0.322365,0.495497,0.550099,0.483874,0.54926,0.368838,0.471176,0.433591,0.523577,0.501121,0.531089,0.433167,0.510109,0.415177,0.413051,0.476394,0.390677,0.500173,0.537196,0.363358,0.544437,0.537959,0.449798,0.349979,0.429207,0.454748,0.466877,0.373314,0.49359,0.413867,0.426913,0.539212,0.467666,0.434596,0.504866,0.479218,0.579844,0.474263,0.499629,0.388448,0.287038,0.422181,0.477471,0.500636,0.447658,0.485776,0.445854,0.502494,0.486901,0.439426,0.387683,0.539661,0.517975,0.609919,0.476739,0.45155,0.540973,0.510184,0.508863,0.532716,0.571438,0.412085,0.505275,0.465048,0.609222,0.496144,0.518538,0.491072,0.540064,0.399312,0.320608,0.568551,0.550725,0.392656,0.380806,0.264556,0.440151,0.609993,0.395841,0.581546,0.509497,0.500352,0.446795,0.528974,0.369328,0.472673,0.571124,0.504086,0.41975,0.492105,0.54376,0.384457,0.431605,0.426834,0.524448,0.507846,0.477112,0.578131,0.504444,0.50482,0.415517,0.541675,0.370576,0.553082,0.388803,0.439164,0.421717,0.557272,0.517671,0.440385,0.472562,0.61241,0.468479,0.5449,0.469502,0.409578,0.556951,0.525536,0.496172,1.0,0.481521,0.469451,0.31178
Wishbone,0.276257,0.435809,0.328626,0.4359,0.559436,0.2255,0.352683,0.30013,0.450547,0.539883,0.440055,0.52248,0.370434,0.416299,0.365289,0.465713,0.437116,0.392559,0.403783,0.479068,0.536861,0.337757,0.474773,0.351828,0.487601,0.50773,0.334542,0.627987,0.441834,0.411209,0.329752,0.352837,0.363211,0.415652,0.339507,0.519028,0.423276,0.408154,0.422019,0.505271,0.373772,0.59574,0.491296,0.558718,0.355429,0.594868,0.320602,0.300577,0.462746,0.509726,0.492928,0.44266,0.411038,0.439875,0.472354,0.526852,0.423874,0.425581,0.58489,0.52123,0.540621,0.4735,0.525678,0.517013,0.524069,0.43003,0.499872,0.577569,0.41727,0.497964,0.42285,0.45044,0.383886,0.461347,0.511275,0.507912,0.307037,0.271265,0.804262,0.571684,0.415432,0.236783,0.212562,0.352148,0.560822,0.380743,0.545155,0.450185,0.490357,0.448022,0.410243,0.325174,0.425897,0.459954,0.469147,0.396658,0.541295,0.479022,0.325649,0.372701,0.344169,0.494101,0.522268,0.39362,0.63638,0.481294,0.443015,0.378784,0.433581,0.368014,0.419295,0.289823,0.507368,0.435307,0.619322,0.42496,0.382095,0.375128,0.539564,0.329682,0.556566,0.456371,0.396346,0.495678,0.429397,0.526549,0.481521,1.0,0.423025,0.283589
Wrap,0.313605,0.568751,0.458923,0.416548,0.337982,0.333143,0.366421,0.384174,0.430455,0.463919,0.474924,0.439878,0.294236,0.365711,0.423782,0.468924,0.408527,0.488058,0.406923,0.468732,0.458323,0.397072,0.40098,0.428799,0.450849,0.477475,0.354899,0.382308,0.362167,0.39501,0.375256,0.333796,0.435162,0.448063,0.371813,0.368749,0.316042,0.462964,0.427108,0.340677,0.449306,0.464453,0.390234,0.419225,0.454916,0.431779,0.504511,0.367821,0.435761,0.411006,0.469199,0.449016,0.365646,0.406355,0.479043,0.432877,0.485563,0.382214,0.362944,0.496417,0.469592,0.424511,0.282214,0.468622,0.374385,0.436772,0.477862,0.419551,0.383195,0.476433,0.443314,0.40695,0.54772,0.532261,0.429486,0.461977,0.398211,0.265505,0.377343,0.453551,0.287612,0.384979,0.55329,0.407874,0.357669,0.377336,0.450981,0.457391,0.434689,0.485314,0.482482,0.375655,0.413236,0.453826,0.397879,0.431,0.392939,0.40805,0.449518,0.522246,0.400901,0.527944,0.332071,0.512614,0.491398,0.472594,0.461296,0.393305,0.410466,0.355845,0.40908,0.424741,0.392094,0.44418,0.468956,0.487814,0.368758,0.378912,0.472847,0.404575,0.472777,0.452002,0.378396,0.421057,0.459894,0.451942,0.469451,0.423025,1.0,0.382309
Yarn,0.415438,0.461057,0.389592,0.30074,0.249259,0.408302,0.485975,0.451864,0.307295,0.353167,0.323591,0.295224,0.239226,0.235595,0.318206,0.313774,0.309586,0.284651,0.29615,0.355344,0.319473,0.262751,0.293615,0.287105,0.358777,0.394159,0.291893,0.245705,0.261221,0.305767,0.341888,0.236359,0.291952,0.289112,0.342598,0.240064,0.22724,0.396281,0.26389,0.264529,0.336446,0.33058,0.34897,0.294161,0.301271,0.254001,0.508802,0.362307,0.360279,0.273381,0.358648,0.318231,0.269646,0.455984,0.347336,0.330052,0.416867,0.331709,0.26813,0.315166,0.305531,0.33976,0.213448,0.35423,0.322272,0.248704,0.414381,0.293167,0.341073,0.342061,0.372009,0.26675,0.405034,0.405152,0.325741,0.378141,0.454536,0.203799,0.244969,0.277958,0.206575,0.33473,0.29318,0.276098,0.235816,0.377794,0.309043,0.323271,0.29796,0.381079,0.327963,0.312653,0.308017,0.295923,0.280251,0.391689,0.279113,0.253093,0.413326,0.391077,0.32815,0.372311,0.233367,0.428777,0.331797,0.31615,0.287453,0.320457,0.268871,0.286076,0.308311,0.369036,0.364587,0.308904,0.298904,0.343803,0.338256,0.257438,0.330889,0.250837,0.348381,0.397952,0.277046,0.302012,0.271322,0.318612,0.31178,0.283589,0.382309,1.0
