,Accordion,Acorn,Apple,Backpack,Barstool,Baseball,Basket,Beanie,Bed,Bell,Belt,Bench,Bike,Binder,Binoculars,Birdfeeder,Boat,Bonzai,Book,Bookend,Boomerang,Car,Cellphone,Cheese,Cheesegrater,Christmasstreeornament,Clock,Coatrack,Coffeemaker,Coffeemug,Compass,Computertower,Controller,Couch,Cushion,Desk,Door,Doorknob,Drill,Dryingrack,Dumbbell,Dustpan,Fan,Faucet,Flower,Flute,Fossils,Frisbee,Fryingpan,Glasses,Glove,Goggles,Grill,Hairbrush,Hairclip,Handbag,Hat,Headphones,Hourglass,Kayak,Key,Kite,Ladder,Lamp,Lantern,Lawnmower,Lightbulb,Lipstick,Lock,Lollipop,Mask,Microscope,Minerals,Mushroom,Necklace,Necktie,Orifan,Oven,Paintbrush,Pen,Pictureframe,Pinecone,Pizza,Plug,Pogostick,Pot,Razor,Recordplayer,Remotecontrol,Ring,Rollerskates,Rug,Saltpeppershaker,Saxophone,Scale,Scarf,Scissors,Scooter,Scrunchie,Seashell,Shirt,Shoe,Skiis,Snowglobe,Spoon,Stapler,Stapleremover,Storagebin,Stroller,Suit,Suitcase,Teddy Bear,Tennisracket,Tent,Toothbrush,Train,Trashbin,Tree,Trophy,Truck,Umbrella,Vase,Wallet,Waterbottle,Watergun,Wateringcan,Windchime,Wishbone,Wrap,Yarn
Accordion,1.0,0.841895,0.854187,0.80515,0.749596,0.856698,0.834293,0.799865,0.856888,0.795037,0.810679,0.825047,0.812047,0.793884,0.850473,0.806088,0.826746,0.798308,0.778355,0.794553,0.799004,0.837808,0.774707,0.823757,0.792387,0.789165,0.807639,0.754795,0.779672,0.837395,0.81098,0.764463,0.839383,0.833224,0.846391,0.835246,0.743535,0.806279,0.799541,0.785727,0.829331,0.777606,0.777018,0.783498,0.803102,0.80918,0.832595,0.811954,0.830045,0.831287,0.778993,0.829182,0.823892,0.788147,0.822156,0.813064,0.833087,0.771767,0.8064,0.805638,0.782009,0.799197,0.752908,0.770708,0.773557,0.818446,0.776402,0.77021,0.790385,0.780258,0.807987,0.769131,0.83725,0.816345,0.762509,0.765394,0.830974,0.813301,0.773808,0.796189,0.766807,0.787036,0.86016,0.812969,0.750669,0.786647,0.782969,0.825476,0.761816,0.819037,0.825966,0.809782,0.820988,0.781413,0.797757,0.761233,0.783773,0.793557,0.852741,0.844462,0.810194,0.826384,0.723586,0.776369,0.775858,0.81227,0.831756,0.83943,0.797885,0.822851,0.778831,0.816198,0.825751,0.858537,0.78834,0.831675,0.77655,0.795948,0.776717,0.825025,0.807277,0.772651,0.814035,0.746663,0.828427,0.834352,0.772969,0.782124,0.835287,0.852847
Acorn,0.841895,1.0,0.834032,0.855425,0.845091,0.849915,0.816943,0.778464,0.853692,0.873382,0.807321,0.79169,0.790671,0.818725,0.855505,0.857516,0.841247,0.858356,0.822054,0.842564,0.823499,0.833415,0.870455,0.832076,0.853744,0.868286,0.831649,0.823871,0.866479,0.854926,0.859758,0.834017,0.819832,0.808025,0.8302,0.797034,0.835679,0.824142,0.856404,0.824214,0.825869,0.850647,0.857639,0.836713,0.868356,0.802068,0.842602,0.789036,0.849057,0.831215,0.863174,0.82556,0.852168,0.845827,0.831469,0.854729,0.844878,0.810712,0.874176,0.82191,0.838592,0.846685,0.852258,0.847338,0.87911,0.845416,0.88277,0.868065,0.850179,0.873675,0.850219,0.86357,0.827204,0.881533,0.806813,0.851014,0.84446,0.846915,0.852078,0.795539,0.75661,0.871886,0.868217,0.833726,0.838976,0.827375,0.847992,0.845567,0.858122,0.867496,0.854615,0.802283,0.86608,0.86597,0.829577,0.855656,0.818226,0.812903,0.848619,0.857259,0.833548,0.83013,0.826471,0.859146,0.842809,0.812326,0.813491,0.814424,0.863148,0.877627,0.864506,0.871247,0.867517,0.856598,0.824662,0.838917,0.842814,0.852906,0.879652,0.820968,0.854032,0.855993,0.796407,0.857771,0.835563,0.847967,0.866949,0.848714,0.8488,0.839675
Apple,0.854187,0.834032,1.0,0.847881,0.779661,0.891479,0.833452,0.82421,0.820661,0.816589,0.756132,0.778654,0.770066,0.796055,0.831648,0.831982,0.80575,0.843892,0.786786,0.816079,0.75709,0.791022,0.789846,0.845842,0.792506,0.816004,0.814409,0.754881,0.8171,0.846049,0.82565,0.795154,0.814665,0.775707,0.830531,0.778829,0.76376,0.796635,0.804677,0.767184,0.799667,0.786414,0.798404,0.786809,0.825054,0.758015,0.84648,0.823416,0.797973,0.772196,0.804086,0.777557,0.822071,0.765984,0.798878,0.832273,0.805983,0.83086,0.825907,0.764016,0.775405,0.802506,0.77215,0.798421,0.814255,0.805914,0.797164,0.778685,0.836689,0.790725,0.821079,0.796974,0.85728,0.820642,0.779329,0.779695,0.796309,0.814369,0.772614,0.751247,0.785768,0.817231,0.855608,0.809221,0.760353,0.816571,0.776427,0.811053,0.762888,0.806008,0.830805,0.816574,0.831426,0.793186,0.803814,0.815027,0.759695,0.786672,0.907236,0.845824,0.824242,0.798889,0.741727,0.835492,0.765427,0.767223,0.792806,0.797761,0.825838,0.870977,0.813818,0.848173,0.808084,0.821514,0.764131,0.783693,0.818068,0.826634,0.807198,0.787739,0.804267,0.81787,0.769577,0.769159,0.79889,0.814826,0.787424,0.783984,0.821833,0.883107
Backpack,0.80515,0.855425,0.847881,1.0,0.834157,0.850842,0.793404,0.782391,0.79662,0.846727,0.715462,0.720487,0.728354,0.798618,0.79831,0.838897,0.792884,0.854976,0.799542,0.84402,0.754531,0.753616,0.833332,0.82349,0.808727,0.833036,0.811234,0.765599,0.858274,0.832553,0.836256,0.82367,0.782256,0.721406,0.800045,0.728405,0.817212,0.775769,0.82504,0.768357,0.756352,0.798371,0.832268,0.800288,0.829618,0.712431,0.822615,0.778762,0.768892,0.731089,0.833388,0.736126,0.812479,0.788599,0.775113,0.842349,0.786672,0.83044,0.856106,0.73524,0.790694,0.812603,0.820344,0.824888,0.862034,0.800192,0.841475,0.809059,0.86838,0.830904,0.817598,0.840166,0.814969,0.83142,0.772087,0.810351,0.761987,0.830239,0.792884,0.706047,0.772984,0.849513,0.835752,0.794154,0.789498,0.829944,0.794668,0.799032,0.79831,0.806871,0.836275,0.793508,0.840536,0.817776,0.806053,0.869278,0.755565,0.788885,0.856322,0.827341,0.823237,0.770397,0.780072,0.877809,0.777002,0.732611,0.754797,0.759872,0.853664,0.896531,0.849495,0.8753,0.816848,0.795277,0.752421,0.757747,0.851996,0.818396,0.852932,0.757435,0.803492,0.84939,0.737008,0.820093,0.768801,0.784999,0.831962,0.822994,0.800615,0.835653
Barstool,0.749596,0.845091,0.779661,0.834157,1.0,0.806754,0.732054,0.709469,0.742043,0.852039,0.676983,0.650649,0.662085,0.767761,0.753772,0.828534,0.746318,0.836536,0.771876,0.823181,0.721008,0.702563,0.868976,0.777803,0.811497,0.831551,0.783183,0.80299,0.86944,0.7996,0.820643,0.82143,0.710547,0.668179,0.744946,0.66394,0.849936,0.742636,0.8287,0.75919,0.701554,0.805784,0.85836,0.79687,0.821647,0.68439,0.771653,0.728523,0.731295,0.699306,0.840046,0.685547,0.787703,0.796177,0.723296,0.797475,0.732738,0.776731,0.875973,0.711136,0.800723,0.78962,0.868954,0.847987,0.889093,0.765881,0.862617,0.86444,0.843543,0.856276,0.787639,0.867427,0.752184,0.83177,0.754112,0.848377,0.723874,0.798001,0.83727,0.682527,0.71647,0.856307,0.804544,0.754522,0.83776,0.805588,0.819986,0.754296,0.853867,0.773105,0.791595,0.743755,0.810688,0.846337,0.787167,0.867415,0.744195,0.771388,0.806149,0.787243,0.805109,0.718997,0.837639,0.852129,0.809717,0.677254,0.699421,0.704422,0.841354,0.853001,0.858965,0.855638,0.812139,0.741122,0.752768,0.703671,0.842384,0.809466,0.887459,0.70455,0.799115,0.857124,0.677026,0.881829,0.72993,0.746162,0.858914,0.846114,0.749301,0.785974
Baseball,0.856698,0.849915,0.891479,0.850842,0.806754,1.0,0.830724,0.811785,0.831221,0.832815,0.774874,0.781389,0.768275,0.805452,0.833073,0.8444,0.812628,0.841415,0.797954,0.827996,0.778824,0.795417,0.814589,0.847479,0.811135,0.821405,0.832153,0.795736,0.832097,0.848932,0.835772,0.809387,0.811878,0.786598,0.841108,0.788568,0.7967,0.791897,0.830573,0.790109,0.803089,0.805836,0.829498,0.804266,0.830985,0.777872,0.841244,0.834156,0.806259,0.792261,0.818978,0.783536,0.825504,0.801269,0.800979,0.826012,0.807774,0.81565,0.860566,0.783524,0.807254,0.809741,0.811727,0.824592,0.832695,0.814496,0.825186,0.823398,0.843833,0.825047,0.822495,0.82225,0.835917,0.839157,0.791789,0.818016,0.798821,0.828093,0.824582,0.774321,0.793833,0.829726,0.875375,0.811925,0.80566,0.829877,0.813505,0.81512,0.804698,0.800893,0.828654,0.828746,0.836831,0.826871,0.820926,0.822652,0.785154,0.803402,0.904204,0.848248,0.838977,0.803798,0.785151,0.832977,0.809119,0.775706,0.800498,0.805252,0.836582,0.870525,0.828913,0.862278,0.841812,0.826134,0.79481,0.795371,0.836326,0.835825,0.840544,0.790992,0.821234,0.831793,0.777293,0.812901,0.804757,0.818185,0.820554,0.816576,0.82324,0.884805
Basket,0.834293,0.816943,0.833452,0.793404,0.732054,0.830724,1.0,0.771071,0.82358,0.773038,0.777297,0.798911,0.791001,0.766309,0.821296,0.778965,0.795166,0.789266,0.758447,0.768241,0.767914,0.812365,0.750234,0.801031,0.766552,0.769986,0.779246,0.710487,0.763952,0.8103,0.794717,0.751209,0.821717,0.804154,0.811348,0.804575,0.716794,0.790461,0.77024,0.763639,0.804943,0.750917,0.746258,0.753083,0.788532,0.759469,0.814713,0.782626,0.81026,0.792006,0.766749,0.802921,0.806807,0.755076,0.80184,0.800128,0.809904,0.767602,0.766985,0.766586,0.74643,0.780703,0.717911,0.744344,0.757796,0.789899,0.756702,0.729114,0.775966,0.752907,0.794621,0.747229,0.823261,0.791426,0.736695,0.726121,0.804268,0.796361,0.721695,0.749102,0.733319,0.767654,0.828543,0.791839,0.698467,0.770257,0.74103,0.804246,0.721924,0.810655,0.798185,0.775389,0.809196,0.737864,0.765479,0.75547,0.74684,0.752287,0.837811,0.817344,0.785913,0.797949,0.688264,0.786567,0.728553,0.786276,0.797006,0.807822,0.785075,0.80839,0.76529,0.795273,0.782235,0.826716,0.746981,0.809381,0.765976,0.774725,0.753324,0.802017,0.779437,0.757907,0.785206,0.711257,0.807228,0.814372,0.743662,0.754119,0.814634,0.826809
Beanie,0.799865,0.778464,0.82421,0.782391,0.709469,0.811785,0.771071,1.0,0.781637,0.747395,0.72033,0.73645,0.747045,0.744553,0.789211,0.764673,0.763684,0.765852,0.73401,0.747412,0.737563,0.758894,0.728728,0.785332,0.729033,0.749305,0.754111,0.703595,0.746107,0.788984,0.759067,0.735872,0.79356,0.73837,0.78553,0.75066,0.702026,0.742026,0.746796,0.714161,0.746519,0.712436,0.735678,0.73906,0.75728,0.718883,0.791636,0.760004,0.736514,0.731673,0.738182,0.742756,0.760599,0.72075,0.761171,0.770921,0.777994,0.752752,0.76213,0.722149,0.728783,0.757215,0.705164,0.730173,0.736485,0.74004,0.739088,0.718812,0.766175,0.747482,0.760838,0.718046,0.791017,0.762724,0.702252,0.722119,0.774102,0.764299,0.729691,0.713341,0.742128,0.752485,0.795508,0.757618,0.704485,0.747145,0.730224,0.761298,0.707932,0.759824,0.774948,0.770533,0.769451,0.727654,0.74953,0.748451,0.712181,0.736864,0.821125,0.789837,0.75718,0.75283,0.672418,0.759016,0.719056,0.73243,0.754993,0.758356,0.751369,0.815517,0.747228,0.779517,0.760005,0.797176,0.715644,0.752377,0.747069,0.754836,0.732715,0.754148,0.758612,0.743366,0.737878,0.707817,0.752605,0.755229,0.728161,0.736042,0.766514,0.813868
Bed,0.856888,0.853692,0.820661,0.79662,0.742043,0.831221,0.82358,0.781637,1.0,0.796091,0.851565,0.8514,0.841343,0.778664,0.85536,0.79985,0.850848,0.791804,0.779996,0.780828,0.832559,0.873155,0.774712,0.808665,0.802054,0.799477,0.801812,0.757503,0.772101,0.818232,0.809026,0.758882,0.856747,0.86628,0.831817,0.844547,0.735186,0.816479,0.784108,0.795264,0.852423,0.789307,0.770754,0.782611,0.810089,0.833342,0.829822,0.797302,0.852762,0.867819,0.786355,0.869749,0.823557,0.805308,0.846976,0.817546,0.860389,0.756441,0.78873,0.841698,0.785442,0.807623,0.750742,0.75904,0.769689,0.824443,0.782425,0.77651,0.776317,0.788561,0.813774,0.770212,0.826424,0.820534,0.754094,0.762922,0.860376,0.806592,0.77519,0.821763,0.723021,0.791358,0.8526,0.817024,0.745469,0.765847,0.788763,0.842591,0.766551,0.846168,0.833581,0.795023,0.820461,0.784854,0.790978,0.755442,0.801236,0.780386,0.830873,0.838671,0.779872,0.851856,0.727805,0.775926,0.783826,0.854924,0.843349,0.83439,0.790022,0.809806,0.770111,0.812026,0.820862,0.879014,0.803604,0.877222,0.754154,0.79896,0.771082,0.852315,0.810123,0.765738,0.824544,0.743793,0.842731,0.837447,0.778223,0.781951,0.848259,0.824921
Bell,0.795037,0.873382,0.816589,0.846727,0.852039,0.832815,0.773038,0.747395,0.796091,1.0,0.745264,0.722789,0.72294,0.77922,0.806713,0.861776,0.810664,0.860279,0.794777,0.837395,0.774877,0.766328,0.862782,0.813778,0.836249,0.870125,0.804825,0.818005,0.866531,0.821052,0.836748,0.819565,0.758756,0.732723,0.786638,0.723269,0.831,0.777559,0.83292,0.779329,0.761329,0.841517,0.857663,0.814938,0.852359,0.740506,0.810213,0.762259,0.78659,0.760916,0.850449,0.753651,0.816687,0.819197,0.779495,0.849719,0.789629,0.793486,0.868602,0.771092,0.81227,0.815546,0.87339,0.840455,0.897691,0.811109,0.868231,0.884344,0.8494,0.862089,0.816406,0.874047,0.794577,0.85601,0.767395,0.858106,0.782212,0.814233,0.856113,0.738113,0.721568,0.874766,0.830262,0.79285,0.841992,0.807251,0.832041,0.802091,0.860747,0.818333,0.840273,0.776533,0.829334,0.859442,0.810356,0.868261,0.778308,0.788983,0.840118,0.825296,0.816466,0.778877,0.849126,0.859425,0.835228,0.746108,0.756824,0.747208,0.858656,0.876472,0.863404,0.879365,0.837012,0.804902,0.789843,0.770699,0.82897,0.840029,0.876464,0.761597,0.830662,0.854877,0.730195,0.875434,0.77706,0.793684,0.867103,0.865174,0.803105,0.813507
Belt,0.810679,0.807321,0.756132,0.715462,0.676983,0.774874,0.777297,0.72033,0.851565,0.745264,1.0,0.878599,0.840123,0.701016,0.837233,0.736188,0.841775,0.734925,0.729426,0.694387,0.829177,0.896617,0.723538,0.74739,0.771402,0.763286,0.760451,0.747798,0.703744,0.746416,0.762326,0.689528,0.827931,0.897545,0.782673,0.835351,0.67355,0.781083,0.714198,0.780606,0.866416,0.763387,0.72449,0.752058,0.768375,0.8853,0.783356,0.758393,0.855134,0.918296,0.745314,0.904051,0.787956,0.795427,0.836742,0.759519,0.837542,0.686691,0.731528,0.896132,0.757479,0.764606,0.709313,0.714586,0.710913,0.784501,0.732949,0.751286,0.708763,0.75079,0.777982,0.71997,0.759964,0.783593,0.71167,0.725046,0.862471,0.742481,0.752026,0.884196,0.625866,0.739701,0.816416,0.784241,0.708404,0.686359,0.766715,0.818662,0.734976,0.822831,0.766756,0.747589,0.758628,0.752433,0.737904,0.680492,0.797084,0.719192,0.776145,0.791371,0.741054,0.850478,0.709241,0.701355,0.776392,0.889261,0.828221,0.788399,0.713493,0.731208,0.702381,0.745367,0.792348,0.851715,0.814669,0.913125,0.662988,0.763312,0.709548,0.846241,0.778137,0.704008,0.795056,0.702484,0.84344,0.816268,0.73325,0.746234,0.824951,0.758456
Bench,0.825047,0.79169,0.778654,0.720487,0.650649,0.781389,0.798911,0.73645,0.8514,0.722789,0.878599,1.0,0.84595,0.7113,0.826353,0.726203,0.831991,0.720855,0.719732,0.692795,0.826375,0.884145,0.686376,0.750172,0.746568,0.734424,0.761593,0.701809,0.681011,0.750353,0.751095,0.671656,0.849699,0.909436,0.795809,0.873652,0.642593,0.781285,0.6957,0.76911,0.874496,0.734466,0.689384,0.731582,0.746815,0.860126,0.786414,0.769558,0.851221,0.893828,0.718926,0.894289,0.785107,0.758709,0.836154,0.763182,0.838751,0.693892,0.709359,0.857692,0.73073,0.752026,0.664235,0.678845,0.678183,0.783321,0.68829,0.697353,0.695398,0.709518,0.770706,0.681759,0.77116,0.75415,0.697707,0.680124,0.830991,0.748363,0.707963,0.851554,0.668113,0.704893,0.8139,0.788304,0.657999,0.69223,0.726313,0.813468,0.682832,0.81505,0.765295,0.756606,0.756304,0.709752,0.734849,0.664338,0.772126,0.723891,0.777979,0.789426,0.729228,0.845493,0.650597,0.692817,0.732717,0.88502,0.830537,0.815793,0.70078,0.733021,0.690037,0.738079,0.775512,0.856819,0.787596,0.894537,0.664958,0.742459,0.6662,0.841548,0.754326,0.680524,0.819346,0.650906,0.838442,0.812164,0.691384,0.73571,0.815679,0.776113
Bike,0.812047,0.790671,0.770066,0.728354,0.662085,0.768275,0.791001,0.747045,0.841343,0.72294,0.840123,0.84595,1.0,0.712851,0.828726,0.732264,0.82435,0.733441,0.718417,0.702273,0.803984,0.871441,0.703253,0.756515,0.742061,0.730323,0.736789,0.672735,0.698247,0.759757,0.753317,0.690929,0.869583,0.871213,0.777323,0.828377,0.647094,0.793234,0.70471,0.746593,0.844144,0.711624,0.683174,0.725063,0.756234,0.800079,0.798526,0.752968,0.829266,0.845726,0.728344,0.865731,0.789236,0.739485,0.832381,0.775758,0.850236,0.708248,0.689793,0.811895,0.710607,0.761599,0.658941,0.675642,0.692853,0.779573,0.699167,0.680714,0.710248,0.71155,0.769724,0.685284,0.800532,0.754262,0.680244,0.669914,0.849952,0.749751,0.66659,0.78385,0.639175,0.724346,0.794625,0.777224,0.638914,0.677339,0.708948,0.819253,0.680366,0.824318,0.785548,0.737332,0.77401,0.683901,0.722422,0.690742,0.753336,0.726699,0.778741,0.788049,0.702004,0.831958,0.63214,0.722678,0.694921,0.854942,0.820874,0.804585,0.727697,0.743114,0.703149,0.738051,0.741941,0.868847,0.741002,0.870497,0.665454,0.739047,0.666767,0.854545,0.756152,0.69143,0.800043,0.649035,0.81924,0.79715,0.695377,0.710574,0.823172,0.776399
Binder,0.793884,0.818725,0.796055,0.798618,0.767761,0.805452,0.766309,0.744553,0.778664,0.77922,0.701016,0.7113,0.712851,1.0,0.765528,0.776897,0.754062,0.78208,0.760589,0.791537,0.732453,0.731889,0.785331,0.780368,0.764547,0.768175,0.768416,0.732953,0.789663,0.798917,0.786659,0.779399,0.751724,0.71792,0.780914,0.726731,0.775165,0.752546,0.787043,0.744759,0.736945,0.756756,0.777229,0.759979,0.776423,0.716893,0.773446,0.745059,0.745386,0.730358,0.770146,0.722015,0.771151,0.75052,0.744755,0.777863,0.758278,0.761785,0.811249,0.719003,0.754215,0.766545,0.762243,0.763874,0.783225,0.769818,0.776929,0.762069,0.790362,0.774155,0.76743,0.770054,0.773808,0.782109,0.745912,0.760234,0.739903,0.786445,0.759211,0.702075,0.760168,0.774275,0.806155,0.759682,0.756379,0.781443,0.757146,0.760458,0.760408,0.767668,0.790077,0.753055,0.797113,0.76851,0.768883,0.777852,0.73092,0.772577,0.797649,0.787709,0.774884,0.744381,0.718333,0.787488,0.747546,0.706491,0.741593,0.75674,0.793948,0.805645,0.787414,0.801651,0.796158,0.773146,0.733512,0.731905,0.800452,0.764601,0.793317,0.736824,0.764151,0.782255,0.725423,0.7588,0.741409,0.758122,0.769093,0.782428,0.766845,0.798903
Binoculars,0.850473,0.855505,0.831648,0.79831,0.753772,0.833073,0.821296,0.789211,0.85536,0.806713,0.837233,0.826353,0.828726,0.765528,1.0,0.807048,0.833711,0.805118,0.776443,0.772706,0.812676,0.869502,0.785539,0.814454,0.800945,0.811366,0.796192,0.761267,0.787786,0.82964,0.81047,0.760789,0.849843,0.844234,0.822381,0.830535,0.732829,0.813565,0.793408,0.790299,0.842696,0.779788,0.779757,0.787832,0.824736,0.804464,0.838263,0.795369,0.850043,0.845292,0.802548,0.856847,0.834462,0.80043,0.84,0.818985,0.852705,0.76438,0.786137,0.822487,0.787261,0.812778,0.757852,0.779809,0.792674,0.811708,0.803073,0.78427,0.783151,0.808888,0.82354,0.776546,0.837457,0.838785,0.74884,0.773766,0.875693,0.805712,0.780159,0.799835,0.703273,0.808289,0.846306,0.814959,0.744921,0.766142,0.793314,0.837364,0.773077,0.851457,0.815335,0.790437,0.822709,0.783589,0.78371,0.774922,0.782716,0.763768,0.846101,0.841057,0.798687,0.832843,0.741939,0.791811,0.784823,0.839326,0.832861,0.825287,0.7993,0.821687,0.787377,0.805585,0.807546,0.86919,0.789067,0.864699,0.761308,0.816041,0.787078,0.845402,0.824622,0.780061,0.811276,0.761061,0.848666,0.845887,0.789779,0.771059,0.849372,0.82691
Birdfeeder,0.806088,0.857516,0.831982,0.838897,0.828534,0.8444,0.778965,0.764673,0.79985,0.861776,0.736188,0.726203,0.732264,0.776897,0.807048,1.0,0.805496,0.84233,0.786918,0.828926,0.764308,0.764937,0.840681,0.818405,0.820374,0.850156,0.805664,0.806497,0.8529,0.827138,0.825059,0.802882,0.769892,0.737382,0.795964,0.73377,0.810502,0.774408,0.829093,0.771005,0.762748,0.826998,0.840859,0.800883,0.839648,0.731091,0.813806,0.779817,0.780294,0.757239,0.832322,0.751247,0.810349,0.803539,0.777001,0.834606,0.789999,0.793284,0.855275,0.758442,0.802048,0.8045,0.849531,0.824589,0.86899,0.811143,0.84855,0.863942,0.834743,0.837692,0.811015,0.851758,0.808707,0.842336,0.767505,0.844013,0.778954,0.810847,0.841523,0.728075,0.730314,0.855188,0.831526,0.790111,0.834732,0.804183,0.818445,0.802578,0.842804,0.80193,0.841049,0.789926,0.823619,0.854161,0.808818,0.8419,0.777615,0.787702,0.854994,0.825441,0.806848,0.780842,0.828483,0.839715,0.817516,0.747758,0.765151,0.762421,0.844965,0.863477,0.843467,0.870953,0.824868,0.805178,0.780593,0.761737,0.816882,0.832465,0.860629,0.763605,0.815402,0.840827,0.742998,0.851707,0.773769,0.796805,0.848638,0.836275,0.802165,0.829707
Boat,0.826746,0.841247,0.80575,0.792884,0.746318,0.812628,0.795166,0.763684,0.850848,0.810664,0.841775,0.831991,0.82435,0.754062,0.833711,0.805496,1.0,0.793888,0.769425,0.774464,0.82442,0.855977,0.776359,0.795018,0.802861,0.811419,0.78927,0.76112,0.775253,0.793792,0.798951,0.750179,0.832008,0.843246,0.803641,0.808428,0.737249,0.795194,0.765845,0.778177,0.837311,0.798622,0.771375,0.781106,0.804066,0.822214,0.815046,0.777163,0.834703,0.852226,0.786345,0.853674,0.806406,0.798084,0.833538,0.823494,0.84965,0.753298,0.787459,0.841469,0.772143,0.795515,0.770566,0.749729,0.784162,0.81764,0.77154,0.790859,0.779504,0.779364,0.800486,0.779536,0.803172,0.804809,0.735779,0.769575,0.83365,0.788206,0.778076,0.813654,0.695682,0.797431,0.829975,0.80334,0.754016,0.747182,0.780648,0.833823,0.774058,0.83301,0.834315,0.778512,0.802172,0.793218,0.782032,0.764803,0.794275,0.77516,0.818162,0.822193,0.760953,0.845288,0.74695,0.775659,0.783019,0.84744,0.822362,0.795936,0.788283,0.812342,0.771918,0.822344,0.814701,0.861278,0.798657,0.86392,0.738087,0.793977,0.764628,0.833442,0.797307,0.768724,0.793441,0.756341,0.817741,0.808831,0.780708,0.809168,0.835639,0.804199
Bonzai,0.798308,0.858356,0.843892,0.854976,0.836536,0.841415,0.789266,0.765852,0.791804,0.860279,0.734925,0.720855,0.733441,0.78208,0.805118,0.84233,0.793888,1.0,0.790047,0.828736,0.747987,0.76389,0.847094,0.818015,0.821335,0.850395,0.798963,0.791281,0.859296,0.826356,0.841819,0.816495,0.765706,0.730779,0.787008,0.722839,0.81276,0.784124,0.818701,0.771117,0.763838,0.823082,0.842447,0.804205,0.845517,0.724723,0.822047,0.769613,0.784431,0.750465,0.847747,0.751618,0.822012,0.787019,0.77752,0.844914,0.78636,0.823045,0.853963,0.752741,0.79311,0.815071,0.836128,0.837735,0.882184,0.801029,0.853152,0.841929,0.861908,0.835415,0.81968,0.857199,0.814649,0.84357,0.772318,0.828218,0.786754,0.808261,0.811441,0.724692,0.73605,0.862865,0.82776,0.792905,0.805929,0.811064,0.804753,0.800449,0.824645,0.820904,0.82732,0.777048,0.836541,0.827268,0.801037,0.871867,0.763573,0.779982,0.850668,0.823192,0.816619,0.771758,0.811233,0.88278,0.797123,0.738534,0.753628,0.75089,0.850464,0.890677,0.860974,0.865003,0.807434,0.798938,0.766529,0.763675,0.835322,0.840624,0.858395,0.761461,0.81765,0.850918,0.728161,0.841313,0.777553,0.798424,0.836738,0.821073,0.805224,0.829247
Book,0.778355,0.822054,0.786786,0.799542,0.771876,0.797954,0.758447,0.73401,0.779996,0.794777,0.729426,0.719732,0.718417,0.760589,0.776443,0.786918,0.769425,0.790047,1.0,0.782362,0.741703,0.752362,0.787318,0.776714,0.773963,0.786417,0.76979,0.742131,0.796324,0.788752,0.789999,0.770612,0.755558,0.727703,0.770124,0.723061,0.766964,0.749762,0.783115,0.747841,0.74912,0.768648,0.781336,0.76314,0.78659,0.727373,0.7782,0.74101,0.75831,0.745542,0.780952,0.741687,0.776704,0.765117,0.75569,0.787872,0.766388,0.759345,0.80429,0.742091,0.761192,0.771731,0.772671,0.771833,0.796308,0.770817,0.790083,0.777332,0.793095,0.786295,0.7762,0.786241,0.767554,0.793681,0.739168,0.769537,0.757543,0.78461,0.766013,0.719912,0.726078,0.790522,0.801185,0.762092,0.75741,0.773241,0.764932,0.771426,0.767998,0.779401,0.790807,0.750699,0.795272,0.784419,0.765987,0.787696,0.743262,0.750542,0.797993,0.789249,0.776254,0.755058,0.738317,0.79701,0.756461,0.728682,0.745697,0.742543,0.7944,0.81441,0.788574,0.810127,0.792836,0.778276,0.744683,0.755879,0.785359,0.773263,0.800804,0.744973,0.772247,0.786346,0.724957,0.770811,0.756729,0.765706,0.782752,0.783838,0.773997,0.783871
Bookend,0.794553,0.842564,0.816079,0.84402,0.823181,0.827996,0.768241,0.747412,0.780828,0.837395,0.694387,0.692795,0.702273,0.791537,0.772706,0.828926,0.774464,0.828736,0.782362,1.0,0.737293,0.725263,0.823286,0.804416,0.798983,0.818661,0.79067,0.758856,0.836778,0.815654,0.814924,0.814644,0.749441,0.698663,0.78515,0.70612,0.812136,0.765311,0.813048,0.75506,0.725606,0.79645,0.81697,0.784248,0.812373,0.701709,0.793288,0.754858,0.753637,0.721701,0.809495,0.71341,0.793508,0.780923,0.749108,0.822627,0.75951,0.792525,0.841372,0.715764,0.77979,0.79117,0.819302,0.806054,0.850067,0.790597,0.824649,0.81274,0.837378,0.806201,0.790752,0.836377,0.792294,0.813307,0.756341,0.80112,0.736949,0.811195,0.788428,0.68444,0.754226,0.830919,0.818455,0.772119,0.792436,0.807948,0.784245,0.77758,0.80089,0.782012,0.836412,0.768691,0.823667,0.811346,0.79227,0.840156,0.749871,0.790893,0.825614,0.810087,0.80164,0.750497,0.776358,0.848844,0.771448,0.701437,0.737084,0.747435,0.83874,0.859736,0.83127,0.853863,0.809446,0.777253,0.743045,0.728102,0.830519,0.792952,0.842747,0.733368,0.787455,0.825868,0.720719,0.811103,0.747801,0.769901,0.818319,0.827787,0.778139,0.812978
Boomerang,0.799004,0.823499,0.75709,0.754531,0.721008,0.778824,0.767914,0.737563,0.832559,0.774877,0.829177,0.826375,0.803984,0.732453,0.812676,0.764308,0.82442,0.747987,0.741703,0.737293,1.0,0.839234,0.755718,0.754749,0.777624,0.775047,0.768926,0.751997,0.738934,0.762427,0.772227,0.724898,0.821079,0.837615,0.787468,0.81375,0.717471,0.771348,0.747657,0.770362,0.818999,0.766758,0.752825,0.759879,0.774041,0.823394,0.777612,0.747779,0.818107,0.841093,0.76033,0.835435,0.781108,0.794726,0.813711,0.78377,0.827358,0.697537,0.767835,0.828984,0.76994,0.774451,0.743901,0.730771,0.749723,0.783864,0.756413,0.77623,0.734278,0.779008,0.770501,0.747225,0.75384,0.788624,0.704169,0.75212,0.80485,0.768969,0.778233,0.814256,0.679189,0.760036,0.809163,0.781289,0.733348,0.72431,0.777007,0.803575,0.760512,0.8085,0.790353,0.754852,0.77376,0.766593,0.759104,0.729037,0.780053,0.744631,0.770189,0.790785,0.735699,0.818818,0.728062,0.73088,0.783753,0.83562,0.798414,0.786339,0.749524,0.774878,0.741722,0.776384,0.806213,0.846376,0.795148,0.852572,0.714851,0.762158,0.743537,0.810425,0.785339,0.732743,0.784213,0.742739,0.806694,0.785957,0.760468,0.790344,0.802481,0.77211
Car,0.837808,0.833415,0.791022,0.753616,0.702563,0.795417,0.812365,0.758894,0.873155,0.766328,0.896617,0.884145,0.871441,0.731889,0.869502,0.764937,0.855977,0.76389,0.752362,0.725263,0.839234,1.0,0.741162,0.778742,0.785261,0.780453,0.774743,0.732724,0.734012,0.790183,0.785297,0.717207,0.873057,0.904877,0.805611,0.860779,0.681562,0.816418,0.741357,0.788209,0.877102,0.762036,0.731741,0.763994,0.797059,0.85094,0.823214,0.780473,0.871111,0.898749,0.768551,0.914051,0.819515,0.793596,0.863086,0.796236,0.875299,0.725001,0.73393,0.86968,0.761181,0.795115,0.708815,0.726069,0.732584,0.806408,0.752685,0.742644,0.732923,0.76663,0.80751,0.731182,0.816011,0.80583,0.718805,0.725025,0.896283,0.77801,0.738896,0.845065,0.652723,0.766863,0.831777,0.810397,0.696148,0.716021,0.765503,0.846237,0.733204,0.861964,0.799659,0.765962,0.797086,0.747387,0.755946,0.715912,0.790116,0.740524,0.80752,0.822355,0.7529,0.863603,0.697797,0.745121,0.760214,0.896724,0.856544,0.827724,0.75186,0.768065,0.732648,0.770311,0.786683,0.885214,0.796657,0.91936,0.696917,0.785583,0.723751,0.875858,0.797605,0.72814,0.828851,0.702872,0.863912,0.84177,0.745314,0.747127,0.855732,0.790694
Cellphone,0.774707,0.870455,0.789846,0.833332,0.868976,0.814589,0.750234,0.728728,0.774712,0.862782,0.723538,0.686376,0.703253,0.785331,0.785539,0.840681,0.776359,0.847094,0.787318,0.823286,0.755718,0.741162,1.0,0.793497,0.835453,0.849805,0.797648,0.834116,0.876003,0.818312,0.835037,0.832261,0.73946,0.71001,0.769591,0.697845,0.863371,0.765815,0.845255,0.782006,0.740365,0.833124,0.87487,0.816115,0.843371,0.731866,0.789275,0.744857,0.764488,0.743196,0.858027,0.724525,0.808426,0.822032,0.755262,0.809732,0.766255,0.777667,0.889413,0.756482,0.824091,0.810681,0.88368,0.858772,0.897946,0.79233,0.88263,0.893066,0.844481,0.880038,0.805254,0.876239,0.769121,0.855693,0.773373,0.873308,0.762653,0.806866,0.867091,0.730747,0.721357,0.869587,0.822423,0.7773,0.863993,0.808865,0.848431,0.781685,0.884856,0.80066,0.80863,0.758966,0.825162,0.864038,0.803007,0.86751,0.778042,0.783156,0.817271,0.804365,0.811261,0.752579,0.857897,0.847097,0.843417,0.719325,0.734069,0.732783,0.850845,0.856325,0.867481,0.862282,0.837144,0.774017,0.788566,0.740896,0.840537,0.832474,0.899288,0.740412,0.825432,0.865866,0.705303,0.902818,0.758674,0.775852,0.875319,0.853302,0.781028,0.801008
Cheese,0.823757,0.832076,0.845842,0.82349,0.777803,0.847479,0.801031,0.785332,0.808665,0.813778,0.74739,0.750172,0.756515,0.780368,0.814454,0.818405,0.795018,0.818015,0.776714,0.804416,0.754749,0.778742,0.793497,1.0,0.789309,0.805751,0.793283,0.753257,0.807621,0.82638,0.808233,0.790798,0.794778,0.757692,0.809406,0.756108,0.769772,0.775544,0.802534,0.760396,0.781035,0.779954,0.794145,0.775098,0.813362,0.738047,0.820461,0.788862,0.782067,0.760568,0.797434,0.764567,0.805572,0.772012,0.783196,0.815335,0.792463,0.786947,0.814305,0.750901,0.76983,0.792824,0.779528,0.787669,0.811458,0.796214,0.801354,0.78926,0.813719,0.793964,0.800407,0.796521,0.820937,0.816016,0.757794,0.783209,0.794612,0.806612,0.777449,0.731268,0.750508,0.809338,0.832457,0.787369,0.766631,0.792161,0.776105,0.797341,0.776603,0.795381,0.81955,0.788971,0.815527,0.790103,0.78839,0.802651,0.754264,0.774601,0.858542,0.824859,0.801516,0.783794,0.74887,0.814711,0.767415,0.751023,0.780149,0.779769,0.818769,0.842999,0.804213,0.834141,0.803646,0.815839,0.756766,0.774191,0.799774,0.802757,0.810217,0.778129,0.797714,0.800908,0.755055,0.777076,0.779513,0.800416,0.791867,0.787638,0.808063,0.839565
Cheesegrater,0.792387,0.853744,0.792506,0.808727,0.811497,0.811135,0.766552,0.729033,0.802054,0.836249,0.771402,0.746568,0.742061,0.764547,0.800945,0.820374,0.802861,0.821335,0.773963,0.798983,0.777624,0.785261,0.835453,0.789309,1.0,0.82835,0.790115,0.80047,0.82694,0.803524,0.817347,0.792955,0.768134,0.76386,0.779883,0.742459,0.803526,0.77651,0.806687,0.779041,0.781379,0.818922,0.827565,0.793176,0.824402,0.769536,0.793656,0.753797,0.79835,0.788707,0.824113,0.775858,0.805079,0.809359,0.78209,0.808256,0.790649,0.760121,0.840347,0.789891,0.798553,0.798723,0.831295,0.810754,0.84539,0.800463,0.834335,0.847638,0.810467,0.832403,0.798751,0.835324,0.777175,0.832023,0.755819,0.825787,0.786835,0.792724,0.825314,0.765085,0.702081,0.832708,0.821735,0.784502,0.812449,0.781415,0.817003,0.797307,0.834782,0.810018,0.812381,0.760418,0.811359,0.8327,0.788752,0.818124,0.78022,0.770757,0.813171,0.807014,0.78916,0.787401,0.810879,0.814791,0.815184,0.768474,0.769761,0.756354,0.819752,0.830996,0.820667,0.839079,0.821904,0.80021,0.792366,0.788471,0.792739,0.813358,0.840306,0.771633,0.809623,0.818937,0.737507,0.8365,0.781044,0.790198,0.830358,0.825823,0.801983,0.797133
Christmasstreeornament,0.789165,0.868286,0.816004,0.833036,0.831551,0.821405,0.769986,0.749305,0.799477,0.870125,0.763286,0.734424,0.730323,0.768175,0.811366,0.850156,0.811419,0.850395,0.786417,0.818661,0.775047,0.780453,0.849805,0.805751,0.82835,1.0,0.793565,0.812175,0.852448,0.812094,0.829088,0.80552,0.762306,0.747691,0.778104,0.72565,0.807844,0.785223,0.814261,0.776534,0.767377,0.839526,0.841839,0.808664,0.852244,0.750908,0.810842,0.754479,0.79409,0.778975,0.843951,0.772703,0.814338,0.80994,0.787467,0.838843,0.798544,0.790161,0.847881,0.784855,0.803631,0.81103,0.852655,0.828473,0.881464,0.805067,0.860115,0.870981,0.830767,0.849592,0.819493,0.855913,0.803164,0.850754,0.768192,0.84586,0.796244,0.79717,0.845731,0.75135,0.698433,0.866446,0.826517,0.792712,0.833181,0.790058,0.823911,0.803572,0.847512,0.828033,0.831687,0.769091,0.820616,0.849432,0.79814,0.846086,0.775485,0.775207,0.839086,0.819309,0.802754,0.785103,0.839875,0.84295,0.829243,0.764071,0.756806,0.744574,0.838952,0.862774,0.845224,0.852444,0.821207,0.804577,0.788972,0.786333,0.807332,0.841893,0.863492,0.770081,0.826236,0.846538,0.731921,0.856887,0.782209,0.79843,0.853042,0.837765,0.805392,0.807409
Clock,0.807639,0.831649,0.814409,0.811234,0.783183,0.832153,0.779246,0.754111,0.801812,0.804825,0.760451,0.761593,0.736789,0.768416,0.796192,0.805664,0.78927,0.798963,0.76979,0.79067,0.768926,0.774743,0.797648,0.793283,0.790115,0.793565,1.0,0.781076,0.803039,0.803844,0.805997,0.774855,0.77699,0.765709,0.79932,0.762536,0.77883,0.756714,0.802295,0.772211,0.7829,0.785693,0.808534,0.780239,0.796185,0.770565,0.7919,0.781823,0.78328,0.781456,0.79306,0.765593,0.792386,0.794397,0.774162,0.790615,0.775551,0.764069,0.834446,0.77656,0.795211,0.784263,0.7957,0.797387,0.805832,0.788836,0.803355,0.808826,0.804613,0.809819,0.78975,0.798877,0.770964,0.81306,0.756758,0.799579,0.766726,0.798918,0.809956,0.766537,0.754482,0.800684,0.829438,0.780453,0.793186,0.792807,0.800806,0.785429,0.793279,0.779199,0.793644,0.785387,0.798891,0.812483,0.79029,0.792613,0.775982,0.766699,0.825263,0.807329,0.801085,0.779042,0.772348,0.792978,0.796445,0.762694,0.767278,0.770479,0.798663,0.830895,0.79596,0.829849,0.827108,0.795675,0.785739,0.778746,0.794573,0.795584,0.819612,0.760561,0.794357,0.795553,0.750401,0.799413,0.783453,0.784973,0.80368,0.804491,0.786018,0.813144
Coatrack,0.754795,0.823871,0.754881,0.765599,0.80299,0.795736,0.710487,0.703595,0.757503,0.818005,0.747798,0.701809,0.672735,0.732953,0.761267,0.806497,0.76112,0.791281,0.742131,0.758856,0.751997,0.732724,0.834116,0.753257,0.80047,0.812175,0.781076,1.0,0.808874,0.765156,0.790387,0.760961,0.692264,0.725049,0.752995,0.697116,0.8087,0.71616,0.801854,0.756869,0.736543,0.817428,0.855022,0.786767,0.795658,0.77797,0.74215,0.736618,0.748664,0.777093,0.801042,0.729324,0.756123,0.812001,0.731095,0.744796,0.732159,0.706374,0.871569,0.788165,0.821581,0.761956,0.866137,0.828145,0.835185,0.761404,0.837759,0.908609,0.783247,0.857724,0.759882,0.826032,0.699839,0.82547,0.751996,0.879294,0.741437,0.746164,0.919839,0.789345,0.702024,0.817355,0.803737,0.74397,0.899864,0.761693,0.860298,0.743352,0.88224,0.745498,0.751786,0.752695,0.752818,0.874565,0.786244,0.78509,0.781389,0.752452,0.781109,0.766566,0.772299,0.742679,0.876186,0.750027,0.882446,0.728483,0.717923,0.70697,0.773097,0.800865,0.799956,0.812159,0.841895,0.751577,0.820893,0.736147,0.768768,0.813582,0.859672,0.711318,0.806643,0.804357,0.692223,0.890422,0.738764,0.745898,0.84713,0.819459,0.740496,0.771576
Coffeemaker,0.779672,0.866479,0.8171,0.858274,0.86944,0.832097,0.763952,0.746107,0.772101,0.866531,0.703744,0.681011,0.698247,0.789663,0.787786,0.8529,0.775253,0.859296,0.796324,0.836778,0.738934,0.734012,0.876003,0.807621,0.82694,0.852448,0.803039,0.808874,1.0,0.832705,0.841374,0.83287,0.743611,0.695252,0.77528,0.691964,0.850448,0.768556,0.846319,0.772789,0.734695,0.825482,0.865601,0.814225,0.846057,0.702587,0.804865,0.756356,0.754536,0.72106,0.854571,0.715245,0.812163,0.80625,0.754787,0.825477,0.767542,0.81027,0.883521,0.733647,0.81097,0.811195,0.868944,0.856418,0.898992,0.797069,0.877375,0.865881,0.863949,0.866297,0.815121,0.873451,0.793792,0.851596,0.7791,0.856207,0.756365,0.818313,0.839939,0.701882,0.7418,0.872783,0.824563,0.781829,0.842792,0.826379,0.826602,0.7865,0.856355,0.803242,0.823844,0.770497,0.836095,0.859806,0.806476,0.882355,0.766703,0.785787,0.842,0.814926,0.822084,0.750411,0.838803,0.873486,0.814415,0.707346,0.734694,0.734088,0.861898,0.87755,0.870279,0.876374,0.825087,0.771391,0.766348,0.733478,0.856644,0.835751,0.896288,0.737797,0.814265,0.874569,0.70788,0.880098,0.754647,0.777232,0.868026,0.838928,0.783604,0.815525
Coffeemug,0.837395,0.854926,0.846049,0.832553,0.7996,0.848932,0.8103,0.788984,0.818232,0.821052,0.746416,0.750353,0.759757,0.798917,0.82964,0.827138,0.793792,0.826356,0.788752,0.815654,0.762427,0.790183,0.818312,0.82638,0.803524,0.812094,0.803844,0.765156,0.832705,1.0,0.825498,0.805552,0.808625,0.761148,0.821441,0.773176,0.787533,0.793843,0.827691,0.775764,0.784049,0.785657,0.811852,0.791342,0.829848,0.738304,0.830614,0.791533,0.790152,0.761468,0.812416,0.769005,0.823594,0.790262,0.793544,0.816868,0.807533,0.793666,0.829248,0.753022,0.793183,0.809754,0.792168,0.808071,0.823433,0.804296,0.829159,0.801415,0.818971,0.820911,0.81459,0.809162,0.838708,0.838941,0.76717,0.79872,0.811261,0.825194,0.790692,0.731223,0.762231,0.827125,0.842241,0.800064,0.778053,0.812878,0.796108,0.808615,0.797062,0.817564,0.823738,0.791707,0.837627,0.805415,0.797816,0.815803,0.767002,0.7813,0.858246,0.836547,0.819085,0.786792,0.75975,0.828222,0.778849,0.755228,0.796537,0.801718,0.834018,0.850518,0.821376,0.838655,0.815463,0.821678,0.762721,0.780985,0.822041,0.816656,0.836553,0.788026,0.812539,0.819443,0.770644,0.796956,0.798186,0.817177,0.812595,0.793636,0.818478,0.846092
Compass,0.81098,0.859758,0.82565,0.836256,0.820643,0.835772,0.794717,0.759067,0.809026,0.836748,0.762326,0.751095,0.753317,0.786659,0.81047,0.825059,0.798951,0.841819,0.789999,0.814924,0.772227,0.785297,0.835037,0.808233,0.817347,0.829088,0.805997,0.790387,0.841374,0.825498,1.0,0.81012,0.788576,0.764617,0.801959,0.752765,0.80627,0.790505,0.820564,0.785624,0.784179,0.811325,0.830986,0.801619,0.832256,0.762664,0.814794,0.771724,0.79901,0.780889,0.829296,0.773412,0.819388,0.805723,0.788426,0.821264,0.794628,0.7982,0.847219,0.779365,0.804427,0.810725,0.820125,0.822388,0.848215,0.806505,0.841053,0.830397,0.838211,0.836114,0.816704,0.834233,0.802906,0.840074,0.775835,0.81788,0.789318,0.815988,0.81212,0.758285,0.746816,0.838756,0.838202,0.798759,0.802833,0.81005,0.812415,0.805545,0.8188,0.819748,0.82011,0.782511,0.833806,0.827504,0.801998,0.837983,0.78148,0.780961,0.839177,0.82302,0.814557,0.787653,0.796134,0.845648,0.803937,0.763344,0.772727,0.772832,0.83386,0.860885,0.834275,0.847801,0.826864,0.807224,0.787023,0.787439,0.821602,0.822463,0.846485,0.777426,0.816,0.832181,0.750394,0.824509,0.792455,0.802506,0.82852,0.815259,0.805472,0.827937
Computertower,0.764463,0.834017,0.795154,0.82367,0.82143,0.809387,0.751209,0.735872,0.758882,0.819565,0.689528,0.671656,0.690929,0.779399,0.760789,0.802882,0.750179,0.816495,0.770612,0.814644,0.724898,0.717207,0.832261,0.790798,0.792955,0.80552,0.774855,0.760961,0.83287,0.805552,0.81012,1.0,0.740368,0.684676,0.762962,0.683877,0.819396,0.754922,0.809013,0.749235,0.717554,0.78343,0.81723,0.78126,0.80874,0.698936,0.780323,0.736539,0.735002,0.708087,0.814583,0.697278,0.783433,0.776806,0.737946,0.793717,0.745073,0.780845,0.838454,0.714564,0.777694,0.787438,0.815167,0.807481,0.843345,0.766748,0.83015,0.810279,0.826253,0.820684,0.78427,0.824503,0.76851,0.811354,0.747933,0.801305,0.735272,0.797843,0.786022,0.689236,0.731487,0.822933,0.804501,0.759593,0.785722,0.798387,0.785805,0.759932,0.80602,0.774619,0.798868,0.746238,0.815905,0.795406,0.775253,0.836457,0.740421,0.764101,0.815392,0.787364,0.795143,0.732624,0.770845,0.841873,0.772994,0.687138,0.716133,0.723894,0.829565,0.839336,0.830942,0.833021,0.795246,0.752959,0.739572,0.717129,0.827721,0.789524,0.844714,0.721774,0.78333,0.828575,0.6931,0.819847,0.735275,0.754505,0.813955,0.817819,0.762137,0.799132
Controller,0.839383,0.819832,0.814665,0.782256,0.710547,0.811878,0.821717,0.79356,0.856747,0.758756,0.827931,0.849699,0.869583,0.751724,0.849843,0.769892,0.832008,0.765706,0.755558,0.749441,0.821079,0.873057,0.73946,0.794778,0.768134,0.762306,0.77699,0.692264,0.743611,0.808625,0.788576,0.740368,1.0,0.86066,0.815024,0.851492,0.689834,0.813658,0.754043,0.772551,0.843579,0.728947,0.726094,0.754346,0.792103,0.796985,0.831482,0.787651,0.830696,0.827954,0.764998,0.853189,0.819708,0.776021,0.846059,0.808338,0.858686,0.748803,0.733516,0.808627,0.749913,0.798894,0.693291,0.721152,0.731427,0.791672,0.750794,0.711628,0.749662,0.763082,0.802262,0.726056,0.83267,0.793723,0.699728,0.702891,0.862007,0.805631,0.702677,0.783192,0.696962,0.763167,0.829053,0.808283,0.662086,0.741312,0.742117,0.832578,0.706046,0.839657,0.810353,0.775547,0.812059,0.71686,0.758504,0.741714,0.763685,0.743209,0.826512,0.822628,0.757381,0.833449,0.663706,0.778048,0.722433,0.847257,0.838323,0.83073,0.771863,0.797662,0.744765,0.784424,0.774434,0.873551,0.75732,0.869514,0.730677,0.769081,0.721052,0.853509,0.79254,0.735522,0.817563,0.688227,0.842606,0.821425,0.737545,0.755714,0.83952,0.820707
Couch,0.833224,0.808025,0.775707,0.721406,0.668179,0.786598,0.804154,0.73837,0.86628,0.732723,0.897545,0.909436,0.871213,0.71792,0.844234,0.737382,0.843246,0.730779,0.727703,0.698663,0.837615,0.904877,0.71001,0.757692,0.76386,0.747691,0.765709,0.725049,0.695252,0.761148,0.764617,0.684676,0.86066,1.0,0.80206,0.8782,0.657584,0.799017,0.714047,0.781681,0.884821,0.748419,0.7067,0.744522,0.762092,0.868385,0.798656,0.772562,0.868213,0.915551,0.735672,0.917125,0.796927,0.776573,0.851366,0.763695,0.858245,0.693009,0.72,0.872184,0.747317,0.766567,0.682933,0.695596,0.693603,0.797367,0.710084,0.724953,0.701568,0.731885,0.784337,0.696387,0.783289,0.774838,0.711061,0.701825,0.863961,0.752598,0.731458,0.859967,0.655348,0.724257,0.824673,0.796798,0.686255,0.693038,0.749402,0.828122,0.711794,0.8341,0.772662,0.759019,0.766574,0.72907,0.743539,0.671315,0.790128,0.73456,0.783161,0.79977,0.728925,0.862026,0.677116,0.699038,0.75373,0.903244,0.847854,0.826816,0.712737,0.735976,0.700926,0.741443,0.786824,0.873213,0.802307,0.912972,0.666568,0.7581,0.685302,0.866865,0.774231,0.693278,0.833335,0.673937,0.852006,0.825719,0.711863,0.737274,0.827762,0.781717
Cushion,0.846391,0.8302,0.830531,0.800045,0.744946,0.841108,0.811348,0.78553,0.831817,0.786638,0.782673,0.795809,0.777323,0.780914,0.822381,0.795964,0.803641,0.787008,0.770124,0.78515,0.787468,0.805611,0.769591,0.809406,0.779883,0.778104,0.79932,0.752995,0.77528,0.821441,0.801959,0.762962,0.815024,0.80206,1.0,0.807628,0.746367,0.778636,0.795003,0.773188,0.804367,0.771352,0.776293,0.771006,0.790014,0.786644,0.809492,0.792649,0.805065,0.802487,0.770304,0.795224,0.801649,0.782713,0.798607,0.796909,0.805692,0.756901,0.80513,0.783481,0.779662,0.786164,0.750313,0.766455,0.767558,0.800548,0.777004,0.773627,0.783246,0.78144,0.791747,0.765148,0.804753,0.804981,0.753834,0.763928,0.796823,0.80734,0.779366,0.776532,0.770854,0.775695,0.840552,0.796402,0.755867,0.788809,0.777418,0.803882,0.759865,0.795169,0.807054,0.799946,0.8061,0.783094,0.788947,0.759668,0.776236,0.772539,0.832883,0.823814,0.798813,0.803808,0.725119,0.772332,0.773723,0.78719,0.804539,0.813397,0.788914,0.820237,0.771753,0.811853,0.824057,0.832275,0.781787,0.804277,0.778533,0.782816,0.78037,0.792891,0.796387,0.766628,0.792326,0.748019,0.805245,0.812751,0.769597,0.777808,0.809179,0.835369
Desk,0.835246,0.797034,0.778829,0.728405,0.66394,0.788568,0.804575,0.75066,0.844547,0.723269,0.835351,0.873652,0.828377,0.726731,0.830535,0.73377,0.808428,0.722839,0.723061,0.70612,0.81375,0.860779,0.697845,0.756108,0.742459,0.72565,0.762536,0.697116,0.691964,0.773176,0.752765,0.683877,0.851492,0.8782,0.807628,1.0,0.655027,0.775065,0.72474,0.767386,0.845414,0.721682,0.69776,0.730577,0.746654,0.81894,0.786211,0.771721,0.836428,0.853899,0.722578,0.861093,0.791477,0.756091,0.821198,0.761668,0.829994,0.688832,0.721061,0.813262,0.738007,0.758964,0.6663,0.692209,0.686566,0.77347,0.702546,0.698846,0.697636,0.719229,0.767842,0.68774,0.778544,0.76414,0.690307,0.68654,0.821911,0.765757,0.711907,0.808579,0.692462,0.708618,0.814715,0.78394,0.65517,0.716118,0.728383,0.803128,0.689025,0.806136,0.761013,0.763097,0.768888,0.704826,0.739836,0.676013,0.758703,0.726734,0.777804,0.793621,0.750645,0.817237,0.643888,0.701729,0.725918,0.846861,0.823948,0.83462,0.714855,0.747473,0.705756,0.738647,0.778553,0.852611,0.767654,0.863316,0.693305,0.737053,0.685607,0.8271,0.762551,0.686072,0.824836,0.662228,0.838641,0.816437,0.697175,0.739322,0.808554,0.786345
Door,0.743535,0.835679,0.76376,0.817212,0.849936,0.7967,0.716794,0.702026,0.735186,0.831,0.67355,0.642593,0.647094,0.775165,0.732829,0.810502,0.737249,0.81276,0.766964,0.812136,0.717471,0.681562,0.863371,0.769772,0.803526,0.807844,0.77883,0.8087,0.850448,0.787533,0.80627,0.819396,0.689834,0.657584,0.746367,0.655027,1.0,0.719068,0.822675,0.753919,0.696918,0.805451,0.854382,0.791918,0.798593,0.706278,0.747337,0.720513,0.716483,0.698959,0.823196,0.668019,0.765083,0.794647,0.706097,0.77232,0.713971,0.758287,0.884899,0.717568,0.798724,0.772676,0.867296,0.834146,0.864586,0.76089,0.847663,0.865731,0.831617,0.843728,0.765935,0.855264,0.717787,0.813743,0.759878,0.850343,0.694296,0.788788,0.843253,0.700836,0.733334,0.831978,0.797462,0.742859,0.849883,0.803161,0.819522,0.739667,0.85759,0.743425,0.781225,0.739072,0.797486,0.849642,0.784477,0.842974,0.753031,0.774486,0.785348,0.769624,0.793974,0.712608,0.831373,0.822307,0.815616,0.666861,0.687259,0.693142,0.825515,0.830497,0.845256,0.850802,0.827463,0.724058,0.762981,0.684968,0.837665,0.790953,0.877947,0.685468,0.783333,0.843923,0.665533,0.88018,0.709837,0.730578,0.848376,0.852825,0.734523,0.776621
Doorknob,0.806279,0.824142,0.796635,0.775769,0.742636,0.791897,0.790461,0.742026,0.816479,0.777559,0.781083,0.781285,0.793234,0.752546,0.813565,0.774408,0.795194,0.784124,0.749762,0.765311,0.771348,0.816418,0.765815,0.775544,0.77651,0.785223,0.756714,0.71616,0.768556,0.793843,0.790505,0.754922,0.813658,0.799017,0.778636,0.775065,0.719068,1.0,0.756362,0.757998,0.79066,0.756785,0.748023,0.755958,0.799833,0.759134,0.80426,0.747968,0.806286,0.798805,0.774968,0.807577,0.801182,0.763328,0.803133,0.797183,0.815281,0.753425,0.750877,0.776003,0.746543,0.78319,0.730342,0.743138,0.769858,0.784187,0.774659,0.744011,0.762674,0.769902,0.792589,0.757641,0.81799,0.797552,0.72343,0.733237,0.820368,0.776169,0.724379,0.74584,0.675586,0.783979,0.811213,0.785473,0.70671,0.74092,0.751708,0.802129,0.741184,0.828534,0.804522,0.741358,0.805911,0.74294,0.750962,0.758421,0.744786,0.74536,0.809523,0.804526,0.751661,0.797107,0.70899,0.786302,0.738179,0.787507,0.787501,0.782395,0.780422,0.790643,0.762543,0.782231,0.762329,0.821469,0.745654,0.813458,0.742086,0.779054,0.755799,0.805373,0.781192,0.762124,0.766148,0.725953,0.796246,0.800649,0.757354,0.746358,0.809099,0.795452
Drill,0.799541,0.856404,0.804677,0.82504,0.8287,0.830573,0.77024,0.746796,0.784108,0.83292,0.714198,0.6957,0.70471,0.787043,0.793408,0.829093,0.765845,0.818701,0.783115,0.813048,0.747657,0.741357,0.845255,0.802534,0.806687,0.814261,0.802295,0.801854,0.846319,0.827691,0.820564,0.809013,0.754043,0.714047,0.795003,0.72474,0.822675,0.756362,1.0,0.773749,0.74574,0.801745,0.844362,0.793936,0.820416,0.720496,0.792233,0.764135,0.764039,0.736369,0.821635,0.72274,0.800318,0.806503,0.754018,0.794075,0.762662,0.770675,0.865626,0.736492,0.811231,0.79812,0.837448,0.833629,0.849734,0.790018,0.85504,0.849428,0.824423,0.849232,0.796767,0.836941,0.776343,0.842739,0.772018,0.839643,0.765711,0.816565,0.839664,0.71771,0.758284,0.835731,0.827075,0.775505,0.833507,0.817219,0.824178,0.777559,0.839123,0.781065,0.79679,0.776297,0.81956,0.841577,0.801201,0.829828,0.769742,0.771603,0.825209,0.812112,0.818356,0.750351,0.812795,0.820164,0.813832,0.713894,0.751017,0.763002,0.837302,0.848092,0.834532,0.844292,0.83796,0.780727,0.774904,0.738967,0.83516,0.810659,0.8753,0.741572,0.815276,0.831206,0.730987,0.851052,0.768355,0.787713,0.845326,0.81845,0.780864,0.814164
Dryingrack,0.785727,0.824214,0.767184,0.768357,0.75919,0.790109,0.763639,0.714161,0.795264,0.779329,0.780606,0.76911,0.746593,0.744759,0.790299,0.771005,0.778177,0.771117,0.747841,0.75506,0.770362,0.788209,0.782006,0.760396,0.779041,0.776534,0.772211,0.756869,0.772789,0.775764,0.785624,0.749235,0.772551,0.781681,0.773188,0.767386,0.753919,0.757998,0.773749,1.0,0.785472,0.771343,0.776233,0.765562,0.78265,0.778253,0.769665,0.741869,0.795984,0.800256,0.779313,0.786118,0.785716,0.785434,0.775003,0.76932,0.77638,0.730411,0.793727,0.785965,0.772628,0.76978,0.767718,0.766933,0.779763,0.773848,0.78515,0.783811,0.764842,0.786433,0.776853,0.774585,0.751595,0.79767,0.734405,0.768622,0.775323,0.778167,0.775039,0.772738,0.69619,0.775317,0.809446,0.770153,0.75599,0.754086,0.778044,0.780395,0.774968,0.789835,0.769108,0.746865,0.787076,0.780836,0.759229,0.758646,0.763691,0.742731,0.780879,0.784715,0.771906,0.774599,0.744818,0.767236,0.774583,0.776458,0.759745,0.765297,0.771387,0.785152,0.773695,0.787009,0.805892,0.789384,0.775715,0.795017,0.759419,0.771191,0.786048,0.763961,0.780833,0.766096,0.748369,0.76969,0.788917,0.787422,0.778346,0.789507,0.780707,0.775447
Dumbbell,0.829331,0.825869,0.799667,0.756352,0.701554,0.803089,0.804943,0.746519,0.852423,0.761329,0.866416,0.874496,0.844144,0.736945,0.842696,0.762748,0.837311,0.763838,0.74912,0.725606,0.818999,0.877102,0.740365,0.781035,0.781379,0.767377,0.7829,0.736543,0.734695,0.784049,0.784179,0.717554,0.843579,0.884821,0.804367,0.845414,0.696918,0.79066,0.74574,0.785472,1.0,0.76754,0.738952,0.756841,0.783773,0.847007,0.808988,0.780603,0.859813,0.880038,0.764472,0.880023,0.807265,0.780449,0.838887,0.785931,0.8407,0.732898,0.752075,0.853847,0.758464,0.779382,0.71622,0.728846,0.733267,0.807917,0.745206,0.744884,0.744022,0.75602,0.79426,0.73186,0.790376,0.792627,0.734922,0.730761,0.848766,0.7736,0.741295,0.840974,0.685273,0.752702,0.826187,0.798999,0.7113,0.72586,0.76179,0.827606,0.734588,0.829779,0.7841,0.769519,0.787366,0.754172,0.759765,0.718527,0.788988,0.741425,0.803507,0.809141,0.757782,0.847588,0.698468,0.740466,0.759817,0.871207,0.836781,0.81436,0.751091,0.772928,0.739301,0.774338,0.798666,0.859991,0.799209,0.882916,0.710111,0.778535,0.72912,0.843763,0.786178,0.730791,0.810272,0.709867,0.838696,0.825679,0.741356,0.753926,0.838152,0.797328
Dustpan,0.777606,0.850647,0.786414,0.798371,0.805784,0.805836,0.750917,0.712436,0.789307,0.841517,0.763387,0.734466,0.711624,0.756756,0.779788,0.826998,0.798622,0.823082,0.768648,0.79645,0.766758,0.762036,0.833124,0.779954,0.818922,0.839526,0.785693,0.817428,0.825482,0.785657,0.811325,0.78343,0.728947,0.748419,0.771352,0.721682,0.805451,0.756785,0.801745,0.771343,0.76754,1.0,0.829994,0.791922,0.816702,0.769596,0.775575,0.742398,0.789721,0.78941,0.817395,0.764284,0.789541,0.801571,0.764294,0.802066,0.773622,0.752046,0.85212,0.78942,0.796639,0.78279,0.844712,0.807806,0.849795,0.803178,0.826698,0.867818,0.805131,0.816392,0.78957,0.842398,0.756048,0.821568,0.767491,0.837411,0.757341,0.774601,0.846042,0.768257,0.704069,0.82904,0.81195,0.773168,0.84223,0.778442,0.814284,0.78657,0.845759,0.792661,0.809734,0.755893,0.796323,0.852381,0.790375,0.808515,0.789342,0.769795,0.803691,0.795291,0.78171,0.781217,0.833011,0.801485,0.827973,0.758676,0.746112,0.738019,0.811718,0.825332,0.820431,0.841171,0.828322,0.784378,0.801445,0.770414,0.788007,0.813804,0.845283,0.748769,0.798361,0.818528,0.723401,0.845479,0.76441,0.78299,0.829033,0.836556,0.784247,0.78735
Fan,0.777018,0.857639,0.798404,0.832268,0.85836,0.829498,0.746258,0.735678,0.770754,0.857663,0.72449,0.689384,0.683174,0.777229,0.779757,0.840859,0.771375,0.842447,0.781336,0.81697,0.752825,0.731741,0.87487,0.794145,0.827565,0.841839,0.808534,0.855022,0.865601,0.811852,0.830986,0.81723,0.726094,0.7067,0.776293,0.69776,0.854382,0.748023,0.844362,0.776233,0.738952,0.829994,1.0,0.812268,0.833408,0.745544,0.782179,0.758709,0.755713,0.747066,0.845401,0.716764,0.794188,0.825947,0.746091,0.795751,0.748858,0.77223,0.899642,0.763671,0.834427,0.800961,0.88826,0.865917,0.88662,0.786055,0.881164,0.906745,0.845693,0.886734,0.796271,0.869722,0.751781,0.855487,0.77667,0.88791,0.751983,0.799549,0.898344,0.750852,0.740164,0.862691,0.826838,0.771827,0.887938,0.81447,0.86334,0.768445,0.887879,0.777471,0.794404,0.774095,0.807326,0.880112,0.811075,0.857222,0.782003,0.779124,0.823149,0.802134,0.816291,0.748659,0.878867,0.832758,0.865791,0.715462,0.729548,0.727026,0.835619,0.862446,0.854039,0.863082,0.850695,0.764786,0.804799,0.734242,0.836092,0.837379,0.902123,0.724964,0.82781,0.855977,0.701354,0.909985,0.751568,0.767287,0.878856,0.846663,0.768944,0.807594
Faucet,0.783498,0.836713,0.786809,0.800288,0.79687,0.804266,0.753083,0.73906,0.782611,0.814938,0.752058,0.731582,0.725063,0.759979,0.787832,0.800883,0.781106,0.804205,0.76314,0.784248,0.759879,0.763994,0.816115,0.775098,0.793176,0.808664,0.780239,0.786767,0.814225,0.791342,0.801619,0.78126,0.754346,0.744522,0.771006,0.730577,0.791918,0.755958,0.793936,0.765562,0.756841,0.791922,0.812268,1.0,0.801265,0.763064,0.779753,0.745242,0.764224,0.773233,0.803295,0.75658,0.786036,0.791707,0.764919,0.787985,0.77366,0.760709,0.834753,0.775533,0.789494,0.783275,0.813176,0.800232,0.82453,0.776421,0.81479,0.82262,0.805994,0.819911,0.78689,0.807273,0.7564,0.813488,0.748551,0.808115,0.766057,0.783991,0.81408,0.760419,0.717201,0.81422,0.815215,0.77386,0.80293,0.773403,0.801643,0.776749,0.809604,0.788327,0.788702,0.757352,0.797079,0.814711,0.77883,0.807217,0.768081,0.769578,0.800771,0.792974,0.787537,0.765481,0.786925,0.801002,0.80112,0.747181,0.73971,0.741685,0.796988,0.822239,0.810856,0.820059,0.817588,0.781503,0.777847,0.767671,0.789606,0.797727,0.818595,0.74946,0.792005,0.807099,0.725124,0.817317,0.767437,0.771579,0.813025,0.820161,0.769762,0.790665
Flower,0.803102,0.868356,0.825054,0.829618,0.821647,0.830985,0.788532,0.75728,0.810089,0.852359,0.768375,0.746815,0.756234,0.776423,0.824736,0.839648,0.804066,0.845517,0.78659,0.812373,0.774041,0.797059,0.843371,0.813362,0.824402,0.852244,0.796185,0.795658,0.846057,0.829848,0.832256,0.80874,0.792103,0.762092,0.790014,0.746654,0.798593,0.799833,0.820416,0.78265,0.783773,0.816702,0.833408,0.801265,1.0,0.749182,0.824139,0.769156,0.804186,0.779019,0.843015,0.781391,0.826556,0.810906,0.797991,0.830422,0.805498,0.794995,0.83262,0.780334,0.802973,0.819224,0.829525,0.827519,0.862677,0.804994,0.865397,0.848073,0.825894,0.855956,0.826356,0.841825,0.822535,0.858509,0.768169,0.830341,0.821222,0.809023,0.823602,0.747208,0.701017,0.859762,0.833155,0.800126,0.80789,0.793995,0.821865,0.810841,0.833638,0.837128,0.826657,0.771195,0.835502,0.830681,0.794285,0.841582,0.771993,0.769462,0.851974,0.827299,0.80482,0.789129,0.814345,0.849165,0.813803,0.77053,0.777858,0.767189,0.841699,0.854734,0.838357,0.845561,0.81178,0.812875,0.781717,0.796041,0.810396,0.844634,0.856136,0.786802,0.829859,0.838939,0.747683,0.838777,0.797216,0.814278,0.845798,0.80536,0.820896,0.821913
Flute,0.80918,0.802068,0.758015,0.712431,0.68439,0.777872,0.759469,0.718883,0.833342,0.740506,0.8853,0.860126,0.800079,0.716893,0.804464,0.731091,0.822214,0.724723,0.727373,0.701709,0.823394,0.85094,0.731866,0.738047,0.769536,0.750908,0.770565,0.77797,0.702587,0.738304,0.762664,0.698936,0.796985,0.868385,0.786644,0.81894,0.706278,0.759134,0.720496,0.778253,0.847007,0.769596,0.745544,0.763064,0.749182,1.0,0.756564,0.755901,0.827477,0.904065,0.734487,0.860002,0.765622,0.799947,0.809042,0.738663,0.801568,0.683076,0.770055,0.896181,0.777723,0.750279,0.734307,0.724176,0.707364,0.777397,0.730011,0.776896,0.716902,0.762191,0.756521,0.723261,0.715767,0.772244,0.726722,0.750537,0.80464,0.739433,0.792209,0.911925,0.682093,0.727146,0.820194,0.777722,0.757409,0.705145,0.789365,0.789984,0.757584,0.783364,0.755596,0.755759,0.745046,0.780983,0.754222,0.680107,0.80844,0.739818,0.759951,0.777577,0.739649,0.832019,0.730195,0.678984,0.808113,0.855668,0.79573,0.774202,0.70188,0.73179,0.704532,0.749507,0.826087,0.821811,0.839292,0.863761,0.676739,0.757674,0.715875,0.800459,0.776838,0.707458,0.776728,0.73047,0.814764,0.785512,0.741196,0.773632,0.787378,0.768607
Fossils,0.832595,0.842602,0.84648,0.822615,0.771653,0.841244,0.814713,0.791636,0.829822,0.810213,0.783356,0.786414,0.798526,0.773446,0.838263,0.813806,0.815046,0.822047,0.7782,0.793288,0.777612,0.823214,0.789275,0.820461,0.793656,0.810842,0.7919,0.74215,0.804865,0.830614,0.814794,0.780323,0.831482,0.798656,0.809492,0.786211,0.747337,0.80426,0.792233,0.769665,0.808988,0.775575,0.782179,0.779753,0.824139,0.756564,1.0,0.789893,0.811901,0.791887,0.80401,0.808039,0.822855,0.776197,0.81473,0.826004,0.829161,0.794373,0.791784,0.777126,0.769175,0.805832,0.761268,0.780629,0.80397,0.803192,0.802613,0.772558,0.80759,0.796579,0.817658,0.785892,0.843842,0.824081,0.750611,0.767372,0.836758,0.808425,0.757935,0.749599,0.723884,0.815641,0.838241,0.803524,0.739511,0.77992,0.773113,0.820858,0.763414,0.833486,0.825241,0.786435,0.827499,0.776392,0.783057,0.800662,0.76073,0.766803,0.858769,0.834471,0.79657,0.808233,0.734771,0.823726,0.758938,0.79313,0.809167,0.79835,0.814805,0.843014,0.80057,0.823605,0.789909,0.842551,0.757806,0.818621,0.785071,0.811409,0.794272,0.815435,0.80519,0.79752,0.780836,0.759698,0.810532,0.817983,0.787037,0.772618,0.832808,0.837707
Frisbee,0.811954,0.789036,0.823416,0.778762,0.728523,0.834156,0.782626,0.760004,0.797302,0.762259,0.758393,0.769558,0.752968,0.745059,0.795369,0.779817,0.777163,0.769613,0.74101,0.754858,0.747779,0.780473,0.744857,0.788862,0.753797,0.754479,0.781823,0.736618,0.756356,0.791533,0.771724,0.736539,0.787651,0.772562,0.792649,0.771721,0.720513,0.747968,0.764135,0.741869,0.780603,0.742398,0.758709,0.745242,0.769156,0.755901,0.789893,1.0,0.771287,0.768938,0.754044,0.765045,0.776925,0.752068,0.769142,0.769007,0.774193,0.740295,0.783747,0.75725,0.75203,0.75799,0.736523,0.753175,0.751836,0.766978,0.750605,0.752241,0.764474,0.759575,0.767828,0.745917,0.785641,0.780088,0.725823,0.748234,0.772198,0.771799,0.758728,0.751113,0.729695,0.759342,0.819211,0.763481,0.735066,0.757393,0.757029,0.773578,0.738812,0.757552,0.773552,0.780287,0.774586,0.757527,0.762428,0.742329,0.742952,0.743278,0.83568,0.795408,0.782008,0.771727,0.711759,0.755635,0.751794,0.758398,0.775113,0.775094,0.764952,0.788897,0.753347,0.793436,0.781419,0.798037,0.750971,0.773982,0.753136,0.775128,0.761726,0.767066,0.766454,0.752023,0.750707,0.737197,0.776425,0.777704,0.750303,0.754215,0.784092,0.814576
Fryingpan,0.830045,0.849057,0.797973,0.768892,0.731295,0.806259,0.81026,0.736514,0.852762,0.78659,0.855134,0.851221,0.829266,0.745386,0.850043,0.780294,0.834703,0.784431,0.75831,0.753637,0.818107,0.871111,0.764488,0.782067,0.79835,0.79409,0.78328,0.748664,0.754536,0.790152,0.79901,0.735002,0.830696,0.868213,0.805065,0.836428,0.716483,0.806286,0.764039,0.795984,0.859813,0.789721,0.755713,0.764224,0.804186,0.827477,0.811901,0.771287,1.0,0.874335,0.78712,0.873293,0.820082,0.792842,0.836594,0.803549,0.843003,0.740569,0.763005,0.839199,0.768287,0.791582,0.738991,0.749777,0.766418,0.81641,0.778266,0.768084,0.757136,0.772552,0.807715,0.763721,0.804143,0.813806,0.746593,0.748737,0.849687,0.785714,0.755712,0.817118,0.677597,0.778757,0.833189,0.80708,0.727668,0.743458,0.773719,0.833424,0.758413,0.848796,0.800958,0.766628,0.80775,0.77357,0.765501,0.74002,0.783576,0.747625,0.805995,0.817606,0.77109,0.841539,0.727853,0.76761,0.771217,0.865351,0.829768,0.820643,0.775713,0.785674,0.761391,0.784887,0.803046,0.856073,0.797443,0.876274,0.731515,0.793473,0.758827,0.839653,0.804558,0.751512,0.81106,0.734077,0.847585,0.841599,0.762913,0.763006,0.850284,0.798524
Glasses,0.831287,0.831215,0.772196,0.731089,0.699306,0.792261,0.792006,0.731673,0.867819,0.760916,0.918296,0.893828,0.845726,0.730358,0.845292,0.757239,0.852226,0.750465,0.745542,0.721701,0.841093,0.898749,0.743196,0.760568,0.788707,0.778975,0.781456,0.777093,0.72106,0.761468,0.780889,0.708087,0.827954,0.915551,0.802487,0.853899,0.698959,0.798805,0.736369,0.800256,0.880038,0.78941,0.747066,0.773233,0.779019,0.904065,0.791887,0.768938,0.874335,1.0,0.760095,0.918906,0.798741,0.808578,0.848362,0.767838,0.847626,0.710415,0.763552,0.908016,0.78272,0.775258,0.735262,0.733113,0.728124,0.809002,0.748231,0.777937,0.729408,0.765296,0.794283,0.736302,0.765156,0.79647,0.745229,0.751558,0.863369,0.756251,0.786686,0.899449,0.665295,0.752814,0.838237,0.803188,0.753535,0.710673,0.791612,0.830131,0.760408,0.836673,0.783808,0.767172,0.773315,0.783117,0.765769,0.692921,0.82132,0.754158,0.781274,0.805675,0.750345,0.864338,0.735533,0.708573,0.805044,0.896581,0.834521,0.809974,0.725018,0.750721,0.724059,0.764457,0.823435,0.859733,0.83924,0.913231,0.686271,0.783905,0.72835,0.851677,0.79389,0.723218,0.818181,0.725916,0.851589,0.827393,0.753843,0.767799,0.82905,0.778743
Glove,0.778993,0.863174,0.804086,0.833388,0.840046,0.818978,0.766749,0.738182,0.786355,0.850449,0.745314,0.718926,0.728344,0.770146,0.802548,0.832322,0.786345,0.847747,0.780952,0.809495,0.76033,0.768551,0.858027,0.797434,0.824113,0.843951,0.79306,0.801042,0.854571,0.812416,0.829296,0.814583,0.764998,0.735672,0.770304,0.722578,0.823196,0.774968,0.821635,0.779313,0.764472,0.817395,0.845401,0.803295,0.843015,0.734487,0.80401,0.754044,0.78712,0.760095,1.0,0.753477,0.814662,0.807048,0.773236,0.819502,0.781519,0.792339,0.853092,0.764784,0.80234,0.810922,0.845496,0.839121,0.878367,0.792063,0.867599,0.854588,0.837439,0.856306,0.814837,0.853817,0.786117,0.848814,0.763928,0.838754,0.78554,0.803621,0.825706,0.734126,0.699217,0.858071,0.821858,0.785315,0.81435,0.797327,0.821314,0.793462,0.842982,0.815977,0.807632,0.761671,0.827448,0.834063,0.790833,0.857029,0.766626,0.766519,0.828892,0.808374,0.80733,0.76666,0.823901,0.85604,0.812948,0.74704,0.748117,0.743987,0.839929,0.85903,0.85385,0.851781,0.810741,0.78597,0.775178,0.770591,0.823367,0.834272,0.86659,0.760449,0.817764,0.849892,0.721683,0.860218,0.778402,0.791229,0.850492,0.822791,0.799653,0.804693
Goggles,0.829182,0.82556,0.777557,0.736126,0.685547,0.783536,0.802921,0.742756,0.869749,0.753651,0.904051,0.894289,0.865731,0.722015,0.856847,0.751247,0.853674,0.751618,0.741687,0.71341,0.835435,0.914051,0.724525,0.764567,0.775858,0.772703,0.765593,0.729324,0.715245,0.769005,0.773412,0.697278,0.853189,0.917125,0.795224,0.861093,0.668019,0.807577,0.72274,0.786118,0.880023,0.764284,0.716764,0.75658,0.781391,0.860002,0.808039,0.765045,0.873293,0.918906,0.753477,1.0,0.806356,0.783608,0.858366,0.782127,0.869173,0.714595,0.724921,0.877078,0.752096,0.77973,0.698739,0.710741,0.716848,0.803871,0.733191,0.735531,0.718868,0.743411,0.799683,0.718427,0.797238,0.790682,0.720535,0.713932,0.888159,0.759036,0.734217,0.853847,0.644362,0.751828,0.823845,0.802471,0.694644,0.699892,0.755464,0.840307,0.721928,0.856297,0.788849,0.754897,0.781378,0.744164,0.748058,0.694041,0.792735,0.738228,0.786768,0.810615,0.733712,0.86387,0.690843,0.723353,0.755752,0.904,0.848377,0.819265,0.729653,0.752851,0.717165,0.75686,0.784614,0.877709,0.799381,0.924554,0.678602,0.775041,0.705694,0.870995,0.783415,0.712707,0.828918,0.687223,0.858895,0.836167,0.731026,0.73889,0.841725,0.776023
Grill,0.823892,0.852168,0.822071,0.812479,0.787703,0.825504,0.806807,0.760599,0.823557,0.816687,0.787956,0.785107,0.789236,0.771151,0.834462,0.810349,0.806406,0.822012,0.776704,0.793508,0.781108,0.819515,0.808426,0.805572,0.805079,0.814338,0.792386,0.756123,0.812163,0.823594,0.819388,0.783433,0.819708,0.796927,0.801649,0.791477,0.765083,0.801182,0.800318,0.785716,0.807265,0.789541,0.794188,0.786036,0.826556,0.765622,0.822855,0.776925,0.820082,0.798741,0.814662,0.806356,1.0,0.791946,0.807357,0.820653,0.815797,0.775689,0.805799,0.784233,0.782794,0.808832,0.779407,0.794215,0.820723,0.802145,0.81351,0.790555,0.802833,0.807041,0.816234,0.80509,0.82112,0.830594,0.749337,0.77953,0.823337,0.809652,0.769206,0.758508,0.712777,0.817511,0.833897,0.800761,0.748276,0.78132,0.785258,0.816622,0.784099,0.835558,0.814701,0.773912,0.829866,0.784142,0.781758,0.807103,0.770657,0.765474,0.835916,0.826858,0.807401,0.798407,0.750512,0.824351,0.77194,0.788752,0.795451,0.797823,0.817302,0.833807,0.812361,0.819981,0.801405,0.831922,0.770795,0.81576,0.791202,0.807831,0.809968,0.804472,0.80989,0.801927,0.775191,0.782492,0.819233,0.825249,0.797708,0.795773,0.825177,0.819025
Hairbrush,0.788147,0.845827,0.765984,0.788599,0.796177,0.801269,0.755076,0.72075,0.805308,0.819197,0.795427,0.758709,0.739485,0.75052,0.80043,0.803539,0.798084,0.787019,0.765117,0.780923,0.794726,0.793596,0.822032,0.772012,0.809359,0.80994,0.794397,0.812001,0.80625,0.790262,0.805723,0.776806,0.776021,0.776573,0.782713,0.756091,0.794647,0.763328,0.806503,0.785434,0.780449,0.801571,0.825947,0.791707,0.810906,0.799947,0.776197,0.752068,0.792842,0.808578,0.807048,0.783608,0.791946,1.0,0.782631,0.780815,0.781413,0.729973,0.835461,0.813819,0.817677,0.792285,0.828064,0.807203,0.819046,0.787648,0.835627,0.853903,0.787817,0.849783,0.790021,0.8188,0.748647,0.834946,0.744827,0.829884,0.787178,0.793457,0.848752,0.797945,0.694777,0.819752,0.822171,0.779264,0.824259,0.774169,0.837161,0.78921,0.837004,0.795121,0.793395,0.762395,0.797165,0.839041,0.785434,0.791763,0.795057,0.756774,0.796682,0.799838,0.785479,0.787177,0.818999,0.783196,0.837083,0.781818,0.765491,0.756063,0.796955,0.808711,0.793284,0.824936,0.841003,0.794527,0.813796,0.803377,0.774061,0.80184,0.834917,0.768853,0.813917,0.797416,0.744557,0.835948,0.792871,0.7891,0.836494,0.824817,0.785268,0.782772
Hairclip,0.822156,0.831469,0.798878,0.775113,0.723296,0.800979,0.80184,0.761171,0.846976,0.779495,0.836742,0.836154,0.832381,0.744755,0.84,0.777001,0.833538,0.77752,0.75569,0.749108,0.813711,0.863086,0.755262,0.783196,0.78209,0.787467,0.774162,0.731095,0.754787,0.793544,0.788426,0.737946,0.846059,0.851366,0.798607,0.821198,0.706097,0.803133,0.754018,0.775003,0.838887,0.764294,0.746091,0.764919,0.797991,0.809042,0.81473,0.769142,0.836594,0.848362,0.773236,0.858366,0.807357,0.782631,1.0,0.804305,0.847899,0.747038,0.752269,0.827008,0.759764,0.791572,0.727787,0.735318,0.754409,0.799633,0.765604,0.751047,0.756755,0.772882,0.800428,0.746198,0.811177,0.801178,0.723063,0.737003,0.852282,0.783851,0.743416,0.801985,0.681173,0.779112,0.823322,0.80058,0.713163,0.736276,0.763457,0.826485,0.741201,0.841844,0.806526,0.762637,0.800054,0.754036,0.761251,0.744006,0.774636,0.747002,0.810372,0.813717,0.754213,0.834432,0.707162,0.768539,0.756105,0.847372,0.820999,0.805442,0.770735,0.791205,0.752985,0.787553,0.788718,0.856228,0.778465,0.867209,0.725532,0.784532,0.742944,0.838281,0.793774,0.748737,0.801997,0.721026,0.827977,0.817979,0.75771,0.763726,0.831005,0.798952
Handbag,0.813064,0.854729,0.832273,0.842349,0.797475,0.826012,0.800128,0.770921,0.817546,0.849719,0.759519,0.763182,0.775758,0.777863,0.818985,0.834606,0.823494,0.844914,0.787872,0.822627,0.78377,0.796236,0.809732,0.815335,0.808256,0.838843,0.790615,0.744796,0.825477,0.816868,0.821264,0.793717,0.808338,0.763695,0.796909,0.761668,0.77232,0.797183,0.794075,0.76932,0.785931,0.802066,0.795751,0.787985,0.830422,0.738663,0.826004,0.769007,0.803549,0.767838,0.819502,0.782127,0.820653,0.780815,0.804305,1.0,0.819759,0.803427,0.805726,0.764988,0.768332,0.810091,0.793425,0.784977,0.845536,0.81184,0.811083,0.796278,0.829508,0.797113,0.812128,0.821281,0.82892,0.821602,0.740915,0.780089,0.797026,0.815405,0.762654,0.727978,0.722345,0.83504,0.824178,0.800496,0.744969,0.7863,0.769788,0.819701,0.780099,0.834494,0.85201,0.775039,0.833591,0.789092,0.788094,0.836254,0.759145,0.778195,0.838456,0.829037,0.793827,0.797088,0.75446,0.855326,0.761932,0.773843,0.782754,0.777207,0.8388,0.865057,0.828235,0.848201,0.79794,0.835774,0.754903,0.799286,0.800017,0.80683,0.808497,0.792363,0.805015,0.813967,0.761773,0.78357,0.795351,0.805012,0.802212,0.824203,0.824985,0.819463
Hat,0.833087,0.844878,0.805983,0.786672,0.732738,0.807774,0.809904,0.777994,0.860389,0.789629,0.837542,0.838751,0.850236,0.758278,0.852705,0.789999,0.84965,0.78636,0.766388,0.75951,0.827358,0.875299,0.766255,0.792463,0.790649,0.798544,0.775551,0.732159,0.767542,0.807533,0.794628,0.745073,0.858686,0.858245,0.805692,0.829994,0.713971,0.815281,0.762662,0.77638,0.8407,0.773622,0.748858,0.77366,0.805498,0.801568,0.829161,0.774193,0.843003,0.847626,0.781519,0.869173,0.815797,0.781413,0.847899,0.819759,1.0,0.751493,0.760397,0.823589,0.759646,0.800248,0.73356,0.737609,0.765586,0.811306,0.766956,0.754287,0.76288,0.772861,0.807339,0.754536,0.830437,0.807571,0.72792,0.742548,0.864321,0.790822,0.745482,0.791777,0.688771,0.788871,0.831308,0.808875,0.714293,0.741511,0.762534,0.841893,0.747917,0.857132,0.825269,0.769418,0.81265,0.760169,0.769487,0.752891,0.778147,0.765831,0.818406,0.826064,0.750048,0.845726,0.709809,0.773244,0.755419,0.855232,0.836814,0.818638,0.782415,0.800728,0.764688,0.796022,0.789265,0.882411,0.774234,0.87771,0.735632,0.790691,0.748948,0.857649,0.796824,0.75926,0.814648,0.726362,0.831436,0.822492,0.76282,0.769325,0.846695,0.806592
Headphones,0.771767,0.810712,0.83086,0.83044,0.776731,0.81565,0.767602,0.752752,0.756441,0.793486,0.686691,0.693892,0.708248,0.761785,0.76438,0.793284,0.753298,0.823045,0.759345,0.792525,0.697537,0.725001,0.777667,0.786947,0.760121,0.790161,0.764069,0.706374,0.81027,0.793666,0.7982,0.780845,0.748803,0.693009,0.756901,0.688832,0.758287,0.753425,0.770675,0.730411,0.732898,0.752046,0.77223,0.760709,0.794995,0.683076,0.794373,0.740295,0.740569,0.710415,0.792339,0.714595,0.775689,0.729973,0.747038,0.803427,0.751493,1.0,0.789777,0.708432,0.732987,0.770791,0.75506,0.773775,0.80728,0.765633,0.795114,0.740414,0.833381,0.771034,0.789822,0.782745,0.796101,0.784465,0.753039,0.746355,0.741558,0.783825,0.715745,0.678458,0.729035,0.803564,0.794893,0.764382,0.728837,0.783801,0.733659,0.767289,0.73116,0.779564,0.794806,0.749987,0.808639,0.764401,0.758941,0.819967,0.713382,0.749852,0.830207,0.787261,0.776224,0.739899,0.716449,0.846542,0.712538,0.706337,0.719916,0.722364,0.8076,0.848787,0.804682,0.825794,0.758658,0.745579,0.706753,0.726934,0.80227,0.790223,0.786807,0.725848,0.755237,0.808503,0.702541,0.747848,0.734159,0.75721,0.774356,0.745858,0.769229,0.808809
Hourglass,0.8064,0.874176,0.825907,0.856106,0.875973,0.860566,0.766985,0.76213,0.78873,0.868602,0.731528,0.709359,0.689793,0.811249,0.786137,0.855275,0.787459,0.853963,0.80429,0.841372,0.767835,0.73393,0.889413,0.814305,0.840347,0.847881,0.834446,0.871569,0.883521,0.829248,0.847219,0.838454,0.733516,0.72,0.80513,0.721061,0.884899,0.750877,0.865626,0.793727,0.752075,0.85212,0.899642,0.834753,0.83262,0.770055,0.791784,0.783747,0.763005,0.763552,0.853092,0.724921,0.805799,0.835461,0.752269,0.805726,0.760397,0.789777,1.0,0.775752,0.850985,0.810083,0.904775,0.881021,0.896986,0.805212,0.876524,0.914748,0.868747,0.886215,0.807731,0.884872,0.753995,0.856644,0.807183,0.90066,0.739391,0.820438,0.917917,0.771992,0.802544,0.862651,0.852408,0.788515,0.912761,0.849061,0.872316,0.781058,0.897,0.775838,0.811642,0.804736,0.822768,0.903768,0.839186,0.868722,0.804198,0.818578,0.840038,0.818749,0.843687,0.762414,0.878526,0.835766,0.878969,0.719671,0.740431,0.748909,0.849389,0.881003,0.873363,0.893261,0.888591,0.779076,0.824582,0.73833,0.872142,0.842019,0.915428,0.730502,0.83188,0.87577,0.719485,0.921546,0.761388,0.775858,0.885764,0.880974,0.775131,0.834883
Kayak,0.805638,0.82191,0.764016,0.73524,0.711136,0.783524,0.766586,0.722149,0.841698,0.771092,0.896132,0.857692,0.811895,0.719003,0.822487,0.758442,0.841469,0.752741,0.742091,0.715764,0.828984,0.86968,0.756482,0.750901,0.789891,0.784855,0.77656,0.788165,0.733647,0.753022,0.779365,0.714564,0.808627,0.872184,0.783481,0.813262,0.717568,0.776003,0.736492,0.785965,0.853847,0.78942,0.763671,0.775533,0.780334,0.896181,0.777126,0.75725,0.839199,0.908016,0.764784,0.877078,0.784233,0.813819,0.827008,0.764988,0.823589,0.708432,0.775752,1.0,0.785648,0.771684,0.758127,0.742899,0.742135,0.79194,0.761404,0.799661,0.737427,0.786519,0.781358,0.75082,0.742677,0.795757,0.733974,0.77058,0.836174,0.75097,0.803509,0.89774,0.658638,0.764194,0.822865,0.789372,0.769248,0.712716,0.801697,0.810786,0.778012,0.814068,0.776152,0.756421,0.763627,0.798017,0.761539,0.711958,0.813686,0.741499,0.779595,0.790982,0.746247,0.844108,0.758414,0.715624,0.816809,0.870714,0.806863,0.77277,0.731278,0.755261,0.730312,0.774981,0.822456,0.831946,0.840056,0.884698,0.690217,0.785253,0.743154,0.820339,0.791782,0.736279,0.779188,0.754491,0.825099,0.800128,0.770251,0.783698,0.809337,0.770051
Key,0.782009,0.838592,0.775405,0.790694,0.800723,0.807254,0.74643,0.728783,0.785442,0.81227,0.757479,0.73073,0.710607,0.754215,0.787261,0.802048,0.772143,0.79311,0.761192,0.77979,0.76994,0.761181,0.824091,0.76983,0.798553,0.803631,0.795211,0.821581,0.81097,0.793183,0.804427,0.777694,0.749913,0.747317,0.779662,0.738007,0.798724,0.746543,0.811231,0.772628,0.758464,0.796639,0.834427,0.789494,0.802973,0.777723,0.769175,0.75203,0.768287,0.78272,0.80234,0.752096,0.782794,0.817677,0.759764,0.768332,0.759646,0.732987,0.850985,0.785648,1.0,0.784076,0.829763,0.820094,0.822783,0.773515,0.836798,0.857561,0.793738,0.851825,0.781507,0.81654,0.738026,0.831988,0.752109,0.838357,0.765687,0.783924,0.863381,0.77947,0.727094,0.816162,0.817865,0.767788,0.839368,0.78275,0.83931,0.768694,0.839558,0.775206,0.774216,0.764761,0.787204,0.841357,0.788254,0.797363,0.78601,0.755116,0.795413,0.792475,0.790211,0.76046,0.82018,0.77976,0.841426,0.746008,0.745165,0.745238,0.791526,0.819207,0.801794,0.818384,0.837345,0.777737,0.805718,0.766578,0.788036,0.804278,0.847985,0.741397,0.810634,0.802674,0.727716,0.847425,0.775214,0.772319,0.834275,0.811076,0.76378,0.788676
Kite,0.799197,0.846685,0.802506,0.812603,0.78962,0.809741,0.780703,0.757215,0.807623,0.815546,0.764606,0.752026,0.761599,0.766545,0.812778,0.8045,0.795515,0.815071,0.771731,0.79117,0.774451,0.795115,0.810681,0.792824,0.798723,0.81103,0.784263,0.761956,0.811195,0.809754,0.810725,0.787438,0.798894,0.766567,0.786164,0.758964,0.772676,0.78319,0.79812,0.76978,0.779382,0.78279,0.800961,0.783275,0.819224,0.750279,0.805832,0.75799,0.791582,0.775258,0.810922,0.77973,0.808832,0.792285,0.791572,0.810091,0.800248,0.770791,0.810083,0.771684,0.784076,1.0,0.787823,0.793662,0.820409,0.787041,0.821241,0.800152,0.804764,0.821402,0.803648,0.804688,0.797649,0.826236,0.7406,0.788454,0.807505,0.799726,0.785267,0.7448,0.710075,0.820644,0.818094,0.787695,0.763863,0.777506,0.792844,0.798743,0.792016,0.819479,0.80893,0.763097,0.817503,0.792414,0.777907,0.812803,0.762304,0.760269,0.817238,0.812026,0.787998,0.783337,0.760571,0.822622,0.780381,0.7682,0.774114,0.77033,0.812317,0.836345,0.808228,0.82316,0.800942,0.812023,0.766573,0.795763,0.789276,0.802842,0.814613,0.782894,0.804803,0.801861,0.752332,0.793665,0.792412,0.797946,0.805478,0.79475,0.803745,0.802793
Ladder,0.752908,0.852258,0.77215,0.820344,0.868954,0.811727,0.717911,0.705164,0.750742,0.87339,0.709313,0.664235,0.658941,0.762243,0.757852,0.849531,0.770566,0.836128,0.772671,0.819302,0.743901,0.708815,0.88368,0.779528,0.831295,0.852655,0.7957,0.866137,0.868944,0.792168,0.820125,0.815167,0.693291,0.682933,0.750313,0.6663,0.867296,0.730342,0.837448,0.767718,0.71622,0.844712,0.88826,0.813176,0.829525,0.734307,0.761268,0.736523,0.738991,0.735262,0.845496,0.698739,0.779407,0.828064,0.727787,0.793425,0.73356,0.75506,0.904775,0.758127,0.829763,0.787823,1.0,0.860306,0.902764,0.781607,0.877724,0.932694,0.839685,0.882125,0.782579,0.885337,0.726042,0.846219,0.764547,0.904739,0.724839,0.784308,0.913098,0.738551,0.710629,0.86948,0.810925,0.755876,0.910807,0.7983,0.865299,0.75666,0.910303,0.76252,0.79662,0.755968,0.79537,0.894991,0.804596,0.859887,0.779132,0.781982,0.805433,0.786012,0.801548,0.735282,0.904663,0.824962,0.875501,0.698097,0.704865,0.697656,0.837586,0.850202,0.86055,0.867788,0.851451,0.745918,0.802542,0.713426,0.826415,0.831115,0.905702,0.703596,0.817697,0.860312,0.675686,0.932887,0.729145,0.747022,0.890459,0.883672,0.751748,0.784612
Lamp,0.770708,0.847338,0.798421,0.824888,0.847987,0.824592,0.744344,0.730173,0.75904,0.840455,0.714586,0.678845,0.675642,0.763874,0.779809,0.824589,0.749729,0.837735,0.771833,0.806054,0.730771,0.726069,0.858772,0.787669,0.810754,0.828473,0.797387,0.828145,0.856418,0.808071,0.822388,0.807481,0.721152,0.695596,0.766455,0.692209,0.834146,0.743138,0.833629,0.766933,0.728846,0.807806,0.865917,0.800232,0.827519,0.724176,0.780629,0.753175,0.749777,0.733113,0.839121,0.710741,0.794215,0.807203,0.735318,0.784977,0.737609,0.773775,0.881021,0.742899,0.820094,0.793662,0.860306,1.0,0.876768,0.769077,0.876893,0.87618,0.837515,0.87243,0.795539,0.857451,0.753559,0.851269,0.772117,0.862963,0.754758,0.792286,0.865676,0.729714,0.727812,0.852777,0.81941,0.763176,0.853472,0.808678,0.842563,0.75908,0.858404,0.77383,0.774291,0.764257,0.804821,0.856507,0.794346,0.849986,0.763327,0.760528,0.820488,0.796642,0.81919,0.730419,0.851094,0.832505,0.83775,0.700739,0.719694,0.721643,0.823456,0.855661,0.845664,0.844144,0.825105,0.754517,0.780293,0.727394,0.832683,0.831017,0.892588,0.717242,0.817571,0.848002,0.694149,0.886539,0.754988,0.769856,0.862109,0.806461,0.762628,0.80038
Lantern,0.773557,0.87911,0.814255,0.862034,0.889093,0.832695,0.757796,0.736485,0.769689,0.897691,0.710913,0.678183,0.692853,0.783225,0.792674,0.86899,0.784162,0.882184,0.796308,0.850067,0.749723,0.732584,0.897946,0.811458,0.84539,0.881464,0.805832,0.835185,0.898992,0.823433,0.848215,0.843345,0.731427,0.693603,0.767558,0.686566,0.864586,0.769858,0.849734,0.779763,0.733267,0.849795,0.88662,0.82453,0.862677,0.707364,0.80397,0.751836,0.766418,0.728124,0.878367,0.716848,0.820723,0.819046,0.754409,0.845536,0.765586,0.80728,0.896986,0.742135,0.822783,0.820409,0.902764,0.876768,1.0,0.801045,0.898676,0.904864,0.872871,0.883658,0.818529,0.904573,0.785399,0.867801,0.775932,0.883603,0.756757,0.813559,0.868248,0.707987,0.718913,0.89554,0.824784,0.782862,0.862289,0.822128,0.844332,0.787007,0.887696,0.809965,0.83001,0.768346,0.837072,0.871448,0.811227,0.904867,0.772323,0.789523,0.840788,0.816743,0.827403,0.748188,0.877549,0.887062,0.842137,0.707118,0.724965,0.725565,0.873826,0.895514,0.895201,0.881489,0.830966,0.777055,0.779005,0.735745,0.859836,0.851258,0.916819,0.733832,0.832456,0.887565,0.69809,0.917578,0.758138,0.78147,0.888861,0.866685,0.787376,0.811756
Lawnmower,0.818446,0.845416,0.805914,0.800192,0.765881,0.814496,0.789899,0.74004,0.824443,0.811109,0.784501,0.783321,0.779573,0.769818,0.811708,0.811143,0.81764,0.801029,0.770817,0.790597,0.783864,0.806408,0.79233,0.796214,0.800463,0.805067,0.788836,0.761404,0.797069,0.804296,0.806505,0.766748,0.791672,0.797367,0.800548,0.77347,0.76089,0.784187,0.790018,0.773848,0.807917,0.803178,0.786055,0.776421,0.804994,0.777397,0.803192,0.766978,0.81641,0.809002,0.792063,0.803871,0.802145,0.787648,0.799633,0.81184,0.811306,0.765633,0.805212,0.79194,0.773515,0.787041,0.781607,0.769077,0.801045,1.0,0.790981,0.795812,0.794643,0.784319,0.796656,0.79223,0.799292,0.809826,0.759651,0.780095,0.793834,0.793605,0.778682,0.76645,0.71983,0.800688,0.823813,0.792301,0.776254,0.77051,0.78005,0.814242,0.785377,0.813585,0.823545,0.77147,0.809825,0.803352,0.784189,0.779429,0.783301,0.773918,0.81627,0.81546,0.772484,0.812811,0.757187,0.791154,0.776894,0.797472,0.794854,0.78857,0.806087,0.811454,0.787735,0.825418,0.813374,0.826245,0.781468,0.809573,0.768663,0.794605,0.793485,0.797307,0.790249,0.785527,0.773992,0.771816,0.79211,0.806873,0.790399,0.790655,0.816281,0.808097
Lightbulb,0.776402,0.88277,0.797164,0.841475,0.862617,0.825186,0.756702,0.739088,0.782425,0.868231,0.732949,0.68829,0.699167,0.776929,0.803073,0.84855,0.77154,0.853152,0.790083,0.824649,0.756413,0.752685,0.88263,0.801354,0.834335,0.860115,0.803355,0.837759,0.877375,0.829159,0.841053,0.83015,0.750794,0.710084,0.777004,0.702546,0.847663,0.774659,0.85504,0.78515,0.745206,0.826698,0.881164,0.81479,0.865397,0.730011,0.802613,0.750605,0.778266,0.748231,0.867599,0.733191,0.81351,0.835627,0.765604,0.811083,0.766956,0.795114,0.876524,0.761404,0.836798,0.821241,0.877724,0.876893,0.898676,0.790981,1.0,0.900918,0.84849,0.912636,0.822459,0.877905,0.78168,0.885904,0.786777,0.882302,0.798218,0.814567,0.880547,0.734025,0.707387,0.887862,0.829298,0.78605,0.869745,0.815493,0.865636,0.785714,0.883355,0.813449,0.804379,0.766994,0.833741,0.877643,0.80401,0.872992,0.774916,0.76415,0.833458,0.814261,0.819603,0.753933,0.874109,0.864621,0.85668,0.729491,0.741358,0.737504,0.852925,0.874183,0.865486,0.860954,0.831935,0.774579,0.793524,0.756304,0.842145,0.858861,0.914476,0.744517,0.846958,0.867818,0.713784,0.9055,0.774049,0.797236,0.896647,0.80607,0.793038,0.807852
Lipstick,0.77021,0.868065,0.778685,0.809059,0.86444,0.823398,0.729114,0.718812,0.77651,0.884344,0.751286,0.697353,0.680714,0.762069,0.78427,0.863942,0.790859,0.841929,0.777332,0.81274,0.77623,0.742644,0.893066,0.78926,0.847638,0.870981,0.808826,0.908609,0.865881,0.801415,0.830397,0.810279,0.711628,0.724953,0.773627,0.698846,0.865731,0.744011,0.849428,0.783811,0.744884,0.867818,0.906745,0.82262,0.848073,0.776896,0.772558,0.752241,0.768084,0.777937,0.854588,0.735531,0.790555,0.853903,0.751047,0.796278,0.754287,0.740414,0.914748,0.799661,0.857561,0.800152,0.932694,0.87618,0.904864,0.795812,0.900918,1.0,0.8273,0.909533,0.79386,0.894233,0.731204,0.872477,0.779184,0.935319,0.765797,0.785425,0.969071,0.786015,0.706436,0.880078,0.826364,0.770735,0.950033,0.798955,0.901113,0.772752,0.94299,0.777377,0.7997,0.771844,0.793195,0.929591,0.820501,0.848748,0.810716,0.782866,0.816147,0.798859,0.800604,0.761455,0.944471,0.809819,0.923888,0.737108,0.735397,0.717785,0.833593,0.852897,0.857801,0.86674,0.8746,0.774254,0.845632,0.746869,0.814129,0.857552,0.920701,0.728835,0.850076,0.858375,0.703453,0.956978,0.757687,0.771869,0.909098,0.881057,0.768462,0.799071
Lock,0.790385,0.850179,0.836689,0.86838,0.843543,0.843833,0.775966,0.766175,0.776317,0.8494,0.708763,0.695398,0.710248,0.790362,0.783151,0.834743,0.779504,0.861908,0.793095,0.837378,0.734278,0.732923,0.844481,0.813719,0.810467,0.830767,0.804613,0.783247,0.863949,0.818971,0.838211,0.826253,0.749662,0.701568,0.783246,0.697636,0.831617,0.762674,0.824423,0.764842,0.744022,0.805131,0.845693,0.805994,0.825894,0.716902,0.80759,0.764474,0.757136,0.729408,0.837439,0.718868,0.802833,0.787817,0.756755,0.829508,0.76288,0.833381,0.868747,0.737427,0.793738,0.804764,0.839685,0.837515,0.872871,0.794643,0.84849,0.8273,1.0,0.838614,0.80888,0.849465,0.788861,0.83002,0.779594,0.825826,0.746815,0.816338,0.806047,0.714227,0.766011,0.85301,0.828767,0.784369,0.813269,0.82242,0.804266,0.784716,0.815916,0.792438,0.821016,0.783518,0.832136,0.831743,0.803564,0.87915,0.758863,0.789361,0.845091,0.815444,0.821729,0.757031,0.801771,0.880834,0.789476,0.712609,0.731301,0.73478,0.849624,0.893435,0.856179,0.876193,0.821252,0.771925,0.759399,0.736757,0.84785,0.82065,0.857675,0.736284,0.800407,0.854918,0.710692,0.840177,0.750472,0.77155,0.840062,0.824045,0.782857,0.827645
Lollipop,0.780258,0.873675,0.790725,0.830904,0.856276,0.825047,0.752907,0.747482,0.788561,0.862089,0.75079,0.709518,0.71155,0.774155,0.808888,0.837692,0.779364,0.835415,0.786295,0.806201,0.779008,0.76663,0.880038,0.793964,0.832403,0.849592,0.809819,0.857724,0.866297,0.820911,0.836114,0.820684,0.763082,0.731885,0.78144,0.719229,0.843728,0.769902,0.849232,0.786433,0.75602,0.816392,0.886734,0.819911,0.855956,0.762191,0.796579,0.759575,0.772552,0.765296,0.856306,0.743411,0.807041,0.849783,0.772882,0.797113,0.772861,0.771034,0.886215,0.786519,0.851825,0.821402,0.882125,0.87243,0.883658,0.784319,0.912636,0.909533,0.838614,1.0,0.81459,0.862798,0.764936,0.883398,0.773465,0.89152,0.799642,0.808388,0.912039,0.770004,0.717712,0.876476,0.833694,0.787424,0.882654,0.807565,0.887106,0.781391,0.892349,0.807389,0.79135,0.775032,0.818243,0.87726,0.809695,0.862063,0.784188,0.766801,0.829418,0.811303,0.812597,0.761911,0.878151,0.835984,0.884418,0.743133,0.748015,0.738315,0.837371,0.861607,0.851415,0.855595,0.848648,0.782439,0.81509,0.768075,0.828683,0.856308,0.90354,0.752084,0.853913,0.857014,0.718728,0.91391,0.775499,0.782766,0.897755,0.821211,0.785324,0.807142
Mask,0.807987,0.850219,0.821079,0.817598,0.787639,0.822495,0.794621,0.760838,0.813774,0.816406,0.777982,0.770706,0.769724,0.76743,0.82354,0.811015,0.800486,0.81968,0.7762,0.790752,0.770501,0.80751,0.805254,0.800407,0.798751,0.819493,0.78975,0.759882,0.815121,0.81459,0.816704,0.78427,0.802262,0.784337,0.791747,0.767842,0.765935,0.792589,0.796767,0.776853,0.79426,0.78957,0.796271,0.78689,0.826356,0.756521,0.817658,0.767828,0.807715,0.794283,0.814837,0.799683,0.816234,0.790021,0.800428,0.812128,0.807339,0.789822,0.807731,0.781358,0.781507,0.803648,0.782579,0.795539,0.818529,0.796656,0.822459,0.79386,0.80888,0.81459,1.0,0.801331,0.81346,0.829739,0.760484,0.784522,0.817238,0.802523,0.779055,0.752542,0.70999,0.823091,0.829869,0.797068,0.764844,0.783109,0.788225,0.808915,0.782954,0.830439,0.810071,0.771598,0.823571,0.797011,0.781268,0.808203,0.764829,0.759531,0.837367,0.819566,0.799505,0.794062,0.761751,0.82629,0.776447,0.784987,0.781243,0.776775,0.812168,0.837306,0.809397,0.82703,0.799974,0.811749,0.768724,0.809025,0.791431,0.816126,0.81294,0.794133,0.804374,0.809761,0.762554,0.784525,0.806002,0.812672,0.805707,0.781878,0.812156,0.812603
Microscope,0.769131,0.86357,0.796974,0.840166,0.867427,0.82225,0.747229,0.718046,0.770212,0.874047,0.71997,0.681759,0.685284,0.770054,0.776546,0.851758,0.779536,0.857199,0.786241,0.836377,0.747225,0.731182,0.876239,0.796521,0.835324,0.855913,0.798877,0.826032,0.873451,0.809162,0.834233,0.824503,0.726056,0.696387,0.765148,0.68774,0.855264,0.757641,0.836941,0.774585,0.73186,0.842398,0.869722,0.807273,0.841825,0.723261,0.785892,0.745917,0.763721,0.736302,0.853817,0.718427,0.80509,0.8188,0.746198,0.821281,0.754536,0.782745,0.884872,0.75082,0.81654,0.804688,0.885337,0.857451,0.904573,0.79223,0.877905,0.894233,0.849465,0.862798,0.801331,1.0,0.7649,0.85065,0.769979,0.8686,0.748357,0.804183,0.858592,0.721757,0.71455,0.872996,0.816805,0.772423,0.855064,0.812832,0.836744,0.779685,0.874492,0.790196,0.822394,0.759645,0.823542,0.87445,0.802939,0.872176,0.776823,0.780056,0.82286,0.805727,0.810675,0.749783,0.863608,0.859679,0.834148,0.710332,0.726778,0.720233,0.853996,0.868903,0.865307,0.875647,0.830375,0.767567,0.784719,0.735755,0.839341,0.830989,0.898978,0.726641,0.816781,0.862618,0.697564,0.896052,0.754436,0.774774,0.873042,0.856881,0.777573,0.798914
Minerals,0.83725,0.827204,0.85728,0.814969,0.752184,0.835917,0.823261,0.791017,0.826424,0.794577,0.759964,0.77116,0.800532,0.773808,0.837457,0.808707,0.803172,0.814649,0.767554,0.792294,0.75384,0.816011,0.769121,0.820937,0.777175,0.803164,0.770964,0.699839,0.793792,0.838708,0.802906,0.76851,0.83267,0.783289,0.804753,0.778544,0.717787,0.81799,0.776343,0.751595,0.790376,0.756048,0.751781,0.7564,0.822535,0.715767,0.843842,0.785641,0.804143,0.765156,0.786117,0.797238,0.82112,0.748647,0.811177,0.82892,0.830437,0.796101,0.753995,0.742677,0.738026,0.797649,0.726042,0.753559,0.785399,0.799292,0.78168,0.731204,0.788861,0.764936,0.81346,0.7649,1.0,0.810454,0.73743,0.732545,0.834485,0.798727,0.708642,0.703943,0.705451,0.806569,0.825561,0.797427,0.695908,0.768969,0.73901,0.82028,0.730755,0.837559,0.835047,0.771597,0.830383,0.741119,0.76415,0.781683,0.730684,0.75644,0.8701,0.833713,0.780524,0.80089,0.696804,0.817548,0.715771,0.779436,0.808001,0.803977,0.814021,0.825483,0.781067,0.810817,0.753331,0.837415,0.71915,0.805743,0.771255,0.801045,0.771607,0.818503,0.788285,0.786049,0.778741,0.719193,0.802239,0.822634,0.760547,0.735684,0.836014,0.839533
Mushroom,0.816345,0.881533,0.820642,0.83142,0.83177,0.839157,0.791426,0.762724,0.820534,0.85601,0.783593,0.75415,0.754262,0.782109,0.838785,0.842336,0.804809,0.84357,0.793681,0.813307,0.788624,0.80583,0.855693,0.816016,0.832023,0.850754,0.81306,0.82547,0.851596,0.838941,0.840074,0.811354,0.793723,0.774838,0.804981,0.76414,0.813743,0.797552,0.842739,0.79767,0.792627,0.821568,0.855487,0.813488,0.858509,0.772244,0.824081,0.780088,0.813806,0.79647,0.848814,0.790682,0.830594,0.834946,0.801178,0.821602,0.807571,0.784465,0.856644,0.795757,0.831988,0.826236,0.846219,0.851269,0.867801,0.809826,0.885904,0.872477,0.83002,0.883398,0.829739,0.85065,0.810454,1.0,0.782034,0.855711,0.832285,0.818653,0.861981,0.773837,0.720438,0.866319,0.847672,0.805194,0.837562,0.807711,0.852685,0.812808,0.856685,0.834939,0.815587,0.786843,0.836573,0.854854,0.808828,0.84131,0.790834,0.77401,0.847436,0.836127,0.821743,0.792861,0.838829,0.838633,0.846673,0.77835,0.788073,0.781569,0.840246,0.859598,0.842658,0.849327,0.838689,0.823146,0.806911,0.806515,0.820238,0.851617,0.879617,0.79152,0.849112,0.841744,0.761196,0.864636,0.813234,0.825711,0.865904,0.807709,0.820685,0.824924
Necklace,0.762509,0.806813,0.779329,0.772087,0.754112,0.791789,0.736695,0.702252,0.754094,0.767395,0.71167,0.697707,0.680244,0.745912,0.74884,0.767505,0.735779,0.772318,0.739168,0.756341,0.704169,0.718805,0.773373,0.757794,0.755819,0.768192,0.756758,0.751996,0.7791,0.76717,0.775835,0.747933,0.699728,0.711061,0.753834,0.690307,0.759878,0.72343,0.772018,0.734405,0.734922,0.767491,0.77667,0.748551,0.768169,0.726722,0.750611,0.725823,0.746593,0.745229,0.763928,0.720535,0.749337,0.744827,0.723063,0.740915,0.72792,0.753039,0.807183,0.733974,0.752109,0.7406,0.764547,0.772117,0.775932,0.759651,0.786777,0.779184,0.779594,0.773465,0.760484,0.769979,0.73743,0.782034,1.0,0.771402,0.727626,0.750252,0.774921,0.724302,0.720341,0.769909,0.790823,0.742066,0.786668,0.761096,0.762666,0.743639,0.765088,0.744462,0.751353,0.738241,0.767475,0.79847,0.754525,0.756043,0.736785,0.737877,0.787775,0.765149,0.760819,0.736393,0.750183,0.75699,0.762183,0.709262,0.715397,0.717997,0.76553,0.785609,0.76932,0.788194,0.788253,0.737802,0.747453,0.723034,0.769678,0.776006,0.795801,0.712633,0.753738,0.776649,0.698193,0.767731,0.726738,0.751,0.775513,0.728705,0.744053,0.773987
Necktie,0.765394,0.851014,0.779695,0.810351,0.848377,0.818016,0.726121,0.722119,0.762922,0.858106,0.725046,0.680124,0.669914,0.760234,0.773766,0.844013,0.769575,0.828218,0.769537,0.80112,0.75212,0.725025,0.873308,0.783209,0.825787,0.84586,0.799579,0.879294,0.856207,0.79872,0.81788,0.801305,0.702891,0.701825,0.763928,0.68654,0.850343,0.733237,0.839643,0.768622,0.730761,0.837411,0.88791,0.808115,0.830341,0.750537,0.767372,0.748234,0.748737,0.751558,0.838754,0.713932,0.77953,0.829884,0.737003,0.780089,0.742548,0.746355,0.90066,0.77058,0.838357,0.788454,0.904739,0.862963,0.883603,0.780095,0.882302,0.935319,0.825826,0.89152,0.784522,0.8686,0.732545,0.855711,0.771402,1.0,0.747337,0.778475,0.931585,0.759858,0.717358,0.861569,0.817248,0.759018,0.920211,0.797314,0.87857,0.758768,0.911176,0.764505,0.784606,0.766972,0.788418,0.898198,0.807157,0.839389,0.784147,0.773411,0.81183,0.789985,0.79883,0.742374,0.90683,0.80182,0.891094,0.714109,0.721155,0.712958,0.82214,0.845743,0.844412,0.853186,0.854058,0.759033,0.815377,0.726529,0.8148,0.84019,0.904819,0.715458,0.829019,0.849256,0.692048,0.929854,0.740312,0.758311,0.888148,0.847321,0.75904,0.79361
Orifan,0.830974,0.84446,0.796309,0.761987,0.723874,0.798821,0.804268,0.774102,0.860376,0.782212,0.862471,0.830991,0.849952,0.739903,0.875693,0.778954,0.83365,0.786754,0.757543,0.736949,0.80485,0.896283,0.762653,0.794612,0.786835,0.796244,0.766726,0.741437,0.756365,0.811261,0.789318,0.735272,0.862007,0.863961,0.796823,0.821911,0.694296,0.820368,0.765711,0.775323,0.848766,0.757341,0.751983,0.766057,0.821222,0.80464,0.836758,0.772198,0.849687,0.863369,0.78554,0.888159,0.823337,0.787178,0.852282,0.797026,0.864321,0.741558,0.739391,0.836174,0.765687,0.807505,0.724839,0.754758,0.756757,0.793834,0.798218,0.765797,0.746815,0.799642,0.817238,0.748357,0.834485,0.832285,0.727626,0.747337,1.0,0.779236,0.757948,0.804022,0.643798,0.801015,0.828231,0.803526,0.71934,0.720125,0.780648,0.835424,0.753615,0.868317,0.796331,0.757895,0.803069,0.759683,0.75721,0.739222,0.771517,0.733696,0.818925,0.830437,0.75575,0.839053,0.722917,0.769761,0.768637,0.855481,0.848526,0.811357,0.77034,0.787186,0.753446,0.773011,0.774234,0.879485,0.777747,0.890631,0.713266,0.810115,0.758653,0.866945,0.821527,0.748702,0.808941,0.730203,0.850817,0.845173,0.773236,0.720749,0.852723,0.796249
Oven,0.813301,0.846915,0.814369,0.830239,0.798001,0.828093,0.796361,0.764299,0.806592,0.814233,0.742481,0.748363,0.749751,0.786445,0.805712,0.810847,0.788206,0.808261,0.78461,0.811195,0.768969,0.77801,0.806866,0.806612,0.792724,0.79717,0.798918,0.746164,0.818313,0.825194,0.815988,0.797843,0.805631,0.752598,0.80734,0.765757,0.788788,0.776169,0.816565,0.778167,0.7736,0.774601,0.799549,0.783991,0.809023,0.739433,0.808425,0.771799,0.785714,0.756251,0.803621,0.759036,0.809652,0.793457,0.783851,0.815405,0.790822,0.783825,0.820438,0.75097,0.783924,0.799726,0.784308,0.792286,0.813559,0.793605,0.814567,0.785425,0.816338,0.808388,0.802523,0.804183,0.798727,0.818653,0.750252,0.778475,0.779236,1.0,0.770703,0.728624,0.758099,0.809748,0.831152,0.792721,0.757391,0.807592,0.780305,0.798636,0.778171,0.803635,0.814498,0.779857,0.830477,0.793563,0.788967,0.81462,0.762128,0.770882,0.828346,0.819148,0.810898,0.776102,0.743953,0.832512,0.763338,0.751584,0.773443,0.786617,0.826519,0.841843,0.813731,0.837848,0.818615,0.806408,0.758873,0.777203,0.818865,0.786175,0.819393,0.770608,0.798277,0.804464,0.762649,0.782064,0.793091,0.800861,0.802209,0.816724,0.801445,0.819693
Paintbrush,0.773808,0.852078,0.772614,0.792884,0.83727,0.824582,0.721695,0.729691,0.77519,0.856113,0.752026,0.707963,0.66659,0.759211,0.780159,0.841523,0.778076,0.811441,0.766013,0.788428,0.778233,0.738896,0.867091,0.777449,0.825314,0.845731,0.809956,0.919839,0.839939,0.790692,0.81212,0.786022,0.702677,0.731458,0.779366,0.711907,0.843253,0.724379,0.839664,0.775039,0.741295,0.846042,0.898344,0.81408,0.823602,0.792209,0.757935,0.758728,0.755712,0.786686,0.825706,0.734217,0.769206,0.848752,0.743416,0.762654,0.745482,0.715745,0.917917,0.803509,0.863381,0.785267,0.913098,0.865676,0.868248,0.778682,0.880547,0.969071,0.806047,0.912039,0.779055,0.858592,0.708642,0.861981,0.774921,0.931585,0.757948,0.770703,1.0,0.806723,0.736051,0.851349,0.827886,0.762705,0.96307,0.793746,0.909832,0.754463,0.930328,0.755639,0.770053,0.782543,0.766514,0.924895,0.820659,0.814444,0.803681,0.778501,0.804169,0.78916,0.795352,0.753379,0.930163,0.766317,0.940458,0.735878,0.732403,0.720848,0.799385,0.833755,0.827305,0.845489,0.884405,0.767762,0.855074,0.74435,0.801941,0.847249,0.905758,0.718697,0.844784,0.833387,0.70764,0.942704,0.751573,0.758349,0.894382,0.856598,0.750277,0.79424
Pen,0.796189,0.795539,0.751247,0.706047,0.682527,0.774321,0.749102,0.713341,0.821763,0.738113,0.884196,0.851554,0.78385,0.702075,0.799835,0.728075,0.813654,0.724692,0.719912,0.68444,0.814256,0.845065,0.730747,0.731268,0.765085,0.75135,0.766537,0.789345,0.701882,0.731223,0.758285,0.689236,0.783192,0.859967,0.776532,0.808579,0.700836,0.74584,0.71771,0.772738,0.840974,0.768257,0.750852,0.760419,0.747208,0.911925,0.749599,0.751113,0.817118,0.899449,0.734126,0.853847,0.758508,0.797945,0.801985,0.727978,0.791777,0.678458,0.771992,0.89774,0.77947,0.7448,0.738551,0.729714,0.707987,0.76645,0.734025,0.786015,0.714227,0.770004,0.752542,0.721757,0.703943,0.773837,0.724302,0.759858,0.804022,0.728624,0.806723,1.0,0.672866,0.7284,0.812964,0.770249,0.767725,0.700155,0.794675,0.78022,0.763294,0.775393,0.736032,0.751446,0.732874,0.787158,0.74946,0.67726,0.803995,0.724415,0.757458,0.768906,0.738532,0.822396,0.742824,0.672143,0.817833,0.849521,0.784009,0.760088,0.693957,0.729831,0.702231,0.74521,0.823559,0.80968,0.843045,0.858674,0.670526,0.762411,0.720545,0.789304,0.77585,0.706891,0.76404,0.740614,0.806908,0.779749,0.74503,0.765364,0.776863,0.761923
Pictureframe,0.766807,0.75661,0.785768,0.772984,0.71647,0.793833,0.733319,0.742128,0.723021,0.721568,0.625866,0.668113,0.639175,0.760168,0.703273,0.730314,0.695682,0.73605,0.726078,0.754226,0.679189,0.652723,0.721357,0.750508,0.702081,0.698433,0.754482,0.702024,0.7418,0.762231,0.746816,0.731487,0.696962,0.655348,0.770854,0.692462,0.733334,0.675586,0.758284,0.69619,0.685273,0.704069,0.740164,0.717201,0.701017,0.682093,0.723884,0.729695,0.677597,0.665295,0.699217,0.644362,0.712777,0.694777,0.681173,0.722345,0.688771,0.729035,0.802544,0.658638,0.727094,0.710075,0.710629,0.727812,0.718913,0.71983,0.707387,0.706436,0.766011,0.717712,0.70999,0.71455,0.705451,0.720438,0.720341,0.717358,0.643798,0.758099,0.736051,0.672866,1.0,0.705158,0.772486,0.71701,0.734285,0.779506,0.713346,0.697685,0.700263,0.68075,0.729142,0.748852,0.739168,0.739336,0.749398,0.733231,0.697414,0.737446,0.760544,0.746443,0.757128,0.685104,0.661102,0.72891,0.707842,0.634573,0.690439,0.72082,0.738614,0.790974,0.736793,0.771576,0.787271,0.715817,0.704093,0.652497,0.783664,0.704122,0.75019,0.656778,0.713252,0.731648,0.689111,0.708094,0.687948,0.697811,0.709809,0.742306,0.695207,0.78436
Pinecone,0.787036,0.871886,0.817231,0.849513,0.856307,0.829726,0.767654,0.752485,0.791358,0.874766,0.739701,0.704893,0.724346,0.774275,0.808289,0.855188,0.797431,0.862865,0.790522,0.830919,0.760036,0.766863,0.869587,0.809338,0.832708,0.866446,0.800684,0.817355,0.872783,0.827125,0.838756,0.822933,0.763167,0.724257,0.775695,0.708618,0.831978,0.783979,0.835731,0.775317,0.752702,0.82904,0.862691,0.81422,0.859762,0.727146,0.815641,0.759342,0.778757,0.752814,0.858071,0.751828,0.817511,0.819752,0.779112,0.83504,0.788871,0.803564,0.862651,0.764194,0.816162,0.820644,0.86948,0.852777,0.89554,0.800688,0.887862,0.880078,0.85301,0.876476,0.823091,0.872996,0.806569,0.866319,0.769909,0.861569,0.801015,0.809748,0.851349,0.7284,0.705158,1.0,0.827542,0.790337,0.843221,0.805173,0.840676,0.800297,0.863159,0.824333,0.830119,0.768871,0.834496,0.859101,0.802803,0.874305,0.773398,0.777094,0.845736,0.823535,0.808415,0.771346,0.852441,0.868146,0.830616,0.743025,0.751908,0.739879,0.856764,0.879295,0.861688,0.871472,0.82008,0.794108,0.780291,0.769049,0.828771,0.85105,0.886678,0.763429,0.83238,0.864379,0.721369,0.881477,0.776422,0.794015,0.876186,0.831932,0.800395,0.816068
Pizza,0.86016,0.868217,0.855608,0.835752,0.804544,0.875375,0.828543,0.795508,0.8526,0.830262,0.816416,0.8139,0.794625,0.806155,0.846306,0.831526,0.829975,0.82776,0.801185,0.818455,0.809163,0.831777,0.822423,0.832457,0.821735,0.826517,0.829438,0.803737,0.824563,0.842241,0.838202,0.804501,0.829053,0.824673,0.840552,0.814715,0.797462,0.811213,0.827075,0.809446,0.826187,0.81195,0.826838,0.815215,0.833155,0.820194,0.838241,0.819211,0.833189,0.838237,0.821858,0.823845,0.833897,0.822171,0.823322,0.824178,0.831308,0.794893,0.852408,0.822865,0.817865,0.818094,0.810925,0.81941,0.824784,0.823813,0.829298,0.826364,0.828767,0.833694,0.829869,0.816805,0.825561,0.847672,0.790823,0.817248,0.828231,0.831152,0.827886,0.812964,0.772486,0.827542,1.0,0.822127,0.807601,0.81619,0.82589,0.828691,0.813652,0.830565,0.829562,0.819309,0.838745,0.830104,0.819731,0.808392,0.803532,0.805528,0.868993,0.848443,0.835486,0.825583,0.789508,0.817126,0.82313,0.810719,0.81711,0.819883,0.823484,0.849524,0.820748,0.846686,0.853491,0.847627,0.815661,0.833488,0.816755,0.831056,0.833583,0.818604,0.830971,0.821601,0.79952,0.811269,0.830819,0.832594,0.825204,0.821957,0.833849,0.858078
Plug,0.812969,0.833726,0.809221,0.794154,0.754522,0.811925,0.791839,0.757618,0.817024,0.79285,0.784241,0.788304,0.777224,0.759682,0.814959,0.790111,0.80334,0.792905,0.762092,0.772119,0.781289,0.810397,0.7773,0.787369,0.784502,0.792712,0.780453,0.74397,0.781829,0.800064,0.798759,0.759593,0.808283,0.796798,0.796402,0.78394,0.742859,0.785473,0.775505,0.770153,0.798999,0.773168,0.771827,0.77386,0.800126,0.777722,0.803524,0.763481,0.80708,0.803188,0.785315,0.802471,0.800761,0.779264,0.80058,0.800496,0.808875,0.764382,0.788515,0.789372,0.767788,0.787695,0.755876,0.763176,0.782862,0.792301,0.78605,0.770735,0.784369,0.787424,0.797068,0.772423,0.797427,0.805194,0.742066,0.759018,0.803526,0.792721,0.762705,0.770249,0.71701,0.790337,0.822127,1.0,0.742497,0.765319,0.770719,0.803287,0.76023,0.815164,0.80098,0.767818,0.805903,0.777317,0.771316,0.774492,0.76325,0.757594,0.817676,0.810899,0.77639,0.800341,0.731818,0.790777,0.764133,0.792675,0.785127,0.784865,0.788208,0.812206,0.77951,0.808099,0.799862,0.817432,0.77069,0.810973,0.765559,0.789444,0.774507,0.791941,0.790508,0.775972,0.770178,0.752873,0.800508,0.803454,0.775331,0.779441,0.806519,0.807363
Pogostick,0.750669,0.838976,0.760353,0.789498,0.83776,0.80566,0.698467,0.704485,0.745469,0.841992,0.708404,0.657999,0.638914,0.756379,0.744921,0.834732,0.754016,0.805929,0.75741,0.792436,0.733348,0.696148,0.863993,0.766631,0.812449,0.833181,0.793186,0.899864,0.842792,0.778053,0.802833,0.785722,0.662086,0.686255,0.755867,0.65517,0.849883,0.70671,0.833507,0.75599,0.7113,0.84223,0.887938,0.80293,0.80789,0.757409,0.739511,0.735066,0.727668,0.753535,0.81435,0.694644,0.748276,0.824259,0.713163,0.744969,0.714293,0.728837,0.912761,0.769248,0.839368,0.763863,0.910807,0.853472,0.862289,0.776254,0.869745,0.950033,0.813269,0.882654,0.764844,0.855064,0.695908,0.837562,0.786668,0.920211,0.71934,0.757391,0.96307,0.767725,0.734285,0.843221,0.807601,0.742497,1.0,0.786243,0.884859,0.736461,0.920586,0.730793,0.769034,0.763496,0.759319,0.926452,0.806276,0.81236,0.787964,0.778864,0.78905,0.771568,0.781349,0.733217,0.922769,0.766922,0.907464,0.697791,0.699621,0.690869,0.801747,0.821234,0.82183,0.843918,0.870551,0.732397,0.828457,0.697684,0.798374,0.831191,0.898324,0.687737,0.816346,0.835144,0.675409,0.929057,0.71159,0.737059,0.885995,0.839391,0.726859,0.778794
Pot,0.786647,0.827375,0.816571,0.829944,0.805588,0.829877,0.770257,0.747145,0.765847,0.807251,0.686359,0.69223,0.677339,0.781443,0.766142,0.804183,0.747182,0.811064,0.773241,0.807948,0.72431,0.716021,0.808865,0.792161,0.781415,0.790058,0.792807,0.761693,0.826379,0.812878,0.81005,0.798387,0.741312,0.693038,0.788809,0.716118,0.803161,0.74092,0.817219,0.754086,0.72586,0.778442,0.81447,0.773403,0.793995,0.705145,0.77992,0.757393,0.743458,0.710673,0.797327,0.699892,0.78132,0.774169,0.736276,0.7863,0.741511,0.783801,0.849061,0.712716,0.78275,0.777506,0.7983,0.808678,0.822128,0.77051,0.815493,0.798955,0.82242,0.807565,0.783109,0.812832,0.768969,0.807711,0.761096,0.797314,0.720125,0.807592,0.793746,0.700155,0.779506,0.805173,0.81619,0.765319,0.786243,1.0,0.782806,0.758982,0.786921,0.760412,0.787337,0.770508,0.809387,0.809669,0.788579,0.817567,0.744589,0.760857,0.822727,0.795992,0.810336,0.733872,0.767118,0.819999,0.770663,0.693814,0.728152,0.747919,0.815947,0.847202,0.813134,0.84191,0.816337,0.752185,0.747755,0.71726,0.836728,0.787906,0.841835,0.714367,0.781499,0.818061,0.717137,0.804851,0.749101,0.764633,0.805919,0.797385,0.760728,0.814307
Razor,0.782969,0.847992,0.776427,0.794668,0.819986,0.813505,0.74103,0.730224,0.788763,0.832041,0.766715,0.726313,0.708948,0.757146,0.793314,0.818445,0.780648,0.804753,0.764932,0.784245,0.777007,0.765503,0.848431,0.776105,0.817003,0.823911,0.800806,0.860298,0.826602,0.796108,0.812415,0.785805,0.742117,0.749402,0.777418,0.728383,0.819522,0.751708,0.824178,0.778044,0.76179,0.814284,0.86334,0.801643,0.821865,0.789365,0.773113,0.757029,0.773719,0.791612,0.821314,0.755464,0.785258,0.837161,0.763457,0.769788,0.762534,0.733659,0.872316,0.801697,0.83931,0.792844,0.865299,0.842563,0.844332,0.78005,0.865636,0.901113,0.804266,0.887106,0.788225,0.836744,0.73901,0.852685,0.762666,0.87857,0.780648,0.780305,0.909832,0.794675,0.713346,0.840676,0.82589,0.770719,0.884859,0.782806,1.0,0.771186,0.880894,0.780581,0.778117,0.770092,0.787225,0.871868,0.799839,0.810483,0.792155,0.76471,0.805597,0.796075,0.791697,0.765941,0.866983,0.782737,0.881789,0.753837,0.748992,0.73858,0.800402,0.823714,0.814265,0.831104,0.850256,0.779324,0.825138,0.768911,0.790072,0.829719,0.871904,0.746036,0.830963,0.820974,0.721612,0.889843,0.770465,0.773164,0.866571,0.819803,0.771188,0.793799
Recordplayer,0.825476,0.845567,0.811053,0.799032,0.754296,0.81512,0.804246,0.761298,0.842591,0.802091,0.818662,0.813468,0.819253,0.760458,0.837364,0.802578,0.833823,0.800449,0.771426,0.77758,0.803575,0.846237,0.781685,0.797341,0.797307,0.803572,0.785429,0.743352,0.7865,0.808615,0.805545,0.759932,0.832578,0.828122,0.803882,0.803128,0.739667,0.802129,0.777559,0.780395,0.827606,0.78657,0.768445,0.776749,0.810841,0.789984,0.820858,0.773578,0.833424,0.830131,0.793462,0.840307,0.816622,0.78921,0.826485,0.819701,0.841893,0.767289,0.781058,0.810786,0.768694,0.798743,0.75666,0.75908,0.787007,0.814242,0.785714,0.772752,0.784716,0.781391,0.808915,0.779685,0.82028,0.812808,0.743639,0.758768,0.835424,0.798636,0.754463,0.78022,0.697685,0.800297,0.828691,0.803287,0.736461,0.758982,0.771186,1.0,0.763506,0.839298,0.826443,0.772311,0.817856,0.780681,0.776258,0.774063,0.783145,0.76499,0.824062,0.823821,0.769958,0.830027,0.731431,0.7954,0.761509,0.831899,0.815344,0.80273,0.799167,0.812991,0.780206,0.816442,0.798372,0.852234,0.777565,0.849648,0.756049,0.795402,0.774854,0.829161,0.795863,0.777291,0.794376,0.749094,0.82188,0.822381,0.779384,0.779927,0.834645,0.810541
Remotecontrol,0.761816,0.858122,0.762888,0.79831,0.853867,0.804698,0.721924,0.707932,0.766551,0.860747,0.734976,0.682832,0.680366,0.760408,0.773077,0.842804,0.774058,0.824645,0.767998,0.80089,0.760512,0.733204,0.884856,0.776603,0.834782,0.847512,0.793279,0.88224,0.856355,0.797062,0.8188,0.80602,0.706046,0.711794,0.759865,0.689025,0.85759,0.741184,0.839123,0.774968,0.734588,0.845759,0.887879,0.809604,0.833638,0.757584,0.763414,0.738812,0.758413,0.760408,0.842982,0.721928,0.784099,0.837004,0.741201,0.780099,0.747917,0.73116,0.897,0.778012,0.839558,0.792016,0.910303,0.858404,0.887696,0.785377,0.883355,0.94299,0.815916,0.892349,0.782954,0.874492,0.730755,0.856685,0.765088,0.911176,0.753615,0.778171,0.930328,0.763294,0.700263,0.863159,0.813652,0.76023,0.920586,0.786921,0.880894,0.763506,1.0,0.773902,0.790569,0.755697,0.792245,0.898754,0.803029,0.83678,0.791565,0.774867,0.799435,0.787978,0.791388,0.748755,0.907333,0.801152,0.893288,0.721441,0.726806,0.715897,0.825567,0.829443,0.847279,0.848898,0.854195,0.764136,0.820454,0.733034,0.807781,0.835259,0.904206,0.723063,0.829907,0.847367,0.69416,0.934476,0.744417,0.762476,0.887727,0.86166,0.763279,0.785818
Ring,0.819037,0.867496,0.806008,0.806871,0.773105,0.800893,0.810655,0.759824,0.846168,0.818333,0.822831,0.81505,0.824318,0.767668,0.851457,0.80193,0.83301,0.820904,0.779401,0.782012,0.8085,0.861964,0.80066,0.795381,0.810018,0.828033,0.779199,0.745498,0.803242,0.817564,0.819748,0.774619,0.839657,0.8341,0.795169,0.806136,0.743425,0.828534,0.781065,0.789835,0.829779,0.792661,0.777471,0.788327,0.837128,0.783364,0.833486,0.757552,0.848796,0.836673,0.815977,0.856297,0.835558,0.795121,0.841844,0.834494,0.857132,0.779564,0.775838,0.814068,0.775206,0.819479,0.76252,0.77383,0.809965,0.813585,0.813449,0.777377,0.792438,0.807389,0.830439,0.790196,0.837559,0.834939,0.744462,0.764505,0.868317,0.803635,0.755639,0.775393,0.68075,0.824333,0.830565,0.815164,0.730793,0.760412,0.780581,0.839298,0.773902,1.0,0.828557,0.757625,0.835322,0.776327,0.773553,0.798126,0.773674,0.760844,0.818953,0.831024,0.778253,0.829533,0.741528,0.825433,0.767113,0.833503,0.817801,0.80354,0.809688,0.825533,0.800074,0.80947,0.790629,0.858513,0.773972,0.864159,0.766159,0.81397,0.788706,0.841808,0.815158,0.793899,0.79723,0.759945,0.836687,0.836649,0.792717,0.778036,0.847446,0.802328
Rollerskates,0.825966,0.854615,0.830805,0.836275,0.791595,0.828654,0.798185,0.774948,0.833581,0.840273,0.766756,0.765295,0.785548,0.790077,0.815335,0.841049,0.834315,0.82732,0.790807,0.836412,0.790353,0.799659,0.80863,0.81955,0.812381,0.831687,0.793644,0.751786,0.823844,0.823738,0.82011,0.798868,0.810353,0.772662,0.807054,0.761013,0.781225,0.804522,0.79679,0.769108,0.7841,0.809734,0.794404,0.788702,0.826657,0.755596,0.825241,0.773552,0.800958,0.783808,0.807632,0.788849,0.814701,0.793395,0.806526,0.85201,0.825269,0.794806,0.811642,0.776152,0.774216,0.80893,0.79662,0.774291,0.83001,0.823545,0.804379,0.7997,0.821016,0.79135,0.810071,0.822394,0.835047,0.815587,0.751353,0.784606,0.796331,0.814498,0.770053,0.736032,0.729142,0.830119,0.829562,0.80098,0.769034,0.787337,0.778117,0.826443,0.790569,0.828557,1.0,0.782682,0.835955,0.810937,0.797454,0.820495,0.780519,0.802705,0.842573,0.833778,0.778071,0.815334,0.75784,0.837383,0.767664,0.779277,0.795769,0.785327,0.837399,0.849019,0.812335,0.858054,0.806515,0.839832,0.767436,0.80158,0.791793,0.802566,0.805351,0.802778,0.795024,0.810553,0.772348,0.778659,0.78631,0.801024,0.804494,0.821709,0.823038,0.826526
Rug,0.809782,0.802283,0.816574,0.793508,0.743755,0.828746,0.775389,0.770533,0.795023,0.776533,0.747589,0.756606,0.737332,0.753055,0.790437,0.789926,0.778512,0.777048,0.750699,0.768691,0.754852,0.765962,0.758966,0.788971,0.760418,0.769091,0.785387,0.752695,0.770497,0.791707,0.782511,0.746238,0.775547,0.759019,0.799946,0.763097,0.739072,0.741358,0.776297,0.746865,0.769519,0.755893,0.774095,0.757352,0.771195,0.755759,0.786435,0.780287,0.766628,0.767172,0.761671,0.754897,0.773912,0.762395,0.762637,0.775039,0.769418,0.749987,0.804736,0.756421,0.764761,0.763097,0.755968,0.764257,0.768346,0.77147,0.766994,0.771844,0.783518,0.775032,0.771598,0.759645,0.771597,0.786843,0.738241,0.766972,0.757895,0.779857,0.782543,0.751446,0.748852,0.768871,0.819309,0.767818,0.763496,0.770508,0.770092,0.772311,0.755697,0.757625,0.782682,1.0,0.778707,0.781611,0.775207,0.761266,0.750164,0.754261,0.823466,0.798635,0.788229,0.7683,0.730957,0.763136,0.769013,0.750522,0.764639,0.770021,0.771628,0.815192,0.766166,0.805618,0.803468,0.795109,0.760826,0.764445,0.767301,0.776363,0.775495,0.75407,0.773681,0.765189,0.749637,0.756498,0.768668,0.774312,0.767129,0.768872,0.775928,0.813391
Saltpeppershaker,0.820988,0.86608,0.831426,0.840536,0.810688,0.836831,0.809196,0.769451,0.820461,0.829334,0.758628,0.756304,0.77401,0.797113,0.822709,0.823619,0.802172,0.836541,0.795272,0.823667,0.77376,0.797086,0.825162,0.815527,0.811359,0.820616,0.798891,0.752818,0.836095,0.837627,0.833806,0.815905,0.812059,0.766574,0.8061,0.768888,0.797486,0.805911,0.81956,0.787076,0.787366,0.796323,0.807326,0.797079,0.835502,0.745046,0.827499,0.774586,0.80775,0.773315,0.827448,0.781378,0.829866,0.797165,0.800054,0.833591,0.81265,0.808639,0.822768,0.763627,0.787204,0.817503,0.79537,0.804821,0.837072,0.809825,0.833741,0.793195,0.832136,0.818243,0.823571,0.823542,0.830383,0.836573,0.767475,0.788418,0.803069,0.830477,0.766514,0.732874,0.739168,0.834496,0.838745,0.805903,0.759319,0.809387,0.787225,0.817856,0.792245,0.835322,0.835955,0.778707,1.0,0.799435,0.792685,0.835435,0.769456,0.783916,0.846474,0.831474,0.813705,0.791824,0.752845,0.859425,0.766772,0.766123,0.784355,0.793087,0.8439,0.855054,0.835421,0.845473,0.809221,0.820065,0.761407,0.795504,0.827379,0.812478,0.829519,0.792607,0.807517,0.826765,0.768048,0.793076,0.80395,0.819313,0.813456,0.810279,0.823632,0.830471
Saxophone,0.781413,0.86597,0.793186,0.817776,0.846337,0.826871,0.737864,0.727654,0.784854,0.859442,0.752433,0.709752,0.683901,0.76851,0.783589,0.854161,0.793218,0.827268,0.784419,0.811346,0.766593,0.747387,0.864038,0.790103,0.8327,0.849432,0.812483,0.874565,0.859806,0.805415,0.827504,0.795406,0.71686,0.72907,0.783094,0.704826,0.849642,0.74294,0.841577,0.780836,0.754172,0.852381,0.880112,0.814711,0.830681,0.780983,0.776392,0.757527,0.77357,0.783117,0.834063,0.744164,0.784142,0.839041,0.754036,0.789092,0.760169,0.764401,0.903768,0.798017,0.841357,0.792414,0.894991,0.856507,0.871448,0.803352,0.877643,0.929591,0.831743,0.87726,0.797011,0.87445,0.741119,0.854854,0.79847,0.898198,0.759683,0.793563,0.924895,0.787158,0.739336,0.859101,0.830104,0.777317,0.926452,0.809669,0.871868,0.780681,0.898754,0.776327,0.810937,0.781611,0.799435,1.0,0.818657,0.832701,0.807841,0.788966,0.817921,0.80567,0.797504,0.774396,0.898446,0.804262,0.883658,0.74302,0.746455,0.726521,0.824988,0.845894,0.834157,0.869938,0.871827,0.771696,0.836138,0.753499,0.813845,0.842825,0.895045,0.732294,0.825448,0.848529,0.718993,0.906886,0.757014,0.774735,0.884375,0.842523,0.769517,0.803638
Scale,0.797757,0.829577,0.803814,0.806053,0.787167,0.820926,0.765479,0.74953,0.790978,0.810356,0.737904,0.734849,0.722422,0.768883,0.78371,0.808818,0.782032,0.801037,0.765987,0.79227,0.759104,0.755946,0.803007,0.78839,0.788752,0.79814,0.79029,0.786244,0.806476,0.797816,0.801998,0.775253,0.758504,0.743539,0.788947,0.739836,0.784477,0.750962,0.801201,0.759229,0.759765,0.790375,0.811075,0.77883,0.794285,0.754222,0.783057,0.762428,0.765501,0.765769,0.790833,0.748058,0.781758,0.785434,0.761251,0.788094,0.769487,0.758941,0.839186,0.761539,0.788254,0.777907,0.804596,0.794346,0.811227,0.784189,0.80401,0.820501,0.803564,0.809695,0.781268,0.802939,0.76415,0.808828,0.754525,0.807157,0.75721,0.788967,0.820659,0.74946,0.749398,0.802803,0.819731,0.771316,0.806276,0.788579,0.799839,0.776258,0.803029,0.773553,0.797454,0.775207,0.792685,0.818657,1.0,0.794242,0.76714,0.770731,0.812935,0.799307,0.785555,0.767155,0.782119,0.788801,0.800864,0.740261,0.75444,0.756427,0.797499,0.828533,0.79906,0.830636,0.822412,0.789023,0.777926,0.757995,0.793824,0.794901,0.820657,0.748819,0.791487,0.797981,0.736876,0.807919,0.762202,0.770198,0.806887,0.804336,0.774727,0.80774
Scarf,0.761233,0.855656,0.815027,0.869278,0.867415,0.822652,0.75547,0.748451,0.755442,0.868261,0.680492,0.664338,0.690742,0.777852,0.774922,0.8419,0.764803,0.871867,0.787696,0.840156,0.729037,0.715912,0.86751,0.802651,0.818124,0.846086,0.792613,0.78509,0.882355,0.815803,0.837983,0.836457,0.741714,0.671315,0.759668,0.676013,0.842974,0.758421,0.829828,0.758646,0.718527,0.808515,0.857222,0.807217,0.841582,0.680107,0.800662,0.742329,0.74002,0.692921,0.857029,0.694041,0.807103,0.791763,0.744006,0.836254,0.752891,0.819967,0.868722,0.711958,0.797363,0.812803,0.859887,0.849986,0.904867,0.779429,0.872992,0.848748,0.87915,0.862063,0.808203,0.872176,0.781683,0.84131,0.756043,0.839389,0.739222,0.81462,0.814444,0.67726,0.733231,0.874305,0.808392,0.774492,0.81236,0.817567,0.810483,0.774063,0.83678,0.798126,0.820495,0.761266,0.835435,0.832701,0.794242,1.0,0.745429,0.775433,0.832686,0.805814,0.815085,0.732162,0.819882,0.903679,0.79262,0.687287,0.712457,0.714093,0.864427,0.902581,0.878849,0.876991,0.803844,0.758775,0.744454,0.71752,0.856691,0.826305,0.878323,0.720489,0.806773,0.870347,0.687343,0.869749,0.742092,0.759764,0.85826,0.842401,0.772783,0.808026
Scissors,0.783773,0.818226,0.759695,0.755565,0.744195,0.785154,0.74684,0.712181,0.801236,0.778308,0.797084,0.772126,0.753336,0.73092,0.782716,0.777615,0.794275,0.763573,0.743262,0.749871,0.780053,0.790116,0.778042,0.754264,0.78022,0.775485,0.775982,0.781389,0.766703,0.767002,0.78148,0.740421,0.763685,0.790128,0.776236,0.758703,0.753031,0.744786,0.769742,0.763691,0.788988,0.789342,0.782003,0.768081,0.771993,0.80844,0.76073,0.742952,0.783576,0.82132,0.766626,0.792735,0.770657,0.795057,0.774636,0.759145,0.778147,0.713382,0.804198,0.813686,0.78601,0.762304,0.779132,0.763327,0.772323,0.783301,0.774916,0.810716,0.758863,0.784188,0.764829,0.776823,0.730684,0.790834,0.736785,0.784147,0.771517,0.762128,0.803681,0.803995,0.697414,0.773398,0.803532,0.76325,0.787964,0.744589,0.792155,0.783145,0.791565,0.773674,0.780519,0.750164,0.769456,0.807841,0.76714,0.745429,1.0,0.746763,0.773449,0.780633,0.747963,0.792953,0.768117,0.740296,0.798018,0.788506,0.761063,0.753485,0.757145,0.777247,0.757738,0.794135,0.817342,0.796354,0.80218,0.800189,0.733752,0.770759,0.783451,0.76607,0.773994,0.757739,0.74919,0.78048,0.779963,0.77468,0.782403,0.788618,0.769142,0.773964
Scooter,0.793557,0.812903,0.786672,0.788885,0.771388,0.803402,0.752287,0.736864,0.780386,0.788983,0.719192,0.723891,0.726699,0.772577,0.763768,0.787702,0.77516,0.779982,0.750542,0.790893,0.744631,0.740524,0.783156,0.774601,0.770757,0.775207,0.766699,0.752452,0.785787,0.7813,0.780961,0.764101,0.743209,0.73456,0.772539,0.726734,0.774486,0.74536,0.771603,0.742731,0.741425,0.769795,0.779124,0.769578,0.769462,0.739818,0.766803,0.743278,0.747625,0.754158,0.766519,0.738228,0.765474,0.756774,0.747002,0.778195,0.765831,0.749852,0.818578,0.741499,0.755116,0.760269,0.781982,0.760528,0.789523,0.773918,0.76415,0.782866,0.789361,0.766801,0.759531,0.780056,0.75644,0.77401,0.737877,0.773411,0.733696,0.770882,0.778501,0.724415,0.737446,0.777094,0.805528,0.757594,0.778864,0.760857,0.76471,0.76499,0.774867,0.760844,0.802705,0.754261,0.783916,0.788966,0.770731,0.775433,0.746763,1.0,0.790443,0.782619,0.759839,0.758147,0.740424,0.774184,0.763783,0.724036,0.737803,0.747694,0.782464,0.802357,0.786162,0.808184,0.80381,0.782161,0.750313,0.740869,0.777206,0.763933,0.779953,0.741686,0.759064,0.776859,0.725159,0.771433,0.736164,0.748504,0.773853,0.807445,0.759508,0.791321
Scrunchie,0.852741,0.848619,0.907236,0.856322,0.806149,0.904204,0.837811,0.821125,0.830873,0.840118,0.776145,0.777979,0.778741,0.797649,0.846101,0.854994,0.818162,0.850668,0.797993,0.825614,0.770189,0.80752,0.817271,0.858542,0.813171,0.839086,0.825263,0.781109,0.842,0.858246,0.839177,0.815392,0.826512,0.783161,0.832883,0.777804,0.785348,0.809523,0.825209,0.780879,0.803507,0.803691,0.823149,0.800771,0.851974,0.759951,0.858769,0.83568,0.805995,0.781274,0.828892,0.786768,0.835916,0.796682,0.810372,0.838456,0.818406,0.830207,0.840038,0.779595,0.795413,0.817238,0.805433,0.820488,0.840788,0.81627,0.833458,0.816147,0.845091,0.829418,0.837367,0.82286,0.8701,0.847436,0.787775,0.81183,0.818925,0.828346,0.804169,0.757458,0.760544,0.845736,0.868993,0.817676,0.78905,0.822727,0.805597,0.824062,0.799435,0.818953,0.842573,0.823466,0.846474,0.817921,0.812935,0.832686,0.773449,0.790443,1.0,0.855588,0.837549,0.809785,0.78083,0.85031,0.795073,0.778716,0.80356,0.800597,0.848625,0.873251,0.831513,0.866691,0.815479,0.827849,0.7788,0.798864,0.828343,0.849953,0.838186,0.804669,0.823284,0.841789,0.771365,0.806956,0.807608,0.826498,0.823415,0.801831,0.837195,0.888671
Seashell,0.844462,0.857259,0.845824,0.827341,0.787243,0.848248,0.817344,0.789837,0.838671,0.825296,0.791371,0.789426,0.788049,0.787709,0.841057,0.825441,0.822193,0.823192,0.789249,0.810087,0.790785,0.822355,0.804365,0.824859,0.807014,0.819309,0.807329,0.766566,0.814926,0.836547,0.82302,0.787364,0.822628,0.79977,0.823814,0.793621,0.769624,0.804526,0.812112,0.784715,0.809141,0.795291,0.802134,0.792974,0.827299,0.777577,0.834471,0.795408,0.817606,0.805675,0.808374,0.810615,0.826858,0.799838,0.813717,0.829037,0.826064,0.787261,0.818749,0.790982,0.792475,0.812026,0.786012,0.796642,0.816743,0.81546,0.814261,0.798859,0.815444,0.811303,0.819566,0.805727,0.833713,0.836127,0.765149,0.789985,0.830437,0.819148,0.78916,0.768906,0.746443,0.823535,0.848443,0.810899,0.771568,0.795992,0.796075,0.823821,0.787978,0.831024,0.833778,0.798635,0.831474,0.80567,0.799307,0.805814,0.780633,0.782619,0.855588,1.0,0.810494,0.815066,0.760623,0.817653,0.784828,0.792225,0.810643,0.806903,0.823636,0.847767,0.806473,0.840156,0.823662,0.845636,0.781954,0.819864,0.796994,0.813886,0.814389,0.81018,0.817235,0.804575,0.787227,0.78328,0.818425,0.828019,0.805703,0.797497,0.831051,0.840223
Shirt,0.810194,0.833548,0.824242,0.823237,0.805109,0.838977,0.785913,0.75718,0.779872,0.816466,0.741054,0.729228,0.702004,0.774884,0.798687,0.806848,0.760953,0.816619,0.776254,0.80164,0.735699,0.7529,0.811261,0.801516,0.78916,0.802754,0.801085,0.772299,0.822084,0.819085,0.814557,0.795143,0.757381,0.728925,0.798813,0.750645,0.793974,0.751661,0.818356,0.771906,0.757782,0.78171,0.816291,0.787537,0.80482,0.739649,0.79657,0.782008,0.77109,0.750345,0.80733,0.733712,0.807401,0.785479,0.754213,0.793827,0.750048,0.776224,0.843687,0.746247,0.790211,0.787998,0.801548,0.81919,0.827403,0.772484,0.819603,0.800604,0.821729,0.812597,0.799505,0.810675,0.780524,0.821743,0.760819,0.79883,0.75575,0.810898,0.795352,0.738532,0.757128,0.808415,0.835486,0.77639,0.781349,0.810336,0.791697,0.769958,0.791388,0.778253,0.778071,0.788229,0.813705,0.797504,0.785555,0.815085,0.747963,0.759839,0.837549,0.810494,1.0,0.746,0.767321,0.826164,0.784034,0.718098,0.749682,0.76551,0.814369,0.843191,0.825315,0.826428,0.822578,0.772855,0.760949,0.749563,0.827263,0.797621,0.837729,0.739631,0.79714,0.814285,0.730615,0.807087,0.78779,0.79745,0.805323,0.822918,0.783141,0.810444
Shoe,0.826384,0.83013,0.798889,0.770397,0.718997,0.803798,0.797949,0.75283,0.851856,0.778877,0.850478,0.845493,0.831958,0.744381,0.832843,0.780842,0.845288,0.771758,0.755058,0.750497,0.818818,0.863603,0.752579,0.783794,0.787401,0.785103,0.779042,0.742679,0.750411,0.786792,0.787653,0.732624,0.833449,0.862026,0.803808,0.817237,0.712608,0.797107,0.750351,0.774599,0.847588,0.781217,0.748659,0.765481,0.789129,0.832019,0.808233,0.771727,0.841539,0.864338,0.76666,0.86387,0.798407,0.787177,0.834432,0.797088,0.845726,0.739899,0.762414,0.844108,0.76046,0.783337,0.735282,0.730419,0.748188,0.812811,0.753933,0.761455,0.757031,0.761911,0.794062,0.749783,0.80089,0.792861,0.736393,0.742374,0.839053,0.776102,0.753379,0.822396,0.685104,0.771346,0.825583,0.800341,0.733217,0.733872,0.765941,0.830027,0.748755,0.829533,0.815334,0.7683,0.791824,0.774396,0.767155,0.732162,0.792953,0.758147,0.809785,0.815066,0.746,1.0,0.72255,0.750862,0.765485,0.860403,0.824737,0.802413,0.765653,0.78367,0.742127,0.798398,0.801467,0.856461,0.79605,0.870555,0.715033,0.780958,0.738523,0.839218,0.784411,0.745122,0.802025,0.722631,0.819954,0.81482,0.756701,0.767257,0.830031,0.800101
Skiis,0.723586,0.826471,0.741727,0.780072,0.837639,0.785151,0.688264,0.672418,0.727805,0.849126,0.709241,0.650597,0.63214,0.718333,0.741939,0.828483,0.74695,0.811233,0.738317,0.776358,0.728062,0.697797,0.857897,0.74887,0.810879,0.839875,0.772348,0.876186,0.838803,0.75975,0.796134,0.770845,0.663706,0.677116,0.725119,0.643888,0.831373,0.70899,0.812795,0.744818,0.698468,0.833011,0.878867,0.786925,0.814345,0.730195,0.734771,0.711759,0.727853,0.735533,0.823901,0.690843,0.750512,0.818999,0.707162,0.75446,0.709809,0.716449,0.878526,0.758414,0.82018,0.760571,0.904663,0.851094,0.877549,0.757187,0.874109,0.944471,0.801771,0.878151,0.761751,0.863608,0.696804,0.838829,0.750183,0.90683,0.722917,0.743953,0.930163,0.742824,0.661102,0.852441,0.789508,0.731818,0.922769,0.767118,0.866983,0.731431,0.907333,0.741528,0.75784,0.730957,0.752845,0.898446,0.782119,0.819882,0.768117,0.740424,0.78083,0.760623,0.767321,0.72255,1.0,0.779041,0.88837,0.697282,0.685925,0.667034,0.796241,0.82239,0.818492,0.834685,0.831432,0.722944,0.804699,0.704734,0.778287,0.829512,0.893686,0.686532,0.811107,0.832195,0.655295,0.929153,0.713127,0.73191,0.884159,0.82777,0.72783,0.755908
Snowglobe,0.776369,0.859146,0.835492,0.877809,0.852129,0.832977,0.786567,0.759016,0.775926,0.859425,0.701355,0.692817,0.722678,0.787488,0.791811,0.839715,0.775659,0.88278,0.79701,0.848844,0.73088,0.745121,0.847097,0.814711,0.814791,0.84295,0.792978,0.750027,0.873486,0.828222,0.845648,0.841873,0.778048,0.699038,0.772332,0.701729,0.822307,0.786302,0.820164,0.767236,0.740466,0.801485,0.832758,0.801002,0.849165,0.678984,0.823726,0.755635,0.76761,0.708573,0.85604,0.723353,0.824351,0.783196,0.768539,0.855326,0.773244,0.846542,0.835766,0.715624,0.77976,0.822622,0.824962,0.832505,0.887062,0.791154,0.864621,0.809819,0.880834,0.835984,0.82629,0.859679,0.817548,0.838633,0.75699,0.80182,0.769761,0.832512,0.766317,0.672143,0.72891,0.868146,0.817126,0.790777,0.766922,0.819999,0.782737,0.7954,0.801152,0.825433,0.837383,0.763136,0.859425,0.804262,0.788801,0.903679,0.740296,0.774184,0.85031,0.817653,0.826164,0.750862,0.779041,1.0,0.75723,0.712653,0.734589,0.739488,0.873289,0.900642,0.877538,0.872131,0.785407,0.775473,0.730951,0.745748,0.860788,0.823966,0.858092,0.747618,0.80297,0.860413,0.714133,0.822734,0.769025,0.79068,0.833293,0.834783,0.799188,0.820141
Spoon,0.775858,0.842809,0.765427,0.777002,0.809717,0.809119,0.728553,0.719056,0.783826,0.835228,0.776392,0.732717,0.694921,0.747546,0.784823,0.817516,0.783019,0.797123,0.756461,0.771448,0.783753,0.760214,0.843417,0.767415,0.815184,0.829243,0.796445,0.882446,0.814415,0.778849,0.803937,0.772994,0.722433,0.75373,0.773723,0.725918,0.815616,0.738179,0.813832,0.774583,0.759817,0.827973,0.865791,0.80112,0.813803,0.808113,0.758938,0.751794,0.771217,0.805044,0.812948,0.755752,0.77194,0.837083,0.756105,0.761932,0.755419,0.712538,0.878969,0.816809,0.841426,0.780381,0.875501,0.83775,0.842137,0.776894,0.85668,0.923888,0.789476,0.884418,0.776447,0.834148,0.715771,0.846673,0.762183,0.891094,0.768637,0.763338,0.940458,0.817833,0.707842,0.830616,0.82313,0.764133,0.907464,0.770663,0.881789,0.761509,0.893288,0.767113,0.767664,0.769013,0.766772,0.883658,0.800864,0.79262,0.798018,0.763783,0.795073,0.784828,0.784034,0.765485,0.88837,0.75723,1.0,0.756096,0.740645,0.727626,0.784172,0.811249,0.807108,0.822756,0.860074,0.777143,0.842772,0.7669,0.775814,0.829815,0.868947,0.736214,0.830605,0.811044,0.715242,0.899637,0.762074,0.764722,0.864513,0.832304,0.760966,0.784535
Stapler,0.81227,0.812326,0.767223,0.732611,0.677254,0.775706,0.786276,0.73243,0.854924,0.746108,0.889261,0.88502,0.854942,0.706491,0.839326,0.747758,0.84744,0.738534,0.728682,0.701437,0.83562,0.896724,0.719325,0.751023,0.768474,0.764071,0.762694,0.728483,0.707346,0.755228,0.763344,0.687138,0.847257,0.903244,0.78719,0.846861,0.666861,0.787507,0.713894,0.776458,0.871207,0.758676,0.715462,0.747181,0.77053,0.855668,0.79313,0.758398,0.865351,0.896581,0.74704,0.904,0.788752,0.781818,0.847372,0.773843,0.855232,0.706337,0.719671,0.870714,0.746008,0.7682,0.698097,0.700739,0.707118,0.797472,0.729491,0.737108,0.712609,0.743133,0.784987,0.710332,0.779436,0.77835,0.709262,0.714109,0.855481,0.751584,0.735878,0.849521,0.634573,0.743025,0.810719,0.792675,0.697791,0.693814,0.753837,0.831899,0.721441,0.833503,0.779277,0.750522,0.766123,0.74302,0.740261,0.687287,0.788506,0.724036,0.778716,0.792225,0.718098,0.860403,0.697282,0.712653,0.756096,1.0,0.83121,0.805332,0.723777,0.744863,0.705587,0.757957,0.781792,0.860314,0.799168,0.909988,0.667243,0.76727,0.699117,0.85414,0.772957,0.707062,0.815379,0.6906,0.842171,0.817858,0.729972,0.738311,0.830336,0.771536
Stapleremover,0.831756,0.813491,0.792806,0.754797,0.699421,0.800498,0.797006,0.754993,0.843349,0.756824,0.828221,0.830537,0.820874,0.741593,0.832861,0.765151,0.822362,0.753628,0.745697,0.737084,0.798414,0.856544,0.734069,0.780149,0.769761,0.756806,0.767278,0.717923,0.734694,0.796537,0.772727,0.716133,0.838323,0.847854,0.804539,0.823948,0.687259,0.787501,0.751017,0.759745,0.836781,0.746112,0.729548,0.73971,0.777858,0.79573,0.809167,0.775113,0.829768,0.834521,0.748117,0.848377,0.795451,0.765491,0.820999,0.782754,0.836814,0.719916,0.740431,0.806863,0.745165,0.774114,0.704865,0.719694,0.724965,0.794854,0.741358,0.735397,0.731301,0.748015,0.781243,0.726778,0.808001,0.788073,0.715397,0.721155,0.848526,0.773443,0.732403,0.784009,0.690439,0.751908,0.81711,0.785127,0.699621,0.728152,0.748992,0.815344,0.726806,0.817801,0.795769,0.764639,0.784355,0.746455,0.75444,0.712457,0.761063,0.737803,0.80356,0.810643,0.749682,0.824737,0.685925,0.734589,0.740645,0.83121,1.0,0.812377,0.755736,0.769046,0.726757,0.771492,0.779321,0.854357,0.764807,0.854374,0.711624,0.765981,0.730728,0.834687,0.778778,0.724313,0.80244,0.698296,0.818226,0.810138,0.734682,0.732143,0.833773,0.793488
Storagebin,0.83943,0.814424,0.797761,0.759872,0.704422,0.805252,0.807822,0.758356,0.83439,0.747208,0.788399,0.815793,0.804585,0.75674,0.825287,0.762421,0.795936,0.75089,0.742543,0.747435,0.786339,0.827724,0.732783,0.779769,0.756354,0.744574,0.770479,0.70697,0.734088,0.801718,0.772832,0.723894,0.83073,0.826816,0.813397,0.83462,0.693142,0.782395,0.763002,0.765297,0.81436,0.738019,0.727026,0.741685,0.767189,0.774202,0.79835,0.775094,0.820643,0.809974,0.743987,0.819265,0.797823,0.756063,0.805442,0.777207,0.818638,0.722364,0.748909,0.77277,0.745238,0.77033,0.697656,0.721643,0.725565,0.78857,0.737504,0.717785,0.73478,0.738315,0.776775,0.720233,0.803977,0.781569,0.717997,0.712958,0.811357,0.786617,0.720848,0.760088,0.72082,0.739879,0.819883,0.784865,0.690869,0.747919,0.73858,0.80273,0.715897,0.80354,0.785327,0.770021,0.793087,0.726521,0.756427,0.714093,0.753485,0.747694,0.800597,0.806903,0.76551,0.802413,0.667034,0.739488,0.727626,0.805332,0.812377,1.0,0.757731,0.772527,0.738318,0.765951,0.78386,0.842284,0.752099,0.821599,0.736277,0.752324,0.731596,0.810707,0.772081,0.722861,0.807451,0.693793,0.81603,0.816631,0.726008,0.741786,0.812887,0.80656
Stroller,0.797885,0.863148,0.825838,0.853664,0.841354,0.836582,0.785075,0.751369,0.790022,0.858656,0.713493,0.70078,0.727697,0.793948,0.7993,0.844965,0.788283,0.850464,0.7944,0.83874,0.749524,0.75186,0.850845,0.818769,0.819752,0.838952,0.798663,0.773097,0.861898,0.834018,0.83386,0.829565,0.771863,0.712737,0.788914,0.714855,0.825515,0.780422,0.837302,0.771387,0.751091,0.811718,0.835619,0.796988,0.841699,0.70188,0.814805,0.764952,0.775713,0.725018,0.839929,0.729653,0.817302,0.796955,0.770735,0.8388,0.782415,0.8076,0.849389,0.731278,0.791526,0.812317,0.837586,0.823456,0.873826,0.806087,0.852925,0.833593,0.849624,0.837371,0.812168,0.853996,0.814021,0.840246,0.76553,0.82214,0.77034,0.826519,0.799385,0.693957,0.738614,0.856764,0.823484,0.788208,0.801747,0.815947,0.800402,0.799167,0.825567,0.809688,0.837399,0.771628,0.8439,0.824988,0.797499,0.864427,0.757145,0.782464,0.848625,0.823636,0.814369,0.765653,0.796241,0.873289,0.784172,0.723777,0.755736,0.757731,1.0,0.869636,0.85533,0.867521,0.814768,0.792462,0.754161,0.74971,0.84385,0.818918,0.864876,0.757312,0.811148,0.849306,0.727633,0.837367,0.76745,0.792695,0.841279,0.839264,0.805532,0.824731
Suit,0.822851,0.877627,0.870977,0.896531,0.853001,0.870525,0.80839,0.815517,0.809806,0.876472,0.731208,0.733021,0.743114,0.805645,0.821687,0.863477,0.812342,0.890677,0.81441,0.859736,0.774878,0.768065,0.856325,0.842999,0.830996,0.862774,0.830895,0.800865,0.87755,0.850518,0.860885,0.839336,0.797662,0.735976,0.820237,0.747473,0.830497,0.790643,0.848092,0.785152,0.772928,0.825332,0.862446,0.822239,0.854734,0.73179,0.843014,0.788897,0.785674,0.750721,0.85903,0.752851,0.833807,0.808711,0.791205,0.865057,0.800728,0.848787,0.881003,0.755261,0.819207,0.836345,0.850202,0.855661,0.895514,0.811454,0.874183,0.852897,0.893435,0.861607,0.837306,0.868903,0.825483,0.859598,0.785609,0.845743,0.787186,0.841843,0.833755,0.729831,0.790974,0.879295,0.849524,0.812206,0.821234,0.847202,0.823714,0.812991,0.829443,0.825533,0.849019,0.815192,0.855054,0.845894,0.828533,0.902581,0.777247,0.802357,0.873251,0.847767,0.843191,0.78367,0.82239,0.900642,0.811249,0.744863,0.769046,0.772527,0.869636,1.0,0.877839,0.89503,0.842766,0.815221,0.77993,0.77335,0.866587,0.847812,0.877818,0.76849,0.838189,0.868537,0.750701,0.856415,0.790598,0.802323,0.859648,0.844627,0.813757,0.858811
Suitcase,0.778831,0.864506,0.813818,0.849495,0.858965,0.828913,0.76529,0.747228,0.770111,0.863404,0.702381,0.690037,0.703149,0.787414,0.787377,0.843467,0.771918,0.860974,0.788574,0.83127,0.741722,0.732648,0.867481,0.804213,0.820667,0.845224,0.79596,0.799956,0.870279,0.821376,0.834275,0.830942,0.744765,0.700926,0.771753,0.705756,0.845256,0.762543,0.834532,0.773695,0.739301,0.820431,0.854039,0.810856,0.838357,0.704532,0.80057,0.753347,0.761391,0.724059,0.85385,0.717165,0.812361,0.793284,0.752985,0.828235,0.764688,0.804682,0.873363,0.730312,0.801794,0.808228,0.86055,0.845664,0.895201,0.787735,0.865486,0.857801,0.856179,0.851415,0.809397,0.865307,0.781067,0.842658,0.76932,0.844412,0.753446,0.813731,0.827305,0.702231,0.736793,0.861688,0.820748,0.77951,0.82183,0.813134,0.814265,0.780206,0.847279,0.800074,0.812335,0.766166,0.835421,0.834157,0.79906,0.878849,0.757738,0.786162,0.831513,0.806473,0.825315,0.742127,0.818492,0.877538,0.807108,0.705587,0.726757,0.738318,0.85533,0.877839,1.0,0.862642,0.816963,0.774668,0.760797,0.7305,0.855387,0.827897,0.878756,0.734031,0.810925,0.86166,0.707205,0.871037,0.758065,0.777635,0.852217,0.858654,0.781704,0.811873
Teddy Bear,0.816198,0.871247,0.848173,0.8753,0.855638,0.862278,0.795273,0.779517,0.812026,0.879365,0.745367,0.738079,0.738051,0.801651,0.805585,0.870953,0.822344,0.865003,0.810127,0.853863,0.776384,0.770311,0.862282,0.834141,0.839079,0.852444,0.829849,0.812159,0.876374,0.838655,0.847801,0.833021,0.784424,0.741443,0.811853,0.738647,0.850802,0.782231,0.844292,0.787009,0.774338,0.841171,0.863082,0.820059,0.845561,0.749507,0.823605,0.793436,0.784887,0.764457,0.851781,0.75686,0.819981,0.824936,0.787553,0.848201,0.796022,0.825794,0.893261,0.774981,0.818384,0.82316,0.867788,0.844144,0.881489,0.825418,0.860954,0.86674,0.876193,0.855595,0.82703,0.875647,0.810817,0.849327,0.788194,0.853186,0.773011,0.837848,0.845489,0.74521,0.771576,0.871472,0.846686,0.808099,0.843918,0.84191,0.831104,0.816442,0.848898,0.80947,0.858054,0.805618,0.845473,0.869938,0.830636,0.876991,0.794135,0.808184,0.866691,0.840156,0.826428,0.798398,0.834685,0.872131,0.822756,0.757957,0.771492,0.765951,0.867521,0.89503,0.862642,1.0,0.852416,0.804873,0.79617,0.773732,0.852137,0.840045,0.875168,0.770153,0.820161,0.867558,0.746795,0.865407,0.78196,0.799499,0.866418,0.863002,0.81114,0.842844
Tennisracket,0.825751,0.867517,0.808084,0.816848,0.812139,0.841812,0.782235,0.760005,0.820862,0.837012,0.792348,0.775512,0.741941,0.796158,0.807546,0.824868,0.814701,0.807434,0.792836,0.809446,0.806213,0.786683,0.837144,0.803646,0.821904,0.821207,0.827108,0.841895,0.825087,0.815463,0.826864,0.795246,0.774434,0.786824,0.824057,0.778553,0.827463,0.762329,0.83796,0.805892,0.798666,0.828322,0.850695,0.817588,0.81178,0.826087,0.789909,0.781419,0.803046,0.823435,0.810741,0.784614,0.801405,0.841003,0.788718,0.79794,0.789265,0.758658,0.888591,0.822456,0.837345,0.800942,0.851451,0.825105,0.830966,0.813374,0.831935,0.8746,0.821252,0.848648,0.799974,0.830375,0.753331,0.838689,0.788253,0.854058,0.774234,0.818615,0.884405,0.823559,0.787271,0.82008,0.853491,0.799862,0.870551,0.816337,0.850256,0.798372,0.854195,0.790629,0.806515,0.803468,0.809221,0.871827,0.822412,0.803844,0.817342,0.80381,0.815479,0.823662,0.822578,0.801467,0.831432,0.785407,0.860074,0.781792,0.779321,0.78386,0.814768,0.842766,0.816963,0.852416,1.0,0.812252,0.841022,0.796133,0.815303,0.810913,0.85383,0.766848,0.829865,0.814995,0.766587,0.852701,0.799195,0.799661,0.84386,0.869541,0.792644,0.822404
Tent,0.858537,0.856598,0.821514,0.795277,0.741122,0.826134,0.826716,0.797176,0.879014,0.804902,0.851715,0.856819,0.868847,0.773146,0.86919,0.805178,0.861278,0.798938,0.778276,0.777253,0.846376,0.885214,0.774017,0.815839,0.80021,0.804577,0.795675,0.751577,0.771391,0.821678,0.807224,0.752959,0.873551,0.873213,0.832275,0.852611,0.724058,0.821469,0.780727,0.789384,0.859991,0.784378,0.764786,0.781503,0.812875,0.821811,0.842551,0.798037,0.856073,0.859733,0.78597,0.877709,0.831922,0.794527,0.856228,0.835774,0.882411,0.745579,0.779076,0.831946,0.777737,0.812023,0.745918,0.754517,0.777055,0.826245,0.774579,0.774254,0.771925,0.782439,0.811749,0.767567,0.837415,0.823146,0.737802,0.759033,0.879485,0.806408,0.767762,0.80968,0.715817,0.794108,0.847627,0.817432,0.732397,0.752185,0.779324,0.852234,0.764136,0.858513,0.839832,0.795109,0.820065,0.771696,0.789023,0.758775,0.796354,0.782161,0.827849,0.845636,0.772855,0.856461,0.722944,0.775473,0.777143,0.860314,0.854357,0.842284,0.792462,0.815221,0.774668,0.804873,0.812252,1.0,0.794075,0.885325,0.745768,0.796626,0.764679,0.870458,0.818554,0.758089,0.834535,0.740696,0.84868,0.84258,0.77155,0.784177,0.858776,0.82552
Toothbrush,0.78834,0.824662,0.764131,0.752421,0.752768,0.79481,0.746981,0.715644,0.803604,0.789843,0.814669,0.787596,0.741002,0.733512,0.789067,0.780593,0.798657,0.766529,0.744683,0.743045,0.795148,0.796657,0.788566,0.756766,0.792366,0.788972,0.785739,0.820893,0.766348,0.762721,0.787023,0.739572,0.75732,0.802307,0.781787,0.767654,0.762981,0.745654,0.774904,0.775715,0.799209,0.801445,0.804799,0.777847,0.781717,0.839292,0.757806,0.750971,0.797443,0.83924,0.775178,0.799381,0.770795,0.813796,0.778465,0.754903,0.774234,0.706753,0.824582,0.840056,0.805718,0.766573,0.802542,0.780293,0.779005,0.781468,0.793524,0.845632,0.759399,0.81509,0.768724,0.784719,0.71915,0.806911,0.747453,0.815377,0.777747,0.758873,0.855074,0.843045,0.704093,0.780291,0.815661,0.77069,0.828457,0.747755,0.825138,0.777565,0.820454,0.773972,0.767436,0.760826,0.761407,0.836138,0.777926,0.744454,0.80218,0.750313,0.7788,0.781954,0.760949,0.79605,0.804699,0.730951,0.842772,0.799168,0.764807,0.752099,0.754161,0.77993,0.760797,0.79617,0.841022,0.794075,1.0,0.807135,0.735274,0.789777,0.797163,0.762702,0.797395,0.762917,0.746197,0.810143,0.784663,0.778043,0.801015,0.803248,0.77111,0.778502
Train,0.831675,0.838917,0.783693,0.757747,0.703671,0.795371,0.809381,0.752377,0.877222,0.770699,0.913125,0.894537,0.870497,0.731905,0.864699,0.761737,0.86392,0.763675,0.755879,0.728102,0.852572,0.91936,0.740896,0.774191,0.788471,0.786333,0.778746,0.736147,0.733478,0.780985,0.787439,0.717129,0.869514,0.912972,0.804277,0.863316,0.684968,0.813458,0.738967,0.795017,0.882916,0.770414,0.734242,0.767671,0.796041,0.863761,0.818621,0.773982,0.876274,0.913231,0.770591,0.924554,0.81576,0.803377,0.867209,0.799286,0.87771,0.726934,0.73833,0.884698,0.766578,0.795763,0.713426,0.727394,0.735745,0.809573,0.756304,0.746869,0.736757,0.768075,0.809025,0.735755,0.805743,0.806515,0.723034,0.726529,0.890631,0.777203,0.74435,0.858674,0.652497,0.769049,0.833488,0.810973,0.697684,0.71726,0.768911,0.849648,0.733034,0.864159,0.80158,0.764445,0.795504,0.753499,0.757995,0.71752,0.800189,0.740869,0.798864,0.819864,0.749563,0.870555,0.704734,0.745748,0.7669,0.909988,0.854374,0.821599,0.74971,0.77335,0.7305,0.773732,0.796133,0.885325,0.807135,1.0,0.698052,0.784371,0.727577,0.877903,0.797005,0.729947,0.829524,0.704617,0.866202,0.838955,0.750425,0.75472,0.853471,0.78467
Trashbin,0.77655,0.842814,0.818068,0.851996,0.842384,0.836326,0.765976,0.747069,0.754154,0.82897,0.662988,0.664958,0.665454,0.800452,0.761308,0.816882,0.738087,0.835322,0.785359,0.830519,0.714851,0.696917,0.840537,0.799774,0.792739,0.807332,0.794573,0.768768,0.856644,0.822041,0.821602,0.827721,0.730677,0.666568,0.778533,0.693305,0.837665,0.742086,0.83516,0.759419,0.710111,0.788007,0.836092,0.789606,0.810396,0.676739,0.785071,0.753136,0.731515,0.686271,0.823367,0.678602,0.791202,0.774061,0.725532,0.800017,0.735632,0.80227,0.872142,0.690217,0.788036,0.789276,0.826415,0.832683,0.859836,0.768663,0.842145,0.814129,0.84785,0.828683,0.791431,0.839341,0.771255,0.820238,0.769678,0.8148,0.713266,0.818865,0.801941,0.670526,0.783664,0.828771,0.816755,0.765559,0.798374,0.836728,0.790072,0.756049,0.807781,0.766159,0.791793,0.767301,0.827379,0.813845,0.793824,0.856691,0.733752,0.777206,0.828343,0.796994,0.827263,0.715033,0.778287,0.860788,0.775814,0.667243,0.711624,0.736277,0.84385,0.866587,0.855387,0.852137,0.815303,0.745768,0.735274,0.698052,1.0,0.799719,0.872416,0.703115,0.788191,0.84704,0.697461,0.83526,0.737461,0.7594,0.82643,0.828651,0.760448,0.814856
Tree,0.795948,0.852906,0.826634,0.818396,0.809466,0.835825,0.774725,0.754836,0.79896,0.840029,0.763312,0.742459,0.739047,0.764601,0.816041,0.832465,0.793977,0.840624,0.773263,0.792952,0.762158,0.785583,0.832474,0.802757,0.813358,0.841893,0.795584,0.813582,0.835751,0.816656,0.822463,0.789524,0.769081,0.7581,0.782816,0.737053,0.790953,0.779054,0.810659,0.771191,0.778535,0.813804,0.837379,0.797727,0.844634,0.757674,0.811409,0.775128,0.793473,0.783905,0.834272,0.775041,0.807831,0.80184,0.784532,0.80683,0.790691,0.790223,0.842019,0.785253,0.804278,0.802842,0.831115,0.831017,0.851258,0.794605,0.858861,0.857552,0.82065,0.856308,0.816126,0.830989,0.801045,0.851617,0.776006,0.84019,0.810115,0.786175,0.847249,0.762411,0.704122,0.85105,0.831056,0.789444,0.831191,0.787906,0.829719,0.795402,0.835259,0.81397,0.802566,0.776363,0.812478,0.842825,0.794901,0.826305,0.770759,0.763933,0.849953,0.813886,0.797621,0.780958,0.829512,0.823966,0.829815,0.76727,0.765981,0.752324,0.818918,0.847812,0.827897,0.840045,0.810913,0.796626,0.789777,0.784371,0.799719,1.0,0.850759,0.772892,0.823555,0.833841,0.735352,0.845694,0.783984,0.797302,0.845175,0.783871,0.803388,0.820202
Trophy,0.776717,0.879652,0.807198,0.852932,0.887459,0.840544,0.753324,0.732715,0.771082,0.876464,0.709548,0.6662,0.666767,0.793317,0.787078,0.860629,0.764628,0.858395,0.800804,0.842747,0.743537,0.723751,0.899288,0.810217,0.840306,0.863492,0.819612,0.859672,0.896288,0.836553,0.846485,0.844714,0.721052,0.685302,0.78037,0.685607,0.877947,0.755799,0.8753,0.786048,0.72912,0.845283,0.902123,0.818595,0.856136,0.715875,0.794272,0.761726,0.758827,0.72835,0.86659,0.705694,0.809968,0.834917,0.742944,0.808497,0.748948,0.786807,0.915428,0.743154,0.847985,0.814613,0.905702,0.892588,0.916819,0.793485,0.914476,0.920701,0.857675,0.90354,0.81294,0.898978,0.771607,0.879617,0.795801,0.904819,0.758653,0.819393,0.905758,0.720545,0.75019,0.886678,0.833583,0.774507,0.898324,0.841835,0.871904,0.774854,0.904206,0.788706,0.805351,0.775495,0.829519,0.895045,0.820657,0.878323,0.783451,0.779953,0.838186,0.814389,0.837729,0.738523,0.893686,0.858092,0.868947,0.699117,0.730728,0.731596,0.864876,0.877818,0.878756,0.875168,0.85383,0.764679,0.797163,0.727577,0.872416,0.850759,1.0,0.722499,0.84039,0.884048,0.699994,0.931966,0.759401,0.782321,0.902347,0.849729,0.780046,0.812466
Truck,0.825025,0.820968,0.787739,0.757435,0.70455,0.790992,0.802017,0.754148,0.852315,0.761597,0.846241,0.841548,0.854545,0.736824,0.845402,0.763605,0.833442,0.761461,0.744973,0.733368,0.810425,0.875858,0.740412,0.778129,0.771633,0.770081,0.760561,0.711318,0.737797,0.788026,0.777426,0.721774,0.853509,0.866865,0.792891,0.8271,0.685468,0.805373,0.741572,0.763961,0.843763,0.748769,0.724964,0.74946,0.786802,0.800459,0.815435,0.767066,0.839653,0.851677,0.760449,0.870995,0.804472,0.768853,0.838281,0.792363,0.857649,0.725848,0.730502,0.820339,0.741397,0.782894,0.703596,0.717242,0.733832,0.797307,0.744517,0.728835,0.736284,0.752084,0.794133,0.726641,0.818503,0.79152,0.712633,0.715458,0.866945,0.770608,0.718697,0.789304,0.656778,0.763429,0.818604,0.791941,0.687737,0.714367,0.746036,0.829161,0.723063,0.841808,0.802778,0.75407,0.792607,0.732294,0.748819,0.720489,0.76607,0.741686,0.804669,0.81018,0.739631,0.839218,0.686532,0.747618,0.736214,0.85414,0.834687,0.810707,0.757312,0.76849,0.734031,0.770153,0.766848,0.870458,0.762702,0.877903,0.703115,0.772892,0.722499,1.0,0.781245,0.730978,0.807033,0.696291,0.829177,0.817469,0.739385,0.734758,0.83568,0.789019
Umbrella,0.807277,0.854032,0.804267,0.803492,0.799115,0.821234,0.779437,0.758612,0.810123,0.830662,0.778137,0.754326,0.756152,0.764151,0.824622,0.815402,0.797307,0.81765,0.772247,0.787455,0.785339,0.797605,0.825432,0.797714,0.809623,0.826236,0.794357,0.806643,0.814265,0.812539,0.816,0.78333,0.79254,0.774231,0.796387,0.762551,0.783333,0.781192,0.815276,0.780833,0.786178,0.798361,0.82781,0.792005,0.829859,0.776838,0.80519,0.766454,0.804558,0.79389,0.817764,0.783415,0.80989,0.813917,0.793774,0.805015,0.796824,0.755237,0.83188,0.791782,0.810634,0.804803,0.817697,0.817571,0.832456,0.790249,0.846958,0.850076,0.800407,0.853913,0.804374,0.816781,0.788285,0.849112,0.753738,0.829019,0.821527,0.798277,0.844784,0.77585,0.713252,0.83238,0.830971,0.790508,0.816346,0.781499,0.830963,0.795863,0.829907,0.815158,0.795024,0.773681,0.807517,0.825448,0.791487,0.806773,0.773994,0.759064,0.823284,0.817235,0.79714,0.784411,0.811107,0.80297,0.830605,0.772957,0.778778,0.772081,0.811148,0.838189,0.810925,0.820161,0.829865,0.818554,0.797395,0.797005,0.788191,0.823555,0.84039,0.781245,1.0,0.80579,0.753618,0.832192,0.802,0.805162,0.832944,0.802508,0.805811,0.809847
Vase,0.772651,0.855993,0.81787,0.84939,0.857124,0.831793,0.757907,0.743366,0.765738,0.854877,0.704008,0.680524,0.69143,0.782255,0.780061,0.840827,0.768724,0.850918,0.786346,0.825868,0.732743,0.72814,0.865866,0.800908,0.818937,0.846538,0.795553,0.804357,0.874569,0.819443,0.832181,0.828575,0.735522,0.693278,0.766628,0.686072,0.843923,0.762124,0.831206,0.766096,0.730791,0.818528,0.855977,0.807099,0.838939,0.707458,0.79752,0.752023,0.751512,0.723218,0.849892,0.712707,0.801927,0.797416,0.748737,0.813967,0.75926,0.808503,0.87577,0.736279,0.802674,0.801861,0.860312,0.848002,0.887565,0.785527,0.867818,0.858375,0.854918,0.857014,0.809761,0.862618,0.786049,0.841744,0.776649,0.849256,0.748702,0.804464,0.833387,0.706891,0.731648,0.864379,0.821601,0.775972,0.835144,0.818061,0.820974,0.777291,0.847367,0.793899,0.810553,0.765189,0.826765,0.848529,0.797981,0.870347,0.757739,0.776859,0.841789,0.804575,0.814285,0.745122,0.832195,0.860413,0.811044,0.707062,0.724313,0.722861,0.849306,0.868537,0.86166,0.867558,0.814995,0.758089,0.762917,0.729947,0.84704,0.833841,0.884048,0.730978,0.80579,1.0,0.696902,0.873308,0.748111,0.768299,0.859457,0.829852,0.776966,0.814039
Wallet,0.814035,0.796407,0.769577,0.737008,0.677026,0.777293,0.785206,0.737878,0.824544,0.730195,0.795056,0.819346,0.800043,0.725423,0.811276,0.742998,0.793441,0.728161,0.724957,0.720719,0.784213,0.828851,0.705303,0.755055,0.737507,0.731921,0.750401,0.692223,0.70788,0.770644,0.750394,0.6931,0.817563,0.833335,0.792326,0.824836,0.665533,0.766148,0.730987,0.748369,0.810272,0.723401,0.701354,0.725124,0.747683,0.776728,0.780836,0.750707,0.81106,0.818181,0.721683,0.828918,0.775191,0.744557,0.801997,0.761773,0.814648,0.702541,0.719485,0.779188,0.727716,0.752332,0.675686,0.694149,0.69809,0.773992,0.713784,0.703453,0.710692,0.718728,0.762554,0.697564,0.778741,0.761196,0.698193,0.692048,0.808941,0.762649,0.70764,0.76404,0.689111,0.721369,0.79952,0.770178,0.675409,0.717137,0.721612,0.794376,0.69416,0.79723,0.772348,0.749637,0.768048,0.718993,0.736876,0.687343,0.74919,0.725159,0.771365,0.787227,0.730615,0.802025,0.655295,0.714133,0.715242,0.815379,0.80244,0.807451,0.727633,0.750701,0.707205,0.746795,0.766587,0.834535,0.746197,0.829524,0.697461,0.735352,0.699994,0.807033,0.753618,0.696902,1.0,0.667137,0.806468,0.801832,0.707433,0.718979,0.795547,0.776353
Waterbottle,0.746663,0.857771,0.769159,0.820093,0.881829,0.812901,0.711257,0.707817,0.743793,0.875434,0.702484,0.650906,0.649035,0.7588,0.761061,0.851707,0.756341,0.841313,0.770811,0.811103,0.742739,0.702872,0.902818,0.777076,0.8365,0.856887,0.799413,0.890422,0.880098,0.796956,0.824509,0.819847,0.688227,0.673937,0.748019,0.662228,0.88018,0.725953,0.851052,0.76969,0.709867,0.845479,0.909985,0.817317,0.838777,0.73047,0.759698,0.737197,0.734077,0.725916,0.860218,0.687223,0.782492,0.835948,0.721026,0.78357,0.726362,0.747848,0.921546,0.754491,0.847425,0.793665,0.932887,0.886539,0.917578,0.771816,0.9055,0.956978,0.840177,0.91391,0.784525,0.896052,0.719193,0.864636,0.767731,0.929854,0.730203,0.782064,0.942704,0.740614,0.708094,0.881477,0.811269,0.752873,0.929057,0.804851,0.889843,0.749094,0.934476,0.759945,0.778659,0.756498,0.793076,0.906886,0.807919,0.869749,0.78048,0.771433,0.806956,0.78328,0.807087,0.722631,0.929153,0.822734,0.899637,0.6906,0.698296,0.693793,0.837367,0.856415,0.871037,0.865407,0.852701,0.740696,0.810143,0.704617,0.83526,0.845694,0.931966,0.696291,0.832192,0.873308,0.667137,1.0,0.729301,0.745549,0.909955,0.869927,0.747077,0.786892
Watergun,0.828427,0.835563,0.79889,0.768801,0.72993,0.804757,0.807228,0.752605,0.842731,0.77706,0.84344,0.838442,0.81924,0.741409,0.848666,0.773769,0.817741,0.777553,0.756729,0.747801,0.806694,0.863912,0.758674,0.779513,0.781044,0.782209,0.783453,0.738764,0.754647,0.798186,0.792455,0.735275,0.842606,0.852006,0.805245,0.838641,0.709837,0.796246,0.768355,0.788917,0.838696,0.76441,0.751568,0.767437,0.797216,0.814764,0.810532,0.776425,0.847585,0.851589,0.778402,0.858895,0.819233,0.792871,0.827977,0.795351,0.831436,0.734159,0.761388,0.825099,0.775214,0.792412,0.729145,0.754988,0.758138,0.79211,0.774049,0.757687,0.750472,0.775499,0.806002,0.754436,0.802239,0.813234,0.726738,0.740312,0.850817,0.793091,0.751573,0.806908,0.687948,0.776422,0.830819,0.800508,0.71159,0.749101,0.770465,0.82188,0.744417,0.836687,0.78631,0.768668,0.80395,0.757014,0.762202,0.742092,0.779963,0.736164,0.807608,0.818425,0.78779,0.819954,0.713127,0.769025,0.762074,0.842171,0.818226,0.81603,0.76745,0.790598,0.758065,0.78196,0.799195,0.84868,0.784663,0.866202,0.737461,0.783984,0.759401,0.829177,0.802,0.748111,0.806468,0.729301,1.0,0.83852,0.759342,0.769309,0.828231,0.795201
Wateringcan,0.834352,0.847967,0.814826,0.784999,0.746162,0.818185,0.814372,0.755229,0.837447,0.793684,0.816268,0.812164,0.79715,0.758122,0.845887,0.796805,0.808831,0.798424,0.765706,0.769901,0.785957,0.84177,0.775852,0.800416,0.790198,0.79843,0.784973,0.745898,0.777232,0.817177,0.802506,0.754505,0.821425,0.825719,0.812751,0.816437,0.730578,0.800649,0.787713,0.787422,0.825679,0.78299,0.767287,0.771579,0.814278,0.785512,0.817983,0.777704,0.841599,0.827393,0.791229,0.836167,0.825249,0.7891,0.817979,0.805012,0.822492,0.75721,0.775858,0.800128,0.772319,0.797946,0.747022,0.769856,0.78147,0.806873,0.797236,0.771869,0.77155,0.782766,0.812672,0.774774,0.822634,0.825711,0.751,0.758311,0.845173,0.800861,0.758349,0.779749,0.697811,0.794015,0.832594,0.803454,0.737059,0.764633,0.773164,0.822381,0.762476,0.836649,0.801024,0.774312,0.819313,0.774735,0.770198,0.759764,0.77468,0.748504,0.826498,0.828019,0.79745,0.81482,0.73191,0.79068,0.764722,0.817858,0.810138,0.816631,0.792695,0.802323,0.777635,0.799499,0.799661,0.84258,0.778043,0.838955,0.7594,0.797302,0.782321,0.817469,0.805162,0.768299,0.801832,0.745549,0.83852,1.0,0.774793,0.761284,0.832182,0.810927
Windchime,0.772969,0.866949,0.787424,0.831962,0.858914,0.820554,0.743662,0.728161,0.778223,0.867103,0.73325,0.691384,0.695377,0.769093,0.789779,0.848638,0.780708,0.836738,0.782752,0.818319,0.760468,0.745314,0.875319,0.791867,0.830358,0.853042,0.80368,0.84713,0.868026,0.812595,0.82852,0.813955,0.737545,0.711863,0.769597,0.697175,0.848376,0.757354,0.845326,0.778346,0.741356,0.829033,0.878856,0.813025,0.845798,0.741196,0.787037,0.750303,0.762913,0.753843,0.850492,0.731026,0.797708,0.836494,0.75771,0.802212,0.76282,0.774356,0.885764,0.770251,0.834275,0.805478,0.890459,0.862109,0.888861,0.790399,0.896647,0.909098,0.840062,0.897755,0.805707,0.873042,0.760547,0.865904,0.775513,0.888148,0.773236,0.802209,0.894382,0.74503,0.709809,0.876186,0.825204,0.775331,0.885995,0.805919,0.866571,0.779384,0.887727,0.792717,0.804494,0.767129,0.813456,0.884375,0.806887,0.85826,0.782403,0.773853,0.823415,0.805703,0.805323,0.756701,0.884159,0.833293,0.864513,0.729972,0.734682,0.726008,0.841279,0.859648,0.852217,0.866418,0.84386,0.77155,0.801015,0.750425,0.82643,0.845175,0.902347,0.739385,0.832944,0.859457,0.707433,0.909955,0.759342,0.774793,1.0,0.8366,0.777021,0.797727
Wishbone,0.782124,0.848714,0.783984,0.822994,0.846114,0.816576,0.754119,0.736042,0.781951,0.865174,0.746234,0.73571,0.710574,0.782428,0.771059,0.836275,0.809168,0.821073,0.783838,0.827787,0.790344,0.747127,0.853302,0.787638,0.825823,0.837765,0.804491,0.819459,0.838928,0.793636,0.815259,0.817819,0.755714,0.737274,0.777808,0.739322,0.852825,0.746358,0.81845,0.789507,0.753926,0.836556,0.846663,0.820161,0.80536,0.773632,0.772618,0.754215,0.763006,0.767799,0.822791,0.73889,0.795773,0.824817,0.763726,0.824203,0.769325,0.745858,0.880974,0.783698,0.811076,0.79475,0.883672,0.806461,0.866685,0.790655,0.80607,0.881057,0.824045,0.821211,0.781878,0.856881,0.735684,0.807709,0.728705,0.847321,0.720749,0.816724,0.856598,0.765364,0.742306,0.831932,0.821957,0.779441,0.839391,0.797385,0.819803,0.779927,0.86166,0.778036,0.821709,0.768872,0.810279,0.842523,0.804336,0.842401,0.788618,0.807445,0.801831,0.797497,0.822918,0.767257,0.82777,0.834783,0.832304,0.738311,0.732143,0.741786,0.839264,0.844627,0.858654,0.863002,0.869541,0.784177,0.803248,0.75472,0.828651,0.783871,0.849729,0.734758,0.802508,0.829852,0.718979,0.869927,0.769309,0.761284,0.8366,1.0,0.768911,0.791693
Wrap,0.835287,0.8488,0.821833,0.800615,0.749301,0.82324,0.814634,0.766514,0.848259,0.803105,0.824951,0.815679,0.823172,0.766845,0.849372,0.802165,0.835639,0.805224,0.773997,0.778139,0.802481,0.855732,0.781028,0.808063,0.801983,0.805392,0.786018,0.740496,0.783604,0.818478,0.805472,0.762137,0.83952,0.827762,0.809179,0.808554,0.734523,0.809099,0.780864,0.780707,0.838152,0.784247,0.768944,0.769762,0.820896,0.787378,0.832808,0.784092,0.850284,0.82905,0.799653,0.841725,0.825177,0.785268,0.831005,0.824985,0.846695,0.769229,0.775131,0.809337,0.76378,0.803745,0.751748,0.762628,0.787376,0.816281,0.793038,0.768462,0.782857,0.785324,0.812156,0.777573,0.836014,0.820685,0.744053,0.75904,0.852723,0.801445,0.750277,0.776863,0.695207,0.800395,0.833849,0.806519,0.726859,0.760728,0.771188,0.834645,0.763279,0.847446,0.823038,0.775928,0.823632,0.769517,0.774727,0.772783,0.769142,0.759508,0.837195,0.831051,0.783141,0.830031,0.72783,0.799188,0.760966,0.830336,0.833773,0.812887,0.805532,0.813757,0.781704,0.81114,0.792644,0.858776,0.77111,0.853471,0.760448,0.803388,0.780046,0.83568,0.805811,0.776966,0.795547,0.747077,0.828231,0.832182,0.777021,0.768911,1.0,0.815963
Yarn,0.852847,0.839675,0.883107,0.835653,0.785974,0.884805,0.826809,0.813868,0.824921,0.813507,0.758456,0.776113,0.776399,0.798903,0.82691,0.829707,0.804199,0.829247,0.783871,0.812978,0.77211,0.790694,0.801008,0.839565,0.797133,0.807409,0.813144,0.771576,0.815525,0.846092,0.827937,0.799132,0.820707,0.781717,0.835369,0.786345,0.776621,0.795452,0.814164,0.775447,0.797328,0.78735,0.807594,0.790665,0.821913,0.768607,0.837707,0.814576,0.798524,0.778743,0.804693,0.776023,0.819025,0.782772,0.798952,0.819463,0.806592,0.808809,0.834883,0.770051,0.788676,0.802793,0.784612,0.80038,0.811756,0.808097,0.807852,0.799071,0.827645,0.807142,0.812603,0.798914,0.839533,0.824924,0.773987,0.79361,0.796249,0.819693,0.79424,0.761923,0.78436,0.816068,0.858078,0.807363,0.778794,0.814307,0.793799,0.810541,0.785818,0.802328,0.826526,0.813391,0.830471,0.803638,0.80774,0.808026,0.773964,0.791321,0.888671,0.840223,0.810444,0.800101,0.755908,0.820141,0.784535,0.771536,0.793488,0.80656,0.824731,0.858811,0.811873,0.842844,0.822404,0.82552,0.778502,0.78467,0.814856,0.820202,0.812466,0.789019,0.809847,0.814039,0.776353,0.786892,0.795201,0.810927,0.797727,0.791693,0.815963,1.0
