,Accordion,Acorn,Apple,Backpack,Barstool,Baseball,Basket,Beanie,Bed,Bell,Belt,Bench,Bike,Binder,Binoculars,Birdfeeder,Boat,Bonzai,Book,Bookend,Boomerang,Car,Cellphone,Cheese,Cheesegrater,Christmasstreeornament,Clock,Coatrack,Coffeemaker,Coffeemug,Compass,Computertower,Controller,Couch,Cushion,Desk,Door,Doorknob,Drill,Dryingrack,Dumbbell,Dustpan,Fan,Faucet,Flower,Flute,Fossils,Frisbee,Fryingpan,Glasses,Glove,Goggles,Grill,Hairbrush,Hairclip,Handbag,Hat,Headphones,Hourglass,Kayak,Key,Kite,Ladder,Lamp,Lantern,Lawnmower,Lightbulb,Lipstick,Lock,Lollipop,Mask,Microscope,Minerals,Mushroom,Necklace,Necktie,Orifan,Oven,Paintbrush,Pen,Pictureframe,Pinecone,Pizza,Plug,Pogostick,Pot,Razor,Recordplayer,Remotecontrol,Ring,Rollerskates,Rug,Saltpeppershaker,Saxophone,Scale,Scarf,Scissors,Scooter,Scrunchie,Seashell,Shirt,Shoe,Skiis,Snowglobe,Spoon,Stapler,Stapleremover,Storagebin,Stroller,Suit,Suitcase,Teddy Bear,Tennisracket,Tent,Toothbrush,Train,Trashbin,Tree,Trophy,Truck,Umbrella,Vase,Wallet,Waterbottle,Watergun,Wateringcan,Windchime,Wishbone,Wrap,Yarn
Accordion,1.0,0.90892,0.906871,0.886713,0.899639,0.89172,0.895945,0.903375,0.903475,0.902364,0.907379,0.91224,0.893586,0.91066,0.895846,0.900579,0.904416,0.890427,0.902458,0.899963,0.905252,0.901798,0.906581,0.902496,0.908705,0.903921,0.891378,0.91475,0.901213,0.907381,0.883054,0.899646,0.900528,0.906573,0.894413,0.910163,0.903559,0.904141,0.895235,0.908643,0.906224,0.91079,0.907042,0.907295,0.901084,0.9158,0.897403,0.899484,0.911198,0.914146,0.900614,0.909855,0.902709,0.905572,0.906472,0.899305,0.911232,0.894666,0.894313,0.914256,0.906571,0.898111,0.906893,0.904526,0.900701,0.895751,0.904389,0.913822,0.894776,0.910216,0.899674,0.893138,0.901052,0.906111,0.901828,0.909754,0.902937,0.897395,0.920393,0.919499,0.891269,0.886494,0.879194,0.907616,0.914183,0.896103,0.912041,0.902587,0.911792,0.907949,0.894809,0.890154,0.905569,0.900621,0.898843,0.897087,0.906009,0.897745,0.897329,0.899877,0.893289,0.902341,0.901255,0.88739,0.916136,0.910458,0.902493,0.909553,0.892941,0.894249,0.90356,0.886058,0.9019,0.904423,0.914417,0.903277,0.90432,0.898791,0.897685,0.893855,0.909202,0.901748,0.90788,0.909341,0.901995,0.908194,0.899351,0.91234,0.902393,0.902248
Acorn,0.90892,1.0,0.92744,0.91575,0.92993,0.909053,0.912139,0.923352,0.927429,0.937442,0.934156,0.938103,0.911952,0.938968,0.919267,0.928963,0.931873,0.921213,0.931289,0.928931,0.935913,0.927727,0.940652,0.926188,0.940807,0.937807,0.917917,0.946308,0.935697,0.933144,0.905102,0.923213,0.922383,0.930784,0.912671,0.932697,0.936924,0.928373,0.928997,0.938612,0.928222,0.944691,0.939601,0.938617,0.931923,0.946503,0.91927,0.920829,0.940476,0.943203,0.936246,0.938319,0.93111,0.938786,0.933287,0.929186,0.940485,0.92003,0.932468,0.946466,0.93857,0.929416,0.941159,0.937775,0.938245,0.924525,0.940496,0.948402,0.924027,0.945912,0.928424,0.930018,0.920719,0.939488,0.927272,0.94402,0.928086,0.922066,0.952477,0.949939,0.914612,0.922748,0.89241,0.935806,0.948068,0.922813,0.94532,0.930636,0.948353,0.941368,0.922902,0.909314,0.933942,0.937125,0.927425,0.929731,0.937326,0.921054,0.915391,0.924961,0.918165,0.929326,0.931549,0.923216,0.949223,0.939654,0.926709,0.930686,0.925321,0.919506,0.936518,0.916267,0.933811,0.930083,0.946044,0.933645,0.932334,0.926966,0.934201,0.916845,0.94025,0.934036,0.931577,0.946617,0.930526,0.936944,0.933568,0.945509,0.929986,0.917988
Apple,0.906871,0.92744,1.0,0.908627,0.916796,0.913023,0.914239,0.923406,0.914641,0.921452,0.920481,0.925222,0.901471,0.928669,0.906154,0.918799,0.916324,0.910787,0.922015,0.918928,0.919233,0.91107,0.924797,0.924736,0.925216,0.919622,0.908378,0.93144,0.919985,0.92493,0.897332,0.915907,0.911421,0.921553,0.909782,0.921588,0.925235,0.919604,0.912941,0.923591,0.918472,0.929189,0.924976,0.922525,0.917778,0.931274,0.914789,0.918871,0.924922,0.927537,0.921419,0.922287,0.916965,0.922316,0.918944,0.917157,0.926318,0.913257,0.916604,0.929326,0.923745,0.912148,0.92403,0.925662,0.919777,0.90846,0.923197,0.931864,0.916765,0.929704,0.916215,0.912416,0.915974,0.924144,0.916392,0.928113,0.912543,0.914724,0.937315,0.934819,0.912023,0.904981,0.899289,0.924586,0.931034,0.917287,0.929195,0.916969,0.930147,0.921592,0.907437,0.906655,0.921904,0.919112,0.916828,0.91868,0.920993,0.91201,0.918533,0.917219,0.915013,0.918017,0.920028,0.910032,0.933511,0.923208,0.915345,0.924514,0.90847,0.915799,0.924093,0.906819,0.918141,0.916062,0.930726,0.914273,0.926521,0.915952,0.918504,0.905042,0.924919,0.922487,0.924005,0.929743,0.914995,0.923396,0.916095,0.928851,0.9172,0.920104
Backpack,0.886713,0.91575,0.908627,1.0,0.905488,0.892061,0.892002,0.903631,0.899449,0.91061,0.903482,0.908365,0.887679,0.914589,0.890257,0.903701,0.904059,0.897427,0.908449,0.907722,0.904365,0.895988,0.914406,0.905864,0.912281,0.908351,0.895038,0.916856,0.911443,0.907769,0.885633,0.903118,0.894104,0.903457,0.890814,0.903227,0.915116,0.903894,0.902274,0.910127,0.899758,0.915996,0.913122,0.91031,0.903381,0.915612,0.896841,0.899939,0.909513,0.911082,0.909417,0.906278,0.904115,0.909101,0.903713,0.905417,0.910813,0.902826,0.909434,0.914482,0.910339,0.900433,0.912345,0.911982,0.911268,0.897524,0.912073,0.918589,0.907312,0.916076,0.904249,0.904241,0.897112,0.909564,0.901184,0.914925,0.895784,0.901728,0.922881,0.919182,0.896831,0.89643,0.877261,0.909445,0.919312,0.903085,0.915782,0.903682,0.917885,0.909896,0.898235,0.889739,0.909031,0.90769,0.903788,0.909533,0.907723,0.898837,0.897206,0.899495,0.900015,0.902298,0.905574,0.902545,0.919575,0.908622,0.898798,0.904068,0.900359,0.903792,0.912539,0.899073,0.905171,0.900272,0.915759,0.900905,0.912351,0.900071,0.908115,0.890948,0.909928,0.90974,0.904118,0.918119,0.899642,0.90712,0.905227,0.917305,0.900578,0.899441
Barstool,0.899639,0.92993,0.916796,0.905488,1.0,0.903465,0.909479,0.917394,0.916155,0.926166,0.92538,0.928388,0.909869,0.930196,0.906241,0.919958,0.921213,0.910801,0.921475,0.919358,0.925727,0.915033,0.931465,0.918383,0.930954,0.924644,0.90962,0.939732,0.925868,0.922105,0.903663,0.922812,0.910137,0.927786,0.907264,0.924881,0.930113,0.925505,0.919027,0.931456,0.919228,0.934357,0.932216,0.931312,0.918457,0.940393,0.90576,0.915509,0.928294,0.934747,0.922664,0.9259,0.920074,0.929737,0.921024,0.915447,0.926343,0.91352,0.925616,0.9367,0.931297,0.916671,0.934661,0.930942,0.926837,0.913867,0.929721,0.942084,0.917401,0.935247,0.916552,0.921222,0.905684,0.926521,0.922278,0.93543,0.912744,0.915309,0.9472,0.943749,0.914857,0.906256,0.885971,0.925018,0.943208,0.915937,0.937693,0.919196,0.939054,0.926636,0.909782,0.903404,0.922632,0.929147,0.921887,0.92057,0.930005,0.922134,0.907752,0.911225,0.911932,0.924924,0.935919,0.910379,0.94283,0.929043,0.918486,0.922386,0.913375,0.911257,0.926202,0.908695,0.926342,0.915884,0.939608,0.919065,0.92613,0.9158,0.926732,0.911913,0.929852,0.922679,0.922893,0.938014,0.917939,0.924191,0.925244,0.939913,0.91452,0.908762
Baseball,0.89172,0.909053,0.913023,0.892061,0.903465,1.0,0.897879,0.905119,0.899017,0.903135,0.902099,0.905999,0.889014,0.910177,0.890794,0.904099,0.901191,0.89263,0.904378,0.902256,0.902445,0.895592,0.907052,0.905388,0.908465,0.902734,0.894124,0.91283,0.903458,0.905325,0.884905,0.898635,0.895343,0.90433,0.893342,0.905127,0.907603,0.903925,0.898455,0.907801,0.90199,0.910371,0.90841,0.905681,0.899144,0.913944,0.897755,0.90501,0.908479,0.908862,0.902641,0.904152,0.900013,0.905695,0.902056,0.89874,0.908463,0.897238,0.90054,0.911063,0.905906,0.895929,0.90785,0.907963,0.903888,0.89375,0.906016,0.914186,0.901542,0.910642,0.899423,0.897219,0.895521,0.906061,0.900717,0.910579,0.895477,0.899147,0.919977,0.917478,0.895367,0.88813,0.886325,0.906345,0.915579,0.900396,0.910824,0.900344,0.912964,0.903972,0.893129,0.89255,0.904113,0.902414,0.901028,0.901762,0.90578,0.898243,0.90251,0.899376,0.898375,0.901923,0.904155,0.894482,0.915688,0.905841,0.899871,0.908021,0.894799,0.895037,0.905508,0.892284,0.902351,0.899635,0.91324,0.896524,0.907996,0.898253,0.902538,0.891142,0.906864,0.905005,0.90705,0.911507,0.898396,0.904811,0.900394,0.911828,0.899977,0.904929
Basket,0.895945,0.912139,0.914239,0.892002,0.909479,0.897879,1.0,0.912019,0.905034,0.907623,0.912059,0.916815,0.898104,0.915107,0.894951,0.905801,0.906756,0.896884,0.909208,0.903689,0.909753,0.902904,0.910747,0.910041,0.913657,0.906766,0.896198,0.92067,0.904953,0.909995,0.892544,0.908246,0.900982,0.916301,0.901699,0.913478,0.911237,0.912606,0.898879,0.9157,0.908509,0.915897,0.912471,0.911857,0.902928,0.923103,0.90131,0.906178,0.9148,0.918576,0.905207,0.9118,0.905926,0.911089,0.907981,0.902705,0.914866,0.899249,0.900754,0.919874,0.911995,0.899149,0.912211,0.91141,0.905408,0.897901,0.908788,0.919087,0.903966,0.914756,0.902731,0.899285,0.899476,0.9096,0.907409,0.915709,0.901258,0.903831,0.92702,0.926751,0.902568,0.888569,0.886691,0.910845,0.920476,0.90634,0.916615,0.906014,0.916698,0.909959,0.89428,0.897709,0.90743,0.906958,0.906594,0.903421,0.911684,0.905549,0.901345,0.902763,0.901817,0.911366,0.910952,0.895239,0.921892,0.914432,0.905658,0.915907,0.894141,0.899384,0.910042,0.895105,0.90836,0.904543,0.92111,0.904841,0.913136,0.903352,0.903252,0.899526,0.912798,0.906662,0.914406,0.915145,0.904071,0.910951,0.903322,0.917915,0.903871,0.907448
Beanie,0.903375,0.923352,0.923406,0.903631,0.917394,0.905119,0.912019,1.0,0.912739,0.917909,0.919669,0.924148,0.902485,0.925573,0.903487,0.915249,0.915704,0.908201,0.919395,0.914726,0.91884,0.911042,0.922862,0.919358,0.923504,0.917352,0.90533,0.931026,0.917032,0.919554,0.897479,0.915954,0.909747,0.92091,0.909828,0.919984,0.923228,0.917735,0.9099,0.923204,0.916403,0.926243,0.924325,0.922383,0.913473,0.931394,0.909981,0.913385,0.922666,0.926463,0.917,0.92018,0.914835,0.921706,0.916569,0.912883,0.924364,0.910002,0.913739,0.928687,0.922303,0.90958,0.923079,0.922653,0.917105,0.906985,0.920758,0.930623,0.914573,0.927022,0.913259,0.91044,0.908895,0.920354,0.914951,0.927245,0.910107,0.912082,0.937818,0.935385,0.911294,0.90002,0.892283,0.920669,0.932067,0.914413,0.92821,0.914971,0.928541,0.919661,0.904724,0.905876,0.918251,0.918318,0.915679,0.916798,0.920919,0.912291,0.911648,0.911609,0.910052,0.916979,0.920082,0.905868,0.933095,0.923093,0.912995,0.92222,0.905517,0.914915,0.921117,0.906076,0.918086,0.913825,0.930591,0.9137,0.923059,0.914192,0.915508,0.904907,0.922828,0.918016,0.922607,0.927545,0.911834,0.919648,0.914792,0.928479,0.912434,0.915137
Bed,0.903475,0.927429,0.914641,0.899449,0.916155,0.899017,0.905034,0.912739,1.0,0.919587,0.926868,0.930892,0.909326,0.926757,0.910092,0.915641,0.923498,0.90484,0.917625,0.913234,0.925026,0.922301,0.92369,0.914986,0.926154,0.921857,0.905082,0.933474,0.917123,0.920044,0.895154,0.912102,0.916999,0.925149,0.904719,0.925331,0.918737,0.918651,0.911074,0.927168,0.922503,0.930087,0.922897,0.924825,0.916519,0.935939,0.908258,0.91271,0.930092,0.934255,0.916953,0.930451,0.918781,0.922955,0.92355,0.915612,0.929606,0.90924,0.910862,0.935955,0.923936,0.914287,0.924959,0.921068,0.916915,0.913937,0.921541,0.932213,0.909851,0.92704,0.914617,0.911786,0.911942,0.922471,0.917526,0.927269,0.918128,0.91161,0.938648,0.93993,0.906056,0.903083,0.884676,0.923584,0.933506,0.908618,0.930196,0.921162,0.930446,0.927294,0.912223,0.899915,0.919849,0.920422,0.915312,0.911072,0.925997,0.913461,0.906767,0.913038,0.903187,0.921073,0.918631,0.903938,0.934924,0.932766,0.919788,0.92257,0.908132,0.905623,0.919115,0.900088,0.918128,0.923012,0.934128,0.925932,0.916814,0.912455,0.914472,0.910871,0.926569,0.915836,0.922489,0.92744,0.919608,0.924184,0.916012,0.93002,0.918231,0.908181
Bell,0.902364,0.937442,0.921452,0.91061,0.926166,0.903135,0.907623,0.917909,0.919587,1.0,0.926904,0.930043,0.906273,0.932592,0.910599,0.926469,0.926972,0.916621,0.924442,0.92581,0.927954,0.918177,0.936043,0.92164,0.935589,0.932278,0.912712,0.94313,0.931525,0.926923,0.900304,0.919223,0.911988,0.924265,0.908147,0.924435,0.932199,0.922481,0.923499,0.932114,0.920525,0.940848,0.935616,0.933492,0.924784,0.940477,0.911427,0.915483,0.932162,0.936293,0.92881,0.928886,0.924994,0.931876,0.924324,0.924514,0.930961,0.916121,0.929901,0.94018,0.934406,0.92062,0.937691,0.933457,0.934185,0.919376,0.933869,0.947648,0.919872,0.93947,0.921151,0.926897,0.912555,0.931489,0.923533,0.940264,0.916407,0.916773,0.950625,0.944825,0.912868,0.916952,0.887913,0.928549,0.946568,0.917413,0.941542,0.924242,0.943881,0.93235,0.918656,0.904106,0.926224,0.934806,0.924621,0.925139,0.931913,0.918375,0.91075,0.916512,0.912798,0.923512,0.930478,0.917838,0.947217,0.932409,0.92064,0.923284,0.920016,0.917251,0.931918,0.911787,0.927248,0.920579,0.941516,0.923602,0.927436,0.920545,0.931281,0.910156,0.933241,0.928597,0.923716,0.943615,0.921012,0.928639,0.92875,0.942413,0.92015,0.912755
Belt,0.907379,0.934156,0.920481,0.903482,0.92538,0.902099,0.912059,0.919669,0.926868,0.926904,1.0,0.943494,0.919824,0.933136,0.918546,0.920746,0.931962,0.913367,0.925163,0.919073,0.934888,0.93319,0.931444,0.921027,0.935482,0.930524,0.912669,0.945484,0.924245,0.925632,0.902549,0.920382,0.925659,0.93794,0.912032,0.933764,0.927521,0.926671,0.917078,0.937395,0.933969,0.939346,0.931849,0.93536,0.923781,0.947891,0.913366,0.920622,0.938811,0.948682,0.924919,0.942381,0.926332,0.934106,0.93165,0.922059,0.935949,0.915385,0.919043,0.950527,0.933469,0.922825,0.934877,0.929756,0.924888,0.919967,0.929823,0.942534,0.916857,0.936736,0.921515,0.921091,0.915182,0.93013,0.92609,0.93664,0.929572,0.916484,0.949288,0.952722,0.914716,0.908869,0.8903,0.931642,0.942809,0.915059,0.940589,0.928865,0.940327,0.935571,0.915115,0.906014,0.92614,0.929856,0.922663,0.917847,0.936895,0.920903,0.912618,0.918385,0.910661,0.931268,0.929457,0.911357,0.945483,0.943015,0.925577,0.928854,0.913343,0.909546,0.925836,0.905549,0.929965,0.927627,0.945899,0.939842,0.923273,0.921173,0.921888,0.919362,0.935825,0.923421,0.929704,0.937346,0.930745,0.93225,0.925007,0.940836,0.924663,0.913103
Bench,0.91224,0.938103,0.925222,0.908365,0.928388,0.905999,0.916815,0.924148,0.930892,0.930043,0.943494,1.0,0.920698,0.937824,0.921292,0.924513,0.934765,0.917097,0.928894,0.922964,0.941248,0.935372,0.93503,0.925104,0.938815,0.933404,0.915835,0.950627,0.927312,0.930522,0.904134,0.922394,0.929565,0.939927,0.916472,0.942611,0.931421,0.929849,0.921504,0.942735,0.937668,0.943636,0.936739,0.940107,0.927453,0.953304,0.917292,0.92324,0.942899,0.951931,0.928635,0.946182,0.931008,0.937754,0.937068,0.925931,0.940414,0.920258,0.922505,0.95236,0.939375,0.92715,0.939247,0.934586,0.928411,0.923022,0.932952,0.945913,0.919867,0.942264,0.925427,0.923205,0.920137,0.934702,0.93069,0.94093,0.930353,0.921492,0.95561,0.958048,0.920172,0.910978,0.892499,0.935843,0.948551,0.919449,0.945073,0.931858,0.943483,0.940153,0.917622,0.909649,0.930428,0.932038,0.927889,0.921561,0.940208,0.925353,0.916385,0.922376,0.914944,0.932553,0.931004,0.91294,0.951156,0.947229,0.930304,0.934133,0.915735,0.914711,0.930646,0.909075,0.934047,0.932333,0.950377,0.941059,0.928296,0.924473,0.926437,0.920694,0.941932,0.926629,0.934904,0.940932,0.935183,0.937192,0.928601,0.947186,0.928089,0.916614
Bike,0.893586,0.911952,0.901471,0.887679,0.909869,0.889014,0.898104,0.902485,0.909326,0.906273,0.919824,0.920698,1.0,0.914294,0.90002,0.90226,0.913337,0.892724,0.906068,0.899932,0.915734,0.912823,0.910749,0.903649,0.914552,0.908306,0.894845,0.921789,0.903886,0.907084,0.890478,0.905161,0.908949,0.920669,0.89545,0.915074,0.907251,0.912869,0.896849,0.91775,0.914941,0.917385,0.909922,0.914356,0.90306,0.926394,0.896448,0.904394,0.91852,0.923917,0.903963,0.92034,0.906598,0.911219,0.913133,0.904469,0.917544,0.900424,0.897924,0.925444,0.911473,0.902288,0.912168,0.90746,0.90339,0.903689,0.907218,0.917749,0.899339,0.913973,0.902824,0.898006,0.897658,0.90791,0.908373,0.913174,0.908063,0.899425,0.927225,0.93016,0.898001,0.887141,0.876022,0.911807,0.919952,0.897932,0.916622,0.910171,0.915789,0.914876,0.898901,0.890648,0.907031,0.905825,0.904554,0.89973,0.916005,0.909735,0.896714,0.90051,0.893045,0.915718,0.909737,0.891899,0.922273,0.923219,0.909356,0.910603,0.895856,0.892973,0.906141,0.8917,0.908499,0.911854,0.923417,0.91624,0.905218,0.900416,0.898656,0.90657,0.914347,0.903257,0.910968,0.913282,0.909026,0.911452,0.902882,0.919812,0.905903,0.898169
Binder,0.91066,0.938968,0.928669,0.914589,0.930196,0.910177,0.915107,0.925573,0.926757,0.932592,0.933136,0.937824,0.914294,1.0,0.915332,0.926621,0.929623,0.917126,0.932107,0.927965,0.933115,0.924636,0.937985,0.927655,0.938104,0.932014,0.916071,0.945681,0.932599,0.932445,0.906091,0.926901,0.921139,0.932862,0.915319,0.933369,0.935784,0.929605,0.92541,0.93863,0.928931,0.943052,0.937161,0.937553,0.926769,0.947137,0.915779,0.923776,0.937592,0.942498,0.930179,0.935995,0.929318,0.935282,0.930298,0.926769,0.93714,0.923096,0.927673,0.944866,0.937001,0.924797,0.93852,0.936086,0.931349,0.922367,0.935676,0.945592,0.924353,0.941247,0.926038,0.925468,0.919636,0.933892,0.9288,0.940862,0.921999,0.924741,0.952071,0.950843,0.922929,0.912479,0.892652,0.934702,0.946601,0.923835,0.943024,0.929012,0.94411,0.93626,0.920922,0.910728,0.932462,0.932016,0.928579,0.926852,0.93635,0.925355,0.91695,0.920928,0.920617,0.929273,0.932118,0.918938,0.947965,0.93809,0.92737,0.931931,0.921368,0.920199,0.935352,0.914294,0.93187,0.926804,0.945719,0.929109,0.934956,0.922726,0.930661,0.916377,0.937513,0.9298,0.932093,0.942433,0.927309,0.934159,0.928573,0.944901,0.924584,0.918438
Binoculars,0.895846,0.919267,0.906154,0.890257,0.906241,0.890794,0.894951,0.903487,0.910092,0.910599,0.918546,0.921292,0.90002,0.915332,1.0,0.905947,0.912524,0.8985,0.908568,0.903214,0.915375,0.914715,0.91475,0.905581,0.916896,0.91356,0.897543,0.923015,0.908789,0.911912,0.887393,0.901752,0.910981,0.915201,0.895005,0.916955,0.908435,0.909252,0.903271,0.917065,0.914849,0.91937,0.914091,0.914827,0.909782,0.924718,0.901242,0.904529,0.920915,0.924305,0.910043,0.922558,0.911205,0.9147,0.91541,0.906363,0.919417,0.899252,0.902871,0.925828,0.915347,0.908252,0.915198,0.913136,0.909817,0.90289,0.91475,0.922436,0.899392,0.920167,0.907861,0.903783,0.90523,0.915532,0.906518,0.918158,0.915819,0.901609,0.927101,0.928702,0.893041,0.897954,0.877735,0.915026,0.922007,0.899788,0.921271,0.91154,0.922081,0.920072,0.900477,0.891376,0.911186,0.911422,0.904237,0.903554,0.915801,0.901443,0.899853,0.905266,0.895991,0.910541,0.909103,0.89655,0.924889,0.92213,0.909612,0.912405,0.900194,0.897337,0.910089,0.889641,0.910237,0.914219,0.922904,0.917973,0.906807,0.905877,0.906522,0.901532,0.919197,0.908639,0.912721,0.918944,0.913734,0.916302,0.908221,0.918997,0.910018,0.902245
Birdfeeder,0.900579,0.928963,0.918799,0.903701,0.919958,0.904099,0.905801,0.915249,0.915641,0.926469,0.920746,0.924513,0.90226,0.926621,0.905947,1.0,0.922229,0.910168,0.918841,0.919388,0.92151,0.913259,0.927961,0.91849,0.928982,0.925671,0.907274,0.935722,0.923221,0.921634,0.896008,0.912399,0.909259,0.919161,0.905721,0.920784,0.924055,0.917991,0.916705,0.925201,0.915933,0.933429,0.927991,0.926609,0.918652,0.934201,0.908618,0.91261,0.92606,0.930131,0.92011,0.922948,0.918163,0.924746,0.919031,0.917681,0.925615,0.912025,0.920304,0.93303,0.926764,0.913275,0.930555,0.92719,0.925443,0.914703,0.926718,0.941296,0.914569,0.929259,0.914801,0.919579,0.909597,0.924969,0.919831,0.934205,0.910828,0.91166,0.942054,0.938174,0.909214,0.908499,0.887829,0.923052,0.938322,0.913346,0.933773,0.91893,0.936944,0.92485,0.913999,0.902318,0.921209,0.930525,0.919341,0.917282,0.926465,0.914146,0.908869,0.912827,0.90754,0.918986,0.927264,0.911597,0.93845,0.926476,0.916936,0.920461,0.912907,0.910839,0.923804,0.906343,0.920675,0.916878,0.935694,0.916939,0.921288,0.914944,0.924558,0.905963,0.926505,0.922037,0.920727,0.934988,0.915196,0.923927,0.921502,0.934439,0.915775,0.911445
Boat,0.904416,0.931873,0.916324,0.904059,0.921213,0.901191,0.906756,0.915704,0.923498,0.926972,0.931962,0.934765,0.913337,0.929623,0.912524,0.922229,1.0,0.910985,0.921604,0.919343,0.929696,0.925841,0.929662,0.918016,0.932662,0.929099,0.909737,0.940768,0.923554,0.922888,0.898849,0.91494,0.917878,0.928252,0.908104,0.926859,0.925127,0.921416,0.916324,0.93218,0.926114,0.937907,0.929803,0.931585,0.921303,0.942852,0.910526,0.915388,0.933819,0.939653,0.921809,0.934526,0.922229,0.929016,0.927299,0.921366,0.932856,0.914246,0.918862,0.94329,0.930137,0.918556,0.93293,0.926704,0.924821,0.920322,0.926545,0.940705,0.915534,0.932622,0.917974,0.920215,0.912483,0.926697,0.92285,0.934551,0.920387,0.913632,0.946409,0.947153,0.910525,0.908999,0.886319,0.927447,0.941203,0.912195,0.936946,0.925753,0.937974,0.93172,0.918482,0.902921,0.923536,0.929638,0.921222,0.917633,0.933106,0.918483,0.908618,0.915746,0.906407,0.926112,0.925451,0.911795,0.942165,0.93832,0.922897,0.923817,0.9146,0.910233,0.924712,0.906971,0.924765,0.924982,0.941463,0.931202,0.920474,0.917053,0.921664,0.914219,0.931264,0.921884,0.924675,0.935117,0.922977,0.92787,0.922794,0.939118,0.921515,0.910576
Bonzai,0.890427,0.921213,0.910787,0.897427,0.910801,0.89263,0.896884,0.908201,0.90484,0.916621,0.913367,0.917097,0.892724,0.917126,0.8985,0.910168,0.910985,1.0,0.911602,0.910924,0.912761,0.904805,0.919545,0.909458,0.920065,0.916217,0.899283,0.925809,0.915651,0.912932,0.889413,0.905045,0.899691,0.910842,0.896479,0.910993,0.91703,0.908885,0.907804,0.917104,0.90722,0.923139,0.920159,0.917598,0.911702,0.924376,0.9016,0.903061,0.91684,0.921324,0.914187,0.914706,0.910541,0.917655,0.910625,0.907915,0.916007,0.903283,0.915069,0.923869,0.918422,0.907098,0.920139,0.919767,0.917097,0.903627,0.919449,0.928404,0.90784,0.924139,0.908273,0.912513,0.902381,0.917552,0.908128,0.923829,0.906068,0.902757,0.931274,0.92835,0.899322,0.90295,0.880934,0.914171,0.92736,0.905952,0.924298,0.90919,0.927012,0.917707,0.901611,0.894251,0.912421,0.917425,0.908636,0.912508,0.916134,0.90294,0.901234,0.905105,0.901702,0.909149,0.914432,0.906014,0.928697,0.917227,0.905399,0.909876,0.904179,0.903425,0.916215,0.898146,0.913803,0.905718,0.924896,0.910238,0.914113,0.910543,0.916319,0.896625,0.918417,0.914376,0.910442,0.925911,0.907449,0.914205,0.912648,0.922204,0.908037,0.903945
Book,0.902458,0.931289,0.922015,0.908449,0.921475,0.904378,0.909208,0.919395,0.917625,0.924442,0.925163,0.928894,0.906068,0.932107,0.908568,0.918841,0.921604,0.911602,1.0,0.91989,0.923982,0.916735,0.929028,0.920702,0.929391,0.9245,0.909106,0.936056,0.924084,0.92348,0.900025,0.918705,0.912677,0.924483,0.908301,0.923402,0.928242,0.920945,0.916397,0.929249,0.920443,0.933607,0.928558,0.928124,0.919211,0.937346,0.910781,0.916243,0.928994,0.933092,0.922895,0.927413,0.920574,0.926953,0.921959,0.918839,0.929083,0.915227,0.920481,0.9359,0.927763,0.916497,0.928932,0.927598,0.923483,0.913902,0.927167,0.936112,0.917959,0.932108,0.918582,0.917722,0.911781,0.925728,0.919656,0.932349,0.915694,0.916098,0.942104,0.941154,0.913122,0.906967,0.889448,0.925939,0.937281,0.917229,0.933652,0.920851,0.934855,0.927605,0.912028,0.904818,0.923669,0.924721,0.919635,0.920566,0.927358,0.915673,0.910543,0.914582,0.913712,0.921193,0.923364,0.912953,0.938317,0.929401,0.917603,0.923364,0.912936,0.913463,0.92673,0.909009,0.923666,0.918211,0.936158,0.921446,0.926804,0.916606,0.921985,0.908633,0.928226,0.922958,0.924099,0.933236,0.918906,0.925561,0.92035,0.934388,0.917262,0.913307
Bookend,0.899963,0.928931,0.918928,0.907722,0.919358,0.902256,0.903689,0.914726,0.913234,0.92581,0.919073,0.922964,0.899932,0.927965,0.903214,0.919388,0.919343,0.910924,0.91989,1.0,0.92011,0.91001,0.928523,0.917357,0.928162,0.923671,0.906834,0.933659,0.924612,0.921331,0.896673,0.914746,0.90583,0.917311,0.904091,0.918106,0.926716,0.917769,0.916255,0.924964,0.913812,0.9324,0.92776,0.926211,0.917344,0.932997,0.907223,0.911353,0.924626,0.928178,0.92105,0.920854,0.917845,0.924666,0.917438,0.91802,0.923285,0.913656,0.922914,0.931089,0.926617,0.913945,0.92881,0.926541,0.925526,0.912711,0.926311,0.936344,0.916826,0.93024,0.915604,0.919982,0.908595,0.923546,0.917104,0.930862,0.908849,0.913067,0.939876,0.936428,0.91058,0.909029,0.886203,0.922529,0.935871,0.91402,0.932404,0.91714,0.934558,0.924205,0.913215,0.901257,0.921934,0.92527,0.918177,0.920048,0.924011,0.913047,0.907925,0.911607,0.909911,0.916874,0.921907,0.913542,0.936652,0.923399,0.913578,0.91787,0.913858,0.912606,0.925025,0.907279,0.920268,0.912924,0.933068,0.915112,0.923421,0.913413,0.923624,0.903618,0.925219,0.9225,0.917618,0.933623,0.913512,0.921354,0.920105,0.933472,0.913654,0.910683
Boomerang,0.905252,0.935913,0.919233,0.904365,0.925727,0.902445,0.909753,0.91884,0.925026,0.927954,0.934888,0.941248,0.915734,0.933115,0.915375,0.92151,0.929696,0.912761,0.923982,0.92011,1.0,0.9278,0.931976,0.91995,0.934622,0.930445,0.911739,0.946313,0.924105,0.92508,0.899369,0.917439,0.922701,0.931529,0.911014,0.93546,0.927762,0.924459,0.920621,0.937831,0.929126,0.940512,0.9342,0.936641,0.923919,0.948613,0.910193,0.918316,0.937185,0.945096,0.925716,0.938249,0.924867,0.935174,0.931465,0.92226,0.935879,0.915326,0.920678,0.946557,0.936833,0.924343,0.937593,0.931731,0.92617,0.919613,0.930737,0.944835,0.915294,0.940488,0.91979,0.920913,0.912191,0.931297,0.926073,0.938922,0.923285,0.91533,0.952669,0.952002,0.915944,0.908868,0.886688,0.930601,0.946323,0.914346,0.94238,0.9264,0.941765,0.935011,0.915807,0.905003,0.92625,0.930441,0.924254,0.919401,0.937428,0.921901,0.910592,0.916985,0.909755,0.927455,0.929306,0.909425,0.948376,0.940459,0.925538,0.927461,0.914745,0.911723,0.926918,0.906636,0.931544,0.928283,0.946537,0.934215,0.924388,0.91925,0.925225,0.91537,0.938039,0.923196,0.929369,0.939369,0.928982,0.931906,0.927131,0.945229,0.923297,0.910408
Car,0.901798,0.927727,0.91107,0.895988,0.915033,0.895592,0.902904,0.911042,0.922301,0.918177,0.93319,0.935372,0.912823,0.924636,0.914715,0.913259,0.925841,0.904805,0.916735,0.91001,0.9278,1.0,0.922724,0.912199,0.926717,0.922187,0.905228,0.933959,0.91552,0.918684,0.894279,0.910068,0.921829,0.929533,0.903512,0.927568,0.916425,0.917757,0.909126,0.92862,0.92702,0.929667,0.922324,0.925531,0.917014,0.937465,0.908295,0.912391,0.93246,0.937375,0.916795,0.93717,0.919772,0.923782,0.926132,0.914768,0.93126,0.907196,0.90845,0.939738,0.923686,0.915766,0.924852,0.919786,0.916212,0.91379,0.921167,0.932179,0.907306,0.927686,0.91514,0.911302,0.911259,0.922714,0.916261,0.926942,0.926289,0.909889,0.938297,0.942224,0.90273,0.902788,0.882338,0.924054,0.93268,0.906063,0.930693,0.923253,0.930811,0.930172,0.909651,0.897709,0.91868,0.920044,0.913684,0.909366,0.927083,0.912022,0.90604,0.912913,0.900595,0.923279,0.917791,0.903041,0.934969,0.938299,0.921534,0.921587,0.906959,0.903116,0.917845,0.896689,0.918856,0.925788,0.935054,0.934257,0.913354,0.913529,0.912269,0.914802,0.927925,0.914868,0.923146,0.92709,0.923376,0.925294,0.915828,0.929661,0.919819,0.906349
Cellphone,0.906581,0.940652,0.924797,0.914406,0.931465,0.907052,0.910747,0.922862,0.92369,0.936043,0.931444,0.93503,0.910749,0.937985,0.91475,0.927961,0.929662,0.919545,0.929028,0.928523,0.931976,0.922724,1.0,0.924929,0.939609,0.934757,0.916676,0.946874,0.936275,0.93169,0.904711,0.925194,0.917313,0.928962,0.912194,0.929604,0.938729,0.926389,0.928091,0.937347,0.925527,0.944056,0.940486,0.938501,0.928136,0.946482,0.913861,0.919772,0.936149,0.941572,0.933656,0.934049,0.929353,0.936993,0.928705,0.925701,0.935151,0.921857,0.936082,0.945052,0.938773,0.925445,0.941477,0.938959,0.937849,0.922855,0.939652,0.950061,0.925185,0.944331,0.925707,0.930914,0.916425,0.935472,0.927732,0.944008,0.921466,0.921739,0.953337,0.950342,0.918192,0.918403,0.889678,0.933334,0.949331,0.92215,0.946389,0.928005,0.948563,0.93634,0.920127,0.907878,0.930875,0.937651,0.928405,0.928996,0.937068,0.922376,0.914462,0.919451,0.916879,0.927568,0.933984,0.91973,0.950115,0.937046,0.924651,0.927689,0.923177,0.919572,0.93604,0.915188,0.932497,0.923861,0.946172,0.927929,0.9332,0.923877,0.936078,0.914132,0.937616,0.932717,0.928152,0.947734,0.925783,0.932966,0.932694,0.944549,0.923132,0.916125
Cheese,0.902496,0.926188,0.924736,0.905864,0.918383,0.905388,0.910041,0.919358,0.914986,0.92164,0.921027,0.925104,0.903649,0.927655,0.905581,0.91849,0.918016,0.909458,0.920702,0.917357,0.91995,0.912199,0.924929,1.0,0.9259,0.920708,0.90697,0.931857,0.919798,0.922351,0.898518,0.915656,0.910506,0.921561,0.908724,0.920771,0.923979,0.919518,0.912877,0.9245,0.91777,0.929689,0.924365,0.923631,0.916668,0.932291,0.91079,0.916185,0.924749,0.928307,0.919182,0.922546,0.917003,0.922602,0.918688,0.916317,0.925254,0.911999,0.916613,0.930421,0.923506,0.911391,0.924994,0.924574,0.919699,0.910702,0.923438,0.932578,0.915153,0.927887,0.914881,0.913824,0.911571,0.922931,0.917223,0.928626,0.911657,0.913314,0.938099,0.9361,0.911878,0.904156,0.89337,0.923379,0.932588,0.9156,0.929046,0.917521,0.930788,0.922713,0.908867,0.905468,0.920696,0.920723,0.916598,0.916773,0.922704,0.913668,0.911752,0.91406,0.910978,0.918675,0.921104,0.908975,0.933953,0.924926,0.915187,0.922217,0.908724,0.912572,0.922329,0.907248,0.9192,0.91629,0.931781,0.915805,0.923275,0.91408,0.918352,0.906414,0.92477,0.920287,0.922106,0.92964,0.914472,0.922392,0.916828,0.930611,0.916342,0.914749
Cheesegrater,0.908705,0.940807,0.925216,0.912281,0.930954,0.908465,0.913657,0.923504,0.926154,0.935589,0.935482,0.938815,0.914552,0.938104,0.916896,0.928982,0.932662,0.920065,0.929391,0.928162,0.934622,0.926717,0.939609,0.9259,1.0,0.935685,0.917156,0.948202,0.934443,0.931723,0.905702,0.924193,0.920537,0.932227,0.914603,0.932577,0.935925,0.92867,0.926581,0.939393,0.929509,0.945077,0.939842,0.939224,0.929032,0.948503,0.915904,0.921402,0.939426,0.944534,0.931919,0.936956,0.929749,0.938194,0.931314,0.92713,0.936739,0.921353,0.932319,0.947641,0.939165,0.925974,0.941905,0.937746,0.936201,0.924627,0.938079,0.94967,0.92386,0.94321,0.925771,0.930502,0.917852,0.935821,0.929363,0.94389,0.924238,0.921226,0.954084,0.952935,0.918693,0.917073,0.891954,0.934263,0.949607,0.922381,0.946417,0.9296,0.94839,0.937883,0.92172,0.909591,0.931482,0.938018,0.928925,0.927502,0.938731,0.924413,0.915706,0.921112,0.917166,0.930244,0.93441,0.920565,0.950662,0.940049,0.927406,0.9303,0.922817,0.917818,0.934744,0.914549,0.934221,0.926522,0.948111,0.932031,0.932001,0.925166,0.934032,0.916704,0.938819,0.931865,0.930326,0.946652,0.928075,0.934705,0.932671,0.945671,0.926446,0.917681
Christmasstreeornament,0.903921,0.937807,0.919622,0.908351,0.924644,0.902734,0.906766,0.917352,0.921857,0.932278,0.930524,0.933404,0.908306,0.932014,0.91356,0.925671,0.929099,0.916217,0.9245,0.923671,0.930445,0.922187,0.934757,0.920708,0.935685,1.0,0.912456,0.943916,0.929544,0.9261,0.900825,0.916585,0.91541,0.925715,0.90859,0.926439,0.929839,0.92263,0.922765,0.933196,0.92316,0.941379,0.934666,0.934003,0.926709,0.942582,0.911939,0.915631,0.93375,0.939239,0.927975,0.932975,0.924815,0.9326,0.927663,0.922792,0.932566,0.916725,0.927023,0.943034,0.933994,0.923063,0.936737,0.932305,0.931135,0.920854,0.933809,0.946704,0.918014,0.938288,0.921631,0.926262,0.914767,0.931977,0.924411,0.940337,0.921372,0.914976,0.950719,0.947004,0.911304,0.917014,0.887538,0.929541,0.94643,0.916709,0.940982,0.925407,0.943593,0.934573,0.919239,0.904336,0.92647,0.935221,0.923188,0.922733,0.933817,0.917363,0.910878,0.918014,0.911449,0.924933,0.929342,0.916616,0.946285,0.935386,0.921221,0.923643,0.919302,0.913896,0.928971,0.909304,0.929262,0.923012,0.943214,0.929022,0.924772,0.921601,0.929424,0.911823,0.934942,0.928043,0.924344,0.941758,0.924501,0.93064,0.928809,0.942706,0.923077,0.912937
Clock,0.891378,0.917917,0.908378,0.895038,0.90962,0.894124,0.896198,0.90533,0.905082,0.912712,0.912669,0.915835,0.894845,0.916071,0.897543,0.907274,0.909737,0.899283,0.909106,0.906834,0.911739,0.905228,0.916676,0.90697,0.917156,0.912456,1.0,0.923316,0.912118,0.910734,0.888948,0.903992,0.901809,0.911177,0.895259,0.912012,0.914422,0.908096,0.904518,0.91628,0.908321,0.920211,0.917268,0.915602,0.906837,0.923801,0.897725,0.905248,0.9161,0.92029,0.910707,0.914935,0.90803,0.915251,0.909638,0.905674,0.915143,0.901601,0.91026,0.922639,0.915477,0.904717,0.918087,0.915908,0.913163,0.9019,0.915558,0.924946,0.905187,0.920532,0.905884,0.907006,0.898538,0.913663,0.907082,0.920311,0.903729,0.902799,0.929718,0.927429,0.899501,0.896896,0.879614,0.912991,0.925741,0.90312,0.922097,0.908053,0.923841,0.914953,0.89946,0.892614,0.909683,0.913473,0.907416,0.907582,0.915208,0.902821,0.898785,0.901964,0.89944,0.908542,0.912044,0.900463,0.92562,0.917048,0.905988,0.910258,0.901251,0.899625,0.912616,0.895722,0.911328,0.906268,0.923072,0.909579,0.911205,0.903963,0.911027,0.897324,0.915917,0.910846,0.910478,0.922705,0.907074,0.912589,0.910096,0.920924,0.905099,0.901547
Coatrack,0.91475,0.946308,0.93144,0.916856,0.939732,0.91283,0.92067,0.931026,0.933474,0.94313,0.945484,0.950627,0.921789,0.945681,0.923015,0.935722,0.940768,0.925809,0.936056,0.933659,0.946313,0.933959,0.946874,0.931857,0.948202,0.943916,0.923316,1.0,0.93929,0.937112,0.910089,0.93065,0.92796,0.941281,0.922186,0.943872,0.943019,0.935486,0.935115,0.94988,0.938028,0.95594,0.950985,0.951159,0.936154,0.96243,0.919106,0.928126,0.946458,0.956892,0.937546,0.946195,0.935444,0.948426,0.939594,0.931785,0.943727,0.928302,0.937979,0.960033,0.952716,0.934507,0.953545,0.948139,0.940624,0.930596,0.945846,0.963241,0.929049,0.955885,0.930997,0.936612,0.920786,0.944518,0.941036,0.955471,0.930667,0.926866,0.975181,0.967404,0.930783,0.921383,0.896668,0.942092,0.968119,0.927262,0.960096,0.93585,0.957893,0.944214,0.925944,0.916151,0.936153,0.950776,0.939796,0.932074,0.950462,0.933049,0.920289,0.925858,0.923433,0.937731,0.946442,0.921566,0.968654,0.949334,0.934779,0.938125,0.926728,0.92587,0.940835,0.919364,0.944732,0.932532,0.963237,0.939821,0.938719,0.932353,0.943003,0.922613,0.950991,0.937079,0.938608,0.956898,0.937069,0.942832,0.942763,0.960339,0.930763,0.920575
Coffeemaker,0.901213,0.935697,0.919985,0.911443,0.925868,0.903458,0.904953,0.917032,0.917123,0.931525,0.924245,0.927312,0.903886,0.932599,0.908789,0.923221,0.923554,0.915651,0.924084,0.924612,0.924105,0.91552,0.936275,0.919798,0.934443,0.929544,0.912118,0.93929,1.0,0.927205,0.900753,0.919025,0.910515,0.921426,0.905611,0.922003,0.934344,0.920699,0.923858,0.930932,0.918335,0.937672,0.935079,0.932429,0.922597,0.93803,0.910217,0.914253,0.929318,0.93299,0.92878,0.925854,0.92405,0.930495,0.92209,0.921147,0.928339,0.917831,0.933762,0.936959,0.932316,0.919538,0.935923,0.933538,0.933838,0.917072,0.934902,0.943319,0.921717,0.937816,0.921529,0.927357,0.912097,0.930223,0.921378,0.937573,0.914531,0.917391,0.944876,0.942113,0.912839,0.915524,0.886271,0.92756,0.94212,0.91854,0.939286,0.922371,0.942995,0.930563,0.915346,0.902858,0.926859,0.931419,0.922645,0.925695,0.9296,0.916215,0.910569,0.914846,0.91313,0.920722,0.927185,0.918784,0.942408,0.929093,0.917493,0.921092,0.919387,0.914914,0.931573,0.911815,0.926047,0.917326,0.938228,0.920517,0.928402,0.918644,0.932426,0.907575,0.930484,0.929504,0.920802,0.942942,0.91885,0.926906,0.927084,0.936835,0.917583,0.912591
Coffeemug,0.907381,0.933144,0.92493,0.907769,0.922105,0.905325,0.909995,0.919554,0.920044,0.926923,0.925632,0.930522,0.907084,0.932445,0.911912,0.921634,0.922888,0.912932,0.92348,0.921331,0.92508,0.918684,0.93169,0.922351,0.931723,0.9261,0.910734,0.937112,0.927205,1.0,0.900344,0.919195,0.917021,0.924779,0.909954,0.927046,0.928054,0.922712,0.91943,0.930049,0.922812,0.934706,0.930265,0.929486,0.922074,0.937471,0.91308,0.917129,0.930561,0.934241,0.924912,0.929092,0.924016,0.928432,0.924272,0.920014,0.930771,0.914391,0.922987,0.935929,0.930162,0.918649,0.930379,0.929737,0.925958,0.915644,0.930046,0.937808,0.91672,0.935147,0.920295,0.91938,0.917656,0.929032,0.921306,0.933567,0.919178,0.917641,0.942813,0.941144,0.912135,0.909778,0.89027,0.928213,0.937422,0.917382,0.935707,0.922516,0.937582,0.930225,0.913893,0.90549,0.926357,0.925644,0.920468,0.920257,0.928057,0.916458,0.912834,0.917154,0.912262,0.922403,0.923671,0.91262,0.939332,0.930329,0.921591,0.926099,0.914767,0.914146,0.927977,0.907581,0.923754,0.921227,0.936914,0.922095,0.926481,0.918247,0.924236,0.910123,0.931046,0.924902,0.925323,0.936065,0.920955,0.928534,0.92251,0.9348,0.920009,0.915636
Compass,0.883054,0.905102,0.897332,0.885633,0.903663,0.884905,0.892544,0.897479,0.895154,0.900304,0.902549,0.904134,0.890478,0.906091,0.887393,0.896008,0.898849,0.889413,0.900025,0.896673,0.899369,0.894279,0.904711,0.898518,0.905702,0.900825,0.888948,0.910089,0.900753,0.900344,1.0,0.900677,0.890998,0.904781,0.887885,0.900107,0.90346,0.904056,0.892944,0.905276,0.898055,0.908258,0.904014,0.90342,0.895507,0.912357,0.889497,0.896617,0.905424,0.908062,0.89798,0.903103,0.89771,0.902666,0.898548,0.894368,0.904401,0.892623,0.898291,0.910106,0.902626,0.892852,0.904583,0.903231,0.900147,0.89211,0.903765,0.910196,0.896119,0.906179,0.896079,0.895262,0.890087,0.901029,0.897767,0.9066,0.893522,0.894511,0.916093,0.915545,0.891563,0.884733,0.871985,0.902084,0.911523,0.896166,0.907685,0.897856,0.909877,0.904213,0.88928,0.885284,0.899168,0.900861,0.89652,0.896979,0.90318,0.896788,0.889248,0.892223,0.891091,0.902032,0.903973,0.890606,0.911538,0.904972,0.895362,0.900605,0.890628,0.89023,0.901344,0.888035,0.899924,0.895921,0.910891,0.89759,0.902061,0.893309,0.897899,0.891733,0.903488,0.899873,0.900434,0.907802,0.894902,0.901,0.897109,0.907712,0.894994,0.895115
Computertower,0.899646,0.923213,0.915907,0.903118,0.922812,0.898635,0.908246,0.915954,0.912102,0.919223,0.920382,0.922394,0.905161,0.926901,0.901752,0.912399,0.91494,0.905045,0.918705,0.914746,0.917439,0.910068,0.925194,0.915656,0.924193,0.916585,0.903992,0.93065,0.919025,0.919195,0.900677,1.0,0.907441,0.923387,0.905067,0.918166,0.925048,0.920847,0.910244,0.92363,0.914863,0.926788,0.923203,0.922708,0.91174,0.932421,0.903761,0.911469,0.9226,0.926729,0.916746,0.919405,0.915982,0.921403,0.915217,0.912669,0.922068,0.909133,0.915678,0.929349,0.922279,0.909465,0.92339,0.92223,0.91892,0.907241,0.921433,0.930673,0.913159,0.926202,0.912359,0.912003,0.904222,0.918779,0.914308,0.925801,0.908019,0.913283,0.937313,0.935908,0.9108,0.897947,0.883714,0.920255,0.931564,0.912975,0.92818,0.914443,0.929335,0.920436,0.904899,0.900599,0.918375,0.918239,0.915103,0.914627,0.921415,0.915171,0.904198,0.906916,0.909045,0.918996,0.923807,0.906402,0.932548,0.922358,0.91253,0.918916,0.907118,0.910156,0.922171,0.904234,0.918131,0.911026,0.930756,0.913974,0.923777,0.910113,0.915118,0.907644,0.922583,0.916333,0.918956,0.927677,0.911891,0.918603,0.914744,0.927976,0.909683,0.908193
Controller,0.900528,0.922383,0.911421,0.894104,0.910137,0.895343,0.900982,0.909747,0.916999,0.911988,0.925659,0.929565,0.908949,0.921139,0.910981,0.909259,0.917878,0.899691,0.912677,0.90583,0.922701,0.921829,0.917313,0.910506,0.920537,0.91541,0.901809,0.92796,0.910515,0.917021,0.890998,0.907441,1.0,0.922434,0.900592,0.925556,0.911961,0.914497,0.905917,0.923171,0.922687,0.922241,0.917664,0.920276,0.912524,0.931253,0.905605,0.9111,0.925576,0.931066,0.912552,0.929389,0.915957,0.920627,0.922215,0.91101,0.925464,0.90359,0.902219,0.931831,0.920254,0.912962,0.918611,0.915869,0.909726,0.906205,0.917478,0.924872,0.902492,0.924762,0.911943,0.904865,0.90899,0.918755,0.909717,0.920575,0.921139,0.908342,0.932774,0.935051,0.900319,0.896805,0.881346,0.920854,0.925422,0.903829,0.924926,0.917209,0.924377,0.924194,0.904489,0.896205,0.916089,0.91192,0.909148,0.904875,0.922141,0.907994,0.904221,0.909419,0.898668,0.91677,0.911374,0.898401,0.928565,0.929825,0.917068,0.918843,0.902118,0.903071,0.912755,0.8936,0.915815,0.922152,0.928908,0.925454,0.910776,0.908647,0.90581,0.90735,0.92564,0.909804,0.919402,0.920555,0.920979,0.920873,0.910879,0.924648,0.914162,0.905892
Couch,0.906573,0.930784,0.921553,0.903457,0.927786,0.90433,0.916301,0.92091,0.925149,0.924265,0.93794,0.939927,0.920669,0.932862,0.915201,0.919161,0.928252,0.910842,0.924483,0.917311,0.931529,0.929533,0.928962,0.921561,0.932227,0.925715,0.911177,0.941281,0.921426,0.924779,0.904781,0.923387,0.922434,1.0,0.912911,0.933033,0.925866,0.93005,0.914136,0.934767,0.931578,0.936185,0.928949,0.93159,0.92028,0.945389,0.912245,0.921144,0.936353,0.943279,0.922467,0.938383,0.924117,0.930029,0.928434,0.919276,0.934757,0.91411,0.916519,0.944362,0.930378,0.918512,0.931222,0.927547,0.921646,0.917212,0.926192,0.93868,0.916097,0.933419,0.919786,0.917109,0.913394,0.927247,0.924887,0.933411,0.924333,0.917705,0.946937,0.94956,0.916103,0.903939,0.891015,0.92927,0.940195,0.915917,0.93669,0.92631,0.936247,0.931802,0.912444,0.906517,0.923809,0.926101,0.921766,0.916357,0.932923,0.923864,0.91234,0.916974,0.911854,0.933023,0.930957,0.908479,0.942179,0.940374,0.92591,0.929531,0.910328,0.911013,0.925401,0.905235,0.926253,0.926214,0.942429,0.933223,0.924204,0.918629,0.918787,0.922354,0.932613,0.920921,0.931135,0.933919,0.926435,0.929844,0.921611,0.937367,0.921656,0.913151
Cushion,0.894413,0.912671,0.909782,0.890814,0.907264,0.893342,0.901699,0.909828,0.904719,0.908147,0.912032,0.916472,0.89545,0.915319,0.895005,0.905721,0.908104,0.896479,0.908301,0.904091,0.911014,0.903512,0.912194,0.908724,0.914603,0.90859,0.895259,0.922186,0.905611,0.909954,0.887885,0.905067,0.900592,0.912911,1.0,0.912205,0.910541,0.908673,0.899938,0.914878,0.908923,0.917748,0.913248,0.913091,0.903922,0.923726,0.897666,0.90376,0.914755,0.919232,0.905153,0.913054,0.905476,0.912555,0.908456,0.903289,0.914673,0.898525,0.901591,0.920931,0.913183,0.900022,0.913412,0.911411,0.905699,0.899856,0.909953,0.921117,0.901238,0.91588,0.902062,0.900737,0.898533,0.90987,0.906823,0.916832,0.901328,0.90178,0.928444,0.927471,0.902222,0.888977,0.880987,0.911132,0.921894,0.903654,0.918175,0.906156,0.91878,0.911292,0.897015,0.895457,0.908421,0.909211,0.905286,0.902937,0.913653,0.903849,0.899119,0.901434,0.898762,0.908855,0.910222,0.893955,0.923444,0.915644,0.905848,0.913484,0.896009,0.899164,0.909181,0.89391,0.909859,0.904757,0.922553,0.906751,0.910845,0.903018,0.904631,0.896988,0.914087,0.906343,0.913268,0.916573,0.904716,0.911123,0.90491,0.919666,0.903944,0.90295
Desk,0.910163,0.932697,0.921588,0.903227,0.924881,0.905127,0.913478,0.919984,0.925331,0.924435,0.933764,0.942611,0.915074,0.933369,0.916955,0.920784,0.926859,0.910993,0.923402,0.918106,0.93546,0.927568,0.929604,0.920771,0.932577,0.926439,0.912012,0.943872,0.922003,0.927046,0.900107,0.918166,0.925556,0.933033,0.912205,1.0,0.92622,0.925547,0.918473,0.937224,0.931682,0.936782,0.931722,0.934414,0.921891,0.946547,0.911838,0.920343,0.936536,0.944366,0.923227,0.93903,0.926269,0.932589,0.931176,0.919398,0.93421,0.9144,0.917164,0.943565,0.934321,0.92251,0.934003,0.930259,0.923248,0.917006,0.928373,0.940592,0.913514,0.937711,0.920241,0.917319,0.914923,0.930382,0.925671,0.935507,0.924538,0.917974,0.95057,0.950175,0.916401,0.904985,0.889749,0.930542,0.943225,0.915347,0.939357,0.925252,0.938277,0.93329,0.91163,0.906341,0.925852,0.925935,0.923189,0.916182,0.93417,0.920721,0.913112,0.916881,0.912519,0.926193,0.926228,0.906741,0.945422,0.939163,0.92703,0.931819,0.911009,0.909881,0.926023,0.903082,0.928793,0.927363,0.943703,0.931433,0.924454,0.91853,0.921761,0.915266,0.936964,0.921367,0.931751,0.93605,0.930514,0.932442,0.923862,0.942354,0.92178,0.912684
Door,0.903559,0.936924,0.925235,0.915116,0.930113,0.907603,0.911237,0.923228,0.918737,0.932199,0.927521,0.931421,0.907251,0.935784,0.908435,0.924055,0.925127,0.91703,0.928242,0.926716,0.927762,0.916425,0.938729,0.923979,0.935925,0.929839,0.914422,0.943019,0.934344,0.928054,0.90346,0.925048,0.911961,0.925866,0.910541,0.92622,1.0,0.923831,0.92382,0.934999,0.921812,0.940467,0.937495,0.935703,0.92303,0.943027,0.911744,0.918572,0.931464,0.93742,0.931162,0.928364,0.924955,0.93334,0.923995,0.922635,0.930589,0.920621,0.936175,0.940391,0.934827,0.920601,0.93797,0.936545,0.935682,0.918022,0.934845,0.944869,0.926081,0.940015,0.922457,0.927693,0.910887,0.93125,0.924769,0.939977,0.914692,0.920169,0.949723,0.946807,0.91958,0.912157,0.891268,0.929859,0.945454,0.922565,0.941421,0.923473,0.943439,0.930478,0.913897,0.90756,0.928454,0.932906,0.926603,0.928507,0.933073,0.920436,0.913609,0.916076,0.918312,0.923736,0.930171,0.919325,0.945829,0.931733,0.919132,0.925347,0.918302,0.917521,0.934793,0.916799,0.929368,0.917964,0.942418,0.92227,0.933996,0.920081,0.932368,0.909895,0.932738,0.931196,0.925493,0.943708,0.920968,0.928767,0.928381,0.94293,0.91863,0.915091
Doorknob,0.904141,0.928373,0.919604,0.903894,0.925505,0.903925,0.912606,0.917735,0.918651,0.922481,0.926671,0.929849,0.912869,0.929605,0.909252,0.917991,0.921416,0.908885,0.920945,0.917769,0.924459,0.917757,0.926389,0.919518,0.92867,0.92263,0.908096,0.935486,0.920699,0.922712,0.904056,0.920847,0.914497,0.93005,0.908673,0.925547,0.923831,1.0,0.913676,0.928828,0.921455,0.931427,0.926473,0.927022,0.917371,0.937608,0.909434,0.916624,0.92956,0.93387,0.919317,0.927619,0.919665,0.925559,0.922145,0.916685,0.928092,0.911914,0.916665,0.93512,0.926906,0.915241,0.927991,0.92526,0.921071,0.913179,0.924968,0.934754,0.914407,0.930289,0.916331,0.915444,0.911327,0.924244,0.920297,0.929765,0.916195,0.914836,0.942034,0.941188,0.912305,0.903705,0.888334,0.92524,0.936099,0.914951,0.93228,0.920133,0.933135,0.927161,0.910614,0.904446,0.921987,0.922642,0.918713,0.915866,0.926672,0.92003,0.908979,0.913734,0.910375,0.925484,0.92753,0.908137,0.937479,0.92956,0.919238,0.924243,0.910133,0.911032,0.922961,0.905158,0.922077,0.92011,0.935996,0.921417,0.923216,0.914655,0.918806,0.91392,0.928102,0.919958,0.924103,0.931268,0.918593,0.924847,0.919517,0.93333,0.917419,0.912979
Drill,0.895235,0.928997,0.912941,0.902274,0.919027,0.898455,0.898879,0.9099,0.911074,0.923499,0.917078,0.921504,0.896849,0.92541,0.903271,0.916705,0.916324,0.907804,0.916397,0.916255,0.920621,0.909126,0.928091,0.912877,0.926581,0.922765,0.904518,0.935115,0.923858,0.91943,0.892944,0.910244,0.905917,0.914136,0.899938,0.918473,0.92382,0.913676,1.0,0.925795,0.911528,0.931207,0.929256,0.926935,0.917329,0.933051,0.902252,0.907592,0.922536,0.92763,0.920239,0.919966,0.916576,0.925962,0.916874,0.912085,0.921655,0.909053,0.922368,0.930889,0.929034,0.915262,0.930699,0.927435,0.923272,0.910602,0.928072,0.938032,0.910778,0.934067,0.913886,0.91911,0.905482,0.925022,0.916023,0.9323,0.909413,0.910544,0.941669,0.936859,0.907125,0.908347,0.879558,0.920965,0.938306,0.909935,0.9349,0.914753,0.937212,0.923718,0.908887,0.89639,0.919848,0.925738,0.916571,0.916205,0.92493,0.909285,0.904433,0.907578,0.906629,0.914481,0.922209,0.90807,0.938902,0.922551,0.913453,0.915545,0.913676,0.906699,0.922602,0.902681,0.922452,0.910483,0.933992,0.913615,0.920664,0.912197,0.925842,0.90085,0.92685,0.920316,0.915234,0.935297,0.914266,0.921257,0.922613,0.93378,0.911097,0.904682
Dryingrack,0.908643,0.938612,0.923591,0.910127,0.931456,0.907801,0.9157,0.923204,0.927168,0.932114,0.937395,0.942735,0.91775,0.93863,0.917065,0.925201,0.93218,0.917104,0.929249,0.924964,0.937831,0.92862,0.937347,0.9245,0.939393,0.933196,0.91628,0.94988,0.930932,0.930049,0.905276,0.92363,0.923171,0.934767,0.914878,0.937224,0.934999,0.928828,0.925795,1.0,0.931871,0.943985,0.93926,0.940848,0.927051,0.952263,0.913943,0.922166,0.940013,0.94812,0.929718,0.939735,0.929433,0.938559,0.932947,0.924369,0.937034,0.921592,0.9283,0.949449,0.940295,0.926544,0.941506,0.936978,0.93122,0.923185,0.935809,0.947083,0.922453,0.943531,0.925064,0.926049,0.915456,0.934554,0.930724,0.942382,0.925138,0.921894,0.956217,0.955916,0.921351,0.911973,0.891579,0.934168,0.950186,0.921293,0.946071,0.929738,0.945569,0.937755,0.918475,0.909538,0.930426,0.934088,0.929334,0.924996,0.940543,0.925643,0.914719,0.920095,0.91749,0.930644,0.931672,0.916238,0.951389,0.942058,0.928239,0.931865,0.919835,0.914195,0.933085,0.912652,0.935847,0.926881,0.94985,0.933643,0.931875,0.92333,0.930942,0.917202,0.940218,0.928714,0.931451,0.943927,0.930859,0.934938,0.930973,0.948909,0.924636,0.915936
Dumbbell,0.906224,0.928222,0.918472,0.899758,0.919228,0.90199,0.908509,0.916403,0.922503,0.920525,0.933969,0.937668,0.914941,0.928931,0.914849,0.915933,0.926114,0.90722,0.920443,0.913812,0.929126,0.92702,0.925527,0.91777,0.929509,0.92316,0.908321,0.938028,0.918335,0.922812,0.898055,0.914863,0.922687,0.931578,0.908923,0.931682,0.921812,0.921455,0.911528,0.931871,1.0,0.933316,0.925452,0.9292,0.918179,0.942147,0.91082,0.917797,0.934929,0.940835,0.920045,0.936804,0.921966,0.926452,0.927795,0.917689,0.932086,0.912602,0.912531,0.941938,0.926935,0.916695,0.927872,0.923476,0.918744,0.916023,0.922948,0.933952,0.912206,0.929862,0.917099,0.912903,0.912633,0.924421,0.92151,0.929539,0.92323,0.913304,0.942785,0.946541,0.91045,0.900998,0.888156,0.926795,0.935924,0.910781,0.933002,0.923672,0.93213,0.930116,0.909441,0.90248,0.922265,0.921534,0.91781,0.913067,0.930793,0.917015,0.910756,0.914954,0.907051,0.924874,0.921556,0.905107,0.938233,0.938115,0.923193,0.926669,0.908641,0.906143,0.921505,0.900185,0.923154,0.925104,0.938807,0.930842,0.919355,0.91529,0.915056,0.913899,0.931184,0.917549,0.927366,0.929261,0.92551,0.928266,0.917616,0.935159,0.921504,0.910688
Dustpan,0.91079,0.944691,0.929189,0.915996,0.934357,0.910371,0.915897,0.926243,0.930087,0.940848,0.939346,0.943636,0.917385,0.943052,0.91937,0.933429,0.937907,0.923139,0.933607,0.9324,0.940512,0.929667,0.944056,0.929689,0.945077,0.941379,0.920211,0.95594,0.937672,0.934706,0.908258,0.926788,0.922241,0.936185,0.917748,0.936782,0.940467,0.931427,0.931207,0.943985,0.933316,1.0,0.943875,0.945046,0.932826,0.954855,0.916942,0.925309,0.943719,0.950385,0.936046,0.942063,0.932926,0.94181,0.934898,0.931504,0.940882,0.926696,0.936095,0.95362,0.944322,0.929739,0.947384,0.942399,0.939865,0.930391,0.94114,0.956232,0.927725,0.947068,0.929017,0.93504,0.919934,0.939372,0.936562,0.949835,0.925039,0.924277,0.963269,0.95923,0.924408,0.919837,0.893667,0.938671,0.957806,0.925236,0.951558,0.933589,0.95269,0.941362,0.926699,0.912179,0.934137,0.945187,0.93452,0.930908,0.94491,0.929051,0.918274,0.923889,0.921122,0.934848,0.938943,0.923379,0.958007,0.944806,0.931109,0.933472,0.925884,0.921224,0.939833,0.918319,0.937566,0.930116,0.955342,0.936116,0.935779,0.927467,0.939045,0.9199,0.943181,0.935766,0.934569,0.951448,0.932386,0.93979,0.935858,0.95414,0.928967,0.918981
Fan,0.907042,0.939601,0.924976,0.913122,0.932216,0.90841,0.912471,0.924325,0.922897,0.935616,0.931849,0.936739,0.909922,0.937161,0.914091,0.927991,0.929803,0.920159,0.928558,0.92776,0.9342,0.922324,0.940486,0.924365,0.939842,0.934666,0.917268,0.950985,0.935079,0.930265,0.904014,0.923203,0.917664,0.928949,0.913248,0.931722,0.937495,0.926473,0.929256,0.93926,0.925452,0.943875,1.0,0.940351,0.928472,0.948432,0.91355,0.920039,0.93555,0.942735,0.932414,0.93356,0.927784,0.939699,0.929021,0.924059,0.934035,0.921205,0.935444,0.946119,0.942133,0.926365,0.944677,0.941012,0.936323,0.921084,0.940491,0.953531,0.924475,0.947688,0.925101,0.930318,0.914688,0.936961,0.928739,0.946736,0.921167,0.920716,0.95849,0.952791,0.92011,0.917851,0.890931,0.933044,0.954289,0.921692,0.949773,0.926771,0.950547,0.935371,0.918243,0.909255,0.929711,0.93966,0.930115,0.929257,0.938173,0.922486,0.914911,0.918673,0.917744,0.927153,0.937048,0.918579,0.954663,0.936774,0.924747,0.928352,0.922216,0.920456,0.934591,0.914801,0.935973,0.922463,0.9488,0.927453,0.93312,0.925363,0.937191,0.912998,0.940035,0.932167,0.928681,0.950185,0.92601,0.932861,0.935824,0.947735,0.922299,0.916282
Faucet,0.907295,0.938617,0.922525,0.91031,0.931312,0.905681,0.911857,0.922383,0.924825,0.933492,0.93536,0.940107,0.914356,0.937553,0.914827,0.926609,0.931585,0.917598,0.928124,0.926211,0.936641,0.925531,0.938501,0.923631,0.939224,0.934003,0.915602,0.951159,0.932429,0.929486,0.90342,0.922708,0.920276,0.93159,0.913091,0.934414,0.935703,0.927022,0.926935,0.940848,0.9292,0.945046,0.940351,1.0,0.927152,0.951533,0.912303,0.919928,0.936994,0.946276,0.929893,0.937424,0.927975,0.938772,0.931279,0.924462,0.935274,0.92264,0.930598,0.949023,0.941198,0.926098,0.943426,0.937924,0.933402,0.923557,0.936477,0.950223,0.923225,0.944333,0.924072,0.927826,0.913931,0.934747,0.931047,0.944087,0.922323,0.919827,0.957982,0.955556,0.92113,0.913361,0.889339,0.93349,0.9526,0.919966,0.947622,0.928185,0.947266,0.936401,0.919111,0.907905,0.930453,0.937269,0.92942,0.926359,0.940621,0.924989,0.91366,0.918621,0.916046,0.929043,0.934587,0.91678,0.953152,0.940177,0.926241,0.929005,0.920252,0.916162,0.933329,0.913046,0.935014,0.924423,0.95033,0.931434,0.931078,0.922817,0.932345,0.914672,0.939455,0.929146,0.929332,0.94568,0.928767,0.934535,0.932323,0.949436,0.922932,0.913807
Flower,0.901084,0.931923,0.917778,0.903381,0.918457,0.899144,0.902928,0.913473,0.916519,0.924784,0.923781,0.927453,0.90306,0.926769,0.909782,0.918652,0.921303,0.911702,0.919211,0.917344,0.923919,0.917014,0.928136,0.916668,0.929032,0.926709,0.906837,0.936154,0.922597,0.922074,0.895507,0.91174,0.912524,0.92028,0.903922,0.921891,0.92303,0.917371,0.917329,0.927051,0.918179,0.932826,0.928472,0.927152,1.0,0.934952,0.909239,0.910961,0.92748,0.932362,0.922229,0.927059,0.919485,0.926964,0.922519,0.916404,0.92686,0.910731,0.919818,0.935011,0.928293,0.918118,0.929757,0.92737,0.923913,0.913689,0.928885,0.938467,0.911993,0.9345,0.917333,0.918389,0.912321,0.927609,0.917726,0.933225,0.918594,0.910273,0.941766,0.93906,0.90491,0.911657,0.885349,0.92436,0.937229,0.911391,0.934864,0.919386,0.936859,0.928661,0.9123,0.900075,0.921664,0.926713,0.916559,0.917549,0.926684,0.911283,0.908504,0.914322,0.907667,0.918937,0.92288,0.91065,0.938949,0.928797,0.916645,0.919131,0.913741,0.909607,0.922872,0.903832,0.923136,0.918051,0.935351,0.922165,0.919942,0.91768,0.923549,0.90665,0.929536,0.922066,0.919519,0.934501,0.919207,0.924935,0.922858,0.933175,0.918641,0.909973
Flute,0.9158,0.946503,0.931274,0.915612,0.940393,0.913944,0.923103,0.931394,0.935939,0.940477,0.947891,0.953304,0.926394,0.947137,0.924718,0.934201,0.942852,0.924376,0.937346,0.932997,0.948613,0.937465,0.946482,0.932291,0.948503,0.942582,0.923801,0.96243,0.93803,0.937471,0.912357,0.932421,0.931253,0.945389,0.923726,0.946547,0.943027,0.937608,0.933051,0.952263,0.942147,0.954855,0.948432,0.951533,0.934952,1.0,0.919721,0.930577,0.948717,0.960001,0.936927,0.949942,0.937053,0.949211,0.943043,0.932641,0.946194,0.929664,0.935293,0.965739,0.951681,0.934346,0.952071,0.946264,0.938804,0.93213,0.94337,0.959327,0.929316,0.952816,0.931474,0.934361,0.92156,0.943428,0.941291,0.953044,0.932552,0.928192,0.969394,0.975022,0.931949,0.918408,0.897412,0.943458,0.962512,0.927787,0.957544,0.937814,0.955788,0.945785,0.926714,0.916994,0.938233,0.945737,0.938281,0.931477,0.953746,0.93593,0.920789,0.927605,0.923064,0.940782,0.944824,0.921658,0.964296,0.952649,0.936513,0.94043,0.925874,0.922104,0.940337,0.919052,0.945705,0.934783,0.963949,0.943598,0.939023,0.931035,0.939136,0.925448,0.950541,0.935673,0.940917,0.953762,0.940344,0.943894,0.940396,0.960213,0.931979,0.921002
Fossils,0.897403,0.91927,0.914789,0.896841,0.90576,0.897755,0.90131,0.909981,0.908258,0.911427,0.913366,0.917292,0.896448,0.915779,0.901242,0.908618,0.910526,0.9016,0.910781,0.907223,0.910193,0.908295,0.913861,0.91079,0.915904,0.911939,0.897725,0.919106,0.910217,0.91308,0.889497,0.903761,0.905605,0.912245,0.897666,0.911838,0.911744,0.909434,0.902252,0.913943,0.91082,0.916942,0.91355,0.912303,0.909239,0.919721,1.0,0.904829,0.916861,0.917875,0.910557,0.915689,0.909354,0.911827,0.912233,0.907857,0.918896,0.902121,0.904886,0.92002,0.911733,0.903974,0.912752,0.912451,0.910363,0.901861,0.913616,0.919315,0.905685,0.917277,0.908403,0.902865,0.908601,0.914608,0.905388,0.916699,0.909597,0.903917,0.923512,0.923734,0.895867,0.900069,0.887567,0.913693,0.918717,0.90523,0.917312,0.910418,0.918893,0.916389,0.90112,0.895802,0.91247,0.908747,0.904946,0.908267,0.910887,0.901763,0.906002,0.90945,0.899814,0.909138,0.907392,0.902561,0.921023,0.917385,0.906479,0.913029,0.900896,0.902912,0.911655,0.896214,0.907562,0.910829,0.918761,0.911445,0.911188,0.908123,0.905842,0.899246,0.914632,0.911335,0.912484,0.917102,0.906957,0.913238,0.906214,0.91669,0.91102,0.910306
Frisbee,0.899484,0.920829,0.918871,0.899939,0.915509,0.90501,0.906178,0.913385,0.91271,0.915483,0.920622,0.92324,0.904394,0.923776,0.904529,0.91261,0.915388,0.903061,0.916243,0.911353,0.918316,0.912391,0.919772,0.916185,0.921402,0.915631,0.905248,0.928126,0.914253,0.917129,0.896617,0.911469,0.9111,0.921144,0.90376,0.920343,0.918572,0.916624,0.907592,0.922166,0.917797,0.925309,0.920039,0.919928,0.910961,0.930577,0.904829,1.0,0.9226,0.926925,0.914234,0.92231,0.913429,0.919187,0.916054,0.911162,0.922263,0.907373,0.91117,0.928974,0.919588,0.909074,0.920835,0.92011,0.914024,0.907067,0.918222,0.927444,0.91026,0.923643,0.910775,0.909146,0.905914,0.91794,0.913937,0.923489,0.910339,0.909869,0.934443,0.934335,0.90762,0.897199,0.890489,0.919772,0.929147,0.91003,0.925231,0.914425,0.926262,0.918998,0.904128,0.901325,0.914958,0.915372,0.912799,0.910417,0.920535,0.910999,0.906948,0.908564,0.907695,0.916863,0.917569,0.90359,0.930015,0.923674,0.913998,0.919338,0.903693,0.904714,0.917076,0.900592,0.91625,0.914925,0.928698,0.915417,0.917578,0.908103,0.912397,0.905469,0.921222,0.914425,0.919634,0.924742,0.914105,0.919243,0.912309,0.92578,0.911748,0.909285
Fryingpan,0.911198,0.940476,0.924922,0.909513,0.928294,0.908479,0.9148,0.922666,0.930092,0.932162,0.938811,0.942899,0.91852,0.937592,0.920915,0.92606,0.933819,0.91684,0.928994,0.924626,0.937185,0.93246,0.936149,0.924749,0.939426,0.93375,0.9161,0.946458,0.929318,0.930561,0.905424,0.9226,0.925576,0.936353,0.914755,0.936536,0.931464,0.92956,0.922536,0.940013,0.934929,0.943719,0.93555,0.936994,0.92748,0.948717,0.916861,0.9226,1.0,0.948007,0.929961,0.942188,0.930278,0.935803,0.933898,0.926773,0.940043,0.919895,0.924509,0.948447,0.93607,0.925342,0.938065,0.933489,0.93073,0.924773,0.934442,0.945575,0.921403,0.939583,0.925835,0.925203,0.919842,0.934233,0.929099,0.940372,0.928487,0.921622,0.951969,0.952819,0.916763,0.913261,0.891942,0.934798,0.946974,0.920088,0.942961,0.931872,0.943403,0.939392,0.920624,0.90899,0.930661,0.934002,0.926996,0.923127,0.938416,0.923852,0.916375,0.922395,0.91488,0.931896,0.930613,0.915977,0.948142,0.945074,0.929729,0.932831,0.919982,0.914987,0.932268,0.909985,0.931543,0.931782,0.947114,0.937027,0.928786,0.924178,0.927664,0.920117,0.939137,0.928082,0.933623,0.941162,0.931271,0.936409,0.92826,0.943933,0.928645,0.917421
Glasses,0.914146,0.943203,0.927537,0.911082,0.934747,0.908862,0.918576,0.926463,0.934255,0.936293,0.948682,0.951931,0.923917,0.942498,0.924305,0.930131,0.939653,0.921324,0.933092,0.928178,0.945096,0.937375,0.941572,0.928307,0.944534,0.939239,0.92029,0.956892,0.93299,0.934241,0.908062,0.926729,0.931066,0.943279,0.919232,0.944366,0.93742,0.93387,0.92763,0.94812,0.940835,0.950385,0.942735,0.946276,0.932362,0.960001,0.917875,0.926925,0.948007,1.0,0.934204,0.950441,0.934142,0.944227,0.940147,0.929551,0.942806,0.924986,0.929985,0.958802,0.945604,0.9322,0.946819,0.941172,0.934943,0.928737,0.939535,0.954438,0.924689,0.947796,0.929185,0.930596,0.920703,0.939542,0.936714,0.948044,0.934242,0.924062,0.962114,0.964121,0.925257,0.915809,0.894118,0.939476,0.956067,0.923114,0.952413,0.935532,0.950786,0.944091,0.923101,0.912352,0.934644,0.940952,0.933356,0.926302,0.947639,0.930132,0.918377,0.925357,0.919165,0.93769,0.939123,0.918337,0.958264,0.950827,0.933861,0.936966,0.921884,0.916743,0.935596,0.913627,0.940228,0.93379,0.957381,0.94437,0.933148,0.928573,0.933827,0.923418,0.946742,0.93197,0.937573,0.94847,0.939168,0.941707,0.935914,0.954157,0.930762,0.918419
Glove,0.900614,0.936246,0.921419,0.909417,0.922664,0.902641,0.905207,0.917,0.916953,0.92881,0.924919,0.928635,0.903963,0.930179,0.910043,0.92011,0.921809,0.914187,0.922895,0.92105,0.925716,0.916795,0.933656,0.919182,0.931919,0.927975,0.910707,0.937546,0.92878,0.924912,0.89798,0.916746,0.912552,0.922467,0.905153,0.923227,0.931162,0.919317,0.920239,0.929718,0.920045,0.936046,0.932414,0.929893,0.922229,0.936927,0.910557,0.914234,0.929961,0.934204,1.0,0.927917,0.922534,0.9291,0.922757,0.920232,0.929087,0.914852,0.928239,0.936553,0.929937,0.919959,0.932792,0.931255,0.93119,0.914491,0.932418,0.940227,0.918892,0.937172,0.920204,0.923091,0.911566,0.929286,0.919155,0.935684,0.917682,0.914369,0.943063,0.94079,0.909242,0.913864,0.88701,0.926823,0.939095,0.915757,0.937183,0.9212,0.93986,0.930208,0.911724,0.902371,0.924336,0.927837,0.919962,0.923883,0.927679,0.913778,0.911006,0.914904,0.912276,0.920309,0.92436,0.915206,0.940783,0.929682,0.916735,0.921275,0.916062,0.913742,0.92938,0.909013,0.924126,0.918488,0.936337,0.922413,0.925977,0.918421,0.927699,0.907806,0.930391,0.927043,0.921878,0.939776,0.920398,0.926784,0.924643,0.935499,0.918875,0.911431
Goggles,0.909855,0.938319,0.922287,0.906278,0.9259,0.904152,0.9118,0.92018,0.930451,0.928886,0.942381,0.946182,0.92034,0.935995,0.922558,0.922948,0.934526,0.914706,0.927413,0.920854,0.938249,0.93717,0.934049,0.922546,0.936956,0.932975,0.914935,0.946195,0.925854,0.929092,0.903103,0.919405,0.929389,0.938383,0.913054,0.93903,0.928364,0.927619,0.919966,0.939735,0.936804,0.942063,0.93356,0.937424,0.927059,0.949942,0.915689,0.92231,0.942188,0.950441,0.927917,1.0,0.929305,0.935247,0.935892,0.924729,0.940182,0.918822,0.920431,0.951147,0.935593,0.926504,0.936816,0.931203,0.927366,0.923588,0.931983,0.944232,0.917445,0.939301,0.925138,0.921952,0.919636,0.933322,0.928248,0.938642,0.934531,0.918981,0.95111,0.954377,0.914986,0.911822,0.889879,0.934369,0.944781,0.916659,0.942199,0.931912,0.941651,0.940356,0.918476,0.906451,0.929108,0.931275,0.924226,0.919742,0.938628,0.922113,0.91543,0.92183,0.911989,0.93211,0.928595,0.912444,0.947391,0.947001,0.930249,0.931462,0.915895,0.911432,0.928676,0.906439,0.930529,0.933452,0.947183,0.942713,0.924716,0.922695,0.9231,0.921404,0.939135,0.925718,0.932901,0.938934,0.934953,0.936612,0.927133,0.943418,0.927652,0.91462
Grill,0.902709,0.93111,0.916965,0.904115,0.920074,0.900013,0.905926,0.914835,0.918781,0.924994,0.926332,0.931008,0.906598,0.929318,0.911205,0.918163,0.922229,0.910541,0.920574,0.917845,0.924867,0.919772,0.929353,0.917003,0.929749,0.924815,0.90803,0.935444,0.92405,0.924016,0.89771,0.915982,0.915957,0.924117,0.905476,0.926269,0.924955,0.919665,0.916576,0.929433,0.921966,0.932926,0.927784,0.927975,0.919485,0.937053,0.909354,0.913429,0.930278,0.934142,0.922534,0.929305,1.0,0.926524,0.923418,0.918107,0.929063,0.912122,0.919407,0.936518,0.927572,0.917289,0.928881,0.926377,0.924645,0.914368,0.927306,0.936051,0.914052,0.932046,0.918205,0.918185,0.912849,0.926055,0.918414,0.931176,0.917661,0.915289,0.940933,0.941177,0.908161,0.907919,0.884435,0.925814,0.93593,0.913382,0.933375,0.921572,0.935153,0.929669,0.912427,0.901241,0.923177,0.923392,0.917908,0.917602,0.927277,0.914414,0.908254,0.913661,0.908337,0.920324,0.921097,0.910155,0.937494,0.931022,0.9188,0.92269,0.913155,0.909196,0.925819,0.903524,0.922455,0.920377,0.935506,0.923594,0.922269,0.915567,0.920725,0.908974,0.9296,0.920938,0.92288,0.933202,0.921616,0.926273,0.919898,0.932947,0.917727,0.910154
Hairbrush,0.905572,0.938786,0.922316,0.909101,0.929737,0.905695,0.911089,0.921706,0.922955,0.931876,0.934106,0.937754,0.911219,0.935282,0.9147,0.924746,0.929016,0.917655,0.926953,0.924666,0.935174,0.923782,0.936993,0.922602,0.938194,0.9326,0.915251,0.948426,0.930495,0.928432,0.902666,0.921403,0.920627,0.930029,0.912555,0.932589,0.93334,0.925559,0.925962,0.938559,0.926452,0.94181,0.939699,0.938772,0.926964,0.949211,0.911827,0.919187,0.935803,0.944227,0.9291,0.935247,0.926524,1.0,0.929731,0.922442,0.933678,0.917315,0.928361,0.947019,0.940863,0.925352,0.941512,0.937286,0.931343,0.920584,0.93718,0.949021,0.919971,0.945178,0.923215,0.927117,0.913403,0.93559,0.927009,0.943863,0.922224,0.918799,0.954505,0.952785,0.918257,0.915178,0.889504,0.931872,0.949878,0.919542,0.947909,0.926027,0.948081,0.934917,0.917308,0.907731,0.928331,0.936486,0.927047,0.924578,0.938993,0.921226,0.911849,0.918142,0.9152,0.927599,0.934435,0.915322,0.951142,0.937712,0.924884,0.928023,0.920191,0.915169,0.930442,0.912171,0.937505,0.922834,0.948607,0.929934,0.929426,0.923526,0.932399,0.913077,0.939013,0.928384,0.928762,0.945717,0.928468,0.932564,0.933068,0.945781,0.922053,0.913776
Hairclip,0.906472,0.933287,0.918944,0.903713,0.921024,0.902056,0.907981,0.916569,0.92355,0.924324,0.93165,0.937068,0.913133,0.930298,0.91541,0.919031,0.927299,0.910625,0.921959,0.917438,0.931465,0.926132,0.928705,0.918688,0.931314,0.927663,0.909638,0.939594,0.92209,0.924272,0.898548,0.915217,0.922215,0.928434,0.908456,0.931176,0.923995,0.922145,0.916874,0.932947,0.927795,0.934898,0.929021,0.931279,0.922519,0.943043,0.912233,0.916054,0.933898,0.940147,0.922757,0.935892,0.923418,0.929731,1.0,0.92046,0.933188,0.914082,0.91682,0.942364,0.931049,0.921501,0.931528,0.926888,0.922605,0.917176,0.92753,0.937967,0.913222,0.935194,0.919551,0.916819,0.915124,0.92858,0.921559,0.933195,0.924573,0.914474,0.944712,0.946903,0.910078,0.908456,0.887716,0.928648,0.938637,0.912862,0.936511,0.924671,0.936582,0.933336,0.91428,0.903337,0.925318,0.924999,0.919477,0.916974,0.932012,0.917029,0.910521,0.917363,0.908421,0.92465,0.923634,0.909792,0.941165,0.937162,0.922682,0.925592,0.913208,0.910245,0.9239,0.9046,0.92618,0.925965,0.940241,0.931191,0.92137,0.918221,0.920174,0.913019,0.933828,0.921302,0.92592,0.933845,0.926709,0.929391,0.922646,0.938086,0.922661,0.912036
Handbag,0.899305,0.929186,0.917157,0.905417,0.915447,0.89874,0.902705,0.912883,0.915612,0.924514,0.922059,0.925931,0.904469,0.926769,0.906363,0.917681,0.921366,0.907915,0.918839,0.91802,0.92226,0.914768,0.925701,0.916317,0.92713,0.922792,0.905674,0.931785,0.921147,0.920014,0.894368,0.912669,0.91101,0.919276,0.903289,0.919398,0.922635,0.916685,0.912085,0.924369,0.917689,0.931504,0.924059,0.924462,0.916404,0.932641,0.907857,0.911162,0.926773,0.929551,0.920232,0.924729,0.918107,0.922442,0.92046,1.0,0.926575,0.912369,0.916212,0.932721,0.923304,0.913728,0.926209,0.921836,0.923841,0.91411,0.922571,0.932615,0.914493,0.927913,0.914813,0.915693,0.909761,0.922,0.915446,0.927808,0.911692,0.911605,0.936754,0.936376,0.906561,0.907147,0.883919,0.923222,0.931478,0.910754,0.929178,0.919384,0.931753,0.926234,0.913178,0.899302,0.921607,0.920457,0.915934,0.917648,0.923823,0.912847,0.906927,0.912486,0.906546,0.917758,0.917815,0.911998,0.934037,0.927505,0.914656,0.918353,0.911737,0.911368,0.923537,0.905383,0.917509,0.918281,0.931522,0.92051,0.919805,0.911945,0.917315,0.905939,0.92455,0.919695,0.918796,0.930975,0.916573,0.923005,0.917096,0.932448,0.916261,0.90888
Hat,0.911232,0.940485,0.926318,0.910813,0.926343,0.908463,0.914866,0.924364,0.929606,0.930961,0.935949,0.940414,0.917544,0.93714,0.919417,0.925615,0.932856,0.916007,0.929083,0.923285,0.935879,0.93126,0.935151,0.925254,0.936739,0.932566,0.915143,0.943727,0.928339,0.930771,0.904401,0.922068,0.925464,0.934757,0.914673,0.93421,0.930589,0.928092,0.921655,0.937034,0.932086,0.940882,0.934035,0.935274,0.92686,0.946194,0.918896,0.922263,0.940043,0.942806,0.929087,0.940182,0.929063,0.933678,0.933188,0.926575,1.0,0.918627,0.922426,0.946301,0.933941,0.924446,0.935435,0.931662,0.928706,0.923386,0.932122,0.942708,0.920696,0.9388,0.924976,0.922056,0.921374,0.933423,0.92705,0.938546,0.927608,0.921433,0.94934,0.950162,0.915355,0.913516,0.893381,0.933927,0.943732,0.919707,0.940313,0.931228,0.941159,0.93831,0.921218,0.909713,0.930362,0.930697,0.925252,0.92344,0.935797,0.922777,0.915955,0.923137,0.91383,0.930717,0.928172,0.915336,0.945331,0.9427,0.929061,0.932401,0.918718,0.916878,0.931506,0.911747,0.929264,0.933571,0.944192,0.935526,0.928595,0.923449,0.925056,0.919964,0.936783,0.927351,0.933781,0.938839,0.929117,0.934594,0.926391,0.941436,0.92845,0.918211
Headphones,0.894666,0.92003,0.913257,0.902826,0.91352,0.897238,0.899249,0.910002,0.90924,0.916121,0.915385,0.920258,0.900424,0.923096,0.899252,0.912025,0.914246,0.903283,0.915227,0.913656,0.915326,0.907196,0.921857,0.911999,0.921353,0.916725,0.901601,0.928302,0.917831,0.914391,0.892623,0.909133,0.90359,0.91411,0.898525,0.9144,0.920621,0.911914,0.909053,0.921592,0.912602,0.926696,0.921205,0.92264,0.910731,0.929664,0.902121,0.907373,0.919895,0.924986,0.914852,0.918822,0.912122,0.917315,0.914082,0.912369,0.918627,1.0,0.91461,0.927668,0.919141,0.908053,0.922215,0.919903,0.916679,0.908765,0.920335,0.928427,0.915459,0.921996,0.912096,0.91086,0.903762,0.916129,0.915199,0.923772,0.904937,0.907419,0.933728,0.933382,0.907295,0.899941,0.881237,0.918062,0.929804,0.908692,0.925865,0.913355,0.925337,0.918907,0.906267,0.895532,0.916912,0.917796,0.912641,0.915007,0.920267,0.909762,0.905644,0.90607,0.905624,0.912954,0.915352,0.907226,0.930112,0.920929,0.908855,0.912317,0.906285,0.905592,0.918779,0.901534,0.914134,0.907817,0.928366,0.91244,0.918481,0.907261,0.914345,0.899614,0.918567,0.915781,0.911996,0.925247,0.909513,0.917052,0.91242,0.926804,0.907887,0.906169
Hourglass,0.894313,0.932468,0.916604,0.909434,0.925616,0.90054,0.900754,0.913739,0.910862,0.929901,0.919043,0.922505,0.897924,0.927673,0.902871,0.920304,0.918862,0.915069,0.920481,0.922914,0.920678,0.90845,0.936082,0.916613,0.932319,0.927023,0.91026,0.937979,0.933762,0.922987,0.898291,0.915678,0.902219,0.916519,0.901591,0.917164,0.936175,0.916665,0.922368,0.9283,0.912531,0.936095,0.935444,0.930598,0.919818,0.935293,0.904886,0.91117,0.924509,0.929985,0.928239,0.920431,0.919407,0.928361,0.91682,0.916212,0.922426,0.91461,1.0,0.933064,0.932054,0.916963,0.935677,0.935279,0.935492,0.913304,0.933557,0.942391,0.921078,0.938104,0.917509,0.92813,0.905,0.927738,0.919123,0.936704,0.908903,0.912085,0.944896,0.939025,0.910737,0.913373,0.883976,0.923404,0.942402,0.915804,0.938998,0.916925,0.94245,0.926182,0.909502,0.899771,0.92176,0.931779,0.9216,0.925027,0.927617,0.91321,0.907162,0.909907,0.910826,0.916496,0.925694,0.916349,0.941923,0.923699,0.912597,0.915581,0.915299,0.910804,0.929613,0.911694,0.923669,0.910328,0.936331,0.91428,0.92661,0.915359,0.935743,0.90264,0.927552,0.92898,0.915937,0.943412,0.9133,0.922429,0.927325,0.936063,0.912913,0.908293
Kayak,0.914256,0.946466,0.929326,0.914482,0.9367,0.911063,0.919874,0.928687,0.935955,0.94018,0.950527,0.95236,0.925444,0.944866,0.925828,0.93303,0.94329,0.923869,0.9359,0.931089,0.946557,0.939738,0.945052,0.930421,0.947641,0.943034,0.922639,0.960033,0.936959,0.935929,0.910106,0.929349,0.931831,0.944362,0.920931,0.943565,0.940391,0.93512,0.930889,0.949449,0.941938,0.95362,0.946119,0.949023,0.935011,0.965739,0.92002,0.928974,0.948447,0.958802,0.936553,0.951147,0.936518,0.947019,0.942364,0.932721,0.946301,0.927668,0.933064,1.0,0.948205,0.934081,0.94973,0.943604,0.937716,0.931695,0.943027,0.958675,0.927481,0.950568,0.931186,0.933961,0.922509,0.942588,0.938639,0.951832,0.935074,0.926386,0.96526,0.970494,0.926918,0.920116,0.896092,0.942391,0.959444,0.925462,0.955851,0.938096,0.954758,0.946425,0.926791,0.91451,0.936557,0.945253,0.935229,0.929796,0.950993,0.931724,0.919688,0.927196,0.920355,0.940029,0.942572,0.921741,0.961652,0.952962,0.935281,0.938048,0.925459,0.920606,0.938603,0.917104,0.943042,0.935611,0.961053,0.946662,0.935584,0.931073,0.937173,0.92543,0.948378,0.935029,0.938946,0.952486,0.940065,0.943292,0.938812,0.9567,0.933085,0.920099
Key,0.906571,0.93857,0.923745,0.910339,0.931297,0.905906,0.911995,0.922303,0.923936,0.934406,0.933469,0.939375,0.911473,0.937001,0.915347,0.926764,0.930137,0.918422,0.927763,0.926617,0.936833,0.923686,0.938773,0.923506,0.939165,0.933994,0.915477,0.952716,0.932316,0.930162,0.902626,0.922279,0.920254,0.930378,0.913183,0.934321,0.934827,0.926906,0.929034,0.940295,0.926935,0.944322,0.942133,0.941198,0.928293,0.951681,0.911733,0.919588,0.93607,0.945604,0.929937,0.935593,0.927572,0.940863,0.931049,0.923304,0.933941,0.919141,0.932054,0.948205,1.0,0.927444,0.943638,0.940633,0.932729,0.92089,0.938151,0.952521,0.920559,0.948633,0.923761,0.92889,0.914089,0.936769,0.929261,0.945413,0.922583,0.919793,0.960626,0.955644,0.921231,0.915288,0.889026,0.933152,0.954957,0.919865,0.95081,0.926571,0.949922,0.935936,0.918166,0.907977,0.930118,0.939071,0.929965,0.925562,0.941238,0.923094,0.911946,0.918315,0.916125,0.927844,0.936578,0.91592,0.956294,0.937913,0.926196,0.928774,0.920431,0.919654,0.932538,0.912523,0.937527,0.923218,0.95173,0.929081,0.931307,0.923845,0.936901,0.912835,0.941909,0.929447,0.928832,0.947713,0.928642,0.933775,0.934899,0.949379,0.921785,0.913537
Kite,0.898111,0.929416,0.912148,0.900433,0.916671,0.895929,0.899149,0.90958,0.914287,0.92062,0.922825,0.92715,0.902288,0.924797,0.908252,0.913275,0.918556,0.907098,0.916497,0.913945,0.924343,0.915766,0.925445,0.911391,0.925974,0.923063,0.904717,0.934507,0.919538,0.918649,0.892852,0.909465,0.912962,0.918512,0.900022,0.92251,0.920601,0.915241,0.915262,0.926544,0.916695,0.929739,0.926365,0.926098,0.918118,0.934346,0.903974,0.909074,0.925342,0.9322,0.919959,0.926504,0.917289,0.925352,0.921501,0.913728,0.924446,0.908053,0.916963,0.934081,0.927444,1.0,0.927617,0.924437,0.920772,0.909674,0.925609,0.934368,0.908786,0.933732,0.914691,0.915208,0.90738,0.924504,0.914652,0.929628,0.917772,0.908306,0.940422,0.937999,0.903431,0.906325,0.88004,0.922159,0.935231,0.90767,0.932976,0.916373,0.933916,0.927294,0.908503,0.896345,0.919231,0.921453,0.914336,0.914852,0.924998,0.909341,0.903377,0.909902,0.905004,0.916,0.919046,0.907386,0.937312,0.926862,0.914184,0.916677,0.910509,0.906527,0.920348,0.900606,0.921817,0.915931,0.933682,0.921752,0.917356,0.91269,0.919668,0.904165,0.928446,0.918007,0.916961,0.931339,0.919729,0.922679,0.920035,0.93328,0.914369,0.904962
Ladder,0.906893,0.941159,0.92403,0.912345,0.934661,0.90785,0.912211,0.923079,0.924959,0.937691,0.934877,0.939247,0.912168,0.93852,0.915198,0.930555,0.93293,0.920139,0.928932,0.92881,0.937593,0.924852,0.941477,0.924994,0.941905,0.936737,0.918087,0.953545,0.935923,0.930379,0.904583,0.92339,0.918611,0.931222,0.913412,0.934003,0.93797,0.927991,0.930699,0.941506,0.927872,0.947384,0.944677,0.943426,0.929757,0.952071,0.912752,0.920835,0.938065,0.946819,0.932792,0.936816,0.928881,0.941512,0.931528,0.926209,0.935435,0.922215,0.935677,0.94973,0.943638,0.927617,1.0,0.942236,0.939042,0.924848,0.940559,0.957432,0.924087,0.947375,0.925413,0.932496,0.913945,0.938094,0.93199,0.949544,0.921856,0.920773,0.959878,0.955994,0.921908,0.919045,0.890351,0.934199,0.956428,0.9215,0.951626,0.928675,0.953412,0.937494,0.921141,0.909553,0.931111,0.943604,0.931809,0.929343,0.9419,0.925497,0.913869,0.91925,0.917685,0.929749,0.94247,0.919785,0.956526,0.939992,0.92682,0.929262,0.923688,0.919198,0.935572,0.915431,0.937401,0.924599,0.951899,0.930596,0.932478,0.925074,0.938979,0.915089,0.941558,0.932838,0.929683,0.952687,0.928649,0.935095,0.93808,0.951914,0.924007,0.914372
Lamp,0.904526,0.937775,0.925662,0.911982,0.930942,0.907963,0.91141,0.922653,0.921068,0.933457,0.929756,0.934586,0.90746,0.936086,0.913136,0.92719,0.926704,0.919767,0.927598,0.926541,0.931731,0.919786,0.938959,0.924574,0.937746,0.932305,0.915908,0.948139,0.933538,0.929737,0.903231,0.92223,0.915869,0.927547,0.911411,0.930259,0.936545,0.92526,0.927435,0.936978,0.923476,0.942399,0.941012,0.937924,0.92737,0.946264,0.912451,0.92011,0.933489,0.941172,0.931255,0.931203,0.926377,0.937286,0.926888,0.921836,0.931662,0.919903,0.935279,0.943604,0.940633,0.924437,0.942236,1.0,0.935045,0.918917,0.940156,0.95196,0.923442,0.945343,0.924055,0.929705,0.913443,0.936215,0.927896,0.944918,0.919844,0.919391,0.95511,0.950069,0.919491,0.916534,0.89124,0.931597,0.951664,0.921422,0.947331,0.924647,0.948696,0.93333,0.914793,0.908089,0.928471,0.939384,0.928294,0.927165,0.9369,0.920463,0.913592,0.917838,0.91781,0.925534,0.93644,0.917664,0.951652,0.934321,0.922824,0.926814,0.919194,0.91787,0.933414,0.9127,0.93294,0.92047,0.946809,0.924825,0.932347,0.923605,0.939099,0.911323,0.938133,0.931213,0.927033,0.948104,0.924378,0.931439,0.93354,0.943374,0.920747,0.915222
Lantern,0.900701,0.938245,0.919777,0.911268,0.926837,0.903888,0.905408,0.917105,0.916915,0.934185,0.924888,0.928411,0.90339,0.931349,0.909817,0.925443,0.924821,0.917097,0.923483,0.925526,0.92617,0.916212,0.937849,0.919699,0.936201,0.931135,0.913163,0.940624,0.933838,0.925958,0.900147,0.91892,0.909726,0.921646,0.905699,0.923248,0.935682,0.921071,0.923272,0.93122,0.918744,0.939865,0.936323,0.933402,0.923913,0.938804,0.910363,0.914024,0.93073,0.934943,0.93119,0.927366,0.924645,0.931343,0.922605,0.923841,0.928706,0.916679,0.935492,0.937716,0.932729,0.920772,0.939042,0.935045,1.0,0.917907,0.934935,0.9459,0.921874,0.938763,0.921275,0.929366,0.910523,0.931492,0.922305,0.939164,0.915625,0.9158,0.946445,0.942527,0.911047,0.91748,0.8864,0.927863,0.943148,0.917955,0.940521,0.922413,0.944826,0.931785,0.914957,0.902871,0.926871,0.933825,0.92383,0.927811,0.93065,0.916815,0.910504,0.914907,0.912938,0.920646,0.930377,0.919999,0.944465,0.929839,0.917257,0.921434,0.919016,0.915176,0.933615,0.911781,0.924789,0.918273,0.939315,0.922056,0.92861,0.919117,0.93275,0.908396,0.931178,0.930751,0.921514,0.944962,0.920083,0.927547,0.92905,0.939906,0.919119,0.912416
Lawnmower,0.895751,0.924525,0.90846,0.897524,0.913867,0.89375,0.897901,0.906985,0.913937,0.919376,0.919967,0.923022,0.903689,0.922367,0.90289,0.914703,0.920322,0.903627,0.913902,0.912711,0.919613,0.91379,0.922855,0.910702,0.924627,0.920854,0.9019,0.930596,0.917072,0.915644,0.89211,0.907241,0.906205,0.917212,0.899856,0.917006,0.918022,0.913179,0.910602,0.923185,0.916023,0.930391,0.921084,0.923557,0.913689,0.93213,0.901861,0.907067,0.924773,0.928737,0.914491,0.923588,0.914368,0.920584,0.917176,0.91411,0.923386,0.908765,0.913304,0.931695,0.92089,0.909674,0.924848,0.918917,0.917907,1.0,0.919474,0.931283,0.909259,0.923479,0.910756,0.913218,0.905372,0.918539,0.916666,0.926133,0.908458,0.906351,0.936085,0.935747,0.902786,0.902687,0.878366,0.919068,0.932193,0.905951,0.927793,0.917132,0.929604,0.923137,0.911927,0.894972,0.916327,0.922096,0.913252,0.911166,0.924183,0.910531,0.901288,0.908099,0.901108,0.91706,0.916372,0.905723,0.932273,0.927664,0.914477,0.914846,0.909687,0.900712,0.917678,0.900037,0.916502,0.914776,0.931425,0.919083,0.913634,0.908501,0.91494,0.904935,0.921199,0.915035,0.91574,0.927373,0.913757,0.920733,0.915031,0.929647,0.913135,0.902561
Lightbulb,0.904389,0.940496,0.923197,0.912073,0.929721,0.906016,0.908788,0.920758,0.921541,0.933869,0.929823,0.932952,0.907218,0.935676,0.91475,0.926718,0.926545,0.919449,0.927167,0.926311,0.930737,0.921167,0.939652,0.923438,0.938079,0.933809,0.915558,0.945846,0.934902,0.930046,0.903765,0.921433,0.917478,0.926192,0.909953,0.928373,0.934845,0.924968,0.928072,0.935809,0.922948,0.94114,0.940491,0.936477,0.928885,0.94337,0.913616,0.918222,0.934442,0.939535,0.932418,0.931983,0.927306,0.93718,0.92753,0.922571,0.932122,0.920335,0.933557,0.943027,0.938151,0.925609,0.940559,0.940156,0.934935,0.919474,1.0,0.951556,0.923324,0.944481,0.925935,0.930093,0.915504,0.937957,0.926535,0.945152,0.923057,0.919193,0.950915,0.947475,0.916002,0.921476,0.889125,0.932113,0.948945,0.921266,0.947219,0.925543,0.948969,0.935816,0.915638,0.906243,0.92955,0.940745,0.926031,0.927157,0.934348,0.918044,0.914101,0.918927,0.916828,0.925188,0.9351,0.920079,0.94975,0.934359,0.922113,0.925598,0.922235,0.917806,0.932908,0.911036,0.932659,0.921377,0.944549,0.926625,0.930951,0.925128,0.937234,0.911622,0.937721,0.932009,0.925507,0.948436,0.924921,0.932297,0.934018,0.941054,0.922446,0.915794
Lipstick,0.913822,0.948402,0.931864,0.918589,0.942084,0.914186,0.919087,0.930623,0.932213,0.947648,0.942534,0.945913,0.917749,0.945592,0.922436,0.941296,0.940705,0.928404,0.936112,0.936344,0.944835,0.932179,0.950061,0.932578,0.94967,0.946704,0.924946,0.963241,0.943319,0.937808,0.910196,0.930673,0.924872,0.93868,0.921117,0.940592,0.944869,0.934754,0.938032,0.947083,0.933952,0.956232,0.953531,0.950223,0.938467,0.959327,0.919315,0.927444,0.945575,0.954438,0.940227,0.944232,0.936051,0.949021,0.937967,0.932615,0.942708,0.928427,0.942391,0.958675,0.952521,0.934368,0.957432,0.95196,0.9459,0.931283,0.951556,1.0,0.93033,0.955187,0.932158,0.941261,0.920774,0.94714,0.939843,0.962293,0.929522,0.926409,0.971244,0.964238,0.928924,0.926254,0.896329,0.941236,0.967771,0.92892,0.961566,0.935504,0.963989,0.944523,0.927398,0.915381,0.937502,0.958514,0.939232,0.934665,0.949787,0.930607,0.919989,0.926126,0.923634,0.93695,0.956505,0.925158,0.968345,0.947573,0.934285,0.936466,0.930279,0.929381,0.942413,0.919793,0.945029,0.931181,0.961452,0.938265,0.940421,0.934792,0.949356,0.92226,0.950545,0.940682,0.937515,0.96205,0.935108,0.942977,0.946206,0.960482,0.930623,0.921165
Lock,0.894776,0.924027,0.916765,0.907312,0.917401,0.901542,0.903966,0.914573,0.909851,0.919872,0.916857,0.919867,0.899339,0.924353,0.899392,0.914569,0.915534,0.90784,0.917959,0.916826,0.915294,0.907306,0.925185,0.915153,0.92386,0.918014,0.905187,0.929049,0.921717,0.91672,0.896119,0.913159,0.902492,0.916097,0.901238,0.913514,0.926081,0.914407,0.910778,0.922453,0.912206,0.927725,0.924475,0.923225,0.911993,0.929316,0.905685,0.91026,0.921403,0.924689,0.918892,0.917445,0.914052,0.919971,0.913222,0.914493,0.920696,0.915459,0.921078,0.927481,0.920559,0.908786,0.924087,0.923442,0.921874,0.909259,0.923324,0.93033,1.0,0.925336,0.913507,0.915366,0.904251,0.918532,0.914831,0.926408,0.90423,0.910825,0.934981,0.933038,0.908441,0.903507,0.886194,0.918929,0.932104,0.912923,0.927511,0.914458,0.928738,0.919508,0.906741,0.899607,0.918392,0.920591,0.915683,0.920532,0.920596,0.91086,0.906908,0.908329,0.909632,0.91453,0.918245,0.912862,0.931036,0.921143,0.908816,0.915197,0.908867,0.911371,0.922905,0.90732,0.915415,0.908829,0.928679,0.912285,0.922151,0.910153,0.918322,0.901814,0.919389,0.919229,0.915337,0.928615,0.90906,0.917498,0.914924,0.927276,0.909663,0.908912
Lollipop,0.910216,0.945912,0.929704,0.916076,0.935247,0.910642,0.914756,0.927022,0.92704,0.93947,0.936736,0.942264,0.913973,0.941247,0.920167,0.929259,0.932622,0.924139,0.932108,0.93024,0.940488,0.927686,0.944331,0.927887,0.94321,0.938288,0.920532,0.955885,0.937816,0.935147,0.906179,0.926202,0.924762,0.933419,0.91588,0.937711,0.940015,0.930289,0.934067,0.943531,0.929862,0.947068,0.947688,0.944333,0.9345,0.952816,0.917277,0.923643,0.939583,0.947796,0.937172,0.939301,0.932046,0.945178,0.935194,0.927913,0.9388,0.921996,0.938104,0.950568,0.948633,0.933732,0.947375,0.945343,0.938763,0.923479,0.944481,0.955187,0.925336,1.0,0.929155,0.932987,0.919694,0.943144,0.931101,0.949473,0.929005,0.923647,0.96534,0.956842,0.922617,0.922518,0.89369,0.937872,0.958412,0.923865,0.954545,0.930621,0.954731,0.941303,0.920899,0.911815,0.933755,0.940578,0.932995,0.931845,0.942246,0.925446,0.918192,0.92368,0.920799,0.930977,0.938285,0.921496,0.960057,0.941364,0.929544,0.932128,0.925983,0.925028,0.937794,0.918037,0.94112,0.928203,0.952926,0.933345,0.93565,0.93037,0.941672,0.916919,0.946861,0.935501,0.932784,0.953492,0.932838,0.937652,0.940741,0.952111,0.92759,0.918618
Mask,0.899674,0.928424,0.916215,0.904249,0.916552,0.899423,0.902731,0.913259,0.914617,0.921151,0.921515,0.925427,0.902824,0.926038,0.907861,0.914801,0.917974,0.908273,0.918582,0.915604,0.91979,0.91514,0.925707,0.914881,0.925771,0.921631,0.905884,0.930997,0.921529,0.920295,0.896079,0.912359,0.911943,0.919786,0.902062,0.920241,0.922457,0.916331,0.913886,0.925064,0.917099,0.929017,0.925101,0.924072,0.917333,0.931474,0.908403,0.910775,0.925835,0.929185,0.920204,0.925138,0.918205,0.923215,0.919551,0.914813,0.924976,0.912096,0.917509,0.931186,0.923761,0.914691,0.925413,0.924055,0.921275,0.910756,0.925935,0.932158,0.913507,0.929155,1.0,0.914809,0.910751,0.923561,0.915246,0.928185,0.915873,0.911483,0.936269,0.935309,0.904897,0.907484,0.884716,0.922294,0.932328,0.911788,0.93008,0.917929,0.931452,0.926162,0.90888,0.899024,0.920472,0.920949,0.914673,0.917002,0.922732,0.909821,0.908482,0.911987,0.908316,0.916945,0.918374,0.910239,0.933462,0.926495,0.914445,0.917995,0.910783,0.908307,0.921929,0.903103,0.919145,0.915406,0.93082,0.919972,0.920053,0.914093,0.918738,0.905512,0.92494,0.919962,0.918199,0.93029,0.916987,0.922323,0.91798,0.92839,0.91464,0.910116
Microscope,0.893138,0.930018,0.912416,0.904241,0.921222,0.897219,0.899285,0.91044,0.911786,0.926897,0.921091,0.923205,0.898006,0.925468,0.903783,0.919579,0.920215,0.912513,0.917722,0.919982,0.920913,0.911302,0.930914,0.913824,0.930502,0.926262,0.907006,0.936612,0.927357,0.91938,0.895262,0.912003,0.904865,0.917109,0.900737,0.917319,0.927693,0.915444,0.91911,0.926049,0.912903,0.93504,0.930318,0.927826,0.918389,0.934361,0.902865,0.909146,0.925203,0.930596,0.923091,0.921952,0.918185,0.927117,0.916819,0.915693,0.922056,0.91086,0.92813,0.933961,0.92889,0.915208,0.932496,0.929705,0.929366,0.913218,0.930093,0.941261,0.915366,0.932987,0.914809,1.0,0.904398,0.925337,0.917247,0.93434,0.909999,0.910063,0.942517,0.938632,0.907578,0.910963,0.880319,0.92179,0.940008,0.911959,0.935689,0.916904,0.939861,0.925593,0.911667,0.897313,0.920157,0.931577,0.918456,0.919014,0.926897,0.911416,0.903584,0.908378,0.906769,0.916827,0.925121,0.914094,0.939549,0.925126,0.912996,0.914863,0.9144,0.908064,0.925451,0.905582,0.922641,0.911053,0.935645,0.917635,0.921105,0.913981,0.929242,0.903185,0.926683,0.923454,0.915483,0.938564,0.914735,0.921914,0.924081,0.933848,0.912477,0.904991
Minerals,0.901052,0.920719,0.915974,0.897112,0.905684,0.895521,0.899476,0.908895,0.911942,0.912555,0.915182,0.920137,0.897658,0.919636,0.90523,0.909597,0.912483,0.902381,0.911781,0.908595,0.912191,0.911259,0.916425,0.911571,0.917852,0.914767,0.898538,0.920786,0.912097,0.917656,0.890087,0.904222,0.90899,0.913394,0.898533,0.914923,0.910887,0.911327,0.905482,0.915456,0.912633,0.919934,0.914688,0.913931,0.912321,0.92156,0.908601,0.905914,0.919842,0.920703,0.911566,0.919636,0.912849,0.913403,0.915124,0.909761,0.921374,0.903762,0.905,0.922509,0.914089,0.90738,0.913945,0.913443,0.910523,0.905372,0.915504,0.920774,0.904251,0.919694,0.910751,0.904398,1.0,0.916611,0.907825,0.917986,0.912387,0.906082,0.92473,0.925577,0.895358,0.901591,0.883402,0.916604,0.920083,0.904509,0.919799,0.913189,0.921535,0.920357,0.905779,0.89478,0.914987,0.909629,0.905864,0.907891,0.912729,0.90312,0.906488,0.910559,0.900068,0.911017,0.90726,0.901673,0.922708,0.920153,0.910097,0.914328,0.903877,0.903948,0.913357,0.895141,0.908924,0.915061,0.920975,0.914746,0.911538,0.908489,0.907922,0.901199,0.917584,0.912262,0.914309,0.918727,0.910981,0.91699,0.907902,0.917897,0.91289,0.909813
Mushroom,0.906111,0.939488,0.924144,0.909564,0.926521,0.906061,0.9096,0.920354,0.922471,0.931489,0.93013,0.934702,0.90791,0.933892,0.915532,0.924969,0.926697,0.917552,0.925728,0.923546,0.931297,0.922714,0.935472,0.922931,0.935821,0.931977,0.913663,0.944518,0.930223,0.929032,0.901029,0.918779,0.918755,0.927247,0.90987,0.930382,0.93125,0.924244,0.925022,0.934554,0.924421,0.939372,0.936961,0.934747,0.927609,0.943428,0.914608,0.91794,0.934233,0.939542,0.929286,0.933322,0.926055,0.93559,0.92858,0.922,0.933423,0.916129,0.927738,0.942588,0.936769,0.924504,0.938094,0.936215,0.931492,0.918539,0.937957,0.94714,0.918532,0.943144,0.923561,0.925337,0.916611,1.0,0.924741,0.941616,0.924097,0.917504,0.950394,0.947317,0.913221,0.917653,0.890668,0.931091,0.94614,0.918515,0.943659,0.925061,0.94527,0.934764,0.915565,0.906259,0.928,0.934777,0.924057,0.923874,0.933724,0.917361,0.91362,0.919773,0.914274,0.92483,0.931519,0.916133,0.948069,0.935026,0.92312,0.926716,0.919069,0.916053,0.930108,0.909625,0.930304,0.923807,0.943397,0.927649,0.927772,0.923674,0.931839,0.911991,0.936893,0.928501,0.927061,0.943729,0.925863,0.931796,0.930798,0.941663,0.923604,0.914841
Necklace,0.901828,0.927272,0.916392,0.901184,0.922278,0.900717,0.907409,0.914951,0.917526,0.923533,0.92609,0.93069,0.908373,0.9288,0.906518,0.919831,0.92285,0.908128,0.919656,0.917104,0.926073,0.916261,0.927732,0.917223,0.929363,0.924411,0.907082,0.941036,0.921378,0.921306,0.897767,0.914308,0.909717,0.924887,0.906823,0.925671,0.924769,0.920297,0.916023,0.930724,0.92151,0.936562,0.928739,0.931047,0.917726,0.941291,0.905388,0.913937,0.929099,0.936714,0.919155,0.928248,0.918414,0.927009,0.921559,0.915446,0.92705,0.915199,0.919123,0.938639,0.929261,0.914652,0.93199,0.927896,0.922305,0.916666,0.926535,0.939843,0.914831,0.931101,0.915246,0.917247,0.907825,0.924741,1.0,0.934528,0.912337,0.910979,0.94708,0.945193,0.914559,0.903422,0.885747,0.924193,0.942511,0.912526,0.936539,0.91979,0.935534,0.926289,0.91075,0.901673,0.92025,0.92958,0.920742,0.915359,0.930547,0.918123,0.907985,0.911519,0.909137,0.922376,0.926769,0.906477,0.942694,0.93051,0.918525,0.922307,0.909971,0.905397,0.923075,0.903923,0.923378,0.916377,0.940609,0.920844,0.921706,0.914307,0.922939,0.908584,0.928076,0.920041,0.922188,0.934678,0.91817,0.926083,0.921662,0.937768,0.915014,0.908517
Necktie,0.909754,0.94402,0.928113,0.914925,0.93543,0.910579,0.915709,0.927245,0.927269,0.940264,0.93664,0.94093,0.913174,0.940862,0.918158,0.934205,0.934551,0.923829,0.932349,0.930862,0.938922,0.926942,0.944008,0.928626,0.94389,0.940337,0.920311,0.955471,0.937573,0.933567,0.9066,0.925801,0.920575,0.933411,0.916832,0.935507,0.939977,0.929765,0.9323,0.942382,0.929539,0.949835,0.946736,0.944087,0.933225,0.953044,0.916699,0.923489,0.940372,0.948044,0.935684,0.938642,0.931176,0.943863,0.933195,0.927808,0.938546,0.923772,0.936704,0.951832,0.945413,0.929628,0.949544,0.944918,0.939164,0.926133,0.945152,0.962293,0.926408,0.949473,0.928185,0.93434,0.917986,0.941616,0.934528,1.0,0.924755,0.922632,0.961427,0.957392,0.923403,0.922563,0.894094,0.936406,0.958978,0.924836,0.954198,0.93063,0.956409,0.939673,0.922632,0.912642,0.932198,0.949017,0.933297,0.930869,0.943099,0.925726,0.916729,0.922625,0.920703,0.932031,0.945794,0.921092,0.959311,0.941743,0.928924,0.93214,0.925282,0.922438,0.937851,0.917162,0.939983,0.92701,0.954052,0.932548,0.935595,0.92984,0.942174,0.917279,0.943995,0.935878,0.933162,0.954886,0.929912,0.937748,0.939794,0.952518,0.926823,0.918899
Orifan,0.902937,0.928086,0.912543,0.895784,0.912744,0.895477,0.901258,0.910107,0.918128,0.916407,0.929572,0.930353,0.908063,0.921999,0.915819,0.910828,0.920387,0.906068,0.915694,0.908849,0.923285,0.926289,0.921466,0.911657,0.924238,0.921372,0.903729,0.930667,0.914531,0.919178,0.893522,0.908019,0.921139,0.924333,0.901328,0.924538,0.914692,0.916195,0.909413,0.925138,0.92323,0.925039,0.921167,0.922323,0.918594,0.932552,0.909597,0.910339,0.928487,0.934242,0.917682,0.934531,0.917661,0.922224,0.924573,0.911692,0.927608,0.904937,0.908903,0.935074,0.922583,0.917772,0.921856,0.919844,0.915625,0.908458,0.923057,0.929522,0.90423,0.929005,0.915873,0.909999,0.912387,0.924097,0.912337,0.924755,1.0,0.907085,0.935076,0.937039,0.897799,0.905313,0.883234,0.922411,0.929549,0.905988,0.928729,0.919357,0.928979,0.929771,0.904702,0.896928,0.918214,0.917545,0.909758,0.909196,0.922838,0.906496,0.906401,0.913783,0.901198,0.918908,0.915903,0.903681,0.93245,0.931404,0.917206,0.91908,0.905714,0.903513,0.915805,0.893055,0.918493,0.922371,0.930748,0.929749,0.912337,0.915198,0.911801,0.909566,0.927882,0.915388,0.919443,0.925444,0.922358,0.92397,0.916357,0.926313,0.918389,0.90813
Oven,0.897395,0.922066,0.914724,0.901728,0.915309,0.899147,0.903831,0.912082,0.91161,0.916773,0.916484,0.921492,0.899425,0.924741,0.901609,0.91166,0.913632,0.902757,0.916098,0.913067,0.91533,0.909889,0.921739,0.913314,0.921226,0.914976,0.902799,0.926866,0.917391,0.917641,0.894511,0.913283,0.908342,0.917705,0.90178,0.917974,0.920169,0.914836,0.910544,0.921894,0.913304,0.924277,0.920716,0.919827,0.910273,0.928192,0.903917,0.909869,0.921622,0.924062,0.914369,0.918981,0.915289,0.918799,0.914474,0.911605,0.921433,0.907419,0.912085,0.926386,0.919793,0.908306,0.920773,0.919391,0.9158,0.906351,0.919193,0.926409,0.910825,0.923647,0.911483,0.910063,0.906082,0.917504,0.910979,0.922632,0.907085,1.0,0.932679,0.932031,0.907422,0.898936,0.883185,0.919135,0.928094,0.910688,0.925145,0.914162,0.92638,0.919717,0.905285,0.898255,0.91722,0.91445,0.913045,0.912235,0.918702,0.909501,0.904075,0.907005,0.906105,0.91427,0.915225,0.904747,0.928821,0.921879,0.911963,0.917843,0.906177,0.906812,0.920043,0.900317,0.915158,0.912139,0.92693,0.912394,0.919693,0.907746,0.913629,0.902684,0.920619,0.914464,0.917661,0.924674,0.911749,0.917656,0.912011,0.925337,0.90904,0.907447
Paintbrush,0.920393,0.952477,0.937315,0.922881,0.9472,0.919977,0.92702,0.937818,0.938648,0.950625,0.949288,0.95561,0.927225,0.952071,0.927101,0.942054,0.946409,0.931274,0.942104,0.939876,0.952669,0.938297,0.953337,0.938099,0.954084,0.950719,0.929718,0.975181,0.944876,0.942813,0.916093,0.937313,0.932774,0.946937,0.928444,0.95057,0.949723,0.942034,0.941669,0.956217,0.942785,0.963269,0.95849,0.957982,0.941766,0.969394,0.923512,0.934443,0.951969,0.962114,0.943063,0.95111,0.940933,0.954505,0.944712,0.936754,0.94934,0.933728,0.944896,0.96526,0.960626,0.940422,0.959878,0.95511,0.946445,0.936085,0.950915,0.971244,0.934981,0.96534,0.936269,0.942517,0.92473,0.950394,0.94708,0.961427,0.935076,0.932679,1.0,0.974446,0.937821,0.924864,0.902176,0.947714,0.982274,0.933737,0.966464,0.940918,0.964126,0.949101,0.931386,0.922386,0.941334,0.957556,0.9476,0.93753,0.957243,0.94007,0.925627,0.930839,0.929173,0.943459,0.952284,0.92665,0.977583,0.954386,0.941073,0.944519,0.932178,0.933722,0.947487,0.926245,0.951364,0.93758,0.971274,0.944133,0.945791,0.938564,0.94983,0.927997,0.958271,0.942518,0.945195,0.962984,0.94238,0.948558,0.949867,0.969681,0.935455,0.925419
Pen,0.919499,0.949939,0.934819,0.919182,0.943749,0.917478,0.926751,0.935385,0.93993,0.944825,0.952722,0.958048,0.93016,0.950843,0.928702,0.938174,0.947153,0.92835,0.941154,0.936428,0.952002,0.942224,0.950342,0.9361,0.952935,0.947004,0.927429,0.967404,0.942113,0.941144,0.915545,0.935908,0.935051,0.94956,0.927471,0.950175,0.946807,0.941188,0.936859,0.955916,0.946541,0.95923,0.952791,0.955556,0.93906,0.975022,0.923734,0.934335,0.952819,0.964121,0.94079,0.954377,0.941177,0.952785,0.946903,0.936376,0.950162,0.933382,0.939025,0.970494,0.955644,0.937999,0.955994,0.950069,0.942527,0.935747,0.947475,0.964238,0.933038,0.956842,0.935309,0.938632,0.925577,0.947317,0.945193,0.957392,0.937039,0.932031,0.974446,1.0,0.935527,0.922131,0.901148,0.947169,0.967677,0.931419,0.962039,0.942004,0.960128,0.949883,0.929947,0.920674,0.941758,0.950298,0.942318,0.935023,0.95717,0.939105,0.925164,0.930921,0.926556,0.94429,0.948904,0.925233,0.969383,0.956901,0.939939,0.944183,0.929574,0.92617,0.94446,0.92241,0.949268,0.938657,0.968513,0.948325,0.942625,0.93544,0.943164,0.92917,0.954523,0.939664,0.944715,0.958201,0.943929,0.947952,0.944141,0.964293,0.935478,0.924806
Pictureframe,0.891269,0.914612,0.912023,0.896831,0.914857,0.895367,0.902568,0.911294,0.906056,0.912868,0.914716,0.920172,0.898001,0.922929,0.893041,0.909214,0.910525,0.899322,0.913122,0.91058,0.915944,0.90273,0.918192,0.911878,0.918693,0.911304,0.899501,0.930783,0.912839,0.912135,0.891563,0.9108,0.900319,0.916103,0.902222,0.916401,0.91958,0.912305,0.907125,0.921351,0.91045,0.924408,0.92011,0.92113,0.90491,0.931949,0.895867,0.90762,0.916763,0.925257,0.909242,0.914986,0.908161,0.918257,0.910078,0.906561,0.915355,0.907295,0.910737,0.926918,0.921231,0.903431,0.921908,0.919491,0.911047,0.902786,0.916002,0.928924,0.908441,0.922617,0.904897,0.907578,0.895358,0.913221,0.914559,0.923403,0.897799,0.907422,0.937821,0.935527,1.0,0.890518,0.880964,0.914675,0.931691,0.908884,0.926439,0.908818,0.925459,0.913645,0.898387,0.896517,0.912254,0.916037,0.913724,0.907765,0.9201,0.910713,0.899513,0.900507,0.904797,0.912385,0.918578,0.898337,0.932521,0.918013,0.907972,0.914653,0.899371,0.903325,0.915242,0.89883,0.915983,0.903547,0.930556,0.907287,0.917845,0.903303,0.913603,0.897533,0.918839,0.910718,0.913978,0.924961,0.90649,0.914025,0.911122,0.928825,0.902505,0.901594
Pinecone,0.886494,0.922748,0.904981,0.89643,0.906256,0.88813,0.888569,0.90002,0.903083,0.916952,0.908869,0.910978,0.887141,0.912479,0.897954,0.908499,0.908999,0.90295,0.906967,0.909029,0.908868,0.902788,0.918403,0.904156,0.917073,0.917014,0.896896,0.921383,0.915524,0.909778,0.884733,0.897947,0.896805,0.903939,0.888977,0.904985,0.912157,0.903705,0.908347,0.911973,0.900998,0.919837,0.917851,0.913361,0.911657,0.918408,0.900069,0.897199,0.913261,0.915809,0.913864,0.911822,0.907919,0.915178,0.908456,0.907147,0.913516,0.899941,0.913373,0.920116,0.915288,0.906325,0.919045,0.916534,0.91748,0.902687,0.921476,0.926254,0.903507,0.922518,0.907484,0.910963,0.901591,0.917653,0.903422,0.922563,0.905313,0.898936,0.924864,0.922131,0.890518,1.0,0.875434,0.911549,0.92349,0.900295,0.923078,0.90752,0.927172,0.91669,0.903079,0.888281,0.90958,0.917721,0.903967,0.910728,0.911564,0.896054,0.897692,0.903979,0.895179,0.90532,0.910562,0.904199,0.925343,0.914303,0.901932,0.903325,0.906094,0.90073,0.912195,0.895436,0.90849,0.904359,0.919563,0.90849,0.906752,0.906887,0.916127,0.89357,0.914611,0.914587,0.903824,0.9271,0.904348,0.910952,0.913563,0.917896,0.906617,0.900118
Pizza,0.879194,0.89241,0.899289,0.877261,0.885971,0.886325,0.886691,0.892283,0.884676,0.887913,0.8903,0.892499,0.876022,0.892652,0.877735,0.887829,0.886319,0.880934,0.889448,0.886203,0.886688,0.882338,0.889678,0.89337,0.891954,0.887538,0.879614,0.896668,0.886271,0.89027,0.871985,0.883714,0.881346,0.891015,0.880987,0.889749,0.891268,0.888334,0.879558,0.891579,0.888156,0.893667,0.890931,0.889339,0.885349,0.897412,0.887567,0.890489,0.891942,0.894118,0.88701,0.889879,0.884435,0.889504,0.887716,0.883919,0.893381,0.881237,0.883976,0.896092,0.889026,0.88004,0.890351,0.89124,0.8864,0.878366,0.889125,0.896329,0.886194,0.89369,0.884716,0.880319,0.883402,0.890668,0.885747,0.894094,0.883234,0.883185,0.902176,0.901148,0.880964,0.875434,1.0,0.890374,0.896911,0.887273,0.89375,0.8855,0.894648,0.888414,0.876918,0.881107,0.888021,0.886445,0.884575,0.886889,0.888579,0.882097,0.888974,0.88824,0.884538,0.887185,0.887572,0.879937,0.898366,0.891398,0.883967,0.893353,0.876859,0.880199,0.888512,0.879116,0.885736,0.884676,0.896307,0.884302,0.891486,0.886189,0.884185,0.877858,0.89016,0.88953,0.891869,0.893988,0.883183,0.88942,0.883555,0.894457,0.887533,0.893616
Plug,0.907616,0.935806,0.924586,0.909445,0.925018,0.906345,0.910845,0.920669,0.923584,0.928549,0.931642,0.935843,0.911807,0.934702,0.915026,0.923052,0.927447,0.914171,0.925939,0.922529,0.930601,0.924054,0.933334,0.923379,0.934263,0.929541,0.912991,0.942092,0.92756,0.928213,0.902084,0.920255,0.920854,0.92927,0.911132,0.930542,0.929859,0.92524,0.920965,0.934168,0.926795,0.938671,0.933044,0.93349,0.92436,0.943458,0.913693,0.919772,0.934798,0.939476,0.926823,0.934369,0.925814,0.931872,0.928648,0.923222,0.933927,0.918062,0.923404,0.942391,0.933152,0.922159,0.934199,0.931597,0.927863,0.919068,0.932113,0.941236,0.918929,0.937872,0.922294,0.92179,0.916604,0.931091,0.924193,0.936406,0.922411,0.919135,0.947714,0.947169,0.914675,0.911549,0.890374,1.0,0.942209,0.918205,0.93949,0.92608,0.940271,0.933486,0.916668,0.906712,0.928052,0.928901,0.92336,0.922063,0.932923,0.91968,0.914021,0.918921,0.913616,0.925983,0.926922,0.91419,0.943932,0.936255,0.923501,0.92757,0.916566,0.91541,0.929322,0.909201,0.927673,0.925379,0.941828,0.928464,0.927617,0.91989,0.925784,0.913861,0.934617,0.926295,0.927981,0.938777,0.926021,0.931251,0.925513,0.939289,0.923062,0.915268
Pogostick,0.914183,0.948068,0.931034,0.919312,0.943208,0.915579,0.920476,0.932067,0.933506,0.946568,0.942809,0.948551,0.919952,0.946601,0.922007,0.938322,0.941203,0.92736,0.937281,0.935871,0.946323,0.93268,0.949331,0.932588,0.949607,0.94643,0.925741,0.968119,0.94212,0.937422,0.911523,0.931564,0.925422,0.940195,0.921894,0.943225,0.945454,0.936099,0.938306,0.950186,0.935924,0.957806,0.954289,0.9526,0.937229,0.962512,0.918717,0.929147,0.946974,0.956067,0.939095,0.944781,0.93593,0.949878,0.938637,0.931478,0.943732,0.929804,0.942402,0.959444,0.954957,0.935231,0.956428,0.951664,0.943148,0.932193,0.948945,0.967771,0.932104,0.958412,0.932328,0.940008,0.920083,0.94614,0.942511,0.958978,0.929549,0.928094,0.982274,0.967677,0.931691,0.92349,0.896911,0.942209,1.0,0.929135,0.962973,0.936173,0.960736,0.944353,0.927645,0.917253,0.936379,0.956487,0.942418,0.934013,0.951776,0.93404,0.920378,0.926046,0.924916,0.938127,0.950391,0.923123,0.971455,0.948832,0.935216,0.937944,0.928929,0.928472,0.942546,0.921213,0.946218,0.931971,0.96515,0.93801,0.940228,0.934315,0.948605,0.922765,0.951741,0.938757,0.939234,0.960249,0.935684,0.943449,0.946976,0.962812,0.930243,0.920704
Pot,0.896103,0.922813,0.917287,0.903085,0.915937,0.900396,0.90634,0.914413,0.908618,0.917413,0.915059,0.919449,0.897932,0.923835,0.899788,0.913346,0.912195,0.905952,0.917229,0.91402,0.914346,0.906063,0.92215,0.9156,0.922381,0.916709,0.90312,0.927262,0.91854,0.917382,0.896166,0.912975,0.903829,0.915917,0.903654,0.915347,0.922565,0.914951,0.909935,0.921293,0.910781,0.925236,0.921692,0.919966,0.911391,0.927787,0.90523,0.91003,0.920088,0.923114,0.915757,0.916659,0.913382,0.919542,0.912862,0.910754,0.919707,0.908692,0.915804,0.925462,0.919865,0.90767,0.9215,0.921422,0.917955,0.905951,0.921266,0.92892,0.912923,0.923865,0.911788,0.911959,0.904509,0.918515,0.912526,0.924836,0.905988,0.910688,0.933737,0.931419,0.908884,0.900295,0.887273,0.918205,0.929135,1.0,0.925304,0.91226,0.927545,0.918878,0.90301,0.900467,0.916863,0.917745,0.913273,0.914381,0.918584,0.908556,0.905482,0.907701,0.909411,0.91349,0.917473,0.908039,0.9296,0.919075,0.909302,0.917282,0.905592,0.906862,0.919782,0.903512,0.916834,0.908196,0.927384,0.910443,0.921934,0.910219,0.915699,0.900692,0.919836,0.91773,0.916481,0.926797,0.909544,0.917525,0.913667,0.925325,0.909447,0.91002
Razor,0.912041,0.94532,0.929195,0.915782,0.937693,0.910824,0.916615,0.92821,0.930196,0.941542,0.940589,0.945073,0.916622,0.943024,0.921271,0.933773,0.936946,0.924298,0.933652,0.932404,0.94238,0.930693,0.946389,0.929046,0.946417,0.940982,0.922097,0.960096,0.939286,0.935707,0.907685,0.92818,0.924926,0.93669,0.918175,0.939357,0.941421,0.93228,0.9349,0.946071,0.933002,0.951558,0.949773,0.947622,0.934864,0.957544,0.917312,0.925231,0.942961,0.952413,0.937183,0.942199,0.933375,0.947909,0.936511,0.929178,0.940313,0.925865,0.938998,0.955851,0.95081,0.932976,0.951626,0.947331,0.940521,0.927793,0.947219,0.961566,0.927511,0.954545,0.93008,0.935689,0.919799,0.943659,0.936539,0.954198,0.928729,0.925145,0.966464,0.962039,0.926439,0.923078,0.89375,0.93949,0.962973,0.925304,1.0,0.933121,0.958575,0.942322,0.924,0.91313,0.93494,0.949023,0.93642,0.932083,0.946939,0.928555,0.918581,0.923794,0.921624,0.934431,0.944912,0.921581,0.963857,0.945273,0.931938,0.934174,0.926808,0.924887,0.939059,0.918016,0.942985,0.929422,0.958577,0.936074,0.937156,0.930754,0.944141,0.91942,0.947454,0.936819,0.934842,0.957114,0.933891,0.940083,0.942571,0.95492,0.928144,0.919391
Recordplayer,0.902587,0.930636,0.916969,0.903682,0.919196,0.900344,0.906014,0.914971,0.921162,0.924242,0.928865,0.931858,0.910171,0.929012,0.91154,0.91893,0.925753,0.90919,0.920851,0.91714,0.9264,0.923253,0.928005,0.917521,0.9296,0.925407,0.908053,0.93585,0.922371,0.922516,0.897856,0.914443,0.917209,0.92631,0.906156,0.925252,0.923473,0.920133,0.914753,0.929738,0.923672,0.933589,0.926771,0.928185,0.919386,0.937814,0.910418,0.914425,0.931872,0.935532,0.9212,0.931912,0.921572,0.926027,0.924671,0.919384,0.931228,0.913355,0.916925,0.938096,0.926571,0.916373,0.928675,0.924647,0.922413,0.917132,0.925543,0.935504,0.914458,0.930621,0.917929,0.916904,0.913189,0.925061,0.91979,0.93063,0.919357,0.914162,0.940918,0.942004,0.908818,0.90752,0.8855,0.92608,0.936173,0.91226,0.933121,1.0,0.934256,0.930276,0.914994,0.901401,0.923026,0.924357,0.918478,0.91645,0.928567,0.915718,0.909082,0.914892,0.907273,0.923215,0.920947,0.91046,0.937432,0.935293,0.920697,0.922687,0.912906,0.909333,0.92382,0.903903,0.921852,0.92356,0.936437,0.927965,0.920528,0.915273,0.919048,0.912114,0.928529,0.920515,0.923516,0.932186,0.921568,0.926756,0.919434,0.933489,0.919624,0.910735
Remotecontrol,0.911792,0.948353,0.930147,0.917885,0.939054,0.912964,0.916698,0.928541,0.930446,0.943881,0.940327,0.943483,0.915789,0.94411,0.922081,0.936944,0.937974,0.927012,0.934855,0.934558,0.941765,0.930811,0.948563,0.930788,0.94839,0.943593,0.923841,0.957893,0.942995,0.937582,0.909877,0.929335,0.924377,0.936247,0.91878,0.938277,0.943439,0.933135,0.937212,0.945569,0.93213,0.95269,0.950547,0.947266,0.936859,0.955788,0.918893,0.926262,0.943403,0.950786,0.93986,0.941651,0.935153,0.948081,0.936582,0.931753,0.941159,0.925337,0.94245,0.954758,0.949922,0.933916,0.953412,0.948696,0.944826,0.929604,0.948969,0.963989,0.928738,0.954731,0.931452,0.939861,0.921535,0.94527,0.935534,0.956409,0.928979,0.92638,0.964126,0.960128,0.925459,0.927172,0.894648,0.940271,0.960736,0.927545,0.958575,0.934256,1.0,0.944155,0.926446,0.914378,0.936492,0.950437,0.936346,0.93434,0.946504,0.928255,0.919186,0.925221,0.922796,0.93522,0.946984,0.926192,0.961982,0.94511,0.932587,0.93458,0.930323,0.926139,0.941819,0.920376,0.943308,0.930408,0.956891,0.936415,0.93833,0.931666,0.947715,0.920689,0.947618,0.940136,0.935236,0.95991,0.933928,0.940934,0.943965,0.95431,0.930332,0.920811
Ring,0.907949,0.941368,0.921592,0.909896,0.926636,0.903972,0.909959,0.919661,0.927294,0.93235,0.935571,0.940153,0.914876,0.93626,0.920072,0.92485,0.93172,0.917707,0.927605,0.924205,0.935011,0.930172,0.93634,0.922713,0.937883,0.934573,0.914953,0.944214,0.930563,0.930225,0.904213,0.920436,0.924194,0.931802,0.911292,0.93329,0.930478,0.927161,0.923718,0.937755,0.930116,0.941362,0.935371,0.936401,0.928661,0.945785,0.916389,0.918998,0.939392,0.944091,0.930208,0.940356,0.929669,0.934917,0.933336,0.926234,0.93831,0.918907,0.926182,0.946425,0.935936,0.927294,0.937494,0.93333,0.931785,0.923137,0.935816,0.944523,0.919508,0.941303,0.926162,0.925593,0.920357,0.934764,0.926289,0.939673,0.929771,0.919717,0.949101,0.949883,0.913645,0.91669,0.888414,0.933486,0.944353,0.918878,0.942322,0.930276,0.944155,1.0,0.920596,0.906378,0.931066,0.932601,0.924518,0.924171,0.936029,0.920755,0.913444,0.922044,0.913746,0.928709,0.928788,0.918412,0.94641,0.941024,0.926852,0.928696,0.920582,0.915408,0.931486,0.909567,0.931065,0.929942,0.944437,0.936261,0.927139,0.923646,0.92832,0.917115,0.938537,0.928542,0.929308,0.941302,0.930495,0.934733,0.929166,0.942197,0.927667,0.915892
Rollerskates,0.894809,0.922902,0.907437,0.898235,0.909782,0.893129,0.89428,0.904724,0.912223,0.918656,0.915115,0.917622,0.898901,0.920922,0.900477,0.913999,0.918482,0.901611,0.912028,0.913215,0.915807,0.909651,0.920127,0.908867,0.92172,0.919239,0.89946,0.925944,0.915346,0.913893,0.88928,0.904899,0.904489,0.912444,0.897015,0.91163,0.913897,0.910614,0.908887,0.918475,0.909441,0.926699,0.918243,0.919111,0.9123,0.926714,0.90112,0.904128,0.920624,0.923101,0.911724,0.918476,0.912427,0.917308,0.91428,0.913178,0.921218,0.906267,0.909502,0.926791,0.918166,0.908503,0.921141,0.914793,0.914957,0.911927,0.915638,0.927398,0.906741,0.920899,0.90888,0.911667,0.905779,0.915565,0.91075,0.922632,0.904702,0.905285,0.931386,0.929947,0.898387,0.903079,0.876918,0.916668,0.927645,0.90301,0.924,0.914994,0.926446,0.920596,1.0,0.893261,0.915319,0.917963,0.91047,0.91071,0.920097,0.908905,0.899256,0.906909,0.898063,0.9138,0.912385,0.905382,0.927958,0.922092,0.911892,0.911175,0.910564,0.903034,0.915641,0.901473,0.912717,0.912773,0.926832,0.914628,0.911448,0.905913,0.91211,0.901697,0.918425,0.912926,0.912656,0.923373,0.909852,0.916441,0.912029,0.924953,0.910538,0.902145
Rug,0.890154,0.909314,0.906655,0.889739,0.903404,0.89255,0.897709,0.905876,0.899915,0.904106,0.906014,0.909649,0.890648,0.910728,0.891376,0.902318,0.902921,0.894251,0.904818,0.901257,0.905003,0.897709,0.907878,0.905468,0.909591,0.904336,0.892614,0.916151,0.902858,0.90549,0.885284,0.900599,0.896205,0.906517,0.895457,0.906341,0.90756,0.904446,0.89639,0.909538,0.90248,0.912179,0.909255,0.907905,0.900075,0.916994,0.895802,0.901325,0.90899,0.912352,0.902371,0.906451,0.901241,0.907731,0.903337,0.899302,0.909713,0.895532,0.899771,0.91451,0.907977,0.896345,0.909553,0.908089,0.902871,0.894972,0.906243,0.915381,0.899607,0.911815,0.899024,0.897313,0.89478,0.906259,0.901673,0.912642,0.896928,0.898255,0.922386,0.920674,0.896517,0.888281,0.881107,0.906712,0.917253,0.900467,0.91313,0.901401,0.914378,0.906378,0.893261,1.0,0.90417,0.904496,0.901296,0.901321,0.907472,0.898722,0.895704,0.898045,0.896514,0.903346,0.905583,0.89288,0.917752,0.909186,0.900119,0.908069,0.892905,0.896398,0.905665,0.89277,0.904735,0.900285,0.915757,0.900461,0.906906,0.899686,0.901051,0.892096,0.90894,0.90364,0.907531,0.912749,0.899172,0.905806,0.901315,0.913719,0.900018,0.900698
Saltpeppershaker,0.905569,0.933942,0.921904,0.909031,0.922632,0.904113,0.90743,0.918251,0.919849,0.926224,0.92614,0.930428,0.907031,0.932462,0.911186,0.921209,0.923536,0.912421,0.923669,0.921934,0.92625,0.91868,0.930875,0.920696,0.931482,0.92647,0.909683,0.936153,0.926859,0.926357,0.899168,0.918375,0.916089,0.923809,0.908421,0.925852,0.928454,0.921987,0.919848,0.930426,0.922265,0.934137,0.929711,0.930453,0.921664,0.938233,0.91247,0.914958,0.930661,0.934644,0.924336,0.929108,0.923177,0.928331,0.925318,0.921607,0.930362,0.916912,0.92176,0.936557,0.930118,0.919231,0.931111,0.928471,0.926871,0.916327,0.92955,0.937502,0.918392,0.933755,0.920472,0.920157,0.914987,0.928,0.92025,0.932198,0.918214,0.91722,0.941334,0.941758,0.912254,0.90958,0.888021,0.928052,0.936379,0.916863,0.93494,0.923026,0.936492,0.931066,0.915319,0.90417,1.0,0.924661,0.9201,0.922656,0.929382,0.91677,0.911747,0.916631,0.912513,0.921411,0.92536,0.915394,0.938169,0.93087,0.919585,0.924186,0.916249,0.914716,0.927719,0.908386,0.924241,0.920886,0.936878,0.923965,0.926765,0.917173,0.923322,0.909359,0.930582,0.923933,0.923946,0.934475,0.921772,0.92818,0.92278,0.936779,0.920131,0.913571
Saxophone,0.900621,0.937125,0.919112,0.90769,0.929147,0.902414,0.906958,0.918318,0.920422,0.934806,0.929856,0.932038,0.905825,0.932016,0.911422,0.930525,0.929638,0.917425,0.924721,0.92527,0.930441,0.920044,0.937651,0.920723,0.938018,0.935221,0.913473,0.950776,0.931419,0.925644,0.900861,0.918239,0.91192,0.926101,0.909211,0.925935,0.932906,0.922642,0.925738,0.934088,0.921534,0.945187,0.93966,0.937269,0.926713,0.945737,0.908747,0.915372,0.934002,0.940952,0.927837,0.931275,0.923392,0.936486,0.924999,0.920457,0.930697,0.917796,0.931779,0.945253,0.939071,0.921453,0.943604,0.939384,0.933825,0.922096,0.940745,0.958514,0.920591,0.940578,0.920949,0.931577,0.909629,0.934777,0.92958,0.949017,0.917545,0.91445,0.957556,0.950298,0.916037,0.917721,0.886445,0.928901,0.956487,0.917745,0.949023,0.924357,0.950437,0.932601,0.917963,0.904496,0.924661,1.0,0.927274,0.922856,0.938,0.918911,0.908499,0.915173,0.912635,0.926316,0.94194,0.915707,0.953813,0.934913,0.921662,0.923499,0.91987,0.915173,0.929983,0.909868,0.931803,0.918866,0.949824,0.926036,0.926747,0.923248,0.936655,0.911155,0.936432,0.929373,0.924718,0.9482,0.92171,0.930893,0.934148,0.943694,0.919579,0.910663
Scale,0.898843,0.927425,0.916828,0.903788,0.921887,0.901028,0.906594,0.915679,0.915312,0.924621,0.922663,0.927889,0.904554,0.928579,0.904237,0.919341,0.921222,0.908636,0.919635,0.918177,0.924254,0.913684,0.928405,0.916598,0.928925,0.923188,0.907416,0.939796,0.922645,0.920468,0.89652,0.915103,0.909148,0.921766,0.905286,0.923189,0.926603,0.918713,0.916571,0.929334,0.91781,0.93452,0.930115,0.92942,0.916559,0.938281,0.904946,0.912799,0.926996,0.933356,0.919962,0.924226,0.917908,0.927047,0.919477,0.915934,0.925252,0.912641,0.9216,0.935229,0.929965,0.914336,0.931809,0.928294,0.92383,0.913252,0.926031,0.939232,0.915683,0.932995,0.914673,0.918456,0.905864,0.924057,0.920742,0.933297,0.909758,0.913045,0.9476,0.942318,0.913724,0.903967,0.884575,0.92336,0.942418,0.913273,0.93642,0.918478,0.936346,0.924518,0.91047,0.901296,0.9201,0.927274,1.0,0.917519,0.928402,0.916282,0.906695,0.909667,0.90878,0.919714,0.925056,0.909315,0.94206,0.928366,0.916869,0.920713,0.910981,0.910912,0.924628,0.906671,0.922963,0.915054,0.938548,0.91799,0.923467,0.913457,0.923802,0.905963,0.928112,0.920681,0.921018,0.935397,0.916028,0.923238,0.921665,0.937514,0.912994,0.908001
Scarf,0.897087,0.929731,0.91868,0.909533,0.92057,0.901762,0.903421,0.916798,0.911072,0.925139,0.917847,0.921561,0.89973,0.926852,0.903554,0.917282,0.917633,0.912508,0.920566,0.920048,0.919401,0.909366,0.928996,0.916773,0.927502,0.922733,0.907582,0.932074,0.925695,0.920257,0.896979,0.914627,0.904875,0.916357,0.902937,0.916182,0.928507,0.915866,0.916205,0.924996,0.913067,0.930908,0.929257,0.926359,0.917549,0.931477,0.908267,0.910417,0.923127,0.926302,0.923883,0.919742,0.917602,0.924578,0.916974,0.917648,0.92344,0.915007,0.925027,0.929796,0.925562,0.914852,0.929343,0.927165,0.927811,0.911166,0.927157,0.934665,0.920532,0.931845,0.917002,0.919014,0.907891,0.923874,0.915359,0.930869,0.909196,0.912235,0.93753,0.935023,0.907765,0.910728,0.886889,0.922063,0.934013,0.914381,0.932083,0.91645,0.93434,0.924171,0.91071,0.901321,0.922656,0.922856,0.917519,1.0,0.923023,0.912101,0.90897,0.911606,0.911872,0.915446,0.922729,0.916737,0.935229,0.922786,0.911064,0.916495,0.91453,0.91567,0.927225,0.910861,0.920016,0.911754,0.931296,0.9148,0.92487,0.914216,0.923335,0.902928,0.92384,0.923792,0.916964,0.934536,0.912999,0.920411,0.920538,0.933174,0.91319,0.911287
Scissors,0.906009,0.937326,0.920993,0.907723,0.930005,0.90578,0.911684,0.920919,0.925997,0.931913,0.936895,0.940208,0.916005,0.93635,0.915801,0.926465,0.933106,0.916134,0.927358,0.924011,0.937428,0.927083,0.937068,0.922704,0.938731,0.933817,0.915208,0.950462,0.9296,0.928057,0.90318,0.921415,0.922141,0.932923,0.913653,0.93417,0.933073,0.926672,0.92493,0.940543,0.930793,0.94491,0.938173,0.940621,0.926684,0.953746,0.910887,0.920535,0.938416,0.947639,0.927679,0.938628,0.927277,0.938993,0.932012,0.923823,0.935797,0.920267,0.927617,0.950993,0.941238,0.924998,0.9419,0.9369,0.93065,0.924183,0.934348,0.949787,0.920596,0.942246,0.922732,0.926897,0.912729,0.933724,0.930547,0.943099,0.922838,0.918702,0.957243,0.95717,0.9201,0.911564,0.888579,0.932923,0.951776,0.918584,0.946939,0.928567,0.946504,0.936029,0.920097,0.907472,0.929382,0.938,0.928402,0.923023,1.0,0.924644,0.911969,0.918298,0.914231,0.93062,0.934715,0.914739,0.952083,0.941615,0.927257,0.929275,0.919405,0.913788,0.930961,0.911295,0.935545,0.925808,0.951889,0.933438,0.928757,0.921995,0.931992,0.915967,0.939353,0.927151,0.930459,0.943876,0.930225,0.934027,0.931231,0.94806,0.922795,0.912673
Scooter,0.897745,0.921054,0.91201,0.898837,0.922134,0.898243,0.905549,0.912291,0.913461,0.918375,0.920903,0.925353,0.909735,0.925355,0.901443,0.914146,0.918483,0.90294,0.915673,0.913047,0.921901,0.912022,0.922376,0.913668,0.924413,0.917363,0.902821,0.933049,0.916215,0.916458,0.896788,0.915171,0.907994,0.923864,0.903849,0.920721,0.920436,0.92003,0.909285,0.925643,0.917015,0.929051,0.922486,0.924989,0.911283,0.93593,0.901763,0.910999,0.923852,0.930132,0.913778,0.922113,0.914414,0.921226,0.917029,0.912847,0.922777,0.909762,0.91321,0.931724,0.923094,0.909341,0.925497,0.920463,0.916815,0.910531,0.918044,0.930607,0.91086,0.925446,0.909821,0.911416,0.90312,0.917361,0.918123,0.925726,0.906496,0.909501,0.94007,0.939105,0.910713,0.896054,0.882097,0.91968,0.93404,0.908556,0.928555,0.915718,0.928255,0.920755,0.908905,0.898722,0.91677,0.918911,0.916282,0.912101,0.924644,1.0,0.903709,0.906664,0.904504,0.920842,0.923209,0.9034,0.934574,0.925318,0.91528,0.918352,0.906392,0.905227,0.919037,0.902926,0.91795,0.914094,0.933614,0.915539,0.918491,0.907906,0.914328,0.908015,0.922988,0.913893,0.91885,0.926858,0.912769,0.919103,0.914777,0.934089,0.910513,0.90464
Scrunchie,0.897329,0.915391,0.918533,0.897206,0.907752,0.90251,0.901345,0.911648,0.906767,0.91075,0.912618,0.916385,0.896714,0.91695,0.899853,0.908869,0.908618,0.901234,0.910543,0.907925,0.910592,0.90604,0.914462,0.911752,0.915706,0.910878,0.898785,0.920289,0.910569,0.912834,0.889248,0.904198,0.904221,0.91234,0.899119,0.913112,0.913609,0.908979,0.904433,0.914719,0.910756,0.918274,0.914911,0.91366,0.908504,0.920789,0.906002,0.906948,0.916375,0.918377,0.911006,0.91543,0.908254,0.911849,0.910521,0.906927,0.915955,0.905644,0.907162,0.919688,0.911946,0.903377,0.913869,0.913592,0.910504,0.901288,0.914101,0.919989,0.906908,0.918192,0.908482,0.903584,0.906488,0.91362,0.907985,0.916729,0.906401,0.904075,0.925627,0.925164,0.899513,0.897692,0.888974,0.914021,0.920378,0.905482,0.918581,0.909082,0.919186,0.913444,0.899256,0.895704,0.911747,0.908499,0.906695,0.90897,0.911969,0.903709,1.0,0.906984,0.903453,0.909049,0.908161,0.900516,0.923025,0.91675,0.907011,0.912797,0.900894,0.900246,0.912119,0.897685,0.907985,0.907337,0.919824,0.909528,0.912923,0.907477,0.908116,0.898639,0.91356,0.912397,0.912437,0.918632,0.906906,0.912731,0.906564,0.919961,0.9074,0.911057
Seashell,0.899877,0.924961,0.917219,0.899495,0.911225,0.899376,0.902763,0.911609,0.913038,0.916512,0.918385,0.922376,0.90051,0.920928,0.905266,0.912827,0.915746,0.905105,0.914582,0.911607,0.916985,0.912913,0.919451,0.91406,0.921112,0.918014,0.901964,0.925858,0.914846,0.917154,0.892223,0.906916,0.909419,0.916974,0.901434,0.916881,0.916076,0.913734,0.907578,0.920095,0.914954,0.923889,0.918673,0.918621,0.914322,0.927605,0.90945,0.908564,0.922395,0.925357,0.914904,0.92183,0.913661,0.918142,0.917363,0.912486,0.923137,0.90607,0.909907,0.927196,0.918315,0.909902,0.91925,0.917838,0.914907,0.908099,0.918927,0.926126,0.908329,0.92368,0.911987,0.908378,0.910559,0.919773,0.911519,0.922625,0.913783,0.907005,0.930839,0.930921,0.900507,0.903979,0.88824,0.918921,0.926046,0.907701,0.923794,0.914892,0.925221,0.922044,0.906909,0.898045,0.916631,0.915173,0.909667,0.911606,0.918298,0.906664,0.906984,1.0,0.903362,0.914284,0.91279,0.905233,0.927804,0.9228,0.911542,0.916863,0.905928,0.90491,0.916086,0.899661,0.913749,0.915531,0.926126,0.916732,0.914405,0.911236,0.912128,0.903493,0.920802,0.915236,0.916705,0.923431,0.913471,0.919247,0.912352,0.924034,0.914936,0.910195
Shirt,0.893289,0.918165,0.915013,0.900015,0.911932,0.898375,0.901817,0.910052,0.903187,0.912798,0.910661,0.914944,0.893045,0.920617,0.895991,0.90754,0.906407,0.901702,0.913712,0.909911,0.909755,0.900595,0.916879,0.910978,0.917166,0.911449,0.89944,0.923433,0.91313,0.912262,0.891091,0.909045,0.898668,0.911854,0.898762,0.912519,0.918312,0.910375,0.906629,0.91749,0.907051,0.921122,0.917744,0.916046,0.907667,0.923064,0.899814,0.907695,0.91488,0.919165,0.912276,0.911989,0.908337,0.9152,0.908421,0.906546,0.91383,0.905624,0.910826,0.920355,0.916125,0.905004,0.917685,0.91781,0.912938,0.901108,0.916828,0.923634,0.909632,0.920799,0.908316,0.906769,0.900068,0.914274,0.909137,0.920703,0.901198,0.906105,0.929173,0.926556,0.904797,0.895179,0.884538,0.913616,0.924916,0.909411,0.921624,0.907273,0.922796,0.913746,0.898063,0.896514,0.912513,0.912635,0.90878,0.911872,0.914231,0.904504,0.903453,0.903362,1.0,0.909201,0.913988,0.905765,0.925757,0.913973,0.905242,0.912769,0.902656,0.903262,0.916805,0.899014,0.914148,0.902261,0.922752,0.90543,0.918175,0.905611,0.911379,0.896053,0.915965,0.9127,0.911853,0.922095,0.907658,0.914299,0.909622,0.923336,0.904203,0.905588
Shoe,0.902341,0.929326,0.918017,0.902298,0.924924,0.901923,0.911366,0.916979,0.921073,0.923512,0.931268,0.932553,0.915718,0.929273,0.910541,0.918986,0.926112,0.909149,0.921193,0.916874,0.927455,0.923279,0.927568,0.918675,0.930244,0.924933,0.908542,0.937731,0.920722,0.922403,0.902032,0.918996,0.91677,0.933023,0.908855,0.926193,0.923736,0.925484,0.914481,0.930644,0.924874,0.934848,0.927153,0.929043,0.918937,0.940782,0.909138,0.916863,0.931896,0.93769,0.920309,0.93211,0.920324,0.927599,0.92465,0.917758,0.930717,0.912954,0.916496,0.940029,0.927844,0.916,0.929749,0.925534,0.920646,0.91706,0.925188,0.93695,0.91453,0.930977,0.916945,0.916827,0.911017,0.92483,0.922376,0.932031,0.918908,0.91427,0.943459,0.94429,0.912385,0.90532,0.887185,0.925983,0.938127,0.91349,0.934431,0.923215,0.93522,0.928709,0.9138,0.903346,0.921411,0.926316,0.919714,0.915446,0.93062,0.920842,0.909049,0.914284,0.909201,1.0,0.928552,0.908928,0.939226,0.935584,0.922892,0.92431,0.911477,0.90887,0.922737,0.905644,0.92417,0.921991,0.939238,0.927478,0.921084,0.915855,0.919227,0.917066,0.929013,0.920073,0.925513,0.932571,0.921044,0.926487,0.920692,0.934729,0.919152,0.910773
Skiis,0.901255,0.931549,0.920028,0.905574,0.935919,0.904155,0.910952,0.920082,0.918631,0.930478,0.929457,0.931004,0.909737,0.932118,0.909103,0.927264,0.925451,0.914432,0.923364,0.921907,0.929306,0.917791,0.933984,0.921104,0.93441,0.929342,0.912044,0.946442,0.927185,0.923671,0.903973,0.923807,0.911374,0.930957,0.910222,0.926228,0.930171,0.92753,0.922209,0.931672,0.921556,0.938943,0.937048,0.934587,0.92288,0.944824,0.907392,0.917569,0.930613,0.939123,0.92436,0.928595,0.921097,0.934435,0.923634,0.917815,0.928172,0.915352,0.925694,0.942572,0.936578,0.919046,0.94247,0.93644,0.930377,0.916372,0.9351,0.956505,0.918245,0.938285,0.918374,0.925121,0.90726,0.931519,0.926769,0.945794,0.915903,0.915225,0.952284,0.948904,0.918578,0.910562,0.887572,0.926922,0.950391,0.917473,0.944912,0.920947,0.946984,0.928788,0.912385,0.905583,0.92536,0.94194,0.925056,0.922729,0.934715,0.923209,0.908161,0.91279,0.913988,0.928552,1.0,0.911469,0.95071,0.932217,0.920923,0.924456,0.915236,0.917096,0.927041,0.90793,0.93037,0.917288,0.945966,0.922513,0.927117,0.920513,0.93123,0.91409,0.93424,0.925014,0.925646,0.943868,0.919762,0.927665,0.931613,0.942173,0.917007,0.909839
Snowglobe,0.88739,0.923216,0.910032,0.902545,0.910379,0.894482,0.895239,0.905868,0.903938,0.917838,0.911357,0.91294,0.891899,0.918938,0.89655,0.911597,0.911795,0.906014,0.912953,0.913542,0.909425,0.903041,0.91973,0.908975,0.920565,0.916616,0.900463,0.921566,0.918784,0.91262,0.890606,0.906402,0.898401,0.908479,0.893955,0.906741,0.919325,0.908137,0.90807,0.916238,0.905107,0.923379,0.918579,0.91678,0.91065,0.921658,0.902561,0.90359,0.915977,0.918337,0.915206,0.912444,0.910155,0.915322,0.909792,0.911998,0.915336,0.907226,0.916349,0.921741,0.91592,0.907386,0.919785,0.917664,0.919999,0.905723,0.920079,0.925158,0.912862,0.921496,0.910239,0.914094,0.901673,0.916133,0.906477,0.921092,0.903681,0.904747,0.92665,0.925233,0.898337,0.904199,0.879937,0.91419,0.923123,0.908039,0.921581,0.91046,0.926192,0.918412,0.905382,0.89288,0.915394,0.915707,0.909315,0.916737,0.914739,0.9034,0.900516,0.905233,0.905765,0.908928,0.911469,1.0,0.924314,0.91574,0.903541,0.907971,0.909605,0.906981,0.919399,0.902431,0.912207,0.904194,0.921776,0.909714,0.915803,0.907095,0.914675,0.895928,0.91555,0.916038,0.907313,0.924686,0.906945,0.91338,0.911438,0.92592,0.907614,0.904101
Spoon,0.916136,0.949223,0.933511,0.919575,0.94283,0.915688,0.921892,0.933095,0.934924,0.947217,0.945483,0.951156,0.922273,0.947965,0.924889,0.93845,0.942165,0.928697,0.938317,0.936652,0.948376,0.934969,0.950115,0.933953,0.950662,0.946285,0.92562,0.968654,0.942408,0.939332,0.911538,0.932548,0.928565,0.942179,0.923444,0.945422,0.945829,0.937479,0.938902,0.951389,0.938233,0.958007,0.954663,0.953152,0.938949,0.964296,0.921023,0.930015,0.948142,0.958264,0.940783,0.947391,0.937494,0.951142,0.941165,0.934037,0.945331,0.930112,0.941923,0.961652,0.956294,0.937312,0.956526,0.951652,0.944465,0.932273,0.94975,0.968345,0.931036,0.960057,0.933462,0.939549,0.922708,0.948069,0.942694,0.959311,0.93245,0.928821,0.977583,0.969383,0.932521,0.925343,0.898366,0.943932,0.971455,0.9296,0.963857,0.937432,0.961982,0.94641,0.927958,0.917752,0.938169,0.953813,0.94206,0.935229,0.952083,0.934574,0.923025,0.927804,0.925757,0.939226,0.95071,0.924314,1.0,0.950345,0.936699,0.939535,0.9299,0.92978,0.943459,0.92211,0.946948,0.933985,0.965104,0.940551,0.941614,0.935531,0.947557,0.924017,0.95315,0.940123,0.940184,0.961053,0.938341,0.944706,0.94668,0.963397,0.932167,0.922708
Stapler,0.910458,0.939654,0.923208,0.908622,0.929043,0.905841,0.914432,0.923093,0.932766,0.932409,0.943015,0.947229,0.923219,0.93809,0.92213,0.926476,0.93832,0.917227,0.929401,0.923399,0.940459,0.938299,0.937046,0.924926,0.940049,0.935386,0.917048,0.949334,0.929093,0.930329,0.904972,0.922358,0.929825,0.940374,0.915644,0.939163,0.931733,0.92956,0.922551,0.942058,0.938115,0.944806,0.936774,0.940177,0.928797,0.952649,0.917385,0.923674,0.945074,0.950827,0.929682,0.947001,0.931022,0.937712,0.937162,0.927505,0.9427,0.920929,0.923699,0.952962,0.937913,0.926862,0.939992,0.934321,0.929839,0.927664,0.934359,0.947573,0.921143,0.941364,0.926495,0.925126,0.920153,0.935026,0.93051,0.941743,0.931404,0.921879,0.954386,0.956901,0.918013,0.914303,0.891398,0.936255,0.948832,0.919075,0.945273,0.935293,0.94511,0.941024,0.922092,0.909186,0.93087,0.934913,0.928366,0.922786,0.941615,0.925318,0.91675,0.9228,0.913973,0.935584,0.932217,0.91574,0.950345,1.0,0.933066,0.933297,0.919556,0.914643,0.931427,0.909912,0.933679,0.93525,0.950098,0.94418,0.927476,0.925158,0.927087,0.924182,0.940661,0.927848,0.935208,0.942433,0.934576,0.937066,0.929583,0.945722,0.929976,0.916146
Stapleremover,0.902493,0.926709,0.915345,0.898798,0.918486,0.899871,0.905658,0.912995,0.919788,0.92064,0.925577,0.930304,0.909356,0.92737,0.909612,0.916936,0.922897,0.905399,0.917603,0.913578,0.925538,0.921534,0.924651,0.915187,0.927406,0.921221,0.905988,0.934779,0.917493,0.921591,0.895362,0.91253,0.917068,0.92591,0.905848,0.92703,0.919132,0.919238,0.913453,0.928239,0.923193,0.931109,0.924747,0.926241,0.916645,0.936513,0.906479,0.913998,0.929729,0.933861,0.916735,0.930249,0.9188,0.924884,0.922682,0.914656,0.929061,0.908855,0.912597,0.935281,0.926196,0.914184,0.92682,0.922824,0.917257,0.914477,0.922113,0.934285,0.908816,0.929544,0.914445,0.912996,0.910097,0.92312,0.918525,0.928924,0.917206,0.911963,0.941073,0.939939,0.907972,0.901932,0.883967,0.923501,0.935216,0.909302,0.931938,0.920697,0.932587,0.926852,0.911892,0.900119,0.919585,0.921662,0.916869,0.911064,0.927257,0.91528,0.907011,0.911542,0.905242,0.922892,0.920923,0.903541,0.936699,0.933066,1.0,0.923026,0.909451,0.90565,0.920153,0.900538,0.92143,0.921346,0.935392,0.923774,0.918025,0.912771,0.916737,0.911152,0.92806,0.91619,0.923626,0.929506,0.919949,0.92474,0.917748,0.931965,0.917342,0.90766
Storagebin,0.909553,0.930686,0.924514,0.904068,0.922386,0.908021,0.915907,0.92222,0.92257,0.923284,0.928854,0.934133,0.910603,0.931931,0.912405,0.920461,0.923817,0.909876,0.923364,0.91787,0.927461,0.921587,0.927689,0.922217,0.9303,0.923643,0.910258,0.938125,0.921092,0.926099,0.900605,0.918916,0.918843,0.929531,0.913484,0.931819,0.925347,0.924243,0.915545,0.931865,0.926669,0.933472,0.928352,0.929005,0.919131,0.94043,0.913029,0.919338,0.932831,0.936966,0.921275,0.931462,0.92269,0.928023,0.925592,0.918353,0.932401,0.912317,0.915581,0.938048,0.928774,0.916677,0.929262,0.926814,0.921434,0.914846,0.925598,0.936466,0.915197,0.932128,0.917995,0.914863,0.914328,0.926716,0.922307,0.93214,0.91908,0.917843,0.944519,0.944183,0.914653,0.903325,0.893353,0.92757,0.937944,0.917282,0.934174,0.922687,0.93458,0.928696,0.911175,0.908069,0.924186,0.923499,0.920713,0.916495,0.929275,0.918352,0.912797,0.916863,0.912769,0.92431,0.924456,0.907971,0.939535,0.933297,0.923026,1.0,0.910426,0.91141,0.925412,0.904918,0.924144,0.923345,0.938456,0.924328,0.925554,0.917579,0.918913,0.912545,0.930848,0.920917,0.930397,0.932383,0.923029,0.92852,0.919864,0.935571,0.92025,0.915884
Stroller,0.892941,0.925321,0.90847,0.900359,0.913375,0.894799,0.894141,0.905517,0.908132,0.920016,0.913343,0.915735,0.895856,0.921368,0.900194,0.912907,0.9146,0.904179,0.912936,0.913858,0.914745,0.906959,0.923177,0.908724,0.922817,0.919302,0.901251,0.926728,0.919387,0.914767,0.890628,0.907118,0.902118,0.910328,0.896009,0.911009,0.918302,0.910133,0.913676,0.919835,0.908641,0.925884,0.922216,0.920252,0.913741,0.925874,0.900896,0.903693,0.919982,0.921884,0.916062,0.915895,0.913155,0.920191,0.913208,0.911737,0.918718,0.906285,0.915299,0.925459,0.920431,0.910509,0.923688,0.919194,0.919016,0.909687,0.922235,0.930279,0.908867,0.925983,0.910783,0.9144,0.903877,0.919069,0.909971,0.925282,0.905714,0.906177,0.932178,0.929574,0.899371,0.906094,0.876859,0.916566,0.928929,0.905592,0.926808,0.912906,0.930323,0.920582,0.910564,0.892905,0.916249,0.91987,0.910981,0.91453,0.919405,0.906392,0.900894,0.905928,0.902656,0.911477,0.915236,0.909605,0.9299,0.919556,0.909451,0.910426,1.0,0.904779,0.918769,0.901623,0.916974,0.908903,0.926748,0.911553,0.915391,0.908466,0.917485,0.898956,0.920608,0.916052,0.910709,0.927786,0.909957,0.916733,0.915708,0.927798,0.909851,0.902597
Suit,0.894249,0.919506,0.915799,0.903792,0.911257,0.895037,0.899384,0.914915,0.905623,0.917251,0.909546,0.914711,0.892973,0.920199,0.897337,0.910839,0.910233,0.903425,0.913463,0.912606,0.911723,0.903116,0.919572,0.912572,0.917818,0.913896,0.899625,0.92587,0.914914,0.914146,0.89023,0.910156,0.903071,0.911013,0.899164,0.909881,0.917521,0.911032,0.906699,0.914195,0.906143,0.921224,0.920456,0.916162,0.909607,0.922104,0.902912,0.904714,0.914987,0.916743,0.913742,0.911432,0.909196,0.915169,0.910245,0.911368,0.916878,0.905592,0.910804,0.920606,0.919654,0.906527,0.919198,0.91787,0.915176,0.900712,0.917806,0.929381,0.911371,0.925028,0.908307,0.908064,0.903948,0.916053,0.905397,0.922438,0.903513,0.906812,0.933722,0.92617,0.903325,0.90073,0.880199,0.91541,0.928472,0.906862,0.924887,0.909333,0.926139,0.915408,0.903034,0.896398,0.914716,0.915173,0.910912,0.91567,0.913788,0.905227,0.900246,0.90491,0.903262,0.90887,0.917096,0.906981,0.92978,0.914643,0.90565,0.91141,0.904779,1.0,0.918246,0.901782,0.910614,0.90798,0.923938,0.90598,0.917578,0.90725,0.912852,0.896768,0.918607,0.913689,0.912209,0.925483,0.904387,0.912538,0.911794,0.924532,0.905593,0.905353
Suitcase,0.90356,0.936518,0.924093,0.912539,0.926202,0.905508,0.910042,0.921117,0.919115,0.931918,0.925836,0.930646,0.906141,0.935352,0.910089,0.923804,0.924712,0.916215,0.92673,0.925025,0.926918,0.917845,0.93604,0.922329,0.934744,0.928971,0.912616,0.940835,0.931573,0.927977,0.901344,0.922171,0.912755,0.925401,0.909181,0.926023,0.934793,0.922961,0.922602,0.933085,0.921505,0.939833,0.934591,0.933329,0.922872,0.940337,0.911655,0.917076,0.932268,0.935596,0.92938,0.928676,0.925819,0.930442,0.9239,0.923537,0.931506,0.918779,0.929613,0.938603,0.932538,0.920348,0.935572,0.933414,0.933615,0.917678,0.932908,0.942413,0.922905,0.937794,0.921929,0.925451,0.913357,0.930108,0.923075,0.937851,0.915805,0.920043,0.947487,0.94446,0.915242,0.912195,0.888512,0.929322,0.942546,0.919782,0.939059,0.92382,0.941819,0.931486,0.915641,0.905665,0.927719,0.929983,0.924628,0.927225,0.930961,0.919037,0.912119,0.916086,0.916805,0.922737,0.927041,0.919399,0.943459,0.931427,0.920153,0.925412,0.918769,0.918246,1.0,0.912234,0.925809,0.920113,0.940105,0.922065,0.931789,0.91908,0.929862,0.90993,0.932153,0.928566,0.925811,0.941673,0.920953,0.92899,0.925442,0.94086,0.918736,0.91429
Teddy Bear,0.886058,0.916267,0.906819,0.899073,0.908695,0.892284,0.895105,0.906076,0.900088,0.911787,0.905549,0.909075,0.8917,0.914294,0.889641,0.906343,0.906971,0.898146,0.909009,0.907279,0.906636,0.896689,0.915188,0.907248,0.914549,0.909304,0.895722,0.919364,0.911815,0.907581,0.888035,0.904234,0.8936,0.905235,0.89391,0.903082,0.916799,0.905158,0.902681,0.912652,0.900185,0.918319,0.914801,0.913046,0.903832,0.919052,0.896214,0.900592,0.909985,0.913627,0.909013,0.906439,0.903524,0.912171,0.9046,0.905383,0.911747,0.901534,0.911694,0.917104,0.912523,0.900606,0.915431,0.9127,0.911781,0.900037,0.911036,0.919793,0.90732,0.918037,0.903103,0.905582,0.895141,0.909625,0.903923,0.917162,0.893055,0.900317,0.926245,0.92241,0.89883,0.895436,0.879116,0.909201,0.921213,0.903512,0.918016,0.903903,0.920376,0.909567,0.901473,0.89277,0.908386,0.909868,0.906671,0.910861,0.911295,0.902926,0.897685,0.899661,0.899014,0.905644,0.90793,0.902431,0.92211,0.909912,0.900538,0.904918,0.901623,0.901782,0.912234,1.0,0.908192,0.899743,0.918906,0.901535,0.91238,0.901008,0.90955,0.893066,0.910192,0.910611,0.905951,0.919356,0.899611,0.907264,0.90716,0.921057,0.901447,0.900411
Tennisracket,0.9019,0.933811,0.918141,0.905171,0.926342,0.902351,0.90836,0.918086,0.918128,0.927248,0.929965,0.934047,0.908499,0.93187,0.910237,0.920675,0.924765,0.913803,0.923666,0.920268,0.931544,0.918856,0.932497,0.9192,0.934221,0.929262,0.911328,0.944732,0.926047,0.923754,0.899924,0.918131,0.915815,0.926253,0.909859,0.928793,0.929368,0.922077,0.922452,0.935847,0.923154,0.937566,0.935973,0.935014,0.923136,0.945705,0.907562,0.91625,0.931543,0.940228,0.924126,0.930529,0.922455,0.937505,0.92618,0.917509,0.929264,0.914134,0.923669,0.943042,0.937527,0.921817,0.937401,0.93294,0.924789,0.916502,0.932659,0.945029,0.915415,0.94112,0.919145,0.922641,0.908924,0.930304,0.923378,0.939983,0.918493,0.915158,0.951364,0.949268,0.915983,0.90849,0.885736,0.927673,0.946218,0.916834,0.942985,0.921852,0.943308,0.931065,0.912717,0.904735,0.924241,0.931803,0.922963,0.920016,0.935545,0.91795,0.907985,0.913749,0.914148,0.92417,0.93037,0.912207,0.946948,0.933679,0.92143,0.924144,0.916974,0.910614,0.925809,0.908192,1.0,0.918044,0.944428,0.925611,0.926418,0.919863,0.927724,0.908421,0.936705,0.923768,0.924844,0.940503,0.925472,0.928873,0.92905,0.943907,0.917596,0.91008
Tent,0.904423,0.930083,0.916062,0.900272,0.915884,0.899635,0.904543,0.913825,0.923012,0.920579,0.927627,0.932333,0.911854,0.926804,0.914219,0.916878,0.924982,0.905718,0.918211,0.912924,0.928283,0.925788,0.923861,0.91629,0.926522,0.923012,0.906268,0.932532,0.917326,0.921227,0.895921,0.911026,0.922152,0.926214,0.904757,0.927363,0.917964,0.92011,0.910483,0.926881,0.925104,0.930116,0.922463,0.924423,0.918051,0.934783,0.910829,0.914925,0.931782,0.93379,0.918488,0.933452,0.920377,0.922834,0.925965,0.918281,0.933571,0.907817,0.910328,0.935611,0.923218,0.915931,0.924599,0.92047,0.918273,0.914776,0.921377,0.931181,0.908829,0.928203,0.915406,0.911053,0.915061,0.923807,0.916377,0.92701,0.922371,0.912139,0.93758,0.938657,0.903547,0.904359,0.884676,0.925379,0.931971,0.908196,0.929422,0.92356,0.930408,0.929942,0.912773,0.900285,0.920886,0.918866,0.915054,0.911754,0.925808,0.914094,0.907337,0.915531,0.902261,0.921991,0.917288,0.904194,0.933985,0.93525,0.921346,0.923345,0.908903,0.90798,0.920113,0.899743,0.918044,1.0,0.932961,0.928905,0.915973,0.912728,0.913808,0.913222,0.928642,0.916835,0.925252,0.927911,0.92196,0.925994,0.916134,0.930773,0.921428,0.909557
Toothbrush,0.914417,0.946044,0.930726,0.915759,0.939608,0.91324,0.92111,0.930591,0.934128,0.941516,0.945899,0.950377,0.923417,0.945719,0.922904,0.935694,0.941463,0.924896,0.936158,0.933068,0.946537,0.935054,0.946172,0.931781,0.948111,0.943214,0.923072,0.963237,0.938228,0.936914,0.910891,0.930756,0.928908,0.942429,0.922553,0.943703,0.942418,0.935996,0.933992,0.94985,0.938807,0.955342,0.9488,0.95033,0.935351,0.963949,0.918761,0.928698,0.947114,0.957381,0.936337,0.947183,0.935506,0.948607,0.940241,0.931522,0.944192,0.928366,0.936331,0.961053,0.95173,0.933682,0.951899,0.946809,0.939315,0.931425,0.944549,0.961452,0.928679,0.952926,0.93082,0.935645,0.920975,0.943397,0.940609,0.954052,0.930748,0.92693,0.971274,0.968513,0.930556,0.919563,0.896307,0.941828,0.96515,0.927384,0.958577,0.936437,0.956891,0.944437,0.926832,0.915757,0.936878,0.949824,0.938548,0.931296,0.951889,0.933614,0.919824,0.926126,0.922752,0.939238,0.945966,0.921776,0.965104,0.950098,0.935392,0.938456,0.926748,0.923938,0.940105,0.918906,0.944428,0.932961,1.0,0.941308,0.938359,0.931284,0.941517,0.923612,0.949561,0.936033,0.939103,0.95455,0.937576,0.942968,0.941042,0.958931,0.930857,0.920577
Train,0.903277,0.933645,0.914273,0.900905,0.919065,0.896524,0.904841,0.9137,0.925932,0.923602,0.939842,0.941059,0.91624,0.929109,0.917973,0.916939,0.931202,0.910238,0.921446,0.915112,0.934215,0.934257,0.927929,0.915805,0.932031,0.929022,0.909579,0.939821,0.920517,0.922095,0.89759,0.913974,0.925454,0.933223,0.906751,0.931433,0.92227,0.921417,0.913615,0.933643,0.930842,0.936116,0.927453,0.931434,0.922165,0.943598,0.911445,0.915417,0.937027,0.94437,0.922413,0.942713,0.923594,0.929934,0.931191,0.92051,0.935526,0.91244,0.91428,0.946662,0.929081,0.921752,0.930596,0.924825,0.922056,0.919083,0.926625,0.938265,0.912285,0.933345,0.919972,0.917635,0.914746,0.927649,0.920844,0.932548,0.929749,0.912394,0.944133,0.948325,0.907287,0.90849,0.884302,0.928464,0.93801,0.910443,0.936074,0.927965,0.936415,0.936261,0.914628,0.900461,0.923965,0.926036,0.91799,0.9148,0.933438,0.915539,0.909528,0.916732,0.90543,0.927478,0.922513,0.909714,0.940551,0.94418,0.923774,0.924328,0.911553,0.90598,0.922065,0.901535,0.925611,0.928905,0.941308,1.0,0.917457,0.918,0.916879,0.918228,0.933186,0.920203,0.92616,0.932541,0.929765,0.930094,0.921578,0.936144,0.924064,0.909047
Trashbin,0.90432,0.932334,0.926521,0.912351,0.92613,0.907996,0.913136,0.923059,0.916814,0.927436,0.923273,0.928296,0.905218,0.934956,0.906807,0.921288,0.920474,0.914113,0.926804,0.923421,0.924388,0.913354,0.9332,0.923275,0.932001,0.924772,0.911205,0.938719,0.928402,0.926481,0.902061,0.923777,0.910776,0.924204,0.910845,0.924454,0.933996,0.923216,0.920664,0.931875,0.919355,0.935779,0.93312,0.931078,0.919942,0.939023,0.911188,0.917578,0.928786,0.933148,0.925977,0.924716,0.922269,0.929426,0.92137,0.919805,0.928595,0.918481,0.92661,0.935584,0.931307,0.917356,0.932478,0.932347,0.92861,0.913634,0.930951,0.940421,0.922151,0.93565,0.920053,0.921105,0.911538,0.927772,0.921706,0.935595,0.912337,0.919693,0.945791,0.942625,0.917845,0.906752,0.891486,0.927617,0.940228,0.921934,0.937156,0.920528,0.93833,0.927139,0.911448,0.906906,0.926765,0.926747,0.923467,0.92487,0.928757,0.918491,0.912923,0.914405,0.918175,0.921084,0.927117,0.915803,0.941614,0.927476,0.918025,0.925554,0.915391,0.917578,0.931789,0.91238,0.926418,0.915973,0.938359,0.917457,1.0,0.917936,0.927113,0.907861,0.929938,0.926414,0.925021,0.937954,0.917885,0.926425,0.923442,0.938175,0.91618,0.91631
Tree,0.898791,0.926966,0.915952,0.900071,0.9158,0.898253,0.903352,0.914192,0.912455,0.920545,0.921173,0.924473,0.900416,0.922726,0.905877,0.914944,0.917053,0.910543,0.916606,0.913413,0.91925,0.913529,0.923877,0.91408,0.925166,0.921601,0.903963,0.932353,0.918644,0.918247,0.893309,0.910113,0.908647,0.918629,0.903018,0.91853,0.920081,0.914655,0.912197,0.92333,0.91529,0.927467,0.925363,0.922817,0.91768,0.931035,0.908123,0.908103,0.924178,0.928573,0.918421,0.922695,0.915567,0.923526,0.918221,0.911945,0.923449,0.907261,0.915359,0.931073,0.923845,0.91269,0.925074,0.923605,0.919117,0.908501,0.925128,0.934792,0.910153,0.93037,0.914093,0.913981,0.908489,0.923674,0.914307,0.92984,0.915198,0.907746,0.938564,0.93544,0.903303,0.906887,0.886189,0.91989,0.934315,0.910219,0.930754,0.915273,0.931666,0.923646,0.905913,0.899686,0.917173,0.923248,0.913457,0.914216,0.921995,0.907906,0.907477,0.911236,0.905611,0.915855,0.920513,0.907095,0.935531,0.925158,0.912771,0.917579,0.908466,0.90725,0.91908,0.901008,0.919863,0.912728,0.931284,0.918,0.917936,1.0,0.918355,0.9037,0.924923,0.91843,0.917757,0.930217,0.914326,0.920373,0.918839,0.928261,0.91448,0.909863
Trophy,0.897685,0.934201,0.918504,0.908115,0.926732,0.902538,0.903252,0.915508,0.914472,0.931281,0.921888,0.926437,0.898656,0.930661,0.906522,0.924558,0.921664,0.916319,0.921985,0.923624,0.925225,0.912269,0.936078,0.918352,0.934032,0.929424,0.911027,0.943003,0.932426,0.924236,0.897899,0.915118,0.90581,0.918787,0.904631,0.921761,0.932368,0.918806,0.925842,0.930942,0.915056,0.939045,0.937191,0.932345,0.923549,0.939136,0.905842,0.912397,0.927664,0.933827,0.927699,0.9231,0.920725,0.932399,0.920174,0.917315,0.925056,0.914345,0.935743,0.937173,0.936901,0.919668,0.938979,0.939099,0.93275,0.91494,0.937234,0.949356,0.918322,0.941672,0.918738,0.929242,0.907922,0.931839,0.922939,0.942174,0.911801,0.913629,0.94983,0.943164,0.913603,0.916127,0.884185,0.925784,0.948605,0.915699,0.944141,0.919048,0.947715,0.92832,0.91211,0.901051,0.923322,0.936655,0.923802,0.923335,0.931992,0.914328,0.908116,0.912128,0.911379,0.919227,0.93123,0.914675,0.947557,0.927087,0.916737,0.918913,0.917485,0.912852,0.929862,0.90955,0.927724,0.913808,0.941517,0.916879,0.927113,0.918355,1.0,0.904684,0.931913,0.92913,0.919691,0.947642,0.916301,0.925611,0.930694,0.939687,0.915281,0.909292
Truck,0.893855,0.916845,0.905042,0.890948,0.911913,0.891142,0.899526,0.904907,0.910871,0.910156,0.919362,0.920694,0.90657,0.916377,0.901532,0.905963,0.914219,0.896625,0.908633,0.903618,0.91537,0.914802,0.914132,0.906414,0.916704,0.911823,0.897324,0.922613,0.907575,0.910123,0.891733,0.907644,0.90735,0.922354,0.896988,0.915266,0.909895,0.91392,0.90085,0.917202,0.913899,0.9199,0.912998,0.914672,0.90665,0.925448,0.899246,0.905469,0.920117,0.923418,0.907806,0.921404,0.908974,0.913077,0.913019,0.905939,0.919964,0.899614,0.90264,0.92543,0.912835,0.904165,0.915089,0.911323,0.908396,0.904935,0.911622,0.92226,0.901814,0.916919,0.905512,0.903185,0.901199,0.911991,0.908584,0.917279,0.909566,0.902684,0.927997,0.92917,0.897533,0.89357,0.877858,0.913861,0.922765,0.900692,0.91942,0.912114,0.920689,0.917115,0.901697,0.892096,0.909359,0.911155,0.905963,0.902928,0.915967,0.908015,0.898639,0.903493,0.896053,0.917066,0.91409,0.895928,0.924017,0.924182,0.911152,0.912545,0.898956,0.896768,0.90993,0.893066,0.908421,0.913222,0.923612,0.918228,0.907861,0.9037,0.904684,1.0,0.915712,0.907381,0.913963,0.917999,0.909751,0.913764,0.906922,0.919613,0.908905,0.900355
Umbrella,0.909202,0.94025,0.924919,0.909928,0.929852,0.906864,0.912798,0.922828,0.926569,0.933241,0.935825,0.941932,0.914347,0.937513,0.919197,0.926505,0.931264,0.918417,0.928226,0.925219,0.938039,0.927925,0.937616,0.92477,0.938819,0.934942,0.915917,0.950991,0.930484,0.931046,0.903488,0.922583,0.92564,0.932613,0.914087,0.936964,0.932738,0.928102,0.92685,0.940218,0.931184,0.943181,0.940035,0.939455,0.929536,0.950541,0.914632,0.921222,0.939137,0.946742,0.930391,0.939135,0.9296,0.939013,0.933828,0.92455,0.936783,0.918567,0.927552,0.948378,0.941909,0.928446,0.941558,0.938133,0.931178,0.921199,0.937721,0.950545,0.919389,0.946861,0.92494,0.926683,0.917584,0.936893,0.928076,0.943995,0.927882,0.920619,0.958271,0.954523,0.918839,0.914611,0.89016,0.934617,0.951741,0.919836,0.947454,0.928529,0.947618,0.938537,0.918425,0.90894,0.930582,0.936432,0.928112,0.92384,0.939353,0.922988,0.91356,0.920802,0.915965,0.929013,0.93424,0.91555,0.95315,0.940661,0.92806,0.930848,0.920608,0.918607,0.932153,0.910192,0.936705,0.928642,0.949561,0.933186,0.929938,0.924923,0.931913,0.915712,1.0,0.928499,0.931135,0.944858,0.931844,0.935464,0.933039,0.947336,0.926021,0.915091
Vase,0.901748,0.934036,0.922487,0.90974,0.922679,0.905005,0.906662,0.918016,0.915836,0.928597,0.923421,0.926629,0.903257,0.9298,0.908639,0.922037,0.921884,0.914376,0.922958,0.9225,0.923196,0.914868,0.932717,0.920287,0.931865,0.928043,0.910846,0.937079,0.929504,0.924902,0.899873,0.916333,0.909804,0.920921,0.906343,0.921367,0.931196,0.919958,0.920316,0.928714,0.917549,0.935766,0.932167,0.929146,0.922066,0.935673,0.911335,0.914425,0.928082,0.93197,0.927043,0.925718,0.920938,0.928384,0.921302,0.919695,0.927351,0.915781,0.92898,0.935029,0.929447,0.918007,0.932838,0.931213,0.930751,0.915035,0.932009,0.940682,0.919229,0.935501,0.919962,0.923454,0.912262,0.928501,0.920041,0.935878,0.915388,0.914464,0.942518,0.939664,0.910718,0.914587,0.88953,0.926295,0.938757,0.91773,0.936819,0.920515,0.940136,0.928542,0.912926,0.90364,0.923933,0.929373,0.920681,0.923792,0.927151,0.913893,0.912397,0.915236,0.9127,0.920073,0.925014,0.916038,0.940123,0.927848,0.91619,0.920917,0.916052,0.913689,0.928566,0.910611,0.923768,0.916835,0.936033,0.920203,0.926414,0.91843,0.92913,0.907381,0.928499,1.0,0.920999,0.940306,0.917657,0.92558,0.924884,0.934836,0.917917,0.914813
Wallet,0.90788,0.931577,0.924005,0.904118,0.922893,0.90705,0.914406,0.922607,0.922489,0.923716,0.929704,0.934904,0.910968,0.932093,0.912721,0.920727,0.924675,0.910442,0.924099,0.917618,0.929369,0.923146,0.928152,0.922106,0.930326,0.924344,0.910478,0.938608,0.920802,0.925323,0.900434,0.918956,0.919402,0.931135,0.913268,0.931751,0.925493,0.924103,0.915234,0.931451,0.927366,0.934569,0.928681,0.929332,0.919519,0.940917,0.912484,0.919634,0.933623,0.937573,0.921878,0.932901,0.92288,0.928762,0.92592,0.918796,0.933781,0.911996,0.915937,0.938946,0.928832,0.916961,0.929683,0.927033,0.921514,0.91574,0.925507,0.937515,0.915337,0.932784,0.918199,0.915483,0.914309,0.927061,0.922188,0.933162,0.919443,0.917661,0.945195,0.944715,0.913978,0.903824,0.891869,0.927981,0.939234,0.916481,0.934842,0.923516,0.935236,0.929308,0.912656,0.907531,0.923946,0.924718,0.921018,0.916964,0.930459,0.91885,0.912437,0.916705,0.911853,0.925513,0.925646,0.907313,0.940184,0.935208,0.923626,0.930397,0.910709,0.912209,0.925811,0.905951,0.924844,0.925252,0.939103,0.92616,0.925021,0.917757,0.919691,0.913963,0.931135,0.920999,1.0,0.932916,0.923674,0.928871,0.920371,0.935904,0.920394,0.914445
Waterbottle,0.909341,0.946617,0.929743,0.918119,0.938014,0.911507,0.915145,0.927545,0.92744,0.943615,0.937346,0.940932,0.913282,0.942433,0.918944,0.934988,0.935117,0.925911,0.933236,0.933623,0.939369,0.92709,0.947734,0.92964,0.946652,0.941758,0.922705,0.956898,0.942942,0.936065,0.907802,0.927677,0.920555,0.933919,0.916573,0.93605,0.943708,0.931268,0.935297,0.943927,0.929261,0.951448,0.950185,0.94568,0.934501,0.953762,0.917102,0.924742,0.941162,0.94847,0.939776,0.938934,0.933202,0.945717,0.933845,0.930975,0.938839,0.925247,0.943412,0.952486,0.947713,0.931339,0.952687,0.948104,0.944962,0.927373,0.948436,0.96205,0.928615,0.953492,0.93029,0.938564,0.918727,0.943729,0.934678,0.954886,0.925444,0.924674,0.962984,0.958201,0.924961,0.9271,0.893988,0.938777,0.960249,0.926797,0.957114,0.932186,0.95991,0.941302,0.923373,0.912749,0.934475,0.9482,0.935397,0.934536,0.943876,0.926858,0.918632,0.923431,0.922095,0.932571,0.943868,0.924686,0.961053,0.942433,0.929506,0.932383,0.927786,0.925483,0.941673,0.919356,0.940503,0.927911,0.95455,0.932541,0.937954,0.930217,0.947642,0.917999,0.944858,0.940306,0.932916,1.0,0.930911,0.93881,0.943358,0.953339,0.927465,0.919394
Watergun,0.901995,0.930526,0.914995,0.899642,0.917939,0.898396,0.904071,0.911834,0.919608,0.921012,0.930745,0.935183,0.909026,0.927309,0.913734,0.915196,0.922977,0.907449,0.918906,0.913512,0.928982,0.923376,0.925783,0.914472,0.928075,0.924501,0.907074,0.937069,0.91885,0.920955,0.894902,0.911891,0.920979,0.926435,0.904716,0.930514,0.920968,0.918593,0.914266,0.930859,0.92551,0.932386,0.92601,0.928767,0.919207,0.940344,0.906957,0.914105,0.931271,0.939168,0.920398,0.934953,0.921616,0.928468,0.926709,0.916573,0.929117,0.909513,0.9133,0.940065,0.928642,0.919729,0.928649,0.924378,0.920083,0.913757,0.924921,0.935108,0.90906,0.932838,0.916987,0.914735,0.910981,0.925863,0.91817,0.929912,0.922358,0.911749,0.94238,0.943929,0.90649,0.904348,0.883183,0.926021,0.935684,0.909544,0.933891,0.921568,0.933928,0.930495,0.909852,0.899172,0.921772,0.92171,0.916028,0.912999,0.930225,0.912769,0.906906,0.913471,0.907658,0.921044,0.919762,0.906945,0.938341,0.934576,0.919949,0.923029,0.909957,0.904387,0.920953,0.899611,0.925472,0.92196,0.937576,0.929765,0.917885,0.914326,0.916301,0.909751,0.931844,0.917657,0.923674,0.930911,1.0,0.92802,0.91959,0.93534,0.918377,0.906754
Wateringcan,0.908194,0.936944,0.923396,0.90712,0.924191,0.904811,0.910951,0.919648,0.924184,0.928639,0.93225,0.937192,0.911452,0.934159,0.916302,0.923927,0.92787,0.914205,0.925561,0.921354,0.931906,0.925294,0.932966,0.922392,0.934705,0.93064,0.912589,0.942832,0.926906,0.928534,0.901,0.918603,0.920873,0.929844,0.911123,0.932442,0.928767,0.924847,0.921257,0.934938,0.928266,0.93979,0.932861,0.934535,0.924935,0.943894,0.913238,0.919243,0.936409,0.941707,0.926784,0.936612,0.926273,0.932564,0.929391,0.923005,0.934594,0.917052,0.922429,0.943292,0.933775,0.922679,0.935095,0.931439,0.927547,0.920733,0.932297,0.942977,0.917498,0.937652,0.922323,0.921914,0.91699,0.931796,0.926083,0.937748,0.92397,0.917656,0.948558,0.947952,0.914025,0.910952,0.88942,0.931251,0.943449,0.917525,0.940083,0.926756,0.940934,0.934733,0.916441,0.905806,0.92818,0.930893,0.923238,0.920411,0.934027,0.919103,0.912731,0.919247,0.914299,0.926487,0.927665,0.91338,0.944706,0.937066,0.92474,0.92852,0.916733,0.912538,0.92899,0.907264,0.928873,0.925994,0.942968,0.930094,0.926425,0.920373,0.925611,0.913764,0.935464,0.92558,0.928871,0.93881,0.92802,1.0,0.92606,0.940442,0.92362,0.914138
Windchime,0.899351,0.933568,0.916095,0.905227,0.925244,0.900394,0.903322,0.914792,0.916012,0.92875,0.925007,0.928601,0.902882,0.928573,0.908221,0.921502,0.922794,0.912648,0.92035,0.920105,0.927131,0.915828,0.932694,0.916828,0.932671,0.928809,0.910096,0.942763,0.927084,0.92251,0.897109,0.914744,0.910879,0.921611,0.90491,0.923862,0.928381,0.919517,0.922613,0.930973,0.917616,0.935858,0.935824,0.932323,0.922858,0.940396,0.906214,0.912309,0.92826,0.935914,0.924643,0.927133,0.919898,0.933068,0.922646,0.917096,0.926391,0.91242,0.927325,0.938812,0.934899,0.920035,0.93808,0.93354,0.92905,0.915031,0.934018,0.946206,0.914924,0.940741,0.91798,0.924081,0.907902,0.930798,0.921662,0.939794,0.916357,0.912011,0.949867,0.944141,0.911122,0.913563,0.883555,0.925513,0.946976,0.913667,0.942571,0.919434,0.943965,0.929166,0.912029,0.901315,0.92278,0.934148,0.921665,0.920538,0.931231,0.914777,0.906564,0.912352,0.909622,0.920692,0.931613,0.911438,0.94668,0.929583,0.917748,0.919864,0.915708,0.911794,0.925442,0.90716,0.92905,0.916134,0.941042,0.921578,0.923442,0.918839,0.930694,0.906922,0.933039,0.924884,0.920371,0.943358,0.91959,0.92606,1.0,0.93948,0.916499,0.907915
Wishbone,0.91234,0.945509,0.928851,0.917305,0.939913,0.911828,0.917915,0.928479,0.93002,0.942413,0.940836,0.947186,0.919812,0.944901,0.918997,0.934439,0.939118,0.922204,0.934388,0.933472,0.945229,0.929661,0.944549,0.930611,0.945671,0.942706,0.920924,0.960339,0.936835,0.9348,0.907712,0.927976,0.924648,0.937367,0.919666,0.942354,0.94293,0.93333,0.93378,0.948909,0.935159,0.95414,0.947735,0.949436,0.933175,0.960213,0.91669,0.92578,0.943933,0.954157,0.935499,0.943418,0.932947,0.945781,0.938086,0.932448,0.941436,0.926804,0.936063,0.9567,0.949379,0.93328,0.951914,0.943374,0.939906,0.929647,0.941054,0.960482,0.927276,0.952111,0.92839,0.933848,0.917897,0.941663,0.937768,0.952518,0.926313,0.925337,0.969681,0.964293,0.928825,0.917896,0.894457,0.939289,0.962812,0.925325,0.95492,0.933489,0.95431,0.942197,0.924953,0.913719,0.936779,0.943694,0.937514,0.933174,0.94806,0.934089,0.919961,0.924034,0.923336,0.934729,0.942173,0.92592,0.963397,0.945722,0.931965,0.935571,0.927798,0.924532,0.94086,0.921057,0.943907,0.930773,0.958931,0.936144,0.938175,0.928261,0.939687,0.919613,0.947336,0.934836,0.935904,0.953339,0.93534,0.940442,0.93948,1.0,0.928664,0.917767
Wrap,0.902393,0.929986,0.9172,0.900578,0.91452,0.899977,0.903871,0.912434,0.918231,0.92015,0.924663,0.928089,0.905903,0.924584,0.910018,0.915775,0.921515,0.908037,0.917262,0.913654,0.923297,0.919819,0.923132,0.916342,0.926446,0.923077,0.905099,0.930763,0.917583,0.920009,0.894994,0.909683,0.914162,0.921656,0.903944,0.92178,0.91863,0.917419,0.911097,0.924636,0.921504,0.928967,0.922299,0.922932,0.918641,0.931979,0.91102,0.911748,0.928645,0.930762,0.918875,0.927652,0.917727,0.922053,0.922661,0.916261,0.92845,0.907887,0.912913,0.933085,0.921785,0.914369,0.924007,0.920747,0.919119,0.913135,0.922446,0.930623,0.909663,0.92759,0.91464,0.912477,0.91289,0.923604,0.915014,0.926823,0.918389,0.90904,0.935455,0.935478,0.902505,0.906617,0.887533,0.923062,0.930243,0.909447,0.928144,0.919624,0.930332,0.927667,0.910538,0.900018,0.920131,0.919579,0.912994,0.91319,0.922795,0.910513,0.9074,0.914936,0.904203,0.919152,0.917007,0.907614,0.932167,0.929976,0.917342,0.92025,0.909851,0.905593,0.918736,0.901447,0.917596,0.921428,0.930857,0.924064,0.91618,0.91448,0.915281,0.908905,0.926021,0.917917,0.920394,0.927465,0.918377,0.92362,0.916499,0.928664,1.0,0.910468
Yarn,0.902248,0.917988,0.920104,0.899441,0.908762,0.904929,0.907448,0.915137,0.908181,0.912755,0.913103,0.916614,0.898169,0.918438,0.902245,0.911445,0.910576,0.903945,0.913307,0.910683,0.910408,0.906349,0.916125,0.914749,0.917681,0.912937,0.901547,0.920575,0.912591,0.915636,0.895115,0.908193,0.905892,0.913151,0.90295,0.912684,0.915091,0.912979,0.904682,0.915936,0.910688,0.918981,0.916282,0.913807,0.909973,0.921002,0.910306,0.909285,0.917421,0.918419,0.911431,0.91462,0.910154,0.913776,0.912036,0.90888,0.918211,0.906169,0.908293,0.920099,0.913537,0.904962,0.914372,0.915222,0.912416,0.902561,0.915794,0.921165,0.908912,0.918618,0.910116,0.904991,0.909813,0.914841,0.908517,0.918899,0.90813,0.907447,0.925419,0.924806,0.901594,0.900118,0.893616,0.915268,0.920704,0.91002,0.919391,0.910735,0.920811,0.915892,0.902145,0.900698,0.913571,0.910663,0.908001,0.911287,0.912673,0.90464,0.911057,0.910195,0.905588,0.910773,0.909839,0.904101,0.922708,0.916146,0.90766,0.915884,0.902597,0.905353,0.91429,0.900411,0.91008,0.909557,0.920577,0.909047,0.91631,0.909863,0.909292,0.900355,0.915091,0.914813,0.914445,0.919394,0.906754,0.914138,0.907915,0.917767,0.910468,1.0
