,Accordion,Acorn,Apple,Backpack,Barstool,Baseball,Basket,Beanie,Bed,Bell,Belt,Bench,Bike,Binder,Binoculars,Birdfeeder,Boat,Bonzai,Book,Bookend,Boomerang,Car,Cellphone,Cheese,Cheesegrater,Christmasstreeornament,Clock,Coatrack,Coffeemaker,Coffeemug,Compass,Computertower,Controller,Couch,Cushion,Desk,Door,Doorknob,Drill,Dryingrack,Dumbbell,Dustpan,Fan,Faucet,Flower,Flute,Fossils,Frisbee,Fryingpan,Glasses,Glove,Goggles,Grill,Hairbrush,Hairclip,Handbag,Hat,Headphones,Hourglass,Kayak,Key,Kite,Ladder,Lamp,Lantern,Lawnmower,Lightbulb,Lipstick,Lock,Lollipop,Mask,Microscope,Minerals,Mushroom,Necklace,Necktie,Orifan,Oven,Paintbrush,Pen,Pictureframe,Pinecone,Pizza,Plug,Pogostick,Pot,Razor,Recordplayer,Remotecontrol,Ring,Rollerskates,Rug,Saltpeppershaker,Saxophone,Scale,Scarf,Scissors,Scooter,Scrunchie,Seashell,Shirt,Shoe,Skiis,Snowglobe,Spoon,Stapler,Stapleremover,Storagebin,Stroller,Suit,Suitcase,Teddy Bear,Tennisracket,Tent,Toothbrush,Train,Trashbin,Tree,Trophy,Truck,Umbrella,Vase,Wallet,Waterbottle,Watergun,Wateringcan,Windchime,Wishbone,Wrap,Yarn
Accordion,1.0,-0.023466,0.22447,0.06877,0.277988,0.259358,0.269073,0.212847,0.149171,0.343058,0.175102,0.332353,0.157907,0.246811,0.023246,0.001486,0.064919,0.166192,0.124232,0.240644,0.091444,0.108122,0.128502,0.320661,0.292007,0.194772,0.292907,0.308794,0.23899,0.247468,0.149088,0.188518,0.323014,0.234142,0.046067,0.174044,0.256586,0.299921,0.233846,0.239586,0.337098,0.201751,0.257909,0.326073,0.157322,0.796349,-0.030906,0.359462,0.153824,0.351816,0.315155,0.079201,0.278068,0.312748,0.298364,0.116273,0.292949,0.573604,0.169534,0.16174,0.058311,0.172068,0.187727,0.187125,0.10797,0.131731,0.186251,0.114055,0.281763,0.39349,0.284522,0.118521,-0.0789,0.132124,0.136343,0.25648,0.257909,0.158823,0.224641,0.080913,0.208602,0.131117,0.325035,0.215034,0.363249,0.204287,0.13935,0.255715,0.105794,0.277235,0.40082,0.306593,0.207695,0.803032,0.056785,0.207076,0.462427,0.119051,0.050314,0.157242,0.236408,0.298099,0.090419,-0.070661,0.428471,0.265496,0.215441,-0.22683,0.136385,0.183471,0.002399,0.006571,0.406954,0.133084,0.23172,0.13614,-0.237246,0.065018,-0.103361,0.07821,0.12293,0.241264,0.110231,0.108003,0.078627,0.113748,0.350291,0.381337,0.214316,0.275428
Acorn,-0.023466,1.0,0.44828,0.168537,0.135196,0.069777,-0.066811,0.347969,0.06214,0.039845,0.081939,-0.104713,0.114739,0.354615,0.014696,0.230655,-0.103544,0.32389,0.115097,-0.218552,0.140325,0.051195,0.252411,0.139652,0.225431,0.166974,0.066982,0.052727,0.264184,0.156456,0.079562,0.239076,0.126753,0.088792,-0.117772,0.071575,0.082919,0.141329,0.118996,0.127234,0.125284,0.234724,0.25107,0.207226,0.167512,-0.005299,0.108693,0.243554,0.097666,0.067489,-0.026919,-0.064912,0.106346,0.139229,0.200844,0.039296,0.093542,0.027284,0.150129,0.024157,-0.019238,0.015571,0.206741,0.158917,0.285814,0.317964,0.048169,0.184754,0.010633,0.190856,0.026145,0.200579,0.065128,0.313578,-0.089058,-0.094715,0.25107,0.011713,0.116546,0.269498,0.044023,0.043331,0.200692,0.329559,0.285763,0.260344,0.270857,-0.052395,-4.4e-05,0.189436,0.145705,0.057059,0.110498,-0.073101,0.004115,0.015308,0.274904,0.321817,0.156581,0.272134,0.043171,0.199256,-0.083448,-0.073832,0.135937,0.143925,0.086481,0.269659,0.095715,0.050426,0.104292,0.145492,0.068491,0.124539,0.211243,-0.038165,0.263763,0.268391,0.02921,0.034322,0.372394,0.093038,0.116672,0.145817,0.119306,0.08809,0.074107,0.17239,0.03394,0.058375
Apple,0.22447,0.44828,1.0,0.185118,-0.075403,0.248345,0.182788,0.218214,0.295335,0.563002,0.246548,0.118661,0.265179,0.248783,0.053047,0.303448,0.149573,0.146298,0.445138,-0.224886,0.045388,0.395154,0.566582,0.463467,0.361495,0.484207,0.283851,0.2661,0.739557,0.535568,0.198766,0.515407,0.360429,0.244396,0.096951,0.272818,0.40526,0.408613,0.187185,0.263715,-0.080449,0.024732,0.350501,0.250055,0.395306,0.160378,0.141378,0.058014,0.175374,0.314028,0.164612,0.039518,0.28087,0.419334,0.468924,0.20256,0.331686,0.246706,0.040615,0.013249,0.386903,0.059984,0.083198,0.239905,0.155803,0.340818,0.43168,0.319859,0.202415,0.166059,0.159475,0.178503,0.20141,0.372077,0.125631,0.122891,0.350501,0.177281,0.402878,0.322024,0.388429,-0.183268,0.467472,0.480761,0.3217,0.292363,0.29146,0.324831,0.378275,0.276049,0.104114,0.212324,0.341296,0.158641,0.247951,0.124507,0.212377,0.26826,0.190946,-0.03487,0.360849,0.428044,0.072573,0.239388,0.283543,0.04493,0.056101,0.367218,0.090937,0.432829,0.136954,0.296944,0.200285,0.180436,0.353867,0.146207,0.22087,0.494079,0.10235,0.336013,0.25447,0.057889,0.337918,0.425115,0.333583,0.439851,0.303933,-0.019335,0.396188,0.297254
Backpack,0.06877,0.168537,0.185118,1.0,0.347267,0.117471,0.313231,0.359507,0.545322,0.062675,0.445881,0.130224,0.479893,0.298923,0.566792,0.229682,0.391588,0.136745,0.14321,0.171672,0.151976,0.520131,0.363256,0.2006,0.198225,0.429495,0.34005,0.582576,0.278722,0.453972,0.304554,0.294389,0.235701,0.488453,0.195232,0.3924,0.530425,0.520445,0.322921,0.46495,0.381275,0.171139,0.1357,0.385864,0.238545,-0.009864,0.012123,0.31573,0.170615,0.589514,0.47967,0.570916,0.25585,0.503233,0.56111,0.686642,0.486129,0.386683,0.413098,0.21739,0.045448,0.199004,0.270504,0.407313,0.268098,0.391336,0.367048,0.539799,0.189625,0.437865,0.525089,0.282576,-0.106267,0.180013,0.436408,0.425514,0.1357,0.318785,0.428385,0.277777,0.39215,0.064798,0.311687,0.396979,0.357759,0.23344,0.286909,0.025157,0.217712,0.358508,0.317335,0.444487,0.179477,-0.065103,0.046208,0.47657,0.558584,0.38879,0.106768,0.271881,0.529827,0.632574,0.287427,0.147582,0.226327,0.349968,0.358367,0.456242,0.562343,0.253343,0.832458,0.381181,0.241406,0.442396,0.380234,0.398934,0.52049,0.315459,0.117447,0.586368,0.096385,0.130277,0.685182,0.469317,0.470332,0.254428,-0.009478,0.174298,0.363116,0.35837
Barstool,0.277988,0.135196,-0.075403,0.347267,1.0,0.006664,0.172142,0.258263,0.039932,-0.210881,-0.049038,0.050091,0.112043,0.046927,0.246717,-0.146457,-0.026849,0.251516,-0.116929,0.444936,0.137696,-0.062955,-0.250153,0.057361,0.193151,0.115671,0.186107,0.209263,-0.082251,0.125594,0.352555,-0.083418,-0.008482,0.328154,0.004524,0.25173,0.147774,0.387823,0.174417,0.183122,0.493804,0.375708,-0.149099,0.343516,-0.058577,0.138676,-0.102143,0.411239,-0.040579,0.128445,0.128608,0.059413,0.151729,0.008253,0.020015,0.202725,0.109951,0.276389,0.360129,0.142224,-0.216739,0.101226,0.291447,0.202807,0.240909,0.178197,-0.057699,0.076032,-0.02871,0.309339,-0.007184,0.116103,-0.240284,0.059219,0.021972,0.372724,-0.149099,0.117602,0.003052,-0.107826,-0.000575,0.397082,0.133622,0.010695,0.236231,-0.077289,-0.07971,-0.293749,-0.254071,-0.149851,0.265381,0.414558,-0.069023,0.084142,-0.255394,0.226794,0.288487,0.096537,-0.025783,0.416741,0.098774,0.131856,0.062621,-0.295429,0.210321,0.375046,0.184586,-0.173163,0.302779,-0.167999,0.21141,-0.052767,-0.036711,0.087477,0.019993,-0.030456,-0.031766,-0.030233,-0.150969,0.017761,-0.025407,0.151756,0.112482,-0.081992,-0.199984,-0.274277,-0.00691,0.332571,0.118838,0.172873
Baseball,0.259358,0.069777,0.248345,0.117471,0.006664,1.0,0.400658,0.193412,0.188975,0.357468,0.368617,0.568828,0.281135,0.074649,-0.033403,0.340669,0.238147,0.178086,0.417655,0.071594,0.193583,0.295414,0.209993,0.12954,0.007199,0.349081,0.350779,0.177525,0.234846,0.244717,0.138944,0.35657,0.143126,0.333205,0.09828,0.281954,0.325699,0.206282,0.280816,0.038734,-0.030043,-0.202044,0.673732,0.044666,0.277462,0.205257,0.117994,0.432604,0.103535,0.219103,0.520199,0.134487,0.13372,0.230686,0.295416,-0.014205,0.498697,0.172417,0.006938,0.171938,0.367765,0.274089,0.192023,0.085686,0.198888,0.222692,0.228247,0.079106,0.163581,0.107095,0.356351,-0.04486,-0.012265,0.223359,0.082922,0.235691,0.673732,-0.066493,0.16278,0.148163,0.301851,-0.181895,0.257759,0.16663,0.36644,0.199318,0.03442,0.721344,0.221639,0.466026,0.499067,0.148172,0.247848,0.259417,0.147078,0.241093,0.09843,0.065726,0.025578,-0.022368,0.399308,0.397366,0.357293,0.34256,0.19667,-0.089351,-0.103765,0.215315,-0.132524,0.389736,0.107681,0.443011,0.529866,0.268594,0.125856,0.238414,0.305798,0.246418,0.474892,0.206911,0.265138,0.258707,0.105572,0.267517,0.299914,0.36651,0.13683,0.297111,0.223564,0.052347
Basket,0.269073,-0.066811,0.182788,0.313231,0.172142,0.400658,1.0,0.135654,0.283009,0.259567,0.398527,0.50461,0.231521,0.260225,0.135676,0.290177,0.211007,0.056446,0.217699,0.190707,0.038924,0.276871,0.152366,0.434788,0.410321,0.392706,0.378477,0.545615,0.383057,0.518322,0.272888,0.234818,0.068465,0.338235,0.447508,0.298001,0.367293,0.333876,0.217757,0.511867,0.279047,0.065118,0.252744,0.138752,0.425557,0.182616,0.09305,0.120625,0.341448,0.400935,0.672759,0.085043,0.35122,0.455894,0.474182,0.282259,0.633094,0.122591,0.153721,0.06886,0.417251,0.155554,0.392848,0.244013,0.200085,0.165909,0.335194,0.194759,0.319697,0.147817,0.387323,0.050786,0.131687,0.316027,0.312364,0.388483,0.252744,0.312249,0.439817,0.220782,0.350423,0.123598,0.394426,0.229268,0.485018,0.382947,0.259197,0.424267,0.187743,0.420956,0.359881,0.463787,0.426802,0.091881,0.271771,0.428127,0.516119,-0.050283,0.100281,0.263059,0.426136,0.493124,0.179382,0.200577,0.585145,0.056974,0.222531,0.267871,0.179003,0.211264,0.35165,0.371271,0.337008,0.219694,0.359105,0.150152,0.348271,0.31949,0.175061,0.316061,0.054636,0.430165,0.402094,0.473309,0.396126,0.368688,0.063126,0.150192,0.493568,0.43868
Beanie,0.212847,0.347969,0.218214,0.359507,0.258263,0.193412,0.135654,1.0,0.149014,0.00737,0.025552,-0.145099,0.261811,0.253924,0.017359,0.224689,0.03842,0.359782,0.088653,0.233024,0.279184,0.145947,0.028381,0.214033,0.145178,0.321718,0.037807,0.072183,0.167724,0.114807,0.04397,-0.0722,-0.126298,0.192603,0.024085,-0.185871,0.038116,0.116737,0.086159,0.117544,0.166312,0.187797,0.026655,0.137473,0.159344,0.196257,0.192779,0.264359,-0.125573,0.106422,0.192181,0.105645,-0.055639,0.198685,0.326581,0.386876,0.249202,0.248124,0.36297,0.272626,-0.21111,0.252979,0.144184,-0.014849,0.023849,0.125279,-0.127946,0.367103,0.011073,0.474821,0.19831,-0.06326,-0.083723,0.215171,0.245928,0.335738,0.026655,-0.079922,0.057803,0.076039,-0.065481,0.18999,0.199997,0.223966,0.331275,0.042428,0.050068,0.003204,-0.219129,0.011749,0.426517,0.251941,-0.086044,0.156274,-0.057838,0.178276,0.461235,0.23551,0.051427,0.329494,0.150261,0.385752,0.195268,-0.120834,0.017079,0.284647,0.291763,-0.094177,0.431849,0.066775,0.262765,0.412661,0.002265,0.095903,0.174478,-0.008314,0.012904,0.210399,-0.079513,0.19251,-0.009096,0.105464,0.255795,0.069217,-0.015045,-0.058773,0.065045,0.251331,0.099193,0.249781
Bed,0.149171,0.06214,0.295335,0.545322,0.039932,0.188975,0.283009,0.149014,1.0,0.374046,0.435843,0.365294,0.470901,0.237812,0.325109,0.38974,0.502888,0.040845,0.342335,-0.093033,0.073803,0.479184,0.471238,0.324626,0.178186,0.646693,0.47697,0.598133,0.392904,0.500244,0.208513,0.457748,0.168357,0.682344,0.346739,0.505181,0.735473,0.673064,0.350919,0.642708,0.138656,-0.040281,0.265017,0.494854,0.492487,0.217131,0.205148,0.14592,0.376741,0.566584,0.329274,0.349226,0.424322,0.679763,0.586091,0.299533,0.379256,0.298082,0.240594,0.271665,0.276645,0.187396,0.455403,0.467916,0.264629,0.466355,0.514413,0.388993,0.422103,0.135576,0.496155,0.235329,0.223459,0.232557,0.332724,0.158346,0.265017,0.438022,0.536733,0.237707,0.565938,-0.061009,0.408086,0.368302,0.360759,0.51774,0.305116,0.205671,0.421327,0.430713,0.309384,0.428327,0.405458,0.133406,0.175945,0.369399,0.356155,0.213386,0.035431,0.004862,0.476276,0.405171,0.387733,0.515145,0.417085,0.071963,0.081151,0.461904,0.507429,0.369042,0.482308,0.397998,0.328485,0.671384,0.612585,0.451276,0.466506,0.615439,0.100571,0.455346,0.25052,0.210264,0.464043,0.682504,0.643886,0.662615,0.369514,0.109444,0.547176,0.232563
Bell,0.343058,0.039845,0.563002,0.062675,-0.210881,0.357468,0.259567,0.00737,0.374046,1.0,0.28383,0.475442,0.208463,0.198083,0.005169,0.403942,0.355288,-0.189084,0.431872,-0.223507,0.112642,0.388042,0.517682,0.309352,0.23264,0.381507,0.424543,0.323668,0.528062,0.248625,0.302996,0.585638,0.448333,0.279976,0.13151,0.39298,0.483874,0.450868,0.28831,0.18023,-0.012538,-0.208064,0.361506,0.178841,0.426565,0.459961,0.103146,0.008151,0.192992,0.269437,0.38793,-0.003379,0.343815,0.299882,0.304774,0.109013,0.368956,0.221672,-0.087529,0.046843,0.430395,0.339649,0.173601,0.298456,0.250426,0.273318,0.437854,0.021221,0.465949,0.083958,0.232693,0.068402,0.182707,0.130355,0.283348,-0.015066,0.361506,0.16475,0.260479,0.212101,0.416893,-0.107871,0.434518,0.267126,0.32805,0.118259,0.293931,0.460475,0.341813,0.458716,0.249086,0.182313,0.366348,0.48898,0.174733,0.122143,0.210913,0.184867,0.106786,-0.150964,0.30288,0.379275,0.073184,0.384848,0.258303,0.043287,-0.123521,0.20904,-0.011533,0.481601,0.069893,0.40035,0.285035,0.178929,0.312791,0.310104,0.060164,0.376538,0.240223,0.32486,0.204039,0.094447,0.219608,0.356607,0.415204,0.41955,0.482569,0.165334,0.297423,0.188095
Belt,0.175102,0.081939,0.246548,0.445881,-0.049038,0.368617,0.398527,0.025552,0.435843,0.28383,1.0,0.324054,0.447401,0.114741,0.290895,0.373133,0.365139,0.054791,0.112469,-0.015855,0.166652,0.460548,0.379369,0.08863,-0.00726,0.384596,0.479261,0.545925,0.32071,0.278751,0.320591,0.430893,0.388718,0.337628,0.318819,0.281481,0.463753,0.58377,0.452591,0.417361,0.176536,-0.019573,0.308605,0.269111,0.292336,0.100539,0.166289,0.270248,0.296382,0.388434,0.57333,0.424934,0.215705,0.546786,0.507887,0.184955,0.50571,0.25238,0.436739,0.171191,0.42255,0.363274,0.41814,0.432502,0.3667,0.424066,0.568956,0.367996,0.459079,0.180285,0.610971,0.297334,0.221906,0.154862,0.341071,0.294321,0.308605,0.196516,0.42833,0.311921,0.488519,-0.21948,0.123127,0.441692,0.357701,0.381189,0.542724,0.352632,0.631932,0.641226,0.44594,0.424872,0.248435,0.062537,0.364335,0.449924,0.387115,0.353931,0.250676,0.066119,0.466585,0.555431,0.432889,0.411196,0.281709,0.008965,0.145438,0.446188,0.197741,0.414147,0.263807,0.336884,0.38393,0.313886,0.493391,0.364092,0.387665,0.45369,0.310466,0.456211,0.305543,0.114915,0.364555,0.434954,0.640759,0.503654,0.270207,0.266446,0.374533,0.411081
Bench,0.332353,-0.104713,0.118661,0.130224,0.050091,0.568828,0.50461,-0.145099,0.365294,0.475442,0.324054,1.0,0.143571,0.133883,0.09215,0.198924,0.189379,-0.180529,0.188747,0.083203,-0.023453,0.285176,0.180521,0.158132,0.121978,0.272559,0.482653,0.370612,0.152853,0.2332,0.156612,0.343704,0.280935,0.517881,0.357537,0.349558,0.540807,0.437168,0.213543,0.249252,0.165984,-0.163982,0.408006,0.161395,0.292665,0.322014,0.019003,0.193789,0.115957,0.43203,0.545947,0.124239,0.28228,0.390195,0.335647,-0.041866,0.49086,0.246416,-0.051815,-0.119088,0.456244,0.158523,0.357693,0.315285,0.161333,0.303744,0.37052,-0.007198,0.539242,-0.08235,0.364009,0.19475,-0.0609,0.048714,0.014239,0.089869,0.408006,0.228377,0.34978,0.147545,0.448402,-0.139621,0.140478,0.157903,0.324593,0.22425,0.108461,0.599511,0.247114,0.398327,0.294144,0.184511,0.302756,0.380997,0.111287,0.26464,0.18524,-0.053087,-0.080048,-0.189276,0.427791,0.219492,0.132508,0.232823,0.378888,-0.02995,-0.068157,0.132414,0.040147,0.375872,0.14184,0.307514,0.407385,0.303779,0.287658,0.215497,0.161798,0.241481,0.416246,0.170374,0.094885,0.289355,0.155708,0.390078,0.370048,0.417563,0.238601,0.346859,0.36845,-0.073398
Bike,0.157907,0.114739,0.265179,0.479893,0.112043,0.281135,0.231521,0.261811,0.470901,0.208463,0.447401,0.143571,1.0,0.072898,0.302619,0.347646,0.608107,0.241083,0.20155,-0.056121,0.133286,0.725685,0.350706,0.131466,-0.008506,0.431642,0.460659,0.359808,0.346444,0.315044,0.255102,0.377056,0.217587,0.311196,0.174208,0.240085,0.541132,0.495075,0.31964,0.373008,0.064226,0.087547,0.348462,0.310158,0.268921,0.09233,-0.169016,0.357389,0.110032,0.291563,0.331566,0.313902,0.22504,0.36368,0.411494,0.393473,0.405128,0.253589,0.261634,0.641438,0.174505,0.460359,0.541602,0.232947,0.132096,0.602623,0.324503,0.262251,0.367347,0.215796,0.304387,0.091929,-0.156855,-0.065822,0.197986,0.257935,0.348462,0.051038,0.291379,0.314881,0.36527,-0.09257,0.266387,0.380994,0.260572,0.097943,0.322522,0.313447,0.357065,0.414293,0.6647,0.257772,-0.023268,0.053364,0.222149,0.225144,0.355322,0.567921,0.309531,-0.041672,0.407053,0.558792,0.702149,0.344731,0.09145,-0.023722,-0.01039,0.144058,0.586668,0.31041,0.263486,0.198044,0.466729,0.432349,0.206047,0.656099,0.168584,0.435341,0.240383,0.660146,0.212718,0.016239,0.305688,0.434598,0.502476,0.418543,0.333987,0.060296,0.21478,0.369035
Binder,0.246811,0.354615,0.248783,0.298923,0.046927,0.074649,0.260225,0.253924,0.237812,0.198083,0.114741,0.133883,0.072898,1.0,0.093941,-0.022928,-0.133828,0.297151,0.248562,0.004813,-0.03651,0.028118,0.118045,0.346707,0.374109,0.284771,0.011096,0.45882,0.200459,0.380441,0.000618,0.099173,0.073428,0.251463,-0.05699,0.166897,0.187136,0.208668,0.044407,0.34799,0.193147,0.283535,0.188527,0.23794,0.322322,0.218326,0.146587,0.078453,0.188767,0.458972,0.391148,0.137756,0.268577,0.486419,0.465822,0.380048,0.304761,0.149105,0.346903,0.040178,-0.081771,0.06209,0.097653,0.267938,0.199073,0.235218,0.222052,0.361742,0.075224,0.181708,0.31403,0.196456,0.187436,0.298104,0.31417,0.253314,0.188527,0.229871,0.415471,0.283958,0.324524,0.128289,0.187967,0.231729,0.383797,0.286885,0.355281,-0.011038,-0.173488,0.30805,0.156108,0.221424,0.393209,0.188441,-0.067388,0.348754,0.511113,0.293533,-0.033978,0.276148,0.301548,0.341145,-0.008925,0.146955,0.451621,0.263891,0.397366,0.175824,0.118357,0.190902,0.295397,0.275193,0.080268,0.172035,0.398321,-0.213606,0.177838,0.286865,0.067938,0.074521,0.146831,0.342575,0.319278,0.268627,0.148014,0.163277,-0.0358,0.202138,0.274468,0.291745
Binoculars,0.023246,0.014696,0.053047,0.566792,0.246717,-0.033403,0.135676,0.017359,0.325109,0.005169,0.290895,0.09215,0.302619,0.093941,1.0,0.098975,0.283838,0.143799,-0.016776,0.07219,0.259796,0.189889,0.346833,-0.091538,-0.053945,0.179993,0.360562,0.328924,0.03955,0.182291,0.450399,0.341456,0.18708,0.32888,0.211668,0.27539,0.337746,0.341765,0.337009,0.302021,0.193124,0.050653,0.173413,0.203045,0.073879,-0.002932,0.065444,0.159087,0.166163,0.543072,0.242703,0.713454,0.127755,0.366973,0.397405,0.332529,0.293715,0.458902,0.374019,0.17049,0.026084,0.34904,0.211646,0.36735,0.261097,0.205721,0.378216,0.422526,0.191648,0.232319,0.377263,0.637888,-0.112718,-0.004862,0.256699,0.226826,0.173413,0.253115,0.351594,0.315403,0.333087,-0.079216,0.001179,0.274313,0.257825,0.033194,0.289588,-0.014539,0.266734,0.222178,0.286781,0.315063,-0.025985,0.01854,0.069007,0.303209,0.389502,0.087702,-0.065615,0.258118,0.331637,0.228376,0.233893,0.240353,0.089583,0.105168,0.145992,0.265095,0.227969,0.098336,0.351926,0.191428,0.092285,0.363647,0.267912,0.245914,0.213839,0.181788,-0.057126,0.147763,0.046732,0.008345,0.424239,0.224974,0.299367,0.26432,0.25296,-0.112243,0.233516,0.113655
Birdfeeder,0.001486,0.230655,0.303448,0.229682,-0.146457,0.340669,0.290177,0.224689,0.38974,0.403942,0.373133,0.198924,0.347646,-0.022928,0.098975,1.0,0.51762,0.104569,0.26028,-0.160492,0.46458,0.266,0.384581,0.276703,0.180908,0.458621,0.334223,0.373541,0.283768,0.184496,0.186584,0.324436,0.200713,0.252966,0.244858,0.171682,0.256636,0.338036,0.327291,0.384295,0.043066,-0.04037,0.328302,0.056534,0.521908,0.164882,0.31348,0.13631,0.251399,0.100459,0.139726,0.087617,0.231903,0.310353,0.361526,0.010383,0.413516,-0.023369,0.057492,0.188873,0.332517,0.350467,0.289465,0.104151,0.238225,0.245718,0.322165,0.137952,0.356825,0.177021,0.335345,0.048774,0.156855,0.495075,0.07369,-0.025983,0.328302,0.073506,0.200164,0.209988,0.20509,0.157382,0.303119,0.195781,0.326293,0.186077,0.088031,0.327444,0.420801,0.328872,0.352924,0.1122,0.182426,0.052752,0.28852,0.196454,0.167679,-0.088453,0.146033,0.052278,0.269786,0.230374,0.25612,0.370182,0.236247,-0.060932,-0.088303,0.323063,0.093035,0.230845,0.181837,0.402687,0.143031,0.307878,0.390956,0.380884,0.247521,0.539621,0.095338,0.279282,0.331354,0.076837,0.10995,0.471209,0.537847,0.547906,0.278438,0.177655,0.19667,0.146575
Boat,0.064919,-0.103544,0.149573,0.391588,-0.026849,0.238147,0.211007,0.03842,0.502888,0.355288,0.365139,0.189379,0.608107,-0.133828,0.283838,0.51762,1.0,0.018929,0.253736,-0.200782,0.233551,0.60589,0.335115,0.119373,-0.019597,0.359515,0.369427,0.294515,0.263557,0.187836,0.295597,0.398618,0.254691,0.194423,0.240228,0.34569,0.520647,0.424241,0.531025,0.305453,0.040031,-0.059043,0.292538,0.308066,0.23995,0.176997,0.085773,0.158274,0.290517,0.198454,0.269778,0.253618,0.223751,0.29668,0.202365,0.198201,0.333883,0.108131,0.072534,0.530763,0.285698,0.433097,0.413686,0.195409,0.187396,0.297406,0.323344,0.0746,0.38143,0.221918,0.32762,0.060385,0.033448,0.142369,0.22963,0.086218,0.292538,0.087218,0.327964,0.294779,0.296959,0.026866,0.23304,0.308133,0.215196,0.173946,0.110572,0.320882,0.516154,0.356202,0.417222,0.230564,0.039101,0.081911,0.276172,0.090404,0.203508,0.21723,0.161766,-0.022689,0.240374,0.292327,0.482077,0.485029,0.181038,-0.154095,-0.236268,0.232338,0.288303,0.331054,0.422637,0.300598,0.311914,0.396827,0.274711,0.74161,0.296098,0.393856,0.201414,0.640799,0.218615,0.039048,0.209198,0.530382,0.640764,0.528214,0.422426,-0.024834,0.204685,0.176277
Bonzai,0.166192,0.32389,0.146298,0.136745,0.251516,0.178086,0.056446,0.359782,0.040845,-0.189084,0.054791,-0.180529,0.241083,0.297151,0.143799,0.104569,0.018929,1.0,0.058848,0.080737,-0.02064,-0.061963,-0.125607,0.197189,0.177137,0.396201,0.012804,0.108086,0.130391,0.162395,-0.035186,0.086785,-0.250369,0.010533,0.025323,-0.051126,-0.038699,0.001625,0.129335,0.180327,0.013052,0.254224,0.124577,0.149535,0.370037,0.17971,0.427926,0.31497,0.071433,0.165199,0.063231,0.100518,0.042809,0.266032,0.136741,0.18373,0.13078,0.055508,0.283932,0.297306,-0.191783,0.053697,0.180871,0.190801,0.208642,0.379189,0.134158,0.261278,-0.139978,0.202319,0.159049,0.1667,0.158988,0.362305,0.138457,0.172035,0.124577,-0.00946,0.313929,0.158989,0.094307,0.243601,-0.035726,0.03795,0.079178,0.16576,0.087416,-0.021919,-0.124547,-0.024794,0.343627,0.27584,0.072668,0.039036,0.06224,0.123836,0.25362,0.066893,-0.043918,0.380584,0.085729,0.238166,0.236435,-0.076971,0.12844,0.246675,0.388024,-0.025485,0.14994,-0.019633,0.034419,0.152208,0.180551,0.161098,0.286228,-0.136511,-0.013435,0.428314,-0.030547,-0.049016,0.072481,0.539128,-0.02853,0.123379,0.021171,0.109928,0.071353,-0.110659,-0.017433,0.209274
Book,0.124232,0.115097,0.445138,0.14321,-0.116929,0.417655,0.217699,0.088653,0.342335,0.431872,0.112469,0.188747,0.20155,0.248562,-0.016776,0.26028,0.253736,0.058848,1.0,-0.027087,0.046859,0.294376,0.365394,0.291248,0.165642,0.533519,0.317498,0.242069,0.367407,0.371077,0.204818,0.498316,0.070081,0.278485,-0.095358,0.437381,0.405944,0.200848,0.121276,0.126144,-0.178207,-0.223316,0.462054,-0.065442,0.346844,0.172418,0.301427,0.048399,0.170579,0.236614,0.189564,-0.058488,0.112731,0.350097,0.441595,0.165259,0.366505,-0.010784,0.076751,0.055189,0.414913,0.100666,0.098348,0.106197,0.169606,-0.006773,0.223377,0.203361,0.104505,0.027405,0.258762,0.103261,0.100275,0.295754,0.213564,-0.027103,0.462054,0.102851,0.332329,0.45136,0.593665,-0.360881,0.314524,0.140531,0.239926,0.261206,-0.023726,0.511569,0.260686,0.387666,0.09111,0.167473,0.180244,0.145491,0.303372,0.229238,0.113277,-0.013168,0.122473,-0.099285,0.294371,0.270846,0.072063,0.463718,0.195351,-0.255956,-0.166515,0.314885,-0.073735,0.377002,0.195285,0.466706,0.25406,0.151437,0.303542,0.252108,0.360159,0.376339,0.289368,0.167771,0.222106,0.186598,0.232656,0.339035,0.334247,0.425535,0.154445,-0.02734,0.27836,0.247425
Bookend,0.240644,-0.218552,-0.224886,0.171672,0.444936,0.071594,0.190707,0.233024,-0.093033,-0.223507,-0.015855,0.083203,-0.056121,0.004813,0.07219,-0.160492,-0.200782,0.080737,-0.027087,1.0,0.134767,-0.173575,-0.317435,0.036493,0.148939,0.128236,0.046062,0.140534,-0.320658,-0.128355,0.047351,-0.231205,-0.088292,0.115311,0.293823,-0.038103,-0.017091,0.081914,0.140413,0.08758,0.543724,0.236762,-0.185218,0.039607,0.032815,0.226257,0.029905,0.274394,-0.064271,0.115927,0.244746,0.054737,0.052258,0.045854,0.169554,0.132394,0.142277,0.158225,0.475971,0.045642,-0.023837,0.121215,0.062843,-0.008889,0.109979,-0.123071,0.006646,0.141363,-0.162942,0.227655,0.170315,0.042704,-0.175442,0.100451,0.207066,0.348025,-0.185218,0.035358,-0.008179,-0.179289,0.150135,0.292492,0.024967,0.013058,0.135195,-0.051958,0.006175,-0.018804,-0.266191,-0.047041,0.117506,0.100737,-0.125375,0.18346,0.122293,0.141421,0.284595,-0.07457,0.037047,0.385702,0.029036,0.013144,-0.074216,-0.227231,0.092636,0.314714,0.223009,-0.212966,0.110391,-0.039343,0.080952,0.003634,-0.039677,-0.002664,0.052615,-0.239207,-0.145656,-0.130595,0.054976,-0.174156,-0.129624,0.164262,0.010399,-0.175158,-0.220548,-0.227341,-0.034866,0.410044,0.234661,0.189782
Boomerang,0.091444,0.140325,0.045388,0.151976,0.137696,0.193583,0.038924,0.279184,0.073803,0.112642,0.166652,-0.023453,0.133286,-0.03651,0.259796,0.46458,0.233551,-0.02064,0.046859,0.134767,1.0,0.053,0.094792,0.030588,0.004431,0.152878,0.2697,0.162456,-0.036208,-0.102433,0.318035,0.119941,0.206113,0.186873,0.060008,-0.003155,0.050158,0.186532,0.165719,0.061915,0.254596,-0.072776,0.16915,0.15846,0.066522,0.16338,0.006085,0.336603,0.184627,0.163933,0.041346,0.305399,0.162473,0.069252,0.200679,0.103767,0.242118,0.271798,0.465262,0.068832,-0.135748,0.500456,0.047573,0.142776,0.352125,-0.040072,0.179519,0.29905,0.109532,0.43571,0.337172,0.302705,-0.122217,0.267569,0.126031,0.245129,0.16915,0.019621,-0.049932,0.127314,0.083681,0.022293,0.153733,0.252438,0.56068,-0.065523,0.089022,-0.004995,0.074838,0.214808,0.500912,0.155256,-0.100514,0.127463,0.066892,0.200871,0.173328,-0.00999,0.173127,0.355619,0.122636,0.076432,0.122667,0.09448,0.083309,-0.07114,-0.069209,-0.051183,0.048543,0.061849,0.179356,0.246611,-0.037594,0.157098,0.102159,0.12365,-0.00851,0.075045,-0.002744,0.027089,0.248552,-0.03433,-0.012724,0.123313,0.110177,0.114437,0.292969,0.390623,0.102806,0.176358
Car,0.108122,0.051195,0.395154,0.520131,-0.062955,0.295414,0.276871,0.145947,0.479184,0.388042,0.460548,0.285176,0.725685,0.028118,0.189889,0.266,0.60589,-0.061963,0.294376,-0.173575,0.053,1.0,0.529178,0.190348,0.010938,0.444128,0.49505,0.309704,0.546208,0.367857,0.292318,0.579981,0.364157,0.256557,0.235796,0.31695,0.681476,0.518285,0.279669,0.254911,-0.111143,-0.150135,0.385658,0.189729,0.20937,0.013354,-0.1142,0.089171,0.068786,0.316911,0.347052,0.233846,0.175699,0.325399,0.404709,0.393364,0.349829,0.184866,0.128537,0.221878,0.48172,0.181112,0.4627,0.318464,0.178846,0.380544,0.432664,0.16348,0.442112,0.169516,0.363501,0.086884,0.011619,-0.031533,0.123067,0.137639,0.385658,0.096611,0.351017,0.263618,0.54414,-0.234259,0.344058,0.48595,0.240766,0.136418,0.24687,0.419524,0.509083,0.45918,0.413817,0.157922,0.072585,0.042471,0.411096,0.092445,0.249063,0.518884,0.389601,-0.252809,0.395957,0.625749,0.508722,0.339236,0.010218,-0.169158,-0.070319,0.391299,0.413581,0.409626,0.460399,0.333319,0.353429,0.350027,0.152862,0.765823,0.410444,0.375267,0.250291,0.920859,0.213402,-0.024574,0.388901,0.500817,0.622226,0.465804,0.248496,0.066685,0.223913,0.228707
Cellphone,0.128502,0.252411,0.566582,0.363256,-0.250153,0.209993,0.152366,0.028381,0.471238,0.517682,0.379369,0.180521,0.350706,0.118045,0.346833,0.384581,0.335115,-0.125607,0.365394,-0.317435,0.094792,0.529178,1.0,0.111591,0.04607,0.321827,0.560349,0.275304,0.49735,0.333508,0.285565,0.693115,0.509393,0.203217,0.080253,0.387291,0.617866,0.451006,0.308329,0.300173,-0.034066,-0.113578,0.440417,0.199298,0.237456,0.069035,0.060399,-0.132173,0.222947,0.367621,0.238783,0.26503,0.169964,0.313142,0.476226,0.14825,0.195301,0.38779,-0.047842,0.070882,0.568292,0.053659,0.138613,0.304744,0.111111,0.144622,0.465909,0.204289,0.326056,0.036969,0.309722,0.361533,0.128689,0.076859,0.133312,-0.017325,0.440417,0.202188,0.243285,0.348055,0.482641,-0.27004,0.360124,0.544708,0.287232,0.228969,0.335356,0.331296,0.643567,0.567085,0.156972,0.038308,0.188653,0.123942,0.343911,0.136965,0.274361,0.286919,0.171435,-0.12504,0.264246,0.373004,0.138431,0.395085,0.128751,-0.006899,-0.075776,0.613466,0.200188,0.415266,0.310162,0.172484,0.280802,0.313976,0.230137,0.509157,0.424573,0.357214,-0.078583,0.427275,0.296062,-0.137152,0.49407,0.379295,0.534971,0.5656,0.360463,-0.086714,0.343074,0.060309
Cheese,0.320661,0.139652,0.463467,0.2006,0.057361,0.12954,0.434788,0.214033,0.324626,0.309352,0.08863,0.158132,0.131466,0.346707,-0.091538,0.276703,0.119373,0.197189,0.291248,0.036493,0.030588,0.190348,0.111591,1.0,0.893218,0.432445,0.034969,0.631256,0.569718,0.601921,0.067302,0.063319,-0.091799,0.307493,0.26425,0.154636,0.22114,0.255528,0.093867,0.525895,0.247272,0.102856,0.112256,0.303164,0.38569,0.408325,0.171428,0.107406,0.594007,0.422991,0.175899,-0.124865,0.661406,0.544021,0.344531,0.272221,0.392185,0.020961,0.128235,0.05418,0.119919,0.088877,0.103285,0.123539,0.020559,0.258654,0.304211,0.39333,0.112193,0.217351,0.193835,-0.02999,0.212105,0.585992,0.153746,0.237785,0.112256,0.604271,0.579911,0.378691,0.186502,0.170264,0.708756,0.231666,0.426532,0.570672,0.225551,0.128554,0.049659,0.101368,0.235237,0.368906,0.669954,0.205791,0.114659,0.286662,0.424411,0.014891,0.081592,0.260333,0.282577,0.387276,0.218896,0.194071,0.709483,0.13072,0.39689,0.062782,0.175225,0.211936,0.302178,0.299607,0.168466,0.172568,0.539487,0.099952,0.125784,0.352933,0.056658,0.267777,0.130778,0.403418,0.183139,0.570312,0.338439,0.399622,0.158514,0.048511,0.509555,0.344435
Cheesegrater,0.292007,0.225431,0.361495,0.198225,0.193151,0.007199,0.410321,0.145178,0.178186,0.23264,-0.00726,0.121978,-0.008506,0.374109,-0.053945,0.180908,-0.019597,0.177137,0.165642,0.148939,0.004431,0.010938,0.04607,0.893218,1.0,0.279961,0.02611,0.575691,0.392031,0.489712,0.099366,0.034471,-0.018327,0.253508,0.289814,0.143601,0.140145,0.209291,0.10524,0.520645,0.40241,0.303968,0.044987,0.380316,0.225519,0.32736,0.130233,0.154105,0.516941,0.324574,0.220716,-0.178028,0.648263,0.423872,0.236607,0.243796,0.347375,0.020025,0.144341,-0.013873,0.035007,0.044605,0.065644,0.093848,0.004207,0.240039,0.187444,0.315956,0.100261,0.199131,0.125047,0.034134,0.115512,0.531692,0.131323,0.175094,0.044987,0.578882,0.515493,0.349704,0.115481,0.345893,0.64071,0.273432,0.398767,0.505536,0.309297,0.005858,-0.026169,0.050183,0.104919,0.386838,0.582587,0.118511,0.019931,0.213425,0.509528,-0.023189,0.022923,0.4028,0.186554,0.282039,-0.015713,0.013005,0.685576,0.338634,0.512096,0.053103,0.103246,0.106842,0.281353,0.172615,0.150793,0.088552,0.524247,-0.067537,0.119525,0.230177,-0.018781,0.103374,0.057331,0.398762,0.247891,0.42494,0.220581,0.24229,0.122145,0.164744,0.425649,0.280207
Christmasstreeornament,0.194772,0.166974,0.484207,0.429495,0.115671,0.349081,0.392706,0.321718,0.646693,0.381507,0.384596,0.272559,0.431642,0.284771,0.179993,0.458621,0.359515,0.396201,0.533519,0.128236,0.152878,0.444128,0.321827,0.432445,0.279961,1.0,0.45128,0.510291,0.450623,0.535188,0.207931,0.429231,-0.002225,0.47096,0.299771,0.329472,0.624765,0.590091,0.245429,0.426393,0.104483,-0.099552,0.422402,0.20597,0.794921,0.259167,0.367608,0.145429,0.231907,0.471964,0.32742,0.171679,0.319265,0.614218,0.59719,0.327664,0.574059,0.133657,0.363544,0.153816,0.321948,0.152405,0.331335,0.506913,0.560456,0.474401,0.572566,0.470178,0.246646,0.295518,0.551146,0.112612,0.176723,0.548043,0.421117,0.306851,0.422402,0.200281,0.571136,0.374029,0.590912,0.069681,0.43649,0.292811,0.370354,0.423675,0.247681,0.235268,0.269576,0.458723,0.358829,0.462165,0.35255,0.141014,0.364379,0.451456,0.340392,0.147536,0.181496,0.212934,0.548667,0.471102,0.303285,0.399124,0.344723,0.002437,0.162424,0.354173,0.366398,0.371216,0.36166,0.66958,0.215891,0.60842,0.582215,0.300883,0.414095,0.847405,0.195643,0.405645,0.287052,0.497959,0.31789,0.580576,0.480994,0.534786,0.331217,0.112626,0.47952,0.267849
Clock,0.292907,0.066982,0.283851,0.34005,0.186107,0.350779,0.378477,0.037807,0.47697,0.424543,0.479261,0.482653,0.460659,0.011096,0.360562,0.334223,0.369427,0.012804,0.317498,0.046062,0.2697,0.49505,0.560349,0.034969,0.02611,0.45128,1.0,0.385141,0.317901,0.272128,0.441315,0.676915,0.453679,0.461937,0.333734,0.427355,0.641913,0.637954,0.553144,0.464,0.151606,-0.024929,0.351022,0.30356,0.204382,0.216076,0.097369,0.162451,0.25427,0.337974,0.407095,0.295754,0.295814,0.301832,0.415895,0.040878,0.298176,0.438182,0.252648,0.112103,0.446519,0.318781,0.460508,0.532667,0.399592,0.348888,0.543433,0.112499,0.466251,0.077866,0.401859,0.517409,-0.036787,0.095632,0.074317,0.004465,0.351022,0.397952,0.312325,0.278249,0.597075,-0.237027,0.242956,0.480382,0.415162,0.218613,0.2933,0.414776,0.551443,0.466617,0.441359,0.389141,0.074823,0.192305,0.48096,0.15182,0.364971,0.191766,0.209482,-0.05468,0.237169,0.324173,0.272896,0.366652,0.24386,0.149987,0.066929,0.337437,0.21993,0.24441,0.198666,0.142169,0.314828,0.460169,0.334369,0.513755,0.240041,0.353199,0.077982,0.402536,0.175083,0.056018,0.312375,0.401069,0.525646,0.513442,0.615701,0.275416,0.405519,0.168909
Coatrack,0.308794,0.052727,0.2661,0.582576,0.209263,0.177525,0.545615,0.072183,0.598133,0.323668,0.545925,0.370612,0.359808,0.45882,0.328924,0.373541,0.294515,0.108086,0.242069,0.140534,0.162456,0.309704,0.275304,0.631256,0.575691,0.510291,0.385141,1.0,0.406969,0.583811,0.308219,0.287436,0.184045,0.569317,0.446419,0.509452,0.548632,0.627157,0.310291,0.798586,0.511391,0.15973,0.155201,0.444208,0.41116,0.290662,0.053757,0.229744,0.577186,0.691297,0.49217,0.36718,0.661041,0.687334,0.589796,0.48145,0.606199,0.298784,0.41211,0.188162,0.209566,0.253125,0.433291,0.449109,0.324018,0.437307,0.563852,0.561909,0.437671,0.297688,0.57752,0.275697,0.12736,0.421642,0.386764,0.434565,0.155201,0.654099,0.645926,0.454358,0.531897,0.131792,0.522637,0.394211,0.539528,0.545255,0.489438,0.164192,0.243238,0.446794,0.417158,0.550832,0.525791,0.140553,0.123212,0.637425,0.62882,0.165592,0.175404,0.282052,0.616938,0.591643,0.338573,0.341489,0.737671,0.289196,0.458376,0.300517,0.365664,0.419679,0.523167,0.334426,0.317638,0.418392,0.652479,0.2521,0.287784,0.398835,0.211691,0.353962,0.270267,0.384323,0.522051,0.611126,0.564434,0.498341,0.16721,0.218045,0.723246,0.41889
Coffeemaker,0.23899,0.264184,0.739557,0.278722,-0.082251,0.234846,0.383057,0.167724,0.392904,0.528062,0.32071,0.152853,0.346444,0.200459,0.03955,0.283768,0.263557,0.130391,0.367407,-0.320658,-0.036208,0.546208,0.49735,0.569718,0.392031,0.450623,0.317901,0.406969,1.0,0.750504,0.276792,0.488692,0.181658,0.227661,0.215743,0.320493,0.421458,0.337035,0.156572,0.392552,-0.079459,-0.091605,0.272789,0.301581,0.442754,0.22106,0.08271,0.089365,0.402503,0.474231,0.322874,0.154818,0.41567,0.453299,0.447604,0.393382,0.397878,0.235239,0.012038,0.053198,0.396354,0.171221,0.133822,0.400697,0.160322,0.321135,0.492562,0.306407,0.258969,0.199108,0.278195,0.133422,0.357704,0.374909,0.244863,0.185591,0.272789,0.344935,0.439228,0.374282,0.342665,-0.198961,0.609819,0.295001,0.351924,0.452759,0.249786,0.328932,0.354347,0.292471,0.246837,0.415645,0.487091,0.129289,0.241381,0.265389,0.24983,0.321934,0.37178,0.014475,0.400668,0.689335,0.282782,0.274132,0.332169,0.074504,0.189562,0.404927,0.217856,0.455108,0.298079,0.272691,0.350567,0.273311,0.326831,0.278324,0.318378,0.393185,0.12271,0.531408,0.340851,0.154549,0.359684,0.632023,0.493572,0.473383,0.274567,-0.042665,0.392107,0.434272
Coffeemug,0.247468,0.156456,0.535568,0.453972,0.125594,0.244717,0.518322,0.114807,0.500244,0.248625,0.278751,0.2332,0.315044,0.380441,0.182291,0.184496,0.187836,0.162395,0.371077,-0.128355,-0.102433,0.367857,0.333508,0.601921,0.489712,0.535188,0.272128,0.583811,0.750504,1.0,0.146193,0.238064,0.015626,0.492792,0.150861,0.431419,0.442782,0.375441,0.067248,0.5354,0.081857,0.077623,0.317031,0.375854,0.492687,0.090148,0.046607,0.204812,0.452147,0.655597,0.413691,0.278179,0.539339,0.57226,0.546933,0.446141,0.482327,0.289001,0.069367,0.119674,0.192807,0.117666,0.066721,0.425135,0.207094,0.369145,0.464454,0.435475,0.172016,0.203305,0.351225,0.092234,0.240961,0.507019,0.315391,0.343885,0.317031,0.461827,0.550229,0.413564,0.331501,-0.022167,0.640926,0.203632,0.346919,0.612593,0.21092,0.202561,0.207074,0.308709,0.169173,0.539661,0.589022,-0.016321,0.05082,0.478834,0.325829,0.234442,0.235614,0.174661,0.559595,0.569729,0.272535,0.352607,0.579842,0.124398,0.306566,0.413082,0.25893,0.360143,0.446984,0.264279,0.352613,0.436252,0.381689,0.144703,0.512399,0.414787,0.129723,0.414765,0.214819,0.27716,0.520346,0.689164,0.456011,0.466385,0.103662,-0.016094,0.506872,0.414743
Compass,0.149088,0.079562,0.198766,0.304554,0.352555,0.138944,0.272888,0.04397,0.208513,0.302996,0.320591,0.156612,0.255102,0.000618,0.450399,0.186584,0.295597,-0.035186,0.204818,0.047351,0.318035,0.292318,0.285565,0.067302,0.099366,0.207931,0.441315,0.308219,0.276792,0.146193,1.0,0.484861,0.404672,0.147388,0.243628,0.326049,0.269779,0.399944,0.28231,0.212661,0.290491,-0.097749,0.139507,0.307496,-0.008181,0.232546,0.041011,0.234437,0.090599,0.325844,0.317032,0.328353,0.041816,0.18099,0.1922,0.208603,0.325611,0.354077,0.304301,0.126322,0.237505,0.299469,0.390083,0.523085,0.416246,0.049705,0.375239,0.207352,0.39328,0.329164,0.376765,0.42586,0.216139,0.009389,0.233855,0.201685,0.139507,0.118302,0.205713,0.257855,0.325106,0.022916,0.167298,0.358823,0.324319,-0.066897,0.090571,0.127447,0.326432,0.281812,0.32971,0.266445,0.02652,0.099983,0.186413,0.131655,0.228449,0.038744,0.328097,0.303909,0.163246,0.266102,0.220314,0.157004,0.130242,-0.044904,-0.00467,0.227707,0.008875,0.162997,0.213205,0.223087,-0.007021,0.05071,0.235664,0.310425,0.13212,0.181194,0.101683,0.24184,0.185734,0.045548,0.320012,0.324828,0.293022,0.293129,0.388867,0.173812,0.116186,0.129699
Computertower,0.188518,0.239076,0.515407,0.294389,-0.083418,0.35657,0.234818,-0.0722,0.457748,0.585638,0.430893,0.343704,0.377056,0.099173,0.341456,0.324436,0.398618,0.086785,0.498316,-0.231205,0.119941,0.579981,0.693115,0.063319,0.034471,0.429231,0.676915,0.287436,0.488692,0.238064,0.484861,1.0,0.552492,0.281063,0.225864,0.577601,0.638583,0.505664,0.368758,0.304224,-0.090826,-0.180109,0.440918,0.261042,0.218409,0.147762,0.21669,0.015391,0.139265,0.336967,0.320167,0.201139,0.205084,0.310444,0.356974,0.156884,0.28934,0.260522,0.129173,0.034781,0.577308,0.109598,0.411234,0.446575,0.30965,0.254321,0.533234,0.087046,0.457731,0.000342,0.33293,0.502696,0.129668,0.082892,0.096507,-0.09937,0.440918,0.203935,0.372206,0.33061,0.703614,-0.333538,0.249267,0.51954,0.21166,0.181361,0.267771,0.475004,0.635496,0.51314,0.269468,0.217134,0.090407,0.19052,0.464259,0.027045,0.20719,0.157964,0.155886,-0.120082,0.26396,0.435646,0.214464,0.391948,0.042642,-0.056229,-0.101245,0.529173,0.042999,0.386342,0.27044,0.24312,0.361762,0.338742,0.287486,0.500571,0.318624,0.428986,0.12217,0.413076,0.282707,0.148904,0.352709,0.382979,0.53225,0.531242,0.427449,0.083579,0.227596,0.08594
Controller,0.323014,0.126753,0.360429,0.235701,-0.008482,0.143126,0.068465,-0.126298,0.168357,0.448333,0.388718,0.280935,0.217587,0.073428,0.18708,0.200713,0.254691,-0.250369,0.070081,-0.088292,0.206113,0.364157,0.509393,-0.091799,-0.018327,-0.002225,0.453679,0.184045,0.181658,0.015626,0.404672,0.552492,1.0,0.232114,0.096419,0.428591,0.342045,0.421199,0.313007,0.138976,0.186008,-0.035829,0.244819,0.359176,-0.107413,0.170476,-0.219155,0.09371,-0.044997,0.193585,0.27031,0.243185,0.115326,0.102961,0.21771,0.101514,0.188544,0.439028,0.06481,-0.062414,0.299933,0.116753,0.170999,0.257608,0.171792,0.175785,0.317974,-0.023559,0.399099,0.077418,0.304858,0.358361,-0.087069,-0.170859,-0.018542,0.002272,0.244819,0.026955,0.07557,0.088874,0.344916,-0.058394,0.112668,0.485597,0.182126,-0.118556,0.20157,0.218845,0.529837,0.327172,0.144605,0.057084,-0.110038,0.264277,0.242542,-0.059113,0.204303,0.271226,0.163225,-0.111359,0.122661,0.223667,0.008586,0.091106,0.020154,0.192148,-0.036174,0.226946,-0.022665,0.27493,0.123012,-0.018452,0.185302,0.046773,0.039166,0.340971,0.062269,0.019719,0.041862,0.261733,0.054112,-0.216784,0.313199,0.113859,0.279137,0.260382,0.293621,0.223435,0.052962,0.046771
Couch,0.234142,0.088792,0.244396,0.488453,0.328154,0.333205,0.338235,0.192603,0.682344,0.279976,0.337628,0.517881,0.311196,0.251463,0.32888,0.252966,0.194423,0.010533,0.278485,0.115311,0.186873,0.256557,0.203217,0.307493,0.253508,0.47096,0.461937,0.569317,0.227661,0.492792,0.147388,0.281063,0.232114,1.0,0.282702,0.530763,0.55927,0.628455,0.170774,0.464444,0.173598,0.082346,0.235781,0.417472,0.301224,0.073902,0.040393,0.328911,0.177744,0.548691,0.413362,0.35905,0.44235,0.563828,0.534214,0.344366,0.477355,0.306958,0.290141,0.056995,0.098763,0.272326,0.352606,0.302371,0.223125,0.479062,0.270113,0.360362,0.325536,0.016012,0.399591,0.210068,-0.137781,0.175111,0.141309,0.259082,0.235781,0.420317,0.43068,0.194783,0.480734,-0.024187,0.398873,0.22183,0.385888,0.311879,0.216233,0.207652,0.218097,0.193174,0.329089,0.547089,0.250584,0.101175,-0.050832,0.48484,0.353371,0.067273,-0.117226,0.101039,0.511855,0.376602,0.309692,0.313553,0.45384,0.239,0.212618,0.146047,0.417684,0.297404,0.335166,0.396288,0.269379,0.571319,0.444548,0.135349,0.26934,0.358414,0.198593,0.216945,0.126259,0.103743,0.470658,0.383134,0.323184,0.333307,0.129007,0.218656,0.490907,0.204462
Cushion,0.046067,-0.117772,0.096951,0.195232,0.004524,0.09828,0.447508,0.024085,0.346739,0.13151,0.318819,0.357537,0.174208,-0.05699,0.211668,0.244858,0.240228,0.025323,-0.095358,0.293823,0.060008,0.235796,0.080253,0.26425,0.289814,0.299771,0.333734,0.446419,0.215743,0.150861,0.243628,0.225864,0.096419,0.282702,1.0,0.143281,0.325954,0.308549,0.280642,0.56037,0.351295,0.071745,0.058458,0.352149,0.179507,0.070735,0.049039,0.057719,0.219592,0.314271,0.368362,0.237359,0.233359,0.37279,0.26899,0.182941,0.349329,0.101479,0.274037,0.030648,0.378727,0.096845,0.493518,0.278575,0.15668,0.282097,0.396013,0.190427,0.420108,0.014445,0.432314,0.162368,0.116881,0.164672,0.118304,0.130115,0.058458,0.329564,0.416358,0.100156,0.358318,0.177423,0.1665,0.457689,0.257233,0.300672,0.345271,0.278722,0.280738,0.109331,0.23573,0.301791,0.122697,-0.032124,0.41171,0.117037,0.323226,-0.127789,0.107304,0.128091,0.206947,0.251693,0.144181,0.178538,0.321189,0.169299,0.286965,0.149464,0.267151,0.223348,0.174369,0.242155,0.211,0.340131,0.472531,0.120346,0.075745,0.230091,0.213626,0.186654,0.10301,0.22241,0.319223,0.417985,0.379278,0.413984,0.305045,0.123234,0.469704,0.069832
Desk,0.174044,0.071575,0.272818,0.3924,0.25173,0.281954,0.298001,-0.185871,0.505181,0.39298,0.281481,0.349558,0.240085,0.166897,0.27539,0.171682,0.34569,-0.051126,0.437381,-0.038103,-0.003155,0.31695,0.387291,0.154636,0.143601,0.329472,0.427355,0.509452,0.320493,0.431419,0.326049,0.577601,0.428591,0.530763,0.143281,1.0,0.625916,0.561372,0.241681,0.377706,0.246557,-0.139429,0.242836,0.365077,0.21243,0.068794,-0.074773,0.074875,0.28439,0.442004,0.306938,0.190601,0.391751,0.260245,0.307445,0.250672,0.275853,0.252708,0.090334,0.1159,0.339197,0.057708,0.389651,0.361404,0.334194,0.22689,0.406995,0.126858,0.259832,0.059849,0.225457,0.247573,-0.02165,0.113662,0.119586,0.127006,0.242836,0.306053,0.277853,0.22284,0.576441,-0.002975,0.35862,0.27229,0.223485,0.202466,0.102527,0.23409,0.259797,0.300779,0.175785,0.358291,0.137512,0.08442,0.088442,0.283371,0.182023,0.109643,0.121816,0.002544,0.375399,0.367056,0.131197,0.441762,0.341105,0.065334,-0.133452,0.314455,0.142265,0.338537,0.420607,0.151,0.329803,0.290621,0.151407,0.358702,0.35342,0.236693,0.161682,0.275737,0.215562,0.128596,0.456088,0.294592,0.330142,0.330303,0.158827,0.028841,0.427118,0.124995
Door,0.256586,0.082919,0.40526,0.530425,0.147774,0.325699,0.367293,0.038116,0.735473,0.483874,0.463753,0.540807,0.541132,0.187136,0.337746,0.256636,0.520647,-0.038699,0.405944,-0.017091,0.050158,0.681476,0.617866,0.22114,0.140145,0.624765,0.641913,0.548632,0.421458,0.442782,0.269779,0.638583,0.342045,0.55927,0.325954,0.625916,1.0,0.821953,0.40373,0.47079,0.181,-0.041064,0.391037,0.375792,0.390608,0.16234,-0.007482,0.109806,0.243955,0.527263,0.445334,0.295675,0.437346,0.544926,0.547293,0.312341,0.469373,0.346611,0.191161,0.158129,0.569494,0.133571,0.50653,0.441825,0.303429,0.459347,0.508312,0.333444,0.548791,0.158772,0.48233,0.283519,-0.021617,0.111986,0.262065,0.237664,0.391037,0.298544,0.52204,0.349041,0.739106,-0.144054,0.38671,0.544237,0.464829,0.349734,0.347922,0.343857,0.510867,0.581552,0.344121,0.403889,0.251697,0.198799,0.284023,0.416229,0.412811,0.305689,0.171442,-0.072584,0.566237,0.544104,0.332343,0.408859,0.330513,0.028128,0.00629,0.423689,0.492685,0.56351,0.519097,0.394644,0.435483,0.589573,0.404527,0.597717,0.459892,0.547723,0.169334,0.602328,0.391562,0.147526,0.494121,0.525917,0.615598,0.570222,0.348704,0.197905,0.623445,0.154928
Doorknob,0.299921,0.141329,0.408613,0.520445,0.387823,0.206282,0.333876,0.116737,0.673064,0.450868,0.58377,0.437168,0.495075,0.208668,0.341765,0.338036,0.424241,0.001625,0.200848,0.081914,0.186532,0.518285,0.451006,0.255528,0.209291,0.590091,0.637954,0.627157,0.337035,0.375441,0.399944,0.505664,0.421199,0.628455,0.308549,0.561372,0.821953,1.0,0.492108,0.528687,0.36189,0.096876,0.226373,0.441239,0.364564,0.231222,0.009503,0.176178,0.233872,0.433245,0.374332,0.230779,0.486383,0.533959,0.519544,0.191902,0.409352,0.387077,0.400308,0.145929,0.412736,0.239663,0.560996,0.5182,0.416558,0.546998,0.549627,0.350541,0.541956,0.253445,0.394086,0.288151,0.020108,0.17223,0.216842,0.27328,0.226373,0.390155,0.458704,0.236979,0.636804,0.059496,0.334779,0.524655,0.484874,0.270124,0.378261,0.13628,0.465113,0.421313,0.384394,0.452633,0.275763,0.255108,0.245081,0.411929,0.41089,0.303831,0.207818,0.078878,0.478196,0.435134,0.353863,0.34721,0.413167,0.174185,0.080668,0.288334,0.483872,0.384896,0.377058,0.332121,0.171451,0.5081,0.465598,0.466906,0.265501,0.575918,0.028415,0.534349,0.339327,0.056705,0.387677,0.464018,0.553952,0.466943,0.433476,0.385126,0.537863,0.217568
Drill,0.233846,0.118996,0.187185,0.322921,0.174417,0.280816,0.217757,0.086159,0.350919,0.28831,0.452591,0.213543,0.31964,0.044407,0.337009,0.327291,0.531025,0.129335,0.121276,0.140413,0.165719,0.279669,0.308329,0.093867,0.10524,0.245429,0.553144,0.310291,0.156572,0.067248,0.28231,0.368758,0.313007,0.170774,0.280642,0.241681,0.40373,0.492108,1.0,0.401973,0.26021,0.274164,0.223602,0.277088,0.102099,0.364322,0.196992,0.294433,0.407158,0.14496,0.303197,0.280215,0.374953,0.356402,0.255649,-0.117871,0.196448,0.236873,0.251693,0.364858,0.330114,0.405174,0.387916,0.183389,0.27025,0.320376,0.341238,0.135908,0.196723,0.224827,0.338008,0.328423,0.117915,0.241228,0.169522,0.041245,0.223602,0.321811,0.370682,0.170052,0.310159,-0.034786,0.127223,0.396077,0.443107,0.327133,0.347181,0.27082,0.460616,0.368643,0.323951,0.291864,0.259771,0.260159,0.510464,0.054748,0.468476,0.242978,0.119752,0.07763,0.112455,0.229781,0.317223,0.330884,0.280092,0.282946,0.123474,0.243254,0.003676,0.279894,0.175301,0.122582,0.299938,0.342021,0.479527,0.435153,0.163059,0.269792,0.016757,0.354111,0.286047,-0.014804,0.036987,0.343861,0.58188,0.455549,0.533767,0.31037,0.374096,0.233521
Dryingrack,0.239586,0.127234,0.263715,0.46495,0.183122,0.038734,0.511867,0.117544,0.642708,0.18023,0.417361,0.249252,0.373008,0.34799,0.302021,0.384295,0.305453,0.180327,0.126144,0.08758,0.061915,0.254911,0.300173,0.525895,0.520645,0.426393,0.464,0.798586,0.392552,0.5354,0.212661,0.304224,0.138976,0.464444,0.56037,0.377706,0.47079,0.528687,0.401973,1.0,0.377626,0.348883,0.080323,0.592379,0.321931,0.21729,0.096621,0.157069,0.601074,0.511954,0.353594,0.301574,0.611328,0.622712,0.498598,0.265239,0.34771,0.281322,0.267231,0.229268,0.229725,0.20646,0.477749,0.436136,0.211645,0.486002,0.530233,0.353123,0.470403,0.130804,0.412981,0.323764,0.231839,0.390962,0.145183,0.164035,0.080323,0.677264,0.639455,0.306297,0.397139,0.114681,0.417213,0.513519,0.446726,0.593767,0.451395,0.119469,0.298671,0.267235,0.346018,0.483365,0.454284,0.082124,0.204145,0.304642,0.619208,0.126312,0.077047,0.154479,0.329246,0.402443,0.253241,0.380071,0.68879,0.351122,0.44741,0.393151,0.382311,0.177775,0.38095,0.077466,0.275324,0.409975,0.642412,0.263311,0.316263,0.383623,-9.1e-05,0.300057,0.124175,0.286775,0.40966,0.653313,0.607334,0.593792,0.337727,0.18713,0.671824,0.395049
Dumbbell,0.337098,0.125284,-0.080449,0.381275,0.493804,-0.030043,0.279047,0.166312,0.138656,-0.012538,0.176536,0.165984,0.064226,0.193147,0.193124,0.043066,0.040031,0.013052,-0.178207,0.543724,0.254596,-0.111143,-0.034066,0.247272,0.40241,0.104483,0.151606,0.511391,-0.079459,0.081857,0.290491,-0.090826,0.186008,0.173598,0.351295,0.246557,0.181,0.36189,0.26021,0.377626,1.0,0.189472,-0.042351,0.47032,0.082501,0.399511,-0.190318,0.31837,0.2955,0.382553,0.305086,0.114394,0.359018,0.189619,0.218613,0.235478,0.278403,0.444894,0.462552,0.174055,-0.130301,0.143618,0.23993,0.30433,0.276873,0.148956,0.25067,0.315991,0.102678,0.494643,0.291899,0.173368,-0.17965,0.189245,0.342771,0.40617,-0.042351,0.344221,0.100596,0.126418,0.08061,0.475239,0.263199,0.307,0.41643,0.226403,0.275882,-0.151014,-0.153929,0.222081,0.322765,0.27606,0.142479,0.255889,-0.029057,0.324752,0.495416,0.157064,0.157083,0.578412,0.170399,0.158577,-0.069442,-0.139878,0.471385,0.430375,0.248704,-0.089689,0.327736,0.068162,0.368404,0.044369,0.118004,0.134395,0.251573,0.013182,-0.04457,-0.036299,0.028871,-0.039784,0.062179,0.285774,0.287285,0.18349,0.057722,0.002217,0.226345,0.426093,0.352771,0.153978
Dustpan,0.201751,0.234724,0.024732,0.171139,0.375708,-0.202044,0.065118,0.187797,-0.040281,-0.208064,-0.019573,-0.163982,0.087547,0.283535,0.050653,-0.04037,-0.059043,0.254224,-0.223316,0.236762,-0.072776,-0.150135,-0.113578,0.102856,0.303968,-0.099552,-0.024929,0.15973,-0.091605,0.077623,-0.097749,-0.180109,-0.035829,0.082346,0.071745,-0.139429,-0.041064,0.096876,0.274164,0.348883,0.189472,1.0,-0.220096,0.347198,-0.137485,-0.001882,-0.024216,0.262606,0.062376,-0.018557,0.146621,0.068373,0.198982,0.177964,0.019034,0.097273,-0.054258,-0.052259,0.167097,0.200627,-0.204338,0.037128,0.214861,-0.085106,-0.124975,0.217604,-0.132037,0.101534,0.005553,0.10126,0.010414,0.089352,-0.05503,0.207069,-0.046763,0.210262,-0.220096,0.08721,0.217332,-0.082771,-0.102238,0.34877,0.037469,0.139648,0.137079,0.156223,0.249457,-0.258472,-0.101127,-0.063603,-0.023078,0.147474,0.072887,-0.085732,-0.118784,0.025455,0.449187,0.187387,-0.067125,0.244198,-0.023552,0.063325,-0.08758,-0.295225,0.271831,0.509528,0.452491,-0.079367,0.235352,0.015765,0.027787,-0.316189,0.067262,-0.033357,0.291763,-0.251457,-0.084522,0.015656,-0.338689,-0.012424,0.047605,-0.09519,0.107401,-0.061471,0.010266,-0.136942,-0.111914,0.268103,0.096097,0.273353
Fan,0.257909,0.25107,0.350501,0.1357,-0.149099,0.673732,0.252744,0.026655,0.265017,0.361506,0.308605,0.408006,0.348462,0.188527,0.173413,0.328302,0.292538,0.124577,0.462054,-0.185218,0.16915,0.385658,0.440417,0.112256,0.044987,0.422402,0.351022,0.155201,0.272789,0.317031,0.139507,0.440918,0.244819,0.235781,0.058458,0.242836,0.391037,0.226373,0.223602,0.080323,-0.042351,-0.220096,1.0,0.055458,0.347994,0.199619,-0.071145,0.273955,0.171101,0.30185,0.337973,0.132832,0.088123,0.329133,0.45344,-0.021087,0.505269,0.243039,0.008398,0.122836,0.337733,0.191813,0.1747,0.2325,0.344937,0.320475,0.382066,0.174053,0.21292,0.154272,0.407652,0.057198,-0.131917,0.199713,0.055426,0.077205,1.0,-0.068717,0.266759,0.470989,0.380251,-0.165578,0.249276,0.288528,0.343484,0.288835,0.279382,0.608469,0.287087,0.59849,0.426978,0.016421,0.233814,0.302478,0.214141,0.199355,0.171431,0.232904,0.162056,-0.024748,0.446709,0.279013,0.186394,0.438302,0.205829,-0.213025,-0.152641,0.303423,-0.035204,0.319973,0.045993,0.478617,0.535086,0.352627,0.221283,0.355615,0.409226,0.353352,0.304729,0.220868,0.263502,0.239233,0.201294,0.349806,0.426089,0.455919,0.323261,0.073147,0.076731,-0.073355
Faucet,0.326073,0.207226,0.250055,0.385864,0.343516,0.044666,0.138752,0.137473,0.494854,0.178841,0.269111,0.161395,0.310158,0.23794,0.203045,0.056534,0.308066,0.149535,-0.065442,0.039607,0.15846,0.189729,0.199298,0.303164,0.380316,0.20597,0.30356,0.444208,0.301581,0.375854,0.307496,0.261042,0.359176,0.417472,0.352149,0.365077,0.375792,0.441239,0.277088,0.592379,0.47032,0.347198,0.055458,1.0,0.035198,0.25662,-0.07127,0.390681,0.363135,0.496347,0.359837,0.304071,0.490759,0.396663,0.163493,0.322547,0.146717,0.446531,0.300113,0.288389,-0.105213,0.250849,0.272911,0.486753,0.181389,0.483922,0.398691,0.233171,0.335499,0.196115,0.359026,0.322699,0.088462,0.199042,0.201891,0.272769,0.055458,0.37657,0.376999,0.14021,0.128511,0.183098,0.375615,0.541731,0.331468,0.39965,0.309215,-0.11194,0.186659,0.220834,0.392537,0.490215,0.228442,0.128735,-0.088821,0.107699,0.420353,0.389008,-0.007516,0.273816,0.11225,0.306006,0.179628,0.172974,0.449171,0.368869,0.252015,0.157666,0.398297,0.198282,0.392423,-0.043667,0.342001,0.29947,0.406282,0.160393,0.167717,0.194417,0.021542,0.207704,0.023,0.213027,0.375347,0.48666,0.309132,0.339839,0.432072,0.300101,0.335083,0.257861
Flower,0.157322,0.167512,0.395306,0.238545,-0.058577,0.277462,0.425557,0.159344,0.492487,0.426565,0.292336,0.292665,0.268921,0.322322,0.073879,0.521908,0.23995,0.370037,0.346844,0.032815,0.066522,0.20937,0.237456,0.38569,0.225519,0.794921,0.204382,0.41116,0.442754,0.492687,-0.008181,0.218409,-0.107413,0.301224,0.179507,0.21243,0.390608,0.364564,0.102099,0.321931,0.082501,-0.137485,0.347994,0.035198,1.0,0.329922,0.366261,0.107744,0.279496,0.42429,0.304388,0.059419,0.294081,0.520094,0.545285,0.21677,0.502666,0.054778,0.135816,0.107099,0.273763,0.176353,0.172349,0.423815,0.504215,0.403079,0.535586,0.28841,0.147269,0.220615,0.380173,-0.026131,0.325069,0.557527,0.446637,0.200509,0.347994,0.110206,0.388381,0.198913,0.389325,0.183247,0.370574,8.6e-05,0.293102,0.368843,0.198645,0.230366,0.099548,0.415732,0.264462,0.272857,0.485402,0.216738,0.196639,0.433971,0.209767,0.074652,0.136129,0.21521,0.458987,0.363144,0.131471,0.304855,0.400759,-0.007187,0.045725,0.318881,0.256473,0.27081,0.212904,0.552594,0.200611,0.469887,0.441715,0.094527,0.321051,0.754215,0.221676,0.215383,0.277763,0.51976,0.148985,0.525738,0.371841,0.44909,0.208273,0.004178,0.367871,0.331876
Flute,0.796349,-0.005299,0.160378,-0.009864,0.138676,0.205257,0.182616,0.196257,0.217131,0.459961,0.100539,0.322014,0.09233,0.218326,-0.002932,0.164882,0.176997,0.17971,0.172418,0.226257,0.16338,0.013354,0.069035,0.408325,0.32736,0.259167,0.216076,0.290662,0.22106,0.090148,0.232546,0.147762,0.170476,0.073902,0.070735,0.068794,0.16234,0.231222,0.364322,0.21729,0.399511,-0.001882,0.199619,0.25662,0.329922,1.0,0.16346,0.322192,0.352727,0.324822,0.199495,-0.019361,0.319778,0.330481,0.229714,-0.037798,0.265069,0.420683,0.171021,0.221061,0.052223,0.329665,0.163492,0.262097,0.217244,0.102904,0.293815,0.101466,0.227458,0.429619,0.255724,0.153699,0.118094,0.246154,0.224236,0.109547,0.199619,0.247846,0.221935,0.144707,0.143346,0.136532,0.287263,0.093633,0.38532,0.249236,0.073069,0.246464,0.015824,0.258403,0.419523,0.165836,0.356362,0.875503,0.120556,0.110048,0.374447,0.045442,0.094524,0.202471,0.095004,0.145492,0.111945,0.044287,0.42777,0.16975,0.087873,-0.20322,0.035503,0.12594,-0.016216,0.131172,0.269774,0.105297,0.359091,0.164513,-0.276533,0.193502,-0.004707,0.000613,0.142759,0.366461,-0.141222,0.264177,0.164728,0.239012,0.535549,0.350793,0.199175,0.202189
Fossils,-0.030906,0.108693,0.141378,0.012123,-0.102143,0.117994,0.09305,0.192779,0.205148,0.103146,0.166289,0.019003,-0.169016,0.146587,0.065444,0.31348,0.085773,0.427926,0.301427,0.029905,0.006085,-0.1142,0.060399,0.171428,0.130233,0.367608,0.097369,0.053757,0.08271,0.046607,0.041011,0.21669,-0.219155,0.040393,0.049039,-0.074773,-0.007482,0.009503,0.196992,0.096621,-0.190318,-0.024216,-0.071145,-0.07127,0.366261,0.16346,1.0,-0.057398,0.08432,0.041618,0.114363,-0.082138,-0.059166,0.272556,0.165962,-0.053552,0.050456,-0.176441,0.239583,0.003612,0.159818,0.036726,0.026069,0.069831,0.077757,-0.148065,0.127083,0.06639,-0.025829,-0.033389,0.167464,0.267524,0.512147,0.501615,0.250717,-0.147791,-0.071145,0.07982,0.252692,0.029388,0.220418,0.016468,-0.024896,-0.043844,-0.05107,0.239274,-0.074643,0.132098,0.22543,0.108142,-0.055818,0.210498,0.142889,-0.041755,0.269824,0.001631,0.050579,-0.304303,-0.23478,0.186592,-0.104967,-0.014928,0.038694,0.168712,0.097852,-0.08666,0.06736,0.267004,-0.218004,0.011546,0.117282,0.290408,-0.086016,0.092878,0.439856,-0.135452,0.174514,0.453383,0.038341,-0.072375,0.019358,0.403199,-0.00337,0.192443,0.128699,0.290636,0.141436,-0.022452,0.088474,0.134582
Frisbee,0.359462,0.243554,0.058014,0.31573,0.411239,0.432604,0.120625,0.264359,0.14592,0.008151,0.270248,0.193789,0.357389,0.078453,0.159087,0.13631,0.158274,0.31497,0.048399,0.274394,0.336603,0.089171,-0.132173,0.107406,0.154105,0.145429,0.162451,0.229744,0.089365,0.204812,0.234437,0.015391,0.09371,0.328911,0.057719,0.074875,0.109806,0.176178,0.294433,0.157069,0.31837,0.262606,0.273955,0.390681,0.107744,0.322192,-0.057398,1.0,0.144845,0.285185,0.33633,0.352066,0.273432,0.224217,0.165282,0.204285,0.389418,0.363281,0.254984,0.449525,-0.135054,0.531922,0.204786,0.154893,0.28348,0.418343,0.039364,0.217495,0.226759,0.387778,0.334807,0.069767,-0.017942,0.142913,0.232574,0.224512,0.273955,0.039195,0.093486,0.109869,0.051328,0.055298,0.159754,0.188417,0.416833,0.224996,0.11571,0.267409,-0.023237,0.267615,0.505501,0.301043,0.188592,0.207878,-0.161578,0.225113,0.31265,0.222182,0.270815,0.278262,0.266216,0.333326,0.35407,-0.072859,0.244583,0.2383,0.24221,0.008765,0.098268,0.127886,0.165185,0.170963,0.539919,0.179341,0.222725,0.04336,0.120137,0.09415,0.433588,0.051669,0.212363,0.232805,0.090006,0.232425,0.135601,0.107168,0.103954,0.435345,0.137399,0.336068
Fryingpan,0.153824,0.097666,0.175374,0.170615,-0.040579,0.103535,0.341448,-0.125573,0.376741,0.192992,0.296382,0.115957,0.110032,0.188767,0.166163,0.251399,0.290517,0.071433,0.170579,-0.064271,0.184627,0.068786,0.222947,0.594007,0.516941,0.231907,0.25427,0.577186,0.402503,0.452147,0.090599,0.139265,-0.044997,0.177744,0.219592,0.28439,0.243955,0.233872,0.407158,0.601074,0.2955,0.062376,0.171101,0.363135,0.279496,0.352727,0.08432,0.144845,1.0,0.40994,0.201487,0.127565,0.700166,0.407126,0.24202,-0.015644,0.265331,0.068451,0.165222,0.165555,0.129288,0.353907,0.12854,0.338162,0.274507,0.197816,0.508456,0.303125,0.099869,0.24251,0.214981,0.294823,0.227174,0.523408,0.108446,0.12182,0.171101,0.729668,0.453425,0.473587,0.168849,-0.040139,0.533648,0.210481,0.479505,0.731816,0.341418,0.118291,0.173147,0.271163,0.277369,0.320055,0.630552,0.139297,0.103487,0.237373,0.375946,0.118286,0.207786,0.262646,0.148412,0.218248,0.189311,0.413714,0.706183,0.119341,0.228003,0.301172,0.076976,0.098697,0.279132,0.039472,0.239176,0.272477,0.457209,0.215744,0.330454,0.241375,0.024984,0.167993,0.275113,0.265685,0.068107,0.551575,0.485161,0.474508,0.375671,0.039767,0.562836,0.275838
Glasses,0.351816,0.067489,0.314028,0.589514,0.128445,0.219103,0.400935,0.106422,0.566584,0.269437,0.388434,0.43203,0.291563,0.458972,0.543072,0.100459,0.198454,0.165199,0.236614,0.115927,0.163933,0.316911,0.367621,0.422991,0.324574,0.471964,0.337974,0.691297,0.474231,0.655597,0.325844,0.336967,0.193585,0.548691,0.314271,0.442004,0.527263,0.433245,0.14496,0.511954,0.382553,-0.018557,0.30185,0.496347,0.42429,0.324822,0.041618,0.285185,0.40994,1.0,0.534376,0.644128,0.455473,0.746502,0.681056,0.573381,0.542097,0.593057,0.383491,0.10946,0.108696,0.262124,0.183979,0.624707,0.318061,0.346764,0.642782,0.662886,0.288727,0.295046,0.685948,0.518559,0.121363,0.323027,0.483774,0.51254,0.30185,0.456333,0.644207,0.493768,0.527467,-0.105316,0.359615,0.334491,0.486332,0.458483,0.376646,0.192824,0.151125,0.465166,0.432166,0.476586,0.41131,0.251256,0.075305,0.611088,0.520847,0.249099,0.137434,0.313575,0.639282,0.556926,0.279134,0.314896,0.521527,0.152162,0.31901,0.255464,0.356391,0.527113,0.544164,0.337224,0.406852,0.422614,0.519358,0.115016,0.287084,0.338604,0.202594,0.239254,0.158736,0.405464,0.536264,0.631043,0.457714,0.471095,0.244149,0.073098,0.548056,0.326539
Glove,0.315155,-0.026919,0.164612,0.47967,0.128608,0.520199,0.672759,0.192181,0.329274,0.38793,0.57333,0.545947,0.331566,0.391148,0.242703,0.139726,0.269778,0.063231,0.189564,0.244746,0.041346,0.347052,0.238783,0.175899,0.220716,0.32742,0.407095,0.49217,0.322874,0.413691,0.317032,0.320167,0.27031,0.413362,0.368362,0.306938,0.445334,0.374332,0.303197,0.353594,0.305086,0.146621,0.337973,0.359837,0.304388,0.199495,0.114363,0.33633,0.201487,0.534376,1.0,0.373246,0.221271,0.493233,0.549839,0.485373,0.69332,0.305314,0.349146,0.20961,0.261167,0.399958,0.309886,0.386339,0.249176,0.263699,0.383828,0.326491,0.334269,0.253064,0.608769,0.220572,0.050913,0.181698,0.55233,0.523493,0.337973,0.129028,0.40986,0.287116,0.432347,0.056731,0.295623,0.296464,0.394912,0.269616,0.453459,0.468423,0.204678,0.590374,0.45084,0.491018,0.249504,0.14177,0.062055,0.480572,0.568181,0.300882,0.109349,0.348411,0.517167,0.653956,0.237489,0.231772,0.406387,0.281019,0.304403,0.279309,0.24781,0.468508,0.440998,0.390349,0.520592,0.280799,0.390389,0.073246,0.360837,0.253437,0.401505,0.351289,0.086922,0.347256,0.599156,0.371288,0.363789,0.248592,0.149133,0.30698,0.412853,0.390567
Goggles,0.079201,-0.064912,0.039518,0.570916,0.059413,0.134487,0.085043,0.105645,0.349226,-0.003379,0.424934,0.124239,0.313902,0.137756,0.713454,0.087617,0.253618,0.100518,-0.058488,0.054737,0.305399,0.233846,0.26503,-0.124865,-0.178028,0.171679,0.295754,0.36718,0.154818,0.278179,0.328353,0.201139,0.243185,0.35905,0.237359,0.190601,0.295675,0.230779,0.280215,0.301574,0.114394,0.068373,0.132832,0.304071,0.059419,-0.019361,-0.082138,0.352066,0.127565,0.644128,0.373246,1.0,0.112068,0.454713,0.430965,0.4676,0.373944,0.548093,0.296799,0.203342,-0.02964,0.398956,0.065895,0.394456,0.252011,0.282555,0.34402,0.562061,0.218737,0.252041,0.655208,0.487811,0.036487,-0.011232,0.355488,0.417125,0.132832,0.117897,0.386881,0.276577,0.258568,-0.232651,-0.04054,0.283691,0.347657,0.086927,0.31811,0.056796,0.263721,0.27377,0.328299,0.387436,0.027884,-0.016044,0.035576,0.476521,0.378399,0.196099,0.090419,0.174761,0.518689,0.424191,0.353966,0.231318,0.059084,0.217948,0.340564,0.234259,0.206396,0.399956,0.351945,0.177693,0.272729,0.400928,0.291666,0.140877,0.218356,0.106043,0.144235,0.188601,0.200623,-0.05615,0.411153,0.31381,0.37035,0.289404,0.110156,0.035924,0.331208,0.234599
Grill,0.278068,0.106346,0.28087,0.25585,0.151729,0.13372,0.35122,-0.055639,0.424322,0.343815,0.215705,0.28228,0.22504,0.268577,0.127755,0.231903,0.223751,0.042809,0.112731,0.052258,0.162473,0.175699,0.169964,0.661406,0.648263,0.319265,0.295814,0.661041,0.41567,0.539339,0.041816,0.205084,0.115326,0.44235,0.233359,0.391751,0.437346,0.486383,0.374953,0.611328,0.359018,0.198982,0.088123,0.490759,0.294081,0.319778,-0.059166,0.273432,0.700166,0.455473,0.221271,0.112068,1.0,0.428262,0.221849,0.155489,0.280928,0.179331,0.116721,0.115917,0.098904,0.302453,0.133891,0.259795,0.204562,0.461982,0.407794,0.295142,0.284619,0.162756,0.216279,0.175856,0.090051,0.469476,0.185682,0.159186,0.088123,0.732711,0.488024,0.280295,0.234519,0.075259,0.650381,0.288898,0.490745,0.612505,0.311448,0.017149,0.154025,0.265652,0.273351,0.448597,0.658068,0.214912,0.079104,0.267941,0.417598,0.182515,0.134893,0.176888,0.257693,0.364071,0.280083,0.264104,0.64044,0.317014,0.35086,0.161484,0.167885,0.273962,0.334322,0.089304,0.290724,0.390246,0.387358,0.213629,0.183518,0.237397,0.056322,0.253507,0.232962,0.239141,0.11305,0.53991,0.45611,0.420044,0.291819,0.283857,0.589759,0.29424
Hairbrush,0.312748,0.139229,0.419334,0.503233,0.008253,0.230686,0.455894,0.198685,0.679763,0.299882,0.546786,0.390195,0.36368,0.486419,0.366973,0.310353,0.29668,0.266032,0.350097,0.045854,0.069252,0.325399,0.313142,0.544021,0.423872,0.614218,0.301832,0.687334,0.453299,0.57226,0.18099,0.310444,0.102961,0.563828,0.37279,0.260245,0.544926,0.533959,0.356402,0.622712,0.189619,0.177964,0.329133,0.396663,0.520094,0.330481,0.272556,0.224217,0.407126,0.746502,0.493233,0.454713,0.428262,1.0,0.792175,0.382257,0.601979,0.306502,0.405711,0.128041,0.260523,0.233891,0.326847,0.408373,0.187638,0.502037,0.546749,0.705027,0.322384,0.190909,0.690996,0.367175,0.233884,0.416103,0.421351,0.407641,0.329133,0.398466,0.878078,0.494421,0.577682,-0.144024,0.262267,0.390169,0.553624,0.554511,0.523584,0.266959,0.357635,0.455975,0.378693,0.53766,0.530768,0.244494,0.297521,0.623825,0.610065,0.17277,-0.012755,0.211384,0.647848,0.523001,0.331201,0.437858,0.589229,0.092912,0.36264,0.249313,0.363337,0.555597,0.371971,0.482951,0.400093,0.454268,0.862359,0.15018,0.2927,0.627039,0.126901,0.306459,0.261829,0.342788,0.392017,0.703735,0.665472,0.641211,0.288779,0.136504,0.572321,0.475019
Hairclip,0.298364,0.200844,0.468924,0.56111,0.020015,0.295416,0.474182,0.326581,0.586091,0.304774,0.507887,0.335647,0.411494,0.465822,0.397405,0.361526,0.202365,0.136741,0.441595,0.169554,0.200679,0.404709,0.476226,0.344531,0.236607,0.59719,0.415895,0.589796,0.447604,0.546933,0.1922,0.356974,0.21771,0.534214,0.26899,0.307445,0.547293,0.519544,0.255649,0.498598,0.218613,0.019034,0.45344,0.163493,0.545285,0.229714,0.165962,0.165282,0.24202,0.681056,0.549839,0.430965,0.221849,0.792175,1.0,0.460506,0.650641,0.460003,0.460895,0.103433,0.315865,0.246546,0.28348,0.376316,0.262151,0.292063,0.522874,0.692263,0.241617,0.327727,0.646904,0.362188,0.067913,0.337235,0.450835,0.419703,0.45344,0.239193,0.584439,0.464617,0.679055,-0.133012,0.280601,0.383371,0.53268,0.33375,0.496961,0.40311,0.280345,0.520914,0.402569,0.374846,0.275667,0.240814,0.296912,0.624047,0.57627,0.238679,0.193812,0.244352,0.697039,0.576601,0.22781,0.394911,0.441245,0.102737,0.240935,0.320967,0.3956,0.507901,0.393614,0.488185,0.353558,0.41381,0.575273,0.160218,0.356758,0.478307,0.156687,0.332554,0.230823,0.215559,0.558085,0.521379,0.515241,0.476838,0.241933,0.140114,0.543656,0.458402
Handbag,0.116273,0.039296,0.20256,0.686642,0.202725,-0.014205,0.282259,0.386876,0.299533,0.109013,0.184955,-0.041866,0.393473,0.380048,0.332529,0.010383,0.198201,0.18373,0.165259,0.132394,0.103767,0.393364,0.14825,0.272221,0.243796,0.327664,0.040878,0.48145,0.393382,0.446141,0.208603,0.156884,0.101514,0.344366,0.182941,0.250672,0.312341,0.191902,-0.117871,0.265239,0.235478,0.097273,-0.021087,0.322547,0.21677,-0.037798,-0.053552,0.204285,-0.015644,0.573381,0.485373,0.4676,0.155489,0.382257,0.460506,1.0,0.510544,0.290516,0.398237,0.216832,-0.143039,0.174675,0.099928,0.214512,0.076707,0.209061,0.134795,0.534823,0.091644,0.337843,0.482097,0.115751,-0.108575,0.079393,0.621293,0.588487,-0.021087,0.086454,0.30395,0.274642,0.279386,0.102381,0.359301,0.186695,0.219469,0.063944,0.280164,-0.044623,-0.051158,0.245167,0.314611,0.515114,-0.002642,-0.112206,-0.123948,0.536413,0.498103,0.367642,0.103616,0.358735,0.528722,0.748192,0.23994,-0.056181,0.111644,0.3073,0.432076,0.12495,0.54613,0.389544,0.651631,0.37191,0.286666,0.253717,0.206889,0.070439,0.201105,0.112808,0.213261,0.379148,0.007032,0.264784,0.694352,0.254968,0.11074,-0.017117,-0.203357,-0.06604,0.288249,0.492972
Hat,0.292949,0.093542,0.331686,0.486129,0.109951,0.498697,0.633094,0.249202,0.379256,0.368956,0.50571,0.49086,0.405128,0.304761,0.293715,0.413516,0.333883,0.13078,0.366505,0.142277,0.242118,0.349829,0.195301,0.392185,0.347375,0.574059,0.298176,0.606199,0.397878,0.482327,0.325611,0.28934,0.188544,0.477355,0.349329,0.275853,0.469373,0.409352,0.196448,0.34771,0.278403,-0.054258,0.505269,0.146717,0.502666,0.265069,0.050456,0.389418,0.265331,0.542097,0.69332,0.373944,0.280928,0.601979,0.650641,0.510544,1.0,0.226518,0.343236,0.171557,0.273394,0.42017,0.283073,0.279003,0.325743,0.354758,0.337121,0.538196,0.360342,0.405916,0.640012,0.134126,-0.123979,0.316346,0.46144,0.54907,0.505269,0.134332,0.499872,0.580682,0.432465,0.027677,0.411352,0.212426,0.526487,0.337345,0.389804,0.479733,0.23163,0.516764,0.468665,0.52504,0.297862,0.183269,0.058731,0.707082,0.531653,0.111731,0.195628,0.357545,0.804977,0.659343,0.317537,0.201625,0.418207,0.12511,0.294365,0.235251,0.278872,0.488082,0.389733,0.664662,0.473869,0.453085,0.498219,0.175196,0.348835,0.47155,0.431458,0.298323,0.328628,0.413766,0.491587,0.467037,0.405629,0.334166,0.076426,0.21652,0.472548,0.326873
Headphones,0.573604,0.027284,0.246706,0.386683,0.276389,0.172417,0.122591,0.248124,0.298082,0.221672,0.25238,0.246416,0.253589,0.149105,0.458902,-0.023369,0.108131,0.055508,-0.010784,0.158225,0.271798,0.184866,0.38779,0.020961,0.020025,0.133657,0.438182,0.298784,0.235239,0.289001,0.354077,0.260522,0.439028,0.306958,0.101479,0.252708,0.346611,0.387077,0.236873,0.281322,0.444894,-0.052259,0.243039,0.446531,0.054778,0.420683,-0.176441,0.363281,0.068451,0.593057,0.305314,0.548093,0.179331,0.306502,0.460003,0.290516,0.226518,1.0,0.228224,0.197731,-0.008239,0.268979,0.03826,0.444802,0.17044,0.228517,0.355099,0.365867,0.302884,0.394218,0.394186,0.394883,-0.039141,-0.100886,0.319435,0.294346,0.243039,0.213316,0.171706,0.18224,0.257494,-0.068981,0.123725,0.439437,0.427223,0.078777,0.267817,0.151118,0.171081,0.286321,0.431685,0.313867,0.060562,0.506922,0.003429,0.297562,0.417476,0.267746,0.128828,0.190853,0.347107,0.312987,0.134994,0.060251,0.226768,0.326231,0.186467,0.050195,0.245401,0.275207,0.223807,0.037317,0.31558,0.229496,0.12647,0.179705,-0.006677,-0.030419,-0.01472,0.101589,0.011781,0.06332,0.394535,0.263408,0.21239,0.240476,0.447957,0.229901,0.28352,0.21889
Hourglass,0.169534,0.150129,0.040615,0.413098,0.360129,0.006938,0.153721,0.36297,0.240594,-0.087529,0.436739,-0.051815,0.261634,0.346903,0.374019,0.057492,0.072534,0.283932,0.076751,0.475971,0.465262,0.128537,-0.047842,0.128235,0.144341,0.363544,0.252648,0.41211,0.012038,0.069367,0.304301,0.129173,0.06481,0.290141,0.274037,0.090334,0.191161,0.400308,0.251693,0.267231,0.462552,0.167097,0.008398,0.300113,0.135816,0.171021,0.239583,0.254984,0.165222,0.383491,0.349146,0.296799,0.116721,0.405711,0.460895,0.398237,0.343236,0.228224,1.0,0.166776,-0.109862,0.371433,0.323801,0.330799,0.332655,0.107181,0.330061,0.526524,0.005894,0.423624,0.460535,0.462938,-0.058564,0.258625,0.394943,0.499649,0.008398,0.177807,0.26163,0.253315,0.412661,0.101435,0.088144,0.281959,0.398792,0.175271,0.395995,-0.105316,0.031135,0.25443,0.462305,0.456984,-0.095502,0.052499,0.213765,0.407983,0.466131,0.298295,0.155614,0.540698,0.25946,0.327594,0.229614,0.079389,0.170964,0.145536,0.247896,-0.011777,0.346334,0.134483,0.305891,0.272566,0.012344,0.260154,0.421786,-0.054057,0.029065,0.270014,0.014905,0.131189,0.172114,0.230795,0.261327,0.131595,0.105375,0.041575,0.237304,0.394213,0.245319,0.406487
Kayak,0.16174,0.024157,0.013249,0.21739,0.142224,0.171938,0.06886,0.272626,0.271665,0.046843,0.171191,-0.119088,0.641438,0.040178,0.17049,0.188873,0.530763,0.297306,0.055189,0.045642,0.068832,0.221878,0.070882,0.05418,-0.013873,0.153816,0.112103,0.188162,0.053198,0.119674,0.126322,0.034781,-0.062414,0.056995,0.030648,0.1159,0.158129,0.145929,0.364858,0.229268,0.174055,0.200627,0.122836,0.288389,0.107099,0.221061,0.003612,0.449525,0.165555,0.10946,0.20961,0.203342,0.115917,0.128041,0.103433,0.216832,0.171557,0.197731,0.166776,1.0,-0.095432,0.520144,0.338434,-0.062293,0.020476,0.261434,-0.034727,0.092354,0.083748,0.177592,0.072778,-0.105749,0.005213,-0.029221,0.316803,0.202272,0.122836,-0.039008,0.023465,0.192053,-0.010518,0.125463,0.124289,0.160758,0.081277,0.116079,0.221589,0.201217,0.037362,0.252905,0.518246,0.142313,-0.038682,0.055885,-0.012935,0.089919,0.294924,0.336059,0.213816,0.182509,0.150864,0.229723,0.647341,0.285761,0.149285,0.029336,-0.053603,-0.069322,0.26436,0.142536,0.114561,-0.017369,0.458211,0.22624,0.138812,0.301952,-0.040062,0.19314,0.241876,0.234984,0.089572,0.162326,0.122339,0.162436,0.157005,0.147714,0.242296,-0.065226,0.191611,0.267997
Key,0.058311,-0.019238,0.386903,0.045448,-0.216739,0.367765,0.417251,-0.21111,0.276645,0.430395,0.42255,0.456244,0.174505,-0.081771,0.026084,0.332517,0.285698,-0.191783,0.414913,-0.023837,-0.135748,0.48172,0.568292,0.119919,0.035007,0.321948,0.446519,0.209566,0.396354,0.192807,0.237505,0.577308,0.299933,0.098763,0.378727,0.339197,0.569494,0.412736,0.330114,0.229725,-0.130301,-0.204338,0.337733,-0.105213,0.273763,0.052223,0.159818,-0.135054,0.129288,0.108696,0.261167,-0.02964,0.098904,0.260523,0.315865,-0.143039,0.273394,-0.008239,-0.109862,-0.095432,1.0,-0.022276,0.316808,0.116817,0.074775,0.041117,0.339144,-0.108836,0.43089,-0.238896,0.207095,0.085672,0.313956,0.048703,-0.065882,-0.147086,0.337733,0.088061,0.271026,0.17676,0.595324,-0.288017,0.148683,0.368945,0.219638,0.221728,0.137187,0.605187,0.666385,0.394373,0.006772,-0.004331,0.21759,0.113959,0.599587,0.085593,0.069673,-0.08541,0.225626,-0.314248,0.213171,0.254377,0.155633,0.368811,0.123538,-0.257556,-0.21076,0.526779,-0.090032,0.381251,0.058266,0.22992,0.240831,0.179777,0.207452,0.403327,0.375742,0.360137,0.192298,0.364586,0.393422,-0.026978,0.127551,0.330614,0.522847,0.565108,0.178621,0.069665,0.394765,0.056083
Kite,0.172068,0.015571,0.059984,0.199004,0.101226,0.274089,0.155554,0.252979,0.187396,0.339649,0.363274,0.158523,0.460359,0.06209,0.34904,0.350467,0.433097,0.053697,0.100666,0.121215,0.500456,0.181112,0.053659,0.088877,0.044605,0.152405,0.318781,0.253125,0.171221,0.117666,0.299469,0.109598,0.116753,0.272326,0.096845,0.057708,0.133571,0.239663,0.405174,0.20646,0.143618,0.037128,0.191813,0.250849,0.176353,0.329665,0.036726,0.531922,0.353907,0.262124,0.399958,0.398956,0.302453,0.233891,0.246546,0.174675,0.42017,0.268979,0.371433,0.520144,-0.022276,1.0,0.156037,0.18973,0.25451,0.291909,0.20868,0.183625,0.283746,0.254304,0.259269,0.230968,-0.014562,0.086535,0.279178,0.190566,0.191813,0.126947,0.116805,0.362036,0.082555,-0.09965,0.18688,0.114555,0.420003,0.101951,0.299733,0.267487,0.110471,0.247736,0.632387,0.342834,0.047244,0.250108,-0.040459,0.24373,0.358989,0.300587,0.242471,0.222879,0.215074,0.298277,0.486855,0.358218,0.171757,0.095266,0.017548,-0.032817,0.111684,0.180112,0.042226,0.221529,0.281927,0.214964,0.219512,0.181038,0.008528,0.170103,0.321012,0.168405,0.167035,0.00365,0.017837,0.249104,0.284038,0.202911,0.454686,0.284258,0.214587,0.387293
Ladder,0.187727,0.206741,0.083198,0.270504,0.291447,0.192023,0.392848,0.144184,0.455403,0.173601,0.41814,0.357693,0.541602,0.097653,0.211646,0.289465,0.413686,0.180871,0.098348,0.062843,0.047573,0.4627,0.138613,0.103285,0.065644,0.331335,0.460508,0.433291,0.133822,0.066721,0.390083,0.411234,0.170999,0.352606,0.493518,0.389651,0.50653,0.560996,0.387916,0.477749,0.23993,0.214861,0.1747,0.272911,0.172349,0.163492,0.026069,0.204786,0.12854,0.183979,0.309886,0.065895,0.133891,0.326847,0.28348,0.099928,0.283073,0.03826,0.323801,0.338434,0.316808,0.156037,1.0,0.316705,0.32087,0.400468,0.31199,0.099191,0.546264,0.171034,0.278316,0.208042,0.021639,0.024192,-0.024455,0.105787,0.1747,0.150007,0.337546,0.133404,0.505725,0.162975,0.085336,0.401154,0.287055,0.174816,0.292106,0.307742,0.223179,0.302994,0.49234,0.196147,-0.022382,0.071353,0.282879,0.087503,0.395449,0.182561,0.268075,0.027457,0.235217,0.322349,0.344444,0.180744,0.309486,-0.031977,-0.011728,0.092152,0.427866,0.186266,0.162196,0.200108,0.264181,0.220378,0.38565,0.418534,0.101147,0.40382,0.142332,0.41482,0.235314,0.178506,0.266432,0.282046,0.415877,0.342677,0.288369,0.174832,0.282875,0.136125
Lamp,0.187125,0.158917,0.239905,0.407313,0.202807,0.085686,0.244013,-0.014849,0.467916,0.298456,0.432502,0.315285,0.232947,0.267938,0.36735,0.104151,0.195409,0.190801,0.106197,-0.008889,0.142776,0.318464,0.304744,0.123539,0.093848,0.506913,0.532667,0.449109,0.400697,0.425135,0.523085,0.446575,0.257608,0.302371,0.278575,0.361404,0.441825,0.5182,0.183389,0.436136,0.30433,-0.085106,0.2325,0.486753,0.423815,0.262097,0.069831,0.154893,0.338162,0.624707,0.386339,0.394456,0.259795,0.408373,0.376316,0.214512,0.279003,0.444802,0.330799,-0.062293,0.116817,0.18973,0.316705,1.0,0.709787,0.432845,0.817889,0.345856,0.401997,0.346848,0.49785,0.513072,0.295756,0.259341,0.279871,0.201957,0.2325,0.368341,0.449473,0.326925,0.467359,0.019539,0.181953,0.345455,0.303457,0.312276,0.283805,0.030921,0.185425,0.358787,0.319544,0.33255,0.293819,0.175837,0.118389,0.238579,0.249259,0.292382,0.343107,0.25156,0.295065,0.311946,0.056944,0.247777,0.337275,0.158659,0.190571,0.393226,0.284678,0.183441,0.327075,0.22264,0.050745,0.327892,0.37362,0.192649,0.345174,0.453712,0.095362,0.29652,0.133115,0.333932,0.329827,0.567254,0.457926,0.414586,0.498524,0.188115,0.24583,0.126789
Lantern,0.10797,0.285814,0.155803,0.268098,0.240909,0.198888,0.200085,0.023849,0.264629,0.250426,0.3667,0.161333,0.132096,0.199073,0.261097,0.238225,0.187396,0.208642,0.169606,0.109979,0.352125,0.178846,0.111111,0.020559,0.004207,0.560456,0.399592,0.324018,0.160322,0.207094,0.416246,0.30965,0.171792,0.223125,0.15668,0.334194,0.303429,0.416558,0.27025,0.211645,0.276873,-0.124975,0.344937,0.181389,0.504215,0.217244,0.077757,0.28348,0.274507,0.318061,0.249176,0.252011,0.204562,0.187638,0.262151,0.076707,0.325743,0.17044,0.332655,0.020476,0.074775,0.25451,0.32087,0.709787,1.0,0.337263,0.579466,0.245487,0.224598,0.429766,0.451508,0.237051,0.188166,0.392419,0.281377,0.12877,0.344937,0.11634,0.227359,0.222874,0.361347,0.163703,0.177769,0.242826,0.324072,0.18901,0.229154,0.033597,0.026584,0.411977,0.321125,0.222892,0.206528,0.121585,0.160466,0.191985,0.199534,0.167509,0.420418,0.351045,0.232632,0.204907,0.034011,0.254642,0.282048,0.033394,0.073172,0.288233,0.041281,0.042913,0.205433,0.414208,0.009616,0.312644,0.254075,0.161377,0.343923,0.433715,0.280351,0.178987,0.241613,0.366214,0.130254,0.282713,0.257821,0.206772,0.340006,0.188884,0.230649,0.071658
Lawnmower,0.131731,0.317964,0.340818,0.391336,0.178197,0.222692,0.165909,0.125279,0.466355,0.273318,0.424066,0.303744,0.602623,0.235218,0.205721,0.245718,0.297406,0.379189,-0.006773,-0.123071,-0.040072,0.380544,0.144622,0.258654,0.240039,0.474401,0.348888,0.437307,0.321135,0.369145,0.049705,0.254321,0.175785,0.479062,0.282097,0.22689,0.459347,0.546998,0.320376,0.486002,0.148956,0.217604,0.320475,0.483922,0.403079,0.102904,-0.148065,0.418343,0.197816,0.346764,0.263699,0.282555,0.461982,0.502037,0.292063,0.209061,0.354758,0.228517,0.107181,0.261434,0.041117,0.291909,0.400468,0.432845,0.337263,1.0,0.420507,0.279807,0.398898,0.073672,0.294506,0.056761,-0.025719,0.088725,0.10846,0.114292,0.320475,0.267145,0.524412,0.261258,0.253983,0.026887,0.209431,0.378026,0.319807,0.318237,0.490378,0.102278,0.203542,0.239862,0.447598,0.406882,0.35024,0.106958,0.047069,0.257379,0.377664,0.467153,0.057533,-0.017331,0.411588,0.433422,0.361345,0.234536,0.313994,0.320778,0.308199,0.159391,0.446876,0.260101,0.116395,0.284795,0.388233,0.478259,0.456662,0.292607,0.188217,0.525674,0.264062,0.370663,0.165216,0.203745,0.183398,0.492608,0.515733,0.420081,0.321589,0.150099,0.269377,0.252809
Lightbulb,0.186251,0.048169,0.43168,0.367048,-0.057699,0.228247,0.335194,-0.127946,0.514413,0.437854,0.568956,0.37052,0.324503,0.222052,0.378216,0.322165,0.323344,0.134158,0.223377,0.006646,0.179519,0.432664,0.465909,0.304211,0.187444,0.572566,0.543433,0.563852,0.492562,0.464454,0.375239,0.533234,0.317974,0.270113,0.396013,0.406995,0.508312,0.549627,0.341238,0.530233,0.25067,-0.132037,0.382066,0.398691,0.535586,0.293815,0.127083,0.039364,0.508456,0.642782,0.383828,0.34402,0.407794,0.546749,0.522874,0.134795,0.337121,0.355099,0.330061,-0.034727,0.339144,0.20868,0.31199,0.817889,0.579466,0.420507,1.0,0.393389,0.36104,0.286334,0.535381,0.51067,0.285973,0.421338,0.263185,0.221074,0.382066,0.443016,0.559067,0.343182,0.593548,-0.081842,0.296933,0.427552,0.350656,0.415346,0.383147,0.248685,0.380444,0.499595,0.36188,0.237308,0.417575,0.227666,0.385342,0.226454,0.243586,0.296343,0.295461,0.080715,0.371994,0.355429,0.142675,0.487543,0.426141,0.00548,0.069986,0.464282,0.192906,0.334759,0.310873,0.257178,0.180696,0.335198,0.473883,0.334173,0.345205,0.537805,0.131347,0.394317,0.152283,0.299083,0.292337,0.669367,0.63154,0.649095,0.575989,0.122281,0.402805,0.223723
Lipstick,0.114055,0.184754,0.319859,0.539799,0.076032,0.079106,0.194759,0.367103,0.388993,0.021221,0.367996,-0.007198,0.262251,0.361742,0.422526,0.137952,0.0746,0.261278,0.203361,0.141363,0.29905,0.16348,0.204289,0.39333,0.315956,0.470178,0.112499,0.561909,0.306407,0.435475,0.207352,0.087046,-0.023559,0.360362,0.190427,0.126858,0.333444,0.350541,0.135908,0.353123,0.315991,0.101534,0.174053,0.233171,0.28841,0.101466,0.06639,0.217495,0.303125,0.662886,0.326491,0.562061,0.295142,0.705027,0.692263,0.534823,0.538196,0.365867,0.526524,0.092354,-0.108836,0.183625,0.099191,0.345856,0.245487,0.279807,0.393389,1.0,0.067413,0.533852,0.642551,0.385731,-0.008735,0.388397,0.528497,0.625335,0.174053,0.274778,0.613819,0.55476,0.377648,-0.070504,0.205992,0.336525,0.508324,0.329223,0.465927,-0.010152,0.04241,0.319419,0.323774,0.441231,0.257773,0.011064,0.063523,0.677799,0.521999,0.192939,0.221414,0.477933,0.652939,0.50879,0.23511,0.181791,0.358002,0.181339,0.495009,0.078993,0.407942,0.510514,0.44361,0.445195,0.186613,0.28549,0.572906,-0.020814,0.195197,0.375148,0.04747,0.172646,0.233976,0.21157,0.484613,0.413725,0.343459,0.26787,0.113404,0.046337,0.485777,0.323298
Lock,0.281763,0.010633,0.202415,0.189625,-0.02871,0.163581,0.319697,0.011073,0.422103,0.465949,0.459079,0.539242,0.367347,0.075224,0.191648,0.356825,0.38143,-0.139978,0.104505,-0.162942,0.109532,0.442112,0.326056,0.112193,0.100261,0.246646,0.466251,0.437671,0.258969,0.172016,0.39328,0.457731,0.399099,0.325536,0.420108,0.259832,0.548791,0.541956,0.196723,0.470403,0.102678,0.005553,0.21292,0.335499,0.147269,0.227458,-0.025829,0.226759,0.099869,0.288727,0.334269,0.218737,0.284619,0.322384,0.241617,0.091644,0.360342,0.302884,0.005894,0.083748,0.43089,0.283746,0.546264,0.401997,0.224598,0.398898,0.36104,0.067413,1.0,0.105919,0.389065,0.232306,0.164924,-0.041936,0.062172,-0.098432,0.21292,0.214272,0.34037,0.251579,0.426664,-0.057802,0.078067,0.523026,0.299565,0.19705,0.208727,0.393453,0.434414,0.386525,0.319334,0.180979,0.127433,0.258964,0.100167,0.088761,0.296602,0.047084,0.28882,-0.226849,0.270584,0.299406,0.226909,0.212108,0.269103,-0.027834,0.086221,0.258675,0.215662,0.294991,0.167079,0.267296,0.273198,0.130319,0.315021,0.402622,0.168946,0.324779,0.268815,0.336901,0.133975,0.096936,0.316275,0.440345,0.529298,0.516665,0.358626,0.278752,0.296826,0.039295
Lollipop,0.39349,0.190856,0.166059,0.437865,0.309339,0.107095,0.147817,0.474821,0.135576,0.083958,0.180285,-0.08235,0.215796,0.181708,0.232319,0.177021,0.221918,0.202319,0.027405,0.227655,0.43571,0.169516,0.036969,0.217351,0.199131,0.295518,0.077866,0.297688,0.199108,0.203305,0.329164,0.000342,0.077418,0.016012,0.014445,0.059849,0.158772,0.253445,0.224827,0.130804,0.494643,0.10126,0.154272,0.196115,0.220615,0.429619,-0.033389,0.387778,0.24251,0.295046,0.253064,0.252041,0.162756,0.190909,0.327727,0.337843,0.405916,0.394218,0.423624,0.177592,-0.238896,0.254304,0.171034,0.346848,0.429766,0.073672,0.286334,0.533852,0.105919,1.0,0.378439,0.155964,-0.081504,0.373727,0.412391,0.477701,0.154272,0.072993,0.137391,0.194485,0.085033,0.341811,0.308641,0.231883,0.468237,0.143085,0.106296,-0.036077,-0.131122,0.256561,0.358069,0.235493,0.119122,0.303282,-0.104348,0.276617,0.39644,0.25107,0.406541,0.51974,0.324101,0.371698,0.004938,-0.146832,0.25648,0.235693,0.252446,0.005302,0.318569,0.110935,0.442057,0.322489,0.05166,0.112474,0.183316,0.175564,0.127965,0.180616,-0.05188,0.288174,0.233253,0.162953,0.314192,0.225012,0.132479,0.014358,0.228808,0.342406,0.147034,0.235937
Mask,0.284522,0.026145,0.159475,0.525089,-0.007184,0.356351,0.387323,0.19831,0.496155,0.232693,0.610971,0.364009,0.304387,0.31403,0.377263,0.335345,0.32762,0.159049,0.258762,0.170315,0.337172,0.363501,0.309722,0.193835,0.125047,0.551146,0.401859,0.57752,0.278195,0.351225,0.376765,0.33293,0.304858,0.399591,0.432314,0.225457,0.48233,0.394086,0.338008,0.412981,0.291899,0.010414,0.407652,0.359026,0.380173,0.255724,0.167464,0.334807,0.214981,0.685948,0.608769,0.655208,0.216279,0.690996,0.646904,0.482097,0.640012,0.394186,0.460535,0.072778,0.207095,0.259269,0.278316,0.49785,0.451508,0.294506,0.535381,0.642551,0.389065,0.378439,1.0,0.400582,0.152804,0.359101,0.563506,0.49708,0.407652,0.107324,0.583406,0.401041,0.519409,-0.040364,0.172971,0.408227,0.513268,0.344837,0.395786,0.264791,0.350595,0.657479,0.463653,0.470285,0.213725,0.142119,0.330656,0.573343,0.539566,0.196115,0.212356,0.293866,0.592242,0.571149,0.270551,0.284358,0.31613,0.110333,0.377415,0.285831,0.232872,0.602195,0.455042,0.556395,0.428297,0.397442,0.611865,0.213042,0.354295,0.396228,0.29044,0.282907,0.24978,0.347835,0.480438,0.532437,0.550045,0.508828,0.238657,0.239651,0.421754,0.298576
Microscope,0.118521,0.200579,0.178503,0.282576,0.116103,-0.04486,0.050786,-0.06326,0.235329,0.068402,0.297334,0.19475,0.091929,0.196456,0.637888,0.048774,0.060385,0.1667,0.103261,0.042704,0.302705,0.086884,0.361533,-0.02999,0.034134,0.112612,0.517409,0.275697,0.133422,0.092234,0.42586,0.502696,0.358361,0.210068,0.162368,0.247573,0.283519,0.288151,0.328423,0.323764,0.173368,0.089352,0.057198,0.322699,-0.026131,0.153699,0.267524,0.069767,0.294823,0.518559,0.220572,0.487811,0.175856,0.367175,0.362188,0.115751,0.134126,0.394883,0.462938,-0.105749,0.085672,0.230968,0.208042,0.513072,0.237051,0.056761,0.51067,0.385731,0.232306,0.155964,0.400582,1.0,0.041702,0.166771,0.079325,0.104806,0.057198,0.35963,0.390593,0.383505,0.456759,-0.274569,-0.078486,0.333924,0.286215,0.162158,0.249421,0.045377,0.295963,0.247188,0.220886,0.257431,-0.057272,0.08189,0.221841,0.129179,0.335144,0.090137,0.059416,0.192697,0.122372,0.133491,0.027602,0.130072,0.12894,0.123548,0.181163,0.238583,0.048382,0.196734,0.228527,-0.059991,0.075312,0.117189,0.354258,0.047493,0.091902,0.167435,-0.123117,-0.023574,0.061132,0.102797,0.231076,0.24135,0.269727,0.319146,0.41211,0.103072,0.232944,0.092051
Minerals,-0.0789,0.065128,0.20141,-0.106267,-0.240284,-0.012265,0.131687,-0.083723,0.223459,0.182707,0.221906,-0.0609,-0.156855,0.187436,-0.112718,0.156855,0.033448,0.158988,0.100275,-0.175442,-0.122217,0.011619,0.128689,0.212105,0.115512,0.176723,-0.036787,0.12736,0.357704,0.240961,0.216139,0.129668,-0.087069,-0.137781,0.116881,-0.02165,-0.021617,0.020108,0.117915,0.231839,-0.17965,-0.05503,-0.131917,0.088462,0.325069,0.118094,0.512147,-0.017942,0.227174,0.121363,0.050913,0.036487,0.090051,0.233884,0.067913,-0.108575,-0.123979,-0.039141,-0.058564,0.005213,0.313956,-0.014562,0.021639,0.295756,0.188166,-0.025719,0.285973,-0.008735,0.164924,-0.081504,0.152804,0.041702,1.0,0.292522,0.218217,-0.175228,-0.131917,0.116777,0.244937,-0.089138,0.152558,-0.005736,0.030085,0.116661,0.087399,0.301197,0.050492,0.051279,0.246224,0.126086,-0.13766,0.04823,0.467086,-0.060226,0.257403,-0.068643,-0.042242,-0.109104,0.18869,0.040118,-0.117831,0.048138,0.065012,0.233128,0.22153,-0.132213,0.072938,0.436694,-0.309796,0.102804,-0.006856,0.073755,-0.111581,-0.052232,0.300891,-0.10235,0.278222,0.302468,0.088431,0.077226,0.207487,0.18208,-0.054801,0.411701,0.329493,0.453223,0.128412,-0.040343,0.166585,0.261519
Mushroom,0.132124,0.313578,0.372077,0.180013,0.059219,0.223359,0.316027,0.215171,0.232557,0.130355,0.154862,0.048714,-0.065822,0.298104,-0.004862,0.495075,0.142369,0.362305,0.295754,0.100451,0.267569,-0.031533,0.076859,0.585992,0.531692,0.548043,0.095632,0.421642,0.374909,0.507019,0.009389,0.082892,-0.170859,0.175111,0.164672,0.113662,0.111986,0.17223,0.241228,0.390962,0.189245,0.207069,0.199713,0.199042,0.557527,0.246154,0.501615,0.142913,0.523408,0.323027,0.181698,-0.011232,0.469476,0.416103,0.337235,0.079393,0.316346,-0.100886,0.258625,-0.029221,0.048703,0.086535,0.024192,0.259341,0.392419,0.088725,0.421338,0.388397,-0.041936,0.373727,0.359101,0.166771,0.292522,1.0,0.239975,0.216663,0.199713,0.331958,0.433245,0.261276,0.159239,0.267144,0.475026,0.101686,0.319555,0.572909,0.049799,0.04717,0.036432,0.246444,0.112169,0.287598,0.489436,0.005201,0.19709,0.236607,0.231598,-0.085436,0.140186,0.426623,0.199313,0.197357,-0.000197,0.219151,0.548302,0.077108,0.253428,0.255827,-0.035281,0.179959,0.341099,0.321079,0.044853,0.246001,0.501988,-0.077598,0.320625,0.477989,0.006928,0.090466,0.241439,0.443391,0.095888,0.488651,0.292742,0.348167,0.166007,0.182243,0.362672,0.202109
Necklace,0.136343,-0.089058,0.125631,0.436408,0.021972,0.082922,0.312364,0.245928,0.332724,0.283348,0.341071,0.014239,0.197986,0.31417,0.256699,0.07369,0.22963,0.138457,0.213564,0.207066,0.126031,0.123067,0.133312,0.153746,0.131323,0.421117,0.074317,0.386764,0.244863,0.315391,0.233855,0.096507,-0.018542,0.141309,0.118304,0.119586,0.262065,0.216842,0.169522,0.145183,0.342771,-0.046763,0.055426,0.201891,0.446637,0.224236,0.250717,0.232574,0.108446,0.483774,0.55233,0.355488,0.185682,0.421351,0.450835,0.621293,0.46144,0.319435,0.394943,0.316803,-0.065882,0.279178,-0.024455,0.279871,0.281377,0.10846,0.263185,0.528497,0.062172,0.412391,0.563506,0.079325,0.218217,0.239975,1.0,0.503166,0.055426,0.047586,0.25896,0.209166,0.261204,0.102088,0.222068,0.10399,0.263302,0.217876,0.356077,0.033799,0.021402,0.549243,0.242283,0.468613,0.249362,0.07147,0.060905,0.528682,0.411786,0.253269,0.146204,0.477652,0.419687,0.505974,0.161289,0.12163,0.202394,0.181973,0.266806,0.156725,0.242025,0.449143,0.466925,0.48711,0.299921,0.241966,0.370739,-0.025905,0.191499,0.263413,0.292808,0.162658,0.040094,0.415153,0.486529,0.312844,0.200438,0.134874,0.103273,0.028235,0.324685,0.500053
Necktie,0.25648,-0.094715,0.122891,0.425514,0.372724,0.235691,0.388483,0.335738,0.158346,-0.015066,0.294321,0.089869,0.257935,0.253314,0.226826,-0.025983,0.086218,0.172035,-0.027103,0.348025,0.245129,0.137639,-0.017325,0.237785,0.175094,0.306851,0.004465,0.434565,0.185591,0.343885,0.201685,-0.09937,0.002272,0.259082,0.130115,0.127006,0.237664,0.27328,0.041245,0.164035,0.40617,0.210262,0.077205,0.272769,0.200509,0.109547,-0.147791,0.224512,0.12182,0.51254,0.523493,0.417125,0.159186,0.407641,0.419703,0.588487,0.54907,0.294346,0.499649,0.202272,-0.147086,0.190566,0.105787,0.201957,0.12877,0.114292,0.221074,0.625335,-0.098432,0.477701,0.49708,0.104806,-0.175228,0.216663,0.503166,1.0,0.077205,-0.032754,0.283875,0.216447,0.126066,0.201048,0.285912,0.043778,0.412026,0.123216,0.313133,-0.086927,-0.132792,0.293494,0.426194,0.46681,0.100458,0.036932,-0.144387,0.702752,0.448796,0.333565,0.08294,0.526226,0.640141,0.55156,0.24472,-0.085371,0.262164,0.229429,0.30368,-0.095533,0.424693,0.478053,0.365448,0.252208,0.225646,0.195045,0.226871,-0.099956,0.067962,0.155193,-0.013446,0.184537,0.146241,0.242894,0.391976,0.126917,0.029518,-0.069389,-0.114076,0.166054,0.364501,0.385663
Orifan,0.257909,0.25107,0.350501,0.1357,-0.149099,0.673732,0.252744,0.026655,0.265017,0.361506,0.308605,0.408006,0.348462,0.188527,0.173413,0.328302,0.292538,0.124577,0.462054,-0.185218,0.16915,0.385658,0.440417,0.112256,0.044987,0.422402,0.351022,0.155201,0.272789,0.317031,0.139507,0.440918,0.244819,0.235781,0.058458,0.242836,0.391037,0.226373,0.223602,0.080323,-0.042351,-0.220096,1.0,0.055458,0.347994,0.199619,-0.071145,0.273955,0.171101,0.30185,0.337973,0.132832,0.088123,0.329133,0.45344,-0.021087,0.505269,0.243039,0.008398,0.122836,0.337733,0.191813,0.1747,0.2325,0.344937,0.320475,0.382066,0.174053,0.21292,0.154272,0.407652,0.057198,-0.131917,0.199713,0.055426,0.077205,1.0,-0.068717,0.266759,0.470989,0.380251,-0.165578,0.249276,0.288528,0.343484,0.288835,0.279382,0.608469,0.287087,0.59849,0.426978,0.016421,0.233814,0.302478,0.214141,0.199355,0.171431,0.232904,0.162056,-0.024748,0.446709,0.279013,0.186394,0.438302,0.205829,-0.213025,-0.152641,0.303423,-0.035204,0.319973,0.045993,0.478617,0.535086,0.352627,0.221283,0.355615,0.409226,0.353352,0.304729,0.220868,0.263502,0.239233,0.201294,0.349806,0.426089,0.455919,0.323261,0.073147,0.076731,-0.073355
Oven,0.158823,0.011713,0.177281,0.318785,0.117602,-0.066493,0.312249,-0.079922,0.438022,0.16475,0.196516,0.228377,0.051038,0.229871,0.253115,0.073506,0.087218,-0.00946,0.102851,0.035358,0.019621,0.096611,0.202188,0.604271,0.578882,0.200281,0.397952,0.654099,0.344935,0.461827,0.118302,0.203935,0.026955,0.420317,0.329564,0.306053,0.298544,0.390155,0.321811,0.677264,0.344221,0.08721,-0.068717,0.37657,0.110206,0.247846,0.07982,0.039195,0.729668,0.456333,0.129028,0.117897,0.732711,0.398466,0.239193,0.086454,0.134332,0.213316,0.177807,-0.039008,0.088061,0.126947,0.150007,0.368341,0.11634,0.267145,0.443016,0.274778,0.214272,0.072993,0.107324,0.35963,0.116777,0.331958,0.047586,-0.032754,-0.068717,1.0,0.475759,0.316798,0.286412,-0.083896,0.471473,0.287255,0.333184,0.624069,0.250584,0.036699,0.178435,0.053167,0.100214,0.360776,0.588001,0.126558,0.130877,0.157851,0.362264,-0.005296,0.043638,0.108555,0.089557,0.179636,0.154193,0.252254,0.640655,0.327,0.426983,0.255772,0.184442,-0.009789,0.349545,-0.001964,0.049657,0.319469,0.44945,0.173632,0.167962,0.128804,-0.037002,0.18286,0.026239,0.19041,0.22049,0.518326,0.414377,0.40044,0.302041,0.084541,0.558322,0.173368
Paintbrush,0.224641,0.116546,0.402878,0.428385,0.003052,0.16278,0.439817,0.057803,0.536733,0.260479,0.42833,0.34978,0.291379,0.415471,0.351594,0.200164,0.327964,0.313929,0.332329,-0.008179,-0.049932,0.351017,0.243285,0.579911,0.515493,0.571136,0.312325,0.645926,0.439228,0.550229,0.205713,0.372206,0.07557,0.43068,0.416358,0.277853,0.52204,0.458704,0.370682,0.639455,0.100596,0.217332,0.266759,0.376999,0.388381,0.221935,0.252692,0.093486,0.453425,0.644207,0.40986,0.386881,0.488024,0.878078,0.584439,0.30395,0.499872,0.171706,0.26163,0.023465,0.271026,0.116805,0.337546,0.449473,0.227359,0.524412,0.559067,0.613819,0.34037,0.137391,0.583406,0.390593,0.244937,0.433245,0.25896,0.283875,0.266759,0.475759,1.0,0.554157,0.562297,-0.115792,0.259616,0.444627,0.455651,0.5485,0.501817,0.214775,0.362124,0.318667,0.250311,0.519424,0.512072,0.125621,0.343792,0.434372,0.582393,0.099014,-0.012657,0.178891,0.53353,0.45033,0.241033,0.410095,0.582486,0.115486,0.440564,0.260982,0.231249,0.493156,0.355595,0.3931,0.284636,0.38293,0.802849,0.199148,0.326593,0.573928,0.097493,0.360289,0.20028,0.363667,0.334678,0.693331,0.699085,0.63731,0.299972,0.035931,0.545335,0.344344
Pen,0.080913,0.269498,0.322024,0.277777,-0.107826,0.148163,0.220782,0.076039,0.237707,0.212101,0.311921,0.147545,0.314881,0.283958,0.315403,0.209988,0.294779,0.158989,0.45136,-0.179289,0.127314,0.263618,0.348055,0.378691,0.349704,0.374029,0.278249,0.454358,0.374282,0.413564,0.257855,0.33061,0.088874,0.194783,0.100156,0.22284,0.349041,0.236979,0.170052,0.306297,0.126418,-0.082771,0.470989,0.14021,0.198913,0.144707,0.029388,0.109869,0.473587,0.493768,0.287116,0.276577,0.280295,0.494421,0.464617,0.274642,0.580682,0.18224,0.253315,0.192053,0.17676,0.362036,0.133404,0.326925,0.222874,0.261258,0.343182,0.55476,0.251579,0.194485,0.401041,0.383505,-0.089138,0.261276,0.209166,0.216447,0.470989,0.316798,0.554157,1.0,0.37957,-0.24188,0.239199,0.284991,0.354499,0.449967,0.45998,0.29801,0.223974,0.375419,0.328137,0.307113,0.177007,0.049591,0.125634,0.458185,0.4487,0.206322,0.336092,0.260028,0.500448,0.360632,0.269427,0.361209,0.339672,-0.024041,0.22611,0.192186,0.15195,0.432307,0.22567,0.356394,0.319513,0.230608,0.453157,0.19131,0.29122,0.361102,0.206655,0.16524,0.256057,0.28404,0.319745,0.430706,0.461192,0.373632,0.278043,-0.117542,0.334532,0.086822
Pictureframe,0.208602,0.044023,0.388429,0.39215,-0.000575,0.301851,0.350423,-0.065481,0.565938,0.416893,0.488519,0.448402,0.36527,0.324524,0.333087,0.20509,0.296959,0.094307,0.593665,0.150135,0.083681,0.54414,0.482641,0.186502,0.115481,0.590912,0.597075,0.531897,0.342665,0.331501,0.325106,0.703614,0.344916,0.480734,0.358318,0.576441,0.739106,0.636804,0.310159,0.397139,0.08061,-0.102238,0.380251,0.128511,0.389325,0.143346,0.220418,0.051328,0.168849,0.527467,0.432347,0.258568,0.234519,0.577682,0.679055,0.279386,0.432465,0.257494,0.412661,-0.010518,0.595324,0.082555,0.505725,0.467359,0.361347,0.253983,0.593548,0.377648,0.426664,0.085033,0.519409,0.456759,0.152558,0.159239,0.261204,0.126066,0.380251,0.286412,0.562297,0.37957,1.0,-0.231016,0.160361,0.465193,0.364459,0.257203,0.365466,0.495839,0.463364,0.504293,0.242465,0.260059,0.153732,0.178134,0.502265,0.343551,0.334885,0.11736,0.267641,-0.018713,0.490886,0.44229,0.194842,0.413131,0.287596,-0.057818,0.056336,0.400006,0.213811,0.5133,0.338099,0.397132,0.296221,0.363239,0.467542,0.314236,0.344338,0.497508,0.245865,0.39705,0.310793,0.219866,0.439784,0.424468,0.54793,0.541856,0.284216,0.133341,0.483909,0.253554
Pinecone,0.131117,0.043331,-0.183268,0.064798,0.397082,-0.181895,0.123598,0.18999,-0.061009,-0.107871,-0.21948,-0.139621,-0.09257,0.128289,-0.079216,0.157382,0.026866,0.243601,-0.360881,0.292492,0.022293,-0.234259,-0.27004,0.170264,0.345893,0.069681,-0.237027,0.131792,-0.198961,-0.022167,0.022916,-0.333538,-0.058394,-0.024187,0.177423,-0.002975,-0.144054,0.059496,-0.034786,0.114681,0.475239,0.34877,-0.165578,0.183098,0.183247,0.136532,0.016468,0.055298,-0.040139,-0.105316,0.056731,-0.232651,0.075259,-0.144024,-0.133012,0.102381,0.027677,-0.068981,0.101435,0.125463,-0.288017,-0.09965,0.162975,0.019539,0.163703,0.026887,-0.081842,-0.070504,-0.057802,0.341811,-0.040364,-0.274569,-0.005736,0.267144,0.102088,0.201048,-0.165578,-0.083896,-0.115792,-0.24188,-0.231016,1.0,0.197919,-0.089424,-0.029204,-0.074355,-0.055795,-0.366421,-0.34249,-0.180678,-0.003247,0.032924,-0.01166,-0.017383,-0.245744,-0.032588,0.161345,-0.075638,0.024171,0.521504,-0.093551,-0.085949,-0.20161,-0.33815,0.241237,0.384226,0.217602,-0.192099,0.192394,-0.221431,0.103201,0.012892,-0.217522,-0.013222,0.001783,-0.188869,-0.082723,0.066637,-0.238116,-0.057807,-0.073756,0.222826,0.124201,-0.0955,-0.219284,-0.221093,-0.070672,0.109305,-0.093873,-0.088055
Pizza,0.325035,0.200692,0.467472,0.311687,0.133622,0.257759,0.394426,0.199997,0.408086,0.434518,0.123127,0.140478,0.266387,0.187967,0.001179,0.303119,0.23304,-0.035726,0.314524,0.024967,0.153733,0.344058,0.360124,0.708756,0.64071,0.43649,0.242956,0.522637,0.609819,0.640926,0.167298,0.249267,0.112668,0.398873,0.1665,0.35862,0.38671,0.334779,0.127223,0.417213,0.263199,0.037469,0.249276,0.375615,0.370574,0.287263,-0.024896,0.159754,0.533648,0.359615,0.295623,-0.04054,0.650381,0.262267,0.280601,0.359301,0.411352,0.123725,0.088144,0.124289,0.148683,0.18688,0.085336,0.181953,0.177769,0.209431,0.296933,0.205992,0.078067,0.308641,0.172971,-0.078486,0.030085,0.475026,0.222068,0.285912,0.249276,0.471473,0.259616,0.239199,0.160361,0.197919,1.0,0.210212,0.397543,0.529393,0.211071,0.103817,0.171324,0.310458,0.252323,0.410835,0.522154,0.138374,0.012191,0.261751,0.362138,0.264187,0.147261,0.287553,0.298969,0.510231,0.181456,0.167759,0.520211,0.220608,0.192554,0.291682,0.269411,0.225213,0.394813,0.259472,0.241864,0.438983,0.24574,0.297991,0.352168,0.241057,0.046753,0.407526,0.300559,0.183928,0.381457,0.447331,0.284907,0.293343,0.179406,0.152458,0.476063,0.305885
Plug,0.215034,0.329559,0.480761,0.396979,0.010695,0.16663,0.229268,0.223966,0.368302,0.267126,0.441692,0.157903,0.380994,0.231729,0.274313,0.195781,0.308133,0.03795,0.140531,0.013058,0.252438,0.48595,0.544708,0.231666,0.273432,0.292811,0.480382,0.394211,0.295001,0.203632,0.358823,0.51954,0.485597,0.22183,0.457689,0.27229,0.544237,0.524655,0.396077,0.513519,0.307,0.139648,0.288528,0.541731,8.6e-05,0.093633,-0.043844,0.188417,0.210481,0.334491,0.296464,0.283691,0.288898,0.390169,0.383371,0.186695,0.212426,0.439437,0.281959,0.160758,0.368945,0.114555,0.401154,0.345455,0.242826,0.378026,0.427552,0.336525,0.523026,0.231883,0.408227,0.333924,0.116661,0.101686,0.10399,0.043778,0.288528,0.287255,0.444627,0.284991,0.465193,-0.089424,0.210212,1.0,0.495725,0.267068,0.479888,0.251551,0.475447,0.419118,0.348004,0.200321,0.137156,0.108898,0.38717,0.007798,0.498931,0.267874,0.223607,0.063753,0.159194,0.34343,0.169026,0.327044,0.331338,0.081356,0.189935,0.367248,0.247798,0.259235,0.382767,0.21382,0.254453,0.215063,0.395521,0.411778,0.296601,0.299593,0.13651,0.433888,0.178544,0.030989,0.468231,0.446572,0.509884,0.534481,0.460922,0.247784,0.466591,0.164179
Pogostick,0.363249,0.285763,0.3217,0.357759,0.236231,0.36644,0.485018,0.331275,0.360759,0.32805,0.357701,0.324593,0.260572,0.383797,0.257825,0.326293,0.215196,0.079178,0.239926,0.135195,0.56068,0.240766,0.287232,0.426532,0.398767,0.370354,0.415162,0.539528,0.351924,0.346919,0.324319,0.21166,0.182126,0.385888,0.257233,0.223485,0.464829,0.484874,0.443107,0.446726,0.41643,0.137079,0.343484,0.331468,0.293102,0.38532,-0.05107,0.416833,0.479505,0.486332,0.394912,0.347657,0.490745,0.553624,0.53268,0.219469,0.526487,0.427223,0.398792,0.081277,0.219638,0.420003,0.287055,0.303457,0.324072,0.319807,0.350656,0.508324,0.299565,0.468237,0.513268,0.286215,0.087399,0.319555,0.263302,0.412026,0.343484,0.333184,0.455651,0.354499,0.364459,-0.029204,0.397543,0.495725,1.0,0.392664,0.445531,0.208953,0.176157,0.447181,0.548852,0.487683,0.450767,0.32349,0.1907,0.534574,0.650904,0.210769,0.180935,0.329685,0.463378,0.468126,0.146112,0.190733,0.560349,0.16934,0.250726,0.164574,0.230535,0.384356,0.323085,0.428695,0.295817,0.326821,0.508008,0.203194,0.268531,0.311157,0.05265,0.259969,0.500056,0.129998,0.239252,0.490735,0.485721,0.454596,0.351178,0.476127,0.572341,0.479713
Pot,0.204287,0.260344,0.292363,0.23344,-0.077289,0.199318,0.382947,0.042428,0.51774,0.118259,0.381189,0.22425,0.097943,0.286885,0.033194,0.186077,0.173946,0.16576,0.261206,-0.051958,-0.065523,0.136418,0.228969,0.570672,0.505536,0.423675,0.218613,0.545255,0.452759,0.612593,-0.066897,0.181361,-0.118556,0.311879,0.300672,0.202466,0.349734,0.270124,0.327133,0.593767,0.226403,0.156223,0.288835,0.39965,0.368843,0.249236,0.239274,0.224996,0.731816,0.458483,0.269616,0.086927,0.612505,0.554511,0.33375,0.063944,0.337345,0.078777,0.175271,0.116079,0.221728,0.101951,0.174816,0.312276,0.18901,0.318237,0.415346,0.329223,0.19705,0.143085,0.344837,0.162158,0.301197,0.572909,0.217876,0.123216,0.288835,0.624069,0.5485,0.449967,0.257203,-0.074355,0.529393,0.267068,0.392664,1.0,0.376893,0.19654,0.271178,0.417933,0.134078,0.417579,0.681643,0.05751,0.194635,0.307394,0.408073,0.182759,0.146683,0.182882,0.295852,0.317445,0.156997,0.270889,0.634692,0.134852,0.322596,0.458568,0.14477,0.274509,0.310509,0.222424,0.387987,0.444377,0.603814,0.102817,0.50577,0.396839,0.103002,0.176526,0.321736,0.409668,0.23577,0.630339,0.547442,0.544399,0.217866,0.141993,0.538027,0.259487
Razor,0.13935,0.270857,0.29146,0.286909,-0.07971,0.03442,0.259197,0.050068,0.305116,0.293931,0.542724,0.108461,0.322522,0.355281,0.289588,0.088031,0.110572,0.087416,-0.023726,0.006175,0.089022,0.24687,0.335356,0.225551,0.309297,0.247681,0.2933,0.489438,0.249786,0.21092,0.090571,0.267771,0.20157,0.216233,0.345271,0.102527,0.347922,0.378261,0.347181,0.451395,0.275882,0.249457,0.279382,0.309215,0.198645,0.073069,-0.074643,0.11571,0.341418,0.376646,0.453459,0.31811,0.311448,0.523584,0.496961,0.280164,0.389804,0.267817,0.395995,0.221589,0.137187,0.299733,0.292106,0.283805,0.229154,0.490378,0.383147,0.465927,0.208727,0.106296,0.395786,0.249421,0.050492,0.049799,0.356077,0.313133,0.279382,0.250584,0.501817,0.45998,0.365466,-0.055795,0.211071,0.479888,0.445531,0.376893,1.0,0.112674,0.238598,0.491553,0.363046,0.382104,0.275673,0.053348,0.200273,0.415205,0.665765,0.491828,0.129338,0.286116,0.468111,0.4582,0.147223,0.238747,0.362444,0.29587,0.370535,0.201899,0.267584,0.426895,0.078345,0.184082,0.390826,0.309036,0.557473,0.041989,0.17662,0.277413,0.11715,0.220496,0.241859,0.167887,0.377079,0.249065,0.441237,0.256367,0.301119,0.106984,0.446341,0.393609
Recordplayer,0.255715,-0.052395,0.324831,0.025157,-0.293749,0.721344,0.424267,0.003204,0.205671,0.460475,0.352632,0.599511,0.313447,-0.011038,-0.014539,0.327444,0.320882,-0.021919,0.511569,-0.018804,-0.004995,0.419524,0.331296,0.128554,0.005858,0.235268,0.414776,0.164192,0.328932,0.202561,0.127447,0.475004,0.218845,0.207652,0.278722,0.23409,0.343857,0.13628,0.27082,0.119469,-0.151014,-0.258472,0.608469,-0.11194,0.230366,0.246464,0.132098,0.267409,0.118291,0.192824,0.468423,0.056796,0.017149,0.266959,0.40311,-0.044623,0.479733,0.151118,-0.105316,0.201217,0.605187,0.267487,0.307742,0.030921,0.033597,0.102278,0.248685,-0.010152,0.393453,-0.036077,0.264791,0.045377,0.051279,0.04717,0.033799,-0.086927,0.608469,0.036699,0.214775,0.29801,0.495839,-0.366421,0.103817,0.251551,0.208953,0.19654,0.112674,1.0,0.374647,0.428079,0.324397,-0.040636,0.151543,0.293646,0.347486,0.056831,0.098683,-0.059659,0.230386,-0.273484,0.335397,0.306412,0.292513,0.393615,0.194684,-0.223577,-0.157157,0.241535,-0.140652,0.376391,0.01707,0.32697,0.59004,0.112465,0.193282,0.304621,0.198947,0.210438,0.558214,0.247047,0.144659,0.185149,0.178294,0.321596,0.400878,0.464705,0.234326,0.062879,0.258632,0.07442
Remotecontrol,0.105794,-4.4e-05,0.378275,0.217712,-0.254071,0.221639,0.187743,-0.219129,0.421327,0.341813,0.631932,0.247114,0.357065,-0.173488,0.266734,0.420801,0.516154,-0.124547,0.260686,-0.266191,0.074838,0.509083,0.643567,0.049659,-0.026169,0.269576,0.551443,0.243238,0.354347,0.207074,0.326432,0.635496,0.529837,0.218097,0.280738,0.259797,0.510867,0.465113,0.460616,0.298671,-0.153929,-0.101127,0.287087,0.186659,0.099548,0.015824,0.22543,-0.023237,0.173147,0.151125,0.204678,0.263721,0.154025,0.357635,0.280345,-0.051158,0.23163,0.171081,0.031135,0.037362,0.666385,0.110471,0.223179,0.185425,0.026584,0.203542,0.380444,0.04241,0.434414,-0.131122,0.350595,0.295963,0.246224,0.036432,0.021402,-0.132792,0.287087,0.178435,0.362124,0.223974,0.463364,-0.34249,0.171324,0.475447,0.176157,0.271178,0.238598,0.374647,1.0,0.429741,0.073886,0.236958,0.142725,0.012751,0.578848,0.084486,0.105922,0.047142,0.054335,-0.219888,0.179641,0.243312,0.314338,0.409255,0.08199,-0.15482,-0.09495,0.534102,-0.001947,0.34681,0.135854,0.132559,0.24207,0.397033,0.34913,0.577603,0.356661,0.383462,0.047812,0.454995,0.376148,-0.196312,0.239429,0.447101,0.671938,0.686168,0.367189,0.05563,0.242852,0.152839
Ring,0.277235,0.189436,0.276049,0.358508,-0.149851,0.466026,0.420956,0.011749,0.430713,0.458716,0.641226,0.398327,0.414293,0.30805,0.222178,0.328872,0.356202,-0.024794,0.387666,-0.047041,0.214808,0.45918,0.567085,0.101368,0.050183,0.458723,0.466617,0.446794,0.292471,0.308709,0.281812,0.51314,0.327172,0.193174,0.109331,0.300779,0.581552,0.421313,0.368643,0.267235,0.222081,-0.063603,0.59849,0.220834,0.415732,0.258403,0.108142,0.267615,0.271163,0.465166,0.590374,0.27377,0.265652,0.455975,0.520914,0.245167,0.516764,0.286321,0.25443,0.252905,0.394373,0.247736,0.302994,0.358787,0.411977,0.239862,0.499595,0.319419,0.386525,0.256561,0.657479,0.247188,0.126086,0.246444,0.549243,0.293494,0.59849,0.053167,0.318667,0.375419,0.504293,-0.180678,0.310458,0.419118,0.447181,0.417933,0.491553,0.428079,0.429741,1.0,0.447452,0.228464,0.326153,0.195246,0.328132,0.402267,0.438748,0.416953,0.260762,0.113171,0.474194,0.51647,0.24849,0.370836,0.299403,-0.131372,-0.030732,0.47161,0.115636,0.541541,0.369463,0.424376,0.58872,0.337096,0.397383,0.398381,0.461733,0.405733,0.356991,0.361118,0.322451,0.33616,0.40909,0.433178,0.540948,0.498689,0.282384,0.234715,0.372075,0.296865
Rollerskates,0.40082,0.145705,0.104114,0.317335,0.265381,0.499067,0.359881,0.426517,0.309384,0.249086,0.44594,0.294144,0.6647,0.156108,0.286781,0.352924,0.417222,0.343627,0.09111,0.117506,0.500912,0.413817,0.156972,0.235237,0.104919,0.358829,0.441359,0.417158,0.246837,0.169173,0.32971,0.269468,0.144605,0.329089,0.23573,0.175785,0.344121,0.384394,0.323951,0.346018,0.322765,-0.023078,0.426978,0.392537,0.264462,0.419523,-0.055818,0.505501,0.277369,0.432166,0.45084,0.328299,0.273351,0.378693,0.402569,0.314611,0.468665,0.431685,0.462305,0.518246,0.006772,0.632387,0.49234,0.319544,0.321125,0.447598,0.36188,0.323774,0.319334,0.358069,0.463653,0.220886,-0.13766,0.112169,0.242283,0.426194,0.426978,0.100214,0.250311,0.328137,0.242465,-0.003247,0.252323,0.348004,0.548852,0.134078,0.363046,0.324397,0.073886,0.447452,1.0,0.376241,0.045556,0.367281,0.111576,0.345563,0.509817,0.410792,0.186209,0.265443,0.355252,0.53093,0.605365,0.300645,0.294286,0.021397,0.060291,-0.100923,0.398459,0.258853,0.197482,0.323095,0.501027,0.280352,0.26908,0.398572,-0.005195,0.268017,0.263888,0.329547,0.141314,0.338894,0.138726,0.335878,0.332435,0.299575,0.459385,0.263411,0.255939,0.356016
Rug,0.306593,0.057059,0.212324,0.444487,0.414558,0.148172,0.463787,0.251941,0.428327,0.182313,0.424872,0.184511,0.257772,0.221424,0.315063,0.1122,0.230564,0.27584,0.167473,0.100737,0.155256,0.157922,0.038308,0.368906,0.386838,0.462165,0.389141,0.550832,0.415645,0.539661,0.266445,0.217134,0.057084,0.547089,0.301791,0.358291,0.403889,0.452633,0.291864,0.483365,0.27606,0.147474,0.016421,0.490215,0.272857,0.165836,0.210498,0.301043,0.320055,0.476586,0.491018,0.387436,0.448597,0.53766,0.374846,0.515114,0.52504,0.313867,0.456984,0.142313,-0.004331,0.342834,0.196147,0.33255,0.222892,0.406882,0.237308,0.441231,0.180979,0.235493,0.470285,0.257431,0.04823,0.287598,0.468613,0.46681,0.016421,0.360776,0.519424,0.307113,0.260059,0.032924,0.410835,0.200321,0.487683,0.417579,0.382104,-0.040636,0.236958,0.228464,0.376241,1.0,0.258539,0.017002,0.061747,0.623752,0.565468,0.176481,-0.102464,0.401531,0.47075,0.589456,0.261593,0.156009,0.410072,0.361898,0.447047,0.100382,0.330593,0.317466,0.369499,0.342854,0.338078,0.485433,0.525562,0.080967,0.237468,0.328441,0.068331,0.227657,0.2028,0.322914,0.424442,0.398122,0.309141,0.246592,0.224785,0.20794,0.48928,0.581486
Saltpeppershaker,0.207695,0.110498,0.341296,0.179477,-0.069023,0.247848,0.426802,-0.086044,0.405458,0.366348,0.248435,0.302756,-0.023268,0.393209,-0.025985,0.182426,0.039101,0.072668,0.180244,-0.125375,-0.100514,0.072585,0.188653,0.669954,0.582587,0.35255,0.074823,0.525791,0.487091,0.589022,0.02652,0.090407,-0.110038,0.250584,0.122697,0.137512,0.251697,0.275763,0.259771,0.454284,0.142479,0.072887,0.233814,0.228442,0.485402,0.356362,0.142889,0.188592,0.630552,0.41131,0.249504,0.027884,0.658068,0.530768,0.275667,-0.002642,0.297862,0.060562,-0.095502,-0.038682,0.21759,0.047244,-0.022382,0.293819,0.206528,0.35024,0.417575,0.257773,0.127433,0.119122,0.213725,-0.057272,0.467086,0.489436,0.249362,0.100458,0.233814,0.588001,0.512072,0.177007,0.153732,-0.01166,0.522154,0.137156,0.450767,0.681643,0.275673,0.151543,0.142725,0.326153,0.045556,0.258539,1.0,0.238555,0.071146,0.299642,0.26125,0.039386,0.024093,0.112101,0.293214,0.281766,0.114353,0.271789,0.676917,0.135518,0.31184,0.392298,-0.045352,0.186046,0.228919,0.270666,0.218439,0.309605,0.523449,0.052926,0.359131,0.376473,0.112149,0.196389,0.283518,0.336346,0.069985,0.62841,0.482135,0.493391,0.126624,0.155406,0.466502,0.28319
Saxophone,0.803032,-0.073101,0.158641,-0.065103,0.084142,0.259417,0.091881,0.156274,0.133406,0.48898,0.062537,0.380997,0.053364,0.188441,0.01854,0.052752,0.081911,0.039036,0.145491,0.18346,0.127463,0.042471,0.123942,0.205791,0.118511,0.141014,0.192305,0.140553,0.129289,-0.016321,0.099983,0.19052,0.264277,0.101175,-0.032124,0.08442,0.198799,0.255108,0.260159,0.082124,0.255889,-0.085732,0.302478,0.128735,0.216738,0.875503,-0.041755,0.207878,0.139297,0.251256,0.14177,-0.016044,0.214912,0.244494,0.240814,-0.112206,0.183269,0.506922,0.052499,0.055885,0.113959,0.250108,0.071353,0.175837,0.121585,0.106958,0.227666,0.011064,0.258964,0.303282,0.142119,0.08189,-0.060226,0.005201,0.07147,0.036932,0.302478,0.126558,0.125621,0.049591,0.178134,-0.017383,0.138374,0.108898,0.32349,0.05751,0.053348,0.293646,0.012751,0.195246,0.367281,0.017002,0.238555,1.0,0.057681,0.068421,0.266438,0.052328,-0.021638,-0.015546,0.115175,0.101052,0.029117,0.059612,0.253596,0.131108,-0.036508,-0.242174,0.02206,0.115625,-0.128794,0.11272,0.22943,0.063275,0.144232,0.169098,-0.328213,0.055726,-0.067736,-0.022387,0.07783,0.166178,-0.178742,0.086375,0.106174,0.134678,0.461621,0.364795,0.088673,0.079142
Scale,0.056785,0.004115,0.247951,0.046208,-0.255394,0.147078,0.271771,-0.057838,0.175945,0.174733,0.364335,0.111287,0.222149,-0.067388,0.069007,0.28852,0.276172,0.06224,0.303372,0.122293,0.066892,0.411096,0.343911,0.114659,0.019931,0.364379,0.48096,0.123212,0.241381,0.05082,0.186413,0.464259,0.242542,-0.050832,0.41171,0.088442,0.284023,0.245081,0.510464,0.204145,-0.029057,-0.118784,0.214141,-0.088821,0.196639,0.120556,0.269824,-0.161578,0.103487,0.075305,0.062055,0.035576,0.079104,0.297521,0.296912,-0.123948,0.058731,0.003429,0.213765,-0.012935,0.599587,-0.040459,0.282879,0.118389,0.160466,0.047069,0.385342,0.063523,0.100167,-0.104348,0.330656,0.221841,0.257403,0.19709,0.060905,-0.144387,0.214141,0.130877,0.343792,0.125634,0.502265,-0.245744,0.012191,0.38717,0.1907,0.194635,0.200273,0.347486,0.578848,0.328132,0.111576,0.061747,0.071146,0.057681,1.0,-0.075297,0.154233,-0.001884,0.223351,-0.127943,-0.003426,0.127635,0.201363,0.347576,0.013789,-0.213145,-0.060931,0.228405,-0.115535,0.256419,0.002764,0.16403,0.114282,0.212161,0.334336,0.388885,0.088038,0.317302,0.013367,0.338294,0.210856,0.017761,-0.047089,0.335404,0.517558,0.52962,0.394082,0.056744,0.189793,0.191512
Scarf,0.207076,0.015308,0.124507,0.47657,0.226794,0.241093,0.428127,0.178276,0.369399,0.122143,0.449924,0.26464,0.225144,0.348754,0.303209,0.196454,0.090404,0.123836,0.229238,0.141421,0.200871,0.092445,0.136965,0.286662,0.213425,0.451456,0.15182,0.637425,0.265389,0.478834,0.131655,0.027045,-0.059113,0.48484,0.117037,0.283371,0.416229,0.411929,0.054748,0.304642,0.324752,0.025455,0.199355,0.107699,0.433971,0.110048,0.001631,0.225113,0.237373,0.611088,0.480572,0.476521,0.267941,0.623825,0.624047,0.536413,0.707082,0.297562,0.407983,0.089919,0.085593,0.24373,0.087503,0.238579,0.191985,0.257379,0.226454,0.677799,0.088761,0.276617,0.573343,0.129179,-0.068643,0.236607,0.528682,0.702752,0.199355,0.157851,0.434372,0.458185,0.343551,-0.032588,0.261751,0.007798,0.534574,0.307394,0.415205,0.056831,0.084486,0.402267,0.345563,0.623752,0.299642,0.068421,-0.075297,1.0,0.479177,0.130803,0.030348,0.400577,0.819566,0.580717,0.249728,0.14115,0.396863,0.175488,0.321806,0.094187,0.381516,0.546472,0.355644,0.449531,0.325503,0.435362,0.454477,-0.031922,0.236156,0.332599,0.138585,0.107331,0.418412,0.268098,0.413797,0.30378,0.278217,0.165417,-0.115983,0.15126,0.52167,0.434116
Scissors,0.462427,0.274904,0.212377,0.558584,0.288487,0.09843,0.516119,0.461235,0.356155,0.210913,0.387115,0.18524,0.355322,0.511113,0.389502,0.167679,0.203508,0.25362,0.113277,0.284595,0.173328,0.249063,0.274361,0.424411,0.509528,0.340392,0.364971,0.62882,0.24983,0.325829,0.228449,0.20719,0.204303,0.353371,0.323226,0.182023,0.412811,0.41089,0.468476,0.619208,0.495416,0.449187,0.171431,0.420353,0.209767,0.374447,0.050579,0.31265,0.375946,0.520847,0.568181,0.378399,0.417598,0.610065,0.57627,0.498103,0.531653,0.417476,0.466131,0.294924,0.069673,0.358989,0.395449,0.249259,0.199534,0.377664,0.243586,0.521999,0.296602,0.39644,0.539566,0.335144,-0.042242,0.231598,0.411786,0.448796,0.171431,0.362264,0.582393,0.4487,0.334885,0.161345,0.362138,0.498931,0.650904,0.408073,0.665765,0.098683,0.105922,0.438748,0.509817,0.565468,0.26125,0.266438,0.154233,0.479177,1.0,0.370722,0.072115,0.454811,0.432961,0.596071,0.173158,0.061681,0.531294,0.495322,0.582743,0.119797,0.420493,0.338868,0.403221,0.297831,0.389767,0.267077,0.604214,0.144111,0.19374,0.253021,-0.018256,0.275344,0.132173,0.304794,0.497727,0.320361,0.408279,0.253768,0.236704,0.262627,0.54368,0.520578
Scooter,0.119051,0.321817,0.26826,0.38879,0.096537,0.065726,-0.050283,0.23551,0.213386,0.184867,0.353931,-0.053087,0.567921,0.293533,0.087702,-0.088453,0.21723,0.066893,-0.013168,-0.07457,-0.00999,0.518884,0.286919,0.014891,-0.023189,0.147536,0.191766,0.165592,0.321934,0.234442,0.038744,0.157964,0.271226,0.067273,-0.127789,0.109643,0.305689,0.303831,0.242978,0.126312,0.157064,0.187387,0.232904,0.389008,0.074652,0.045442,-0.304303,0.222182,0.118286,0.249099,0.300882,0.196099,0.182515,0.17277,0.238679,0.367642,0.111731,0.267746,0.298295,0.336059,-0.08541,0.300587,0.182561,0.292382,0.167509,0.467153,0.296343,0.192939,0.047084,0.25107,0.196115,0.090137,-0.109104,-0.085436,0.253269,0.333565,0.232904,-0.005296,0.099014,0.206322,0.11736,-0.075638,0.264187,0.267874,0.210769,0.182759,0.491828,-0.059659,0.047142,0.416953,0.410792,0.176481,0.039386,0.052328,-0.001884,0.130803,0.370722,1.0,0.284999,0.012047,0.235419,0.512265,0.25113,0.069917,-0.015592,0.218496,0.062551,0.168628,0.429051,0.319021,0.216669,0.031488,0.313389,0.161277,0.052171,0.293633,0.215493,0.109464,0.092222,0.509577,0.099168,-0.060101,0.25442,0.171413,0.268473,0.058625,0.207575,0.163592,0.055466,0.36189
Scrunchie,0.050314,0.156581,0.190946,0.106768,-0.025783,0.025578,0.100281,0.051427,0.035431,0.106786,0.250676,-0.080048,0.309531,-0.033978,-0.065615,0.146033,0.161766,-0.043918,0.122473,0.037047,0.173127,0.389601,0.171435,0.081592,0.022923,0.181496,0.209482,0.175404,0.37178,0.235614,0.328097,0.155886,0.163225,-0.117226,0.107304,0.121816,0.171442,0.207818,0.119752,0.077047,0.157083,-0.067125,0.162056,-0.007516,0.136129,0.094524,-0.23478,0.270815,0.207786,0.137434,0.109349,0.090419,0.134893,-0.012755,0.193812,0.103616,0.195628,0.128828,0.155614,0.213816,0.225626,0.242471,0.268075,0.343107,0.420418,0.057533,0.295461,0.221414,0.28882,0.406541,0.212356,0.059416,0.18869,0.140186,0.146204,0.08294,0.162056,0.043638,-0.012657,0.336092,0.267641,0.024171,0.147261,0.223607,0.180935,0.146683,0.129338,0.230386,0.054335,0.260762,0.186209,-0.102464,0.024093,-0.021638,0.223351,0.030348,0.072115,0.284999,1.0,0.112903,0.17142,0.283725,0.234545,0.037683,0.059182,-0.05633,0.071711,0.146148,0.102188,0.228349,0.095577,0.049291,0.130632,-0.075257,-0.032302,0.188844,0.154911,0.133376,0.200424,0.342173,0.291571,-0.020066,0.129107,0.223713,0.248321,0.116457,0.166889,0.103054,0.112722,0.095828
Seashell,0.157242,0.272134,-0.03487,0.271881,0.416741,-0.022368,0.263059,0.329494,0.004862,-0.150964,0.066119,-0.189276,-0.041672,0.276148,0.258118,0.052278,-0.022689,0.380584,-0.099285,0.385702,0.355619,-0.252809,-0.12504,0.260333,0.4028,0.212934,-0.05468,0.282052,0.014475,0.174661,0.303909,-0.120082,-0.111359,0.101039,0.128091,0.002544,-0.072584,0.078878,0.07763,0.154479,0.578412,0.244198,-0.024748,0.273816,0.21521,0.202471,0.186592,0.278262,0.262646,0.313575,0.348411,0.174761,0.176888,0.211384,0.244352,0.358735,0.357545,0.190853,0.540698,0.182509,-0.314248,0.222879,0.027457,0.25156,0.351045,-0.017331,0.080715,0.477933,-0.226849,0.51974,0.293866,0.192697,0.040118,0.426623,0.477652,0.526226,-0.024748,0.108555,0.178891,0.260028,-0.018713,0.521504,0.287553,0.063753,0.329685,0.182882,0.286116,-0.273484,-0.219888,0.113171,0.265443,0.401531,0.112101,-0.015546,-0.127943,0.400577,0.454811,0.012047,0.112903,1.0,0.164894,0.203549,-0.004128,-0.167675,0.364903,0.354211,0.39403,-0.070352,0.195642,0.019763,0.292989,0.191892,-0.038871,0.186508,0.270294,-0.301253,0.076834,0.128559,-0.090936,-0.132651,0.170039,0.392152,0.264157,0.080892,-0.091855,-0.149698,0.058407,0.152261,0.170538,0.227259
Shirt,0.236408,0.043171,0.360849,0.529827,0.098774,0.399308,0.426136,0.150261,0.476276,0.30288,0.466585,0.427791,0.407053,0.301548,0.331637,0.269786,0.240374,0.085729,0.294371,0.029036,0.122636,0.395957,0.264246,0.282577,0.186554,0.548667,0.237169,0.616938,0.400668,0.559595,0.163246,0.26396,0.122661,0.511855,0.206947,0.375399,0.566237,0.478196,0.112455,0.329246,0.170399,-0.023552,0.446709,0.11225,0.458987,0.095004,-0.104967,0.266216,0.148412,0.639282,0.517167,0.518689,0.257693,0.647848,0.697039,0.528722,0.804977,0.347107,0.25946,0.150864,0.213171,0.215074,0.235217,0.295065,0.232632,0.411588,0.371994,0.652939,0.270584,0.324101,0.592242,0.122372,-0.117831,0.199313,0.419687,0.640141,0.446709,0.089557,0.53353,0.500448,0.490886,-0.093551,0.298969,0.159194,0.463378,0.295852,0.468111,0.335397,0.179641,0.474194,0.355252,0.47075,0.293214,0.115175,-0.003426,0.819566,0.432961,0.235419,0.17142,0.164894,1.0,0.663126,0.315946,0.219758,0.31669,0.111337,0.243439,0.219443,0.341172,0.67702,0.363576,0.49685,0.481982,0.485725,0.446771,0.147425,0.32313,0.437184,0.272265,0.332997,0.384734,0.269546,0.505048,0.415959,0.429589,0.299558,-0.034307,0.139759,0.505687,0.301301
Shoe,0.298099,0.199256,0.428044,0.632574,0.131856,0.397366,0.493124,0.385752,0.405171,0.379275,0.555431,0.219492,0.558792,0.341145,0.228376,0.230374,0.292327,0.238166,0.270846,0.013144,0.076432,0.625749,0.373004,0.387276,0.282039,0.471102,0.324173,0.591643,0.689335,0.569729,0.266102,0.435646,0.223667,0.376602,0.251693,0.367056,0.544104,0.435134,0.229781,0.402443,0.158577,0.063325,0.279013,0.306006,0.363144,0.145492,-0.014928,0.333326,0.218248,0.556926,0.653956,0.424191,0.364071,0.523001,0.576601,0.748192,0.659343,0.312987,0.327594,0.229723,0.254377,0.298277,0.322349,0.311946,0.204907,0.433422,0.355429,0.50879,0.299406,0.371698,0.571149,0.133491,0.048138,0.197357,0.505974,0.55156,0.279013,0.179636,0.45033,0.360632,0.44229,-0.085949,0.510231,0.34343,0.468126,0.317445,0.4582,0.306412,0.243312,0.51647,0.53093,0.589456,0.281766,0.101052,0.127635,0.580717,0.596071,0.512265,0.283725,0.203549,0.663126,1.0,0.444674,0.133509,0.239962,0.296125,0.417884,0.327545,0.451848,0.589725,0.537665,0.451857,0.55787,0.354492,0.341626,0.313047,0.357464,0.316796,0.281302,0.603194,0.326392,0.263925,0.584859,0.427657,0.453439,0.27061,0.013883,0.162471,0.449293,0.567368
Skiis,0.090419,-0.083448,0.072573,0.287427,0.062621,0.357293,0.179382,0.195268,0.387733,0.073184,0.432889,0.132508,0.702149,-0.008925,0.233893,0.25612,0.482077,0.236435,0.072063,-0.074216,0.122667,0.508722,0.138431,0.218896,-0.015713,0.303285,0.272896,0.338573,0.282782,0.272535,0.220314,0.214464,0.008586,0.309692,0.144181,0.131197,0.332343,0.353863,0.317223,0.253241,-0.069442,-0.08758,0.186394,0.179628,0.131471,0.111945,0.038694,0.35407,0.189311,0.279134,0.237489,0.353966,0.280083,0.331201,0.22781,0.23994,0.317537,0.134994,0.229614,0.647341,0.155633,0.486855,0.344444,0.056944,0.034011,0.361345,0.142675,0.23511,0.226909,0.004938,0.270551,0.027602,0.065012,-0.000197,0.161289,0.24472,0.186394,0.154193,0.241033,0.269427,0.194842,-0.20161,0.181456,0.169026,0.146112,0.156997,0.147223,0.292513,0.314338,0.24849,0.605365,0.261593,0.114353,0.029117,0.201363,0.249728,0.173158,0.25113,0.234545,-0.004128,0.315946,0.444674,1.0,0.431238,0.086365,-0.141001,0.059731,0.026267,0.248906,0.267543,0.167044,0.172104,0.386648,0.405018,0.182178,0.465197,0.038102,0.305726,0.304816,0.472018,0.213229,0.11114,0.038313,0.350339,0.366679,0.344282,0.177938,-0.008549,0.262642,0.181545
Snowglobe,-0.070661,-0.073832,0.239388,0.147582,-0.295429,0.34256,0.200577,-0.120834,0.515145,0.384848,0.411196,0.232823,0.344731,0.146955,0.240353,0.370182,0.485029,-0.076971,0.463718,-0.227231,0.09448,0.339236,0.395085,0.194071,0.013005,0.399124,0.366652,0.341489,0.274132,0.352607,0.157004,0.391948,0.091106,0.313553,0.178538,0.441762,0.408859,0.34721,0.330884,0.380071,-0.139878,-0.295225,0.438302,0.172974,0.304855,0.044287,0.168712,-0.072859,0.413714,0.314896,0.231772,0.231318,0.264104,0.437858,0.394911,-0.056181,0.201625,0.060251,0.079389,0.285761,0.368811,0.358218,0.180744,0.247777,0.254642,0.234536,0.487543,0.181791,0.212108,-0.146832,0.284358,0.130072,0.233128,0.219151,0.12163,-0.085371,0.438302,0.252254,0.410095,0.361209,0.413131,-0.33815,0.167759,0.327044,0.190733,0.270889,0.238747,0.393615,0.409255,0.370836,0.300645,0.156009,0.271789,0.059612,0.347576,0.14115,0.061681,0.069917,0.037683,-0.167675,0.219758,0.133509,0.431238,1.0,0.31041,-0.372276,-0.267087,0.311272,-0.055055,0.238044,0.14338,0.293634,0.232626,0.34426,0.351572,0.435005,0.340457,0.414073,0.301208,0.312604,0.131781,0.037786,0.134052,0.512506,0.565539,0.638785,0.475197,-0.093987,0.385659,0.104515
Spoon,0.428471,0.135937,0.283543,0.226327,0.210321,0.19667,0.585145,0.017079,0.417085,0.258303,0.281709,0.378888,0.09145,0.451621,0.089583,0.236247,0.181038,0.12844,0.195351,0.092636,0.083309,0.010218,0.128751,0.709483,0.685576,0.344723,0.24386,0.737671,0.332169,0.579842,0.130242,0.042642,0.020154,0.45384,0.321189,0.341105,0.330513,0.413167,0.280092,0.68879,0.471385,0.271831,0.205829,0.449171,0.400759,0.42777,0.097852,0.244583,0.706183,0.521527,0.406387,0.059084,0.64044,0.589229,0.441245,0.111644,0.418207,0.226768,0.170964,0.149285,0.123538,0.171757,0.309486,0.337275,0.282048,0.313994,0.426141,0.358002,0.269103,0.25648,0.31613,0.12894,0.22153,0.548302,0.202394,0.262164,0.205829,0.640655,0.582486,0.339672,0.287596,0.241237,0.520211,0.331338,0.560349,0.634692,0.362444,0.194684,0.08199,0.299403,0.294286,0.410072,0.676917,0.253596,0.013789,0.396863,0.531294,-0.015592,0.059182,0.364903,0.31669,0.239962,0.086365,0.31041,1.0,0.194635,0.330197,0.135903,0.181252,0.170644,0.298383,0.188397,0.256838,0.254924,0.598274,0.046729,0.232961,0.318903,0.130503,0.124844,0.174857,0.412006,0.303302,0.566599,0.393865,0.454395,0.270737,0.146271,0.667383,0.346312
Stapler,0.265496,0.143925,0.04493,0.349968,0.375046,-0.089351,0.056974,0.284647,0.071963,0.043287,0.008965,-0.02995,-0.023722,0.263891,0.105168,-0.060932,-0.154095,0.246675,-0.255956,0.314714,-0.07114,-0.169158,-0.006899,0.13072,0.338634,0.002437,0.149987,0.289196,0.074504,0.124398,-0.044904,-0.056229,0.192148,0.239,0.169299,0.065334,0.028128,0.174185,0.282946,0.351122,0.430375,0.509528,-0.213025,0.368869,-0.007187,0.16975,-0.08666,0.2383,0.119341,0.152162,0.281019,0.217948,0.317014,0.092912,0.102737,0.3073,0.12511,0.326231,0.145536,0.029336,-0.257556,0.095266,-0.031977,0.158659,0.033394,0.320778,0.00548,0.181339,-0.027834,0.235693,0.110333,0.123548,-0.132213,0.077108,0.181973,0.229429,-0.213025,0.327,0.115486,-0.024041,-0.057818,0.384226,0.220608,0.081356,0.16934,0.134852,0.29587,-0.223577,-0.15482,-0.131372,0.021397,0.361898,0.135518,0.131108,-0.213145,0.175488,0.495322,0.218496,-0.05633,0.354211,0.111337,0.296125,-0.141001,-0.372276,0.194635,1.0,0.721008,0.008115,0.276495,0.063951,0.154544,-0.120585,0.082377,0.17768,0.185397,-0.24206,-0.069077,-0.108486,-0.202882,-0.054791,-0.03434,0.049317,0.286614,-0.046309,-0.02611,-0.186753,-0.004528,0.26059,0.204428,0.177089
Stapleremover,0.215441,0.086481,0.056101,0.358367,0.184586,-0.103765,0.222531,0.291763,0.081151,-0.123521,0.145438,-0.068157,-0.01039,0.397366,0.145992,-0.088303,-0.236268,0.388024,-0.166515,0.223009,-0.069209,-0.070319,-0.075776,0.39689,0.512096,0.162424,0.066929,0.458376,0.189562,0.306566,-0.00467,-0.101245,-0.036174,0.212618,0.286965,-0.133452,0.00629,0.080668,0.123474,0.44741,0.248704,0.452491,-0.152641,0.252015,0.045725,0.087873,0.06736,0.24221,0.228003,0.31901,0.304403,0.340564,0.35086,0.36264,0.240935,0.432076,0.294365,0.186467,0.247896,-0.053603,-0.21076,0.017548,-0.011728,0.190571,0.073172,0.308199,0.069986,0.495009,0.086221,0.252446,0.377415,0.181163,0.072938,0.253428,0.266806,0.30368,-0.152641,0.426983,0.440564,0.22611,0.056336,0.217602,0.192554,0.189935,0.250726,0.322596,0.370535,-0.157157,-0.09495,-0.030732,0.060291,0.447047,0.31184,-0.036508,-0.060931,0.321806,0.582743,0.062551,0.071711,0.39403,0.243439,0.417884,0.059731,-0.267087,0.330197,0.721008,1.0,0.048841,0.220319,0.102085,0.230192,0.101162,0.112626,0.145552,0.424012,-0.271293,0.044663,0.05516,-0.069045,0.018218,-0.024698,0.270575,0.342032,0.149476,0.099423,-0.008466,-0.12663,0.096841,0.319164,0.247741
Storagebin,-0.22683,0.269659,0.367218,0.456242,-0.173163,0.215315,0.267871,-0.094177,0.461904,0.20904,0.446188,0.132414,0.144058,0.175824,0.265095,0.323063,0.232338,-0.025485,0.314885,-0.212966,-0.051183,0.391299,0.613466,0.062782,0.053103,0.354173,0.337437,0.300517,0.404927,0.413082,0.227707,0.529173,0.226946,0.146047,0.149464,0.314455,0.423689,0.288334,0.243254,0.393151,-0.089689,-0.079367,0.303423,0.157666,0.318881,-0.20322,0.267004,0.008765,0.301172,0.255464,0.279309,0.234259,0.161484,0.249313,0.320967,0.12495,0.235251,0.050195,-0.011777,-0.069322,0.526779,-0.032817,0.092152,0.393226,0.288233,0.159391,0.464282,0.078993,0.258675,0.005302,0.285831,0.238583,0.436694,0.255827,0.156725,-0.095533,0.303423,0.255772,0.260982,0.192186,0.400006,-0.192099,0.291682,0.367248,0.164574,0.458568,0.201899,0.241535,0.534102,0.47161,-0.100923,0.100382,0.392298,-0.242174,0.228405,0.094187,0.119797,0.168628,0.146148,-0.070352,0.219443,0.327545,0.026267,0.311272,0.135903,0.008115,0.048841,1.0,-0.015962,0.148847,0.453799,0.247565,0.129846,0.345983,0.251426,0.303995,0.84531,0.387121,0.168299,0.383263,0.279198,0.095771,0.430594,0.500651,0.551911,0.544068,0.018765,0.025473,0.309189,0.131799
Stroller,0.136385,0.095715,0.090937,0.562343,0.302779,-0.132524,0.179003,0.431849,0.507429,-0.011533,0.197741,0.040147,0.586668,0.118357,0.227969,0.093035,0.288303,0.14994,-0.073735,0.110391,0.048543,0.413581,0.200188,0.175225,0.103246,0.366398,0.21993,0.365664,0.217856,0.25893,0.008875,0.042999,-0.022665,0.417684,0.267151,0.142265,0.492685,0.483872,0.003676,0.382311,0.327736,0.235352,-0.035204,0.398297,0.256473,0.035503,-0.218004,0.098268,0.076976,0.356391,0.24781,0.206396,0.167885,0.363337,0.3956,0.54613,0.278872,0.245401,0.346334,0.26436,-0.090032,0.111684,0.427866,0.284678,0.041281,0.446876,0.192906,0.407942,0.215662,0.318569,0.232872,0.048382,-0.309796,-0.035281,0.242025,0.424693,-0.035204,0.184442,0.231249,0.15195,0.213811,0.192394,0.269411,0.247798,0.230535,0.14477,0.267584,-0.140652,-0.001947,0.115636,0.398459,0.330593,-0.045352,0.02206,-0.115535,0.381516,0.420493,0.429051,0.102188,0.195642,0.341172,0.451848,0.248906,-0.055055,0.181252,0.276495,0.220319,-0.015962,1.0,0.163141,0.443761,0.186867,0.16542,0.396008,0.22803,0.292916,0.090049,0.322572,-0.134461,0.440784,0.071153,0.034607,0.468437,0.258152,0.204521,0.062713,0.098884,0.037382,0.267887,0.254986
Suit,0.183471,0.050426,0.432829,0.253343,-0.167999,0.389736,0.211264,0.066775,0.369042,0.481601,0.414147,0.375872,0.31041,0.190902,0.098336,0.230845,0.331054,-0.019633,0.377002,-0.039343,0.061849,0.409626,0.415266,0.211936,0.106842,0.371216,0.24441,0.419679,0.455108,0.360143,0.162997,0.386342,0.27493,0.297404,0.223348,0.338537,0.56351,0.384896,0.279894,0.177775,0.068162,0.015765,0.319973,0.198282,0.27081,0.12594,0.011546,0.127886,0.098697,0.527113,0.468508,0.399956,0.273962,0.555597,0.507901,0.389544,0.488082,0.275207,0.134483,0.142536,0.381251,0.180112,0.186266,0.183441,0.042913,0.260101,0.334759,0.510514,0.294991,0.110935,0.602195,0.196734,0.102804,0.179959,0.449143,0.478053,0.319973,-0.009789,0.493156,0.432307,0.5133,-0.221431,0.225213,0.259235,0.384356,0.274509,0.426895,0.376391,0.34681,0.541541,0.258853,0.317466,0.186046,0.115625,0.256419,0.546472,0.338868,0.319021,0.228349,0.019763,0.67702,0.589725,0.267543,0.238044,0.170644,0.063951,0.102085,0.148847,0.163141,1.0,0.235874,0.355888,0.501281,0.25242,0.410219,0.145757,0.164136,0.294044,0.260636,0.299719,0.419103,0.086518,0.366467,0.379953,0.503261,0.409952,0.134098,0.107198,0.449554,0.255648
Suitcase,0.002399,0.104292,0.136954,0.832458,0.21141,0.107681,0.35165,0.262765,0.482308,0.069893,0.263807,0.14184,0.263486,0.295397,0.351926,0.181837,0.422637,0.034419,0.195285,0.080952,0.179356,0.460399,0.310162,0.302178,0.281353,0.36166,0.198666,0.523167,0.298079,0.446984,0.213205,0.27044,0.123012,0.335166,0.174369,0.420607,0.519097,0.377058,0.175301,0.38095,0.368404,0.027787,0.045993,0.392423,0.212904,-0.016216,0.117282,0.165185,0.279132,0.544164,0.440998,0.351945,0.334322,0.371971,0.393614,0.651631,0.389733,0.223807,0.305891,0.114561,0.058266,0.042226,0.162196,0.327075,0.205433,0.116395,0.310873,0.44361,0.167079,0.442057,0.455042,0.228527,-0.006856,0.341099,0.466925,0.365448,0.045993,0.349545,0.355595,0.22567,0.338099,0.103201,0.394813,0.382767,0.323085,0.310509,0.078345,0.01707,0.135854,0.369463,0.197482,0.369499,0.228919,-0.128794,0.002764,0.355644,0.403221,0.216669,0.095577,0.292989,0.363576,0.537665,0.167044,0.14338,0.298383,0.154544,0.230192,0.453799,0.443761,0.235874,1.0,0.374501,0.199538,0.335764,0.262671,0.366508,0.570413,0.23478,0.159309,0.556534,0.077552,0.278017,0.640166,0.506631,0.375615,0.246939,-0.071323,0.130192,0.402036,0.244183
Teddy Bear,0.006571,0.145492,0.296944,0.381181,-0.052767,0.443011,0.371271,0.412661,0.397998,0.40035,0.336884,0.307514,0.198044,0.275193,0.191428,0.402687,0.300598,0.152208,0.466706,0.003634,0.246611,0.333319,0.172484,0.299607,0.172615,0.66958,0.142169,0.334426,0.272691,0.264279,0.223087,0.24312,-0.018452,0.396288,0.242155,0.151,0.394644,0.332121,0.122582,0.077466,0.044369,-0.316189,0.478617,-0.043667,0.552594,0.131172,0.290408,0.170963,0.039472,0.337224,0.390349,0.177693,0.089304,0.482951,0.488185,0.37191,0.664662,0.037317,0.272566,-0.017369,0.22992,0.221529,0.200108,0.22264,0.414208,0.284795,0.257178,0.445195,0.267296,0.322489,0.556395,-0.059991,0.073755,0.321079,0.48711,0.252208,0.478617,-0.001964,0.3931,0.356394,0.397132,0.012892,0.259472,0.21382,0.428695,0.222424,0.184082,0.32697,0.132559,0.424376,0.323095,0.342854,0.270666,0.11272,0.16403,0.449531,0.297831,0.031488,0.049291,0.191892,0.49685,0.451857,0.172104,0.293634,0.188397,-0.120585,0.101162,0.247565,0.186867,0.355888,0.374501,1.0,0.148609,0.348953,0.448976,0.197372,0.407276,0.553264,0.415074,0.296907,0.197053,0.362086,0.367929,0.404307,0.368436,0.362966,0.096896,0.061539,0.258199,0.150823
Tennisracket,0.406954,0.068491,0.200285,0.241406,-0.036711,0.529866,0.337008,0.002265,0.328485,0.285035,0.38393,0.407385,0.466729,0.080268,0.092285,0.143031,0.311914,0.180551,0.25406,-0.039677,-0.037594,0.353429,0.280802,0.168466,0.150793,0.215891,0.314828,0.317638,0.350567,0.352613,-0.007021,0.361762,0.185302,0.269379,0.211,0.329803,0.435483,0.171451,0.299938,0.275324,0.118004,0.067262,0.535086,0.342001,0.200611,0.269774,-0.086016,0.539919,0.239176,0.406852,0.520592,0.272729,0.290724,0.400093,0.353558,0.286666,0.473869,0.31558,0.012344,0.458211,0.240831,0.281927,0.264181,0.050745,0.009616,0.388233,0.180696,0.186613,0.273198,0.05166,0.428297,0.075312,-0.111581,0.044853,0.299921,0.225646,0.535086,0.049657,0.284636,0.319513,0.296221,-0.217522,0.241864,0.254453,0.295817,0.387987,0.390826,0.59004,0.24207,0.58872,0.501027,0.338078,0.218439,0.22943,0.114282,0.325503,0.389767,0.313389,0.130632,-0.038871,0.481982,0.55787,0.386648,0.232626,0.256838,0.082377,0.112626,0.129846,0.16542,0.501281,0.199538,0.148609,1.0,0.280755,0.304192,0.271901,0.193643,0.158894,0.421147,0.20345,0.178107,0.36756,0.297873,0.313612,0.350824,0.322618,0.163944,0.085389,0.319936,0.310842
Tent,0.133084,0.124539,0.180436,0.442396,0.087477,0.268594,0.219694,0.095903,0.671384,0.178929,0.313886,0.303779,0.432349,0.172035,0.363647,0.307878,0.396827,0.161098,0.151437,-0.002664,0.157098,0.350027,0.313976,0.172568,0.088552,0.60842,0.460169,0.418392,0.273311,0.436252,0.05071,0.338742,0.046773,0.571319,0.340131,0.290621,0.589573,0.5081,0.342021,0.409975,0.134395,-0.033357,0.352627,0.29947,0.469887,0.105297,0.092878,0.179341,0.272477,0.422614,0.280799,0.400928,0.390246,0.454268,0.41381,0.253717,0.453085,0.229496,0.260154,0.22624,0.179777,0.214964,0.220378,0.327892,0.312644,0.478259,0.335198,0.28549,0.130319,0.112474,0.397442,0.117189,-0.052232,0.246001,0.241966,0.195045,0.352627,0.319469,0.38293,0.230608,0.363239,-0.013222,0.438983,0.215063,0.326821,0.444377,0.309036,0.112465,0.397033,0.337096,0.280352,0.485433,0.309605,0.063275,0.212161,0.435362,0.267077,0.161277,-0.075257,0.186508,0.485725,0.354492,0.405018,0.34426,0.254924,0.17768,0.145552,0.345983,0.396008,0.25242,0.335764,0.348953,0.280755,1.0,0.401931,0.363262,0.363114,0.496058,0.107952,0.358865,0.500537,0.172179,0.271275,0.489234,0.448385,0.433232,0.270772,0.187846,0.440563,0.084931
Toothbrush,0.23172,0.211243,0.353867,0.380234,0.019993,0.125856,0.359105,0.174478,0.612585,0.312791,0.493391,0.287658,0.206047,0.398321,0.267912,0.390956,0.274711,0.286228,0.303542,0.052615,0.102159,0.152862,0.230137,0.539487,0.524247,0.582215,0.334369,0.652479,0.326831,0.381689,0.235664,0.287486,0.039166,0.444548,0.472531,0.151407,0.404527,0.465598,0.479527,0.642412,0.251573,0.291763,0.221283,0.406282,0.441715,0.359091,0.439856,0.222725,0.457209,0.519358,0.390389,0.291666,0.387358,0.862359,0.575273,0.206889,0.498219,0.12647,0.421786,0.138812,0.207452,0.219512,0.38565,0.37362,0.254075,0.456662,0.473883,0.572906,0.315021,0.183316,0.611865,0.354258,0.300891,0.501988,0.370739,0.226871,0.221283,0.44945,0.802849,0.453157,0.467542,0.001783,0.24574,0.395521,0.508008,0.603814,0.557473,0.193282,0.34913,0.397383,0.26908,0.525562,0.523449,0.144232,0.334336,0.454477,0.604214,0.052171,-0.032302,0.270294,0.446771,0.341626,0.182178,0.351572,0.598274,0.185397,0.424012,0.251426,0.22803,0.410219,0.262671,0.448976,0.304192,0.401931,1.0,0.076523,0.232186,0.644991,0.098049,0.175935,0.269183,0.383799,0.315473,0.627014,0.614881,0.60073,0.378742,0.191332,0.527984,0.381605
Train,0.13614,-0.038165,0.146207,0.398934,-0.030456,0.238414,0.150152,-0.008314,0.451276,0.310104,0.364092,0.215497,0.656099,-0.213606,0.245914,0.380884,0.74161,-0.136511,0.252108,-0.239207,0.12365,0.765823,0.509157,0.099952,-0.067537,0.300883,0.513755,0.2521,0.278324,0.144703,0.310425,0.500571,0.340971,0.135349,0.120346,0.358702,0.597717,0.466906,0.435153,0.263311,0.013182,-0.251457,0.355615,0.160393,0.094527,0.164513,-0.135452,0.04336,0.215744,0.115016,0.073246,0.140877,0.213629,0.15018,0.160218,0.070439,0.175196,0.179705,-0.054057,0.301952,0.403327,0.181038,0.418534,0.192649,0.161377,0.292607,0.334173,-0.020814,0.402622,0.175564,0.213042,0.047493,-0.10235,-0.077598,-0.025905,-0.099956,0.355615,0.173632,0.199148,0.19131,0.314236,-0.188869,0.297991,0.411778,0.203194,0.102817,0.041989,0.304621,0.577603,0.398381,0.398572,0.080967,0.052926,0.169098,0.388885,-0.031922,0.144111,0.293633,0.188844,-0.301253,0.147425,0.313047,0.465197,0.435005,0.046729,-0.24206,-0.271293,0.303995,0.292916,0.145757,0.366508,0.197372,0.271901,0.363262,0.076523,1.0,0.311104,0.262365,0.111372,0.743788,0.20996,-0.116522,0.162597,0.440759,0.614699,0.523541,0.408465,0.028869,0.157731,0.051332
Trashbin,-0.237246,0.263763,0.22087,0.52049,-0.031766,0.305798,0.348271,0.012904,0.466506,0.060164,0.387665,0.161798,0.168584,0.177838,0.213839,0.247521,0.296098,-0.013435,0.360159,-0.145656,-0.00851,0.410444,0.424573,0.125784,0.119525,0.414095,0.240041,0.287784,0.318378,0.512399,0.13212,0.318624,0.062269,0.26934,0.075745,0.35342,0.459892,0.265501,0.163059,0.316263,-0.04457,-0.084522,0.409226,0.167717,0.321051,-0.276533,0.174514,0.120137,0.330454,0.287084,0.360837,0.218356,0.183518,0.2927,0.356758,0.201105,0.348835,-0.006677,0.029065,-0.040062,0.375742,0.008528,0.101147,0.345174,0.343923,0.188217,0.345205,0.195197,0.168946,0.127965,0.354295,0.091902,0.278222,0.320625,0.191499,0.067962,0.409226,0.167962,0.326593,0.29122,0.344338,-0.082723,0.352168,0.296601,0.268531,0.50577,0.17662,0.198947,0.356661,0.461733,-0.005195,0.237468,0.359131,-0.328213,0.088038,0.236156,0.19374,0.215493,0.154911,0.076834,0.32313,0.357464,0.038102,0.340457,0.232961,-0.069077,0.044663,0.84531,0.090049,0.164136,0.570413,0.407276,0.193643,0.363114,0.232186,0.311104,1.0,0.37905,0.23568,0.439754,0.24637,0.162144,0.479367,0.507823,0.52814,0.462216,-0.059209,0.032261,0.310687,0.145405
Tree,0.065018,0.268391,0.494079,0.315459,-0.030233,0.246418,0.31949,0.210399,0.615439,0.376538,0.45369,0.241481,0.435341,0.286865,0.181788,0.539621,0.393856,0.428314,0.376339,-0.130595,0.075045,0.375267,0.357214,0.352933,0.230177,0.847405,0.353199,0.398835,0.393185,0.414787,0.181194,0.428986,0.019719,0.358414,0.230091,0.236693,0.547723,0.575918,0.269792,0.383623,-0.036299,0.015656,0.353352,0.194417,0.754215,0.193502,0.453383,0.09415,0.241375,0.338604,0.253437,0.106043,0.237397,0.627039,0.478307,0.112808,0.47155,-0.030419,0.270014,0.19314,0.360137,0.170103,0.40382,0.453712,0.433715,0.525674,0.537805,0.375148,0.324779,0.180616,0.396228,0.167435,0.302468,0.477989,0.263413,0.155193,0.353352,0.128804,0.573928,0.361102,0.497508,0.066637,0.241057,0.299593,0.311157,0.396839,0.277413,0.210438,0.383462,0.405733,0.268017,0.328441,0.376473,0.055726,0.317302,0.332599,0.253021,0.109464,0.133376,0.128559,0.437184,0.316796,0.305726,0.414073,0.318903,-0.108486,0.05516,0.387121,0.322572,0.294044,0.23478,0.553264,0.158894,0.496058,0.644991,0.262365,0.37905,1.0,0.084589,0.377575,0.354087,0.37317,0.213686,0.580522,0.538541,0.608537,0.345648,0.059762,0.336487,0.204323
Trophy,-0.103361,0.02921,0.10235,0.117447,-0.150969,0.474892,0.175061,-0.079513,0.100571,0.240223,0.310466,0.416246,0.240383,0.067938,-0.057126,0.095338,0.201414,-0.030547,0.289368,0.054976,-0.002744,0.250291,-0.078583,0.056658,-0.018781,0.195643,0.077982,0.211691,0.12271,0.129723,0.101683,0.12217,0.041862,0.198593,0.213626,0.161682,0.169334,0.028415,0.016757,-9.1e-05,0.028871,-0.338689,0.304729,0.021542,0.221676,-0.004707,0.038341,0.433588,0.024984,0.202594,0.401505,0.144235,0.056322,0.126901,0.156687,0.213261,0.431458,-0.01472,0.014905,0.241876,0.192298,0.321012,0.142332,0.095362,0.280351,0.264062,0.131347,0.04747,0.268815,-0.05188,0.29044,-0.123117,0.088431,0.006928,0.292808,-0.013446,0.304729,-0.037002,0.097493,0.206655,0.245865,-0.238116,0.046753,0.13651,0.05265,0.103002,0.11715,0.558214,0.047812,0.356991,0.263888,0.068331,0.112149,-0.067736,0.013367,0.138585,-0.018256,0.092222,0.200424,-0.090936,0.272265,0.281302,0.304816,0.301208,0.130503,-0.202882,-0.069045,0.168299,-0.134461,0.260636,0.159309,0.415074,0.421147,0.107952,0.098049,0.111372,0.23568,0.084589,1.0,0.13103,0.033647,0.345329,0.150249,0.260713,0.150247,0.204167,-0.022082,0.012091,0.259225,0.103902
Truck,0.07821,0.034322,0.336013,0.586368,0.017761,0.206911,0.316061,0.19251,0.455346,0.32486,0.456211,0.170374,0.660146,0.074521,0.147763,0.279282,0.640799,-0.049016,0.167771,-0.174156,0.027089,0.920859,0.427275,0.267777,0.103374,0.405645,0.402536,0.353962,0.531408,0.414765,0.24184,0.413076,0.261733,0.216945,0.186654,0.275737,0.602328,0.534349,0.354111,0.300057,-0.039784,-0.012424,0.220868,0.207704,0.215383,0.000613,-0.072375,0.051669,0.167993,0.239254,0.351289,0.188601,0.253507,0.306459,0.332554,0.379148,0.298323,0.101589,0.131189,0.234984,0.364586,0.168405,0.41482,0.29652,0.178987,0.370663,0.394317,0.172646,0.336901,0.288174,0.282907,-0.023574,0.077226,0.090466,0.162658,0.184537,0.220868,0.18286,0.360289,0.16524,0.39705,-0.057807,0.407526,0.433888,0.259969,0.176526,0.220496,0.247047,0.454995,0.361118,0.329547,0.227657,0.196389,-0.022387,0.338294,0.107331,0.275344,0.509577,0.342173,-0.132651,0.332997,0.603194,0.472018,0.312604,0.124844,-0.054791,0.018218,0.383263,0.440784,0.299719,0.556534,0.296907,0.20345,0.358865,0.175935,0.743788,0.439754,0.377575,0.13103,1.0,0.233227,-0.080056,0.382971,0.5253,0.628555,0.405052,0.200666,0.116488,0.236479,0.296457
Umbrella,0.12293,0.372394,0.25447,0.096385,-0.025407,0.265138,0.054636,-0.009096,0.25052,0.204039,0.305543,0.094885,0.212718,0.146831,0.046732,0.331354,0.218615,0.072481,0.222106,-0.129624,0.248552,0.213402,0.296062,0.130778,0.057331,0.287052,0.175083,0.270267,0.340851,0.214819,0.185734,0.282707,0.054112,0.126259,0.10301,0.215562,0.391562,0.339327,0.286047,0.124175,0.062179,0.047605,0.263502,0.023,0.277763,0.142759,0.019358,0.212363,0.275113,0.158736,0.086922,0.200623,0.232962,0.261829,0.230823,0.007032,0.328628,0.011781,0.172114,0.089572,0.393422,0.167035,0.235314,0.133115,0.241613,0.165216,0.152283,0.233976,0.133975,0.233253,0.24978,0.061132,0.207487,0.241439,0.040094,0.146241,0.263502,0.026239,0.20028,0.256057,0.310793,-0.073756,0.300559,0.178544,0.500056,0.321736,0.241859,0.144659,0.376148,0.322451,0.141314,0.2028,0.283518,0.07783,0.210856,0.418412,0.132173,0.099168,0.291571,0.170039,0.384734,0.326392,0.213229,0.131781,0.174857,-0.03434,-0.024698,0.279198,0.071153,0.419103,0.077552,0.197053,0.178107,0.500537,0.269183,0.20996,0.24637,0.354087,0.033647,0.233227,1.0,-0.113364,0.005922,0.277145,0.385707,0.322602,0.08961,0.335242,0.308557,0.134207
Vase,0.241264,0.093038,0.057889,0.130277,0.151756,0.258707,0.430165,0.105464,0.210264,0.094447,0.114915,0.289355,0.016239,0.342575,0.008345,0.076837,0.039048,0.539128,0.186598,0.164262,-0.03433,-0.024574,-0.137152,0.403418,0.398762,0.497959,0.056018,0.384323,0.154549,0.27716,0.045548,0.148904,-0.216784,0.103743,0.22241,0.128596,0.147526,0.056705,-0.014804,0.286775,0.285774,-0.09519,0.239233,0.213027,0.51976,0.366461,0.403199,0.232805,0.265685,0.405464,0.347256,-0.05615,0.239141,0.342788,0.215559,0.264784,0.413766,0.06332,0.230795,0.162326,-0.026978,0.00365,0.178506,0.333932,0.366214,0.203745,0.299083,0.21157,0.096936,0.162953,0.347835,0.102797,0.18208,0.443391,0.415153,0.242894,0.239233,0.19041,0.363667,0.28404,0.219866,0.222826,0.183928,0.030989,0.129998,0.409668,0.167887,0.185149,-0.196312,0.33616,0.338894,0.322914,0.336346,0.166178,0.017761,0.268098,0.304794,-0.060101,-0.020066,0.392152,0.269546,0.263925,0.11114,0.037786,0.412006,0.049317,0.270575,0.095771,0.034607,0.086518,0.278017,0.362086,0.36756,0.172179,0.383799,-0.116522,0.162144,0.37317,0.345329,-0.080056,-0.113364,1.0,0.115629,0.316097,0.059082,0.166365,0.066673,-0.016143,0.259856,0.132963
Wallet,0.110231,0.116672,0.337918,0.685182,0.112482,0.105572,0.402094,0.255795,0.464043,0.219608,0.364555,0.155708,0.305688,0.319278,0.424239,0.10995,0.209198,-0.02853,0.232656,0.010399,-0.012724,0.388901,0.49407,0.183139,0.247891,0.31789,0.312375,0.522051,0.359684,0.520346,0.320012,0.352709,0.313199,0.470658,0.319223,0.456088,0.494121,0.387677,0.036987,0.40966,0.287285,0.107401,0.201294,0.375347,0.148985,-0.141222,-0.00337,0.090006,0.068107,0.536264,0.599156,0.411153,0.11305,0.392017,0.558085,0.694352,0.491587,0.394535,0.261327,0.122339,0.127551,0.017837,0.266432,0.329827,0.130254,0.183398,0.292337,0.484613,0.316275,0.314192,0.480438,0.231076,-0.054801,0.095888,0.486529,0.391976,0.201294,0.22049,0.334678,0.319745,0.439784,0.124201,0.381457,0.468231,0.239252,0.23577,0.377079,0.178294,0.239429,0.40909,0.138726,0.424442,0.069985,-0.178742,-0.047089,0.413797,0.497727,0.25442,0.129107,0.264157,0.505048,0.584859,0.038313,0.134052,0.303302,0.286614,0.342032,0.430594,0.468437,0.366467,0.640166,0.367929,0.297873,0.271275,0.315473,0.162597,0.479367,0.213686,0.150249,0.382971,0.005922,0.115629,1.0,0.329349,0.290054,0.235124,-0.005457,-0.068057,0.409715,0.253224
Waterbottle,0.108003,0.145817,0.425115,0.469317,-0.081992,0.267517,0.473309,0.069217,0.682504,0.356607,0.434954,0.390078,0.434598,0.268627,0.224974,0.471209,0.530382,0.123379,0.339035,-0.175158,0.123313,0.500817,0.379295,0.570312,0.42494,0.580576,0.401069,0.611126,0.632023,0.689164,0.324828,0.382979,0.113859,0.383134,0.417985,0.294592,0.525917,0.464018,0.343861,0.653313,0.18349,-0.061471,0.349806,0.48666,0.525738,0.264177,0.192443,0.232425,0.551575,0.631043,0.371288,0.31381,0.53991,0.703735,0.521379,0.254968,0.467037,0.263408,0.131595,0.162436,0.330614,0.249104,0.282046,0.567254,0.282713,0.492608,0.669367,0.413725,0.440345,0.225012,0.532437,0.24135,0.411701,0.488651,0.312844,0.126917,0.349806,0.518326,0.693331,0.430706,0.424468,-0.0955,0.447331,0.446572,0.490735,0.630339,0.249065,0.321596,0.447101,0.433178,0.335878,0.398122,0.62841,0.086375,0.335404,0.30378,0.320361,0.171413,0.223713,0.080892,0.415959,0.427657,0.350339,0.512506,0.566599,-0.046309,0.149476,0.500651,0.258152,0.379953,0.506631,0.404307,0.313612,0.489234,0.627014,0.440759,0.507823,0.580522,0.260713,0.5253,0.277145,0.316097,0.329349,1.0,0.818336,0.838207,0.445216,0.145653,0.471196,0.338108
Watergun,0.078627,0.119306,0.333583,0.470332,-0.199984,0.299914,0.396126,-0.015045,0.643886,0.415204,0.640759,0.370048,0.502476,0.148014,0.299367,0.537847,0.640764,0.021171,0.334247,-0.220548,0.110177,0.622226,0.534971,0.338439,0.220581,0.480994,0.525646,0.564434,0.493572,0.456011,0.293022,0.53225,0.279137,0.323184,0.379278,0.330142,0.615598,0.553952,0.58188,0.607334,0.057722,0.010266,0.426089,0.309132,0.371841,0.164728,0.128699,0.135601,0.485161,0.457714,0.363789,0.37035,0.45611,0.665472,0.515241,0.11074,0.405629,0.21239,0.105375,0.157005,0.522847,0.284038,0.415877,0.457926,0.257821,0.515733,0.63154,0.343459,0.529298,0.132479,0.550045,0.269727,0.329493,0.292742,0.200438,0.029518,0.426089,0.414377,0.699085,0.461192,0.54793,-0.219284,0.284907,0.509884,0.485721,0.547442,0.441237,0.400878,0.671938,0.540948,0.332435,0.309141,0.482135,0.106174,0.517558,0.278217,0.408279,0.268473,0.248321,-0.091855,0.429589,0.453439,0.366679,0.565539,0.393865,-0.02611,0.099423,0.551911,0.204521,0.503261,0.375615,0.368436,0.350824,0.448385,0.614881,0.614699,0.52814,0.538541,0.150247,0.628555,0.385707,0.059082,0.290054,0.818336,1.0,0.846613,0.452069,0.175612,0.400587,0.306923
Wateringcan,0.113748,0.08809,0.439851,0.254428,-0.274277,0.36651,0.368688,-0.058773,0.662615,0.41955,0.503654,0.417563,0.418543,0.163277,0.26432,0.547906,0.528214,0.109928,0.425535,-0.227341,0.114437,0.465804,0.5656,0.399622,0.24229,0.534786,0.513442,0.498341,0.473383,0.466385,0.293129,0.531242,0.260382,0.333307,0.413984,0.330303,0.570222,0.466943,0.455549,0.593792,0.002217,-0.136942,0.455919,0.339839,0.44909,0.239012,0.290636,0.107168,0.474508,0.471095,0.248592,0.289404,0.420044,0.641211,0.476838,-0.017117,0.334166,0.240476,0.041575,0.147714,0.565108,0.202911,0.342677,0.414586,0.206772,0.420081,0.649095,0.26787,0.516665,0.014358,0.508828,0.319146,0.453223,0.348167,0.134874,-0.069389,0.455919,0.40044,0.63731,0.373632,0.541856,-0.221093,0.293343,0.534481,0.454596,0.544399,0.256367,0.464705,0.686168,0.498689,0.299575,0.246592,0.493391,0.134678,0.52962,0.165417,0.253768,0.058625,0.116457,-0.149698,0.299558,0.27061,0.344282,0.638785,0.454395,-0.186753,-0.008466,0.544068,0.062713,0.409952,0.246939,0.362966,0.322618,0.433232,0.60073,0.523541,0.462216,0.608537,0.204167,0.405052,0.322602,0.166365,0.235124,0.838207,0.846613,1.0,0.541494,0.049264,0.469127,0.214785
Windchime,0.350291,0.074107,0.303933,-0.009478,-0.00691,0.13683,0.063126,0.065045,0.369514,0.482569,0.270207,0.238601,0.333987,-0.0358,0.25296,0.278438,0.422426,0.071353,0.154445,-0.034866,0.292969,0.248496,0.360463,0.158514,0.122145,0.331217,0.615701,0.16721,0.274567,0.103662,0.388867,0.427449,0.293621,0.129007,0.305045,0.158827,0.348704,0.433476,0.533767,0.337727,0.226345,-0.111914,0.323261,0.432072,0.208273,0.535549,0.141436,0.103954,0.375671,0.244149,0.149133,0.110156,0.291819,0.288779,0.241933,-0.203357,0.076426,0.447957,0.237304,0.242296,0.178621,0.454686,0.288369,0.498524,0.340006,0.321589,0.575989,0.113404,0.358626,0.228808,0.238657,0.41211,0.128412,0.166007,0.103273,-0.114076,0.323261,0.302041,0.299972,0.278043,0.284216,-0.070672,0.179406,0.460922,0.351178,0.217866,0.301119,0.234326,0.367189,0.282384,0.459385,0.224785,0.126624,0.461621,0.394082,-0.115983,0.236704,0.207575,0.166889,0.058407,-0.034307,0.013883,0.177938,0.475197,0.270737,-0.004528,-0.12663,0.018765,0.098884,0.134098,-0.071323,0.096896,0.163944,0.270772,0.378742,0.408465,-0.059209,0.345648,-0.022082,0.200666,0.08961,0.066673,-0.005457,0.445216,0.452069,0.541494,1.0,0.210741,0.205844,0.080421
Wishbone,0.381337,0.17239,-0.019335,0.174298,0.332571,0.297111,0.150192,0.251331,0.109444,0.165334,0.266446,0.346859,0.060296,0.202138,-0.112243,0.177655,-0.024834,-0.110659,-0.02734,0.410044,0.390623,0.066685,-0.086714,0.048511,0.164744,0.112626,0.275416,0.218045,-0.042665,-0.016094,0.173812,0.083579,0.223435,0.218656,0.123234,0.028841,0.197905,0.385126,0.31037,0.18713,0.426093,0.268103,0.073147,0.300101,0.004178,0.350793,-0.022452,0.435345,0.039767,0.073098,0.30698,0.035924,0.283857,0.136504,0.140114,-0.06604,0.21652,0.229901,0.394213,-0.065226,0.069665,0.284258,0.174832,0.188115,0.188884,0.150099,0.122281,0.046337,0.278752,0.342406,0.239651,0.103072,-0.040343,0.182243,0.028235,0.166054,0.073147,0.084541,0.035931,-0.117542,0.133341,0.109305,0.152458,0.247784,0.476127,0.141993,0.106984,0.062879,0.05563,0.234715,0.263411,0.20794,0.155406,0.364795,0.056744,0.15126,0.262627,0.163592,0.103054,0.152261,0.139759,0.162471,-0.008549,-0.093987,0.146271,0.26059,0.096841,0.025473,0.037382,0.107198,0.130192,0.061539,0.085389,0.187846,0.191332,0.028869,0.032261,0.059762,0.012091,0.116488,0.335242,-0.016143,-0.068057,0.145653,0.175612,0.049264,0.210741,1.0,0.112844,0.163232
Wrap,0.214316,0.03394,0.396188,0.363116,0.118838,0.223564,0.493568,0.099193,0.547176,0.297423,0.374533,0.36845,0.21478,0.274468,0.233516,0.19667,0.204685,-0.017433,0.27836,0.234661,0.102806,0.223913,0.343074,0.509555,0.425649,0.47952,0.405519,0.723246,0.392107,0.506872,0.116186,0.227596,0.052962,0.490907,0.469704,0.427118,0.623445,0.537863,0.374096,0.671824,0.352771,0.096097,0.076731,0.335083,0.367871,0.199175,0.088474,0.137399,0.562836,0.548056,0.412853,0.331208,0.589759,0.572321,0.543656,0.288249,0.472548,0.28352,0.245319,0.191611,0.394765,0.214587,0.282875,0.24583,0.230649,0.269377,0.402805,0.485777,0.296826,0.147034,0.421754,0.232944,0.166585,0.362672,0.324685,0.364501,0.076731,0.558322,0.545335,0.334532,0.483909,-0.093873,0.476063,0.466591,0.572341,0.538027,0.446341,0.258632,0.242852,0.372075,0.255939,0.48928,0.466502,0.088673,0.189793,0.52167,0.54368,0.055466,0.112722,0.170538,0.505687,0.449293,0.262642,0.385659,0.667383,0.204428,0.319164,0.309189,0.267887,0.449554,0.402036,0.258199,0.319936,0.440563,0.527984,0.157731,0.310687,0.336487,0.259225,0.236479,0.308557,0.259856,0.409715,0.471196,0.400587,0.469127,0.205844,0.112844,1.0,0.355281
Yarn,0.275428,0.058375,0.297254,0.35837,0.172873,0.052347,0.43868,0.249781,0.232563,0.188095,0.411081,-0.073398,0.369035,0.291745,0.113655,0.146575,0.176277,0.209274,0.247425,0.189782,0.176358,0.228707,0.060309,0.344435,0.280207,0.267849,0.168909,0.41889,0.434272,0.414743,0.129699,0.08594,0.046771,0.204462,0.069832,0.124995,0.154928,0.217568,0.233521,0.395049,0.153978,0.273353,-0.073355,0.257861,0.331876,0.202189,0.134582,0.336068,0.275838,0.326539,0.390567,0.234599,0.29424,0.475019,0.458402,0.492972,0.326873,0.21889,0.406487,0.267997,0.056083,0.387293,0.136125,0.126789,0.071658,0.252809,0.223723,0.323298,0.039295,0.235937,0.298576,0.092051,0.261519,0.202109,0.500053,0.385663,-0.073355,0.173368,0.344344,0.086822,0.253554,-0.088055,0.305885,0.164179,0.479713,0.259487,0.393609,0.07442,0.152839,0.296865,0.356016,0.581486,0.28319,0.079142,0.191512,0.434116,0.520578,0.36189,0.095828,0.227259,0.301301,0.567368,0.181545,0.104515,0.346312,0.177089,0.247741,0.131799,0.254986,0.255648,0.244183,0.150823,0.310842,0.084931,0.381605,0.051332,0.145405,0.204323,0.103902,0.296457,0.134207,0.132963,0.253224,0.338108,0.306923,0.214785,0.080421,0.163232,0.355281,1.0
