,Accordion,Acorn,Apple,Backpack,Barstool,Baseball,Basket,Beanie,Bed,Bell,Belt,Bench,Bike,Binder,Binoculars,Birdfeeder,Boat,Bonzai,Book,Bookend,Boomerang,Car,Cellphone,Cheese,Cheesegrater,Christmasstreeornament,Clock,Coatrack,Coffeemaker,Coffeemug,Compass,Computertower,Controller,Couch,Cushion,Desk,Door,Doorknob,Drill,Dryingrack,Dumbbell,Dustpan,Fan,Faucet,Flower,Flute,Fossils,Frisbee,Fryingpan,Glasses,Glove,Goggles,Grill,Hairbrush,Hairclip,Handbag,Hat,Headphones,Hourglass,Kayak,Key,Kite,Ladder,Lamp,Lantern,Lawnmower,Lightbulb,Lipstick,Lock,Lollipop,Mask,Microscope,Minerals,Mushroom,Necklace,Necktie,Orifan,Oven,Paintbrush,Pen,Pictureframe,Pinecone,Pizza,Plug,Pogostick,Pot,Razor,Recordplayer,Remotecontrol,Ring,Rollerskates,Rug,Saltpeppershaker,Saxophone,Scale,Scarf,Scissors,Scooter,Scrunchie,Seashell,Shirt,Shoe,Skiis,Snowglobe,Spoon,Stapler,Stapleremover,Storagebin,Stroller,Suit,Suitcase,Teddy Bear,Tennisracket,Tent,Toothbrush,Train,Trashbin,Tree,Trophy,Truck,Umbrella,Vase,Wallet,Waterbottle,Watergun,Wateringcan,Windchime,Wishbone,Wrap,Yarn
Accordion,1.0,0.551228,0.491423,0.60129,0.609043,0.598434,0.596153,0.557697,0.614571,0.584034,0.594012,0.594327,0.580408,0.592816,0.594882,0.599701,0.612299,0.516463,0.596858,0.615009,0.570046,0.61567,0.607964,0.477578,0.646156,0.567892,0.582189,0.544674,0.631637,0.58776,0.582462,0.636844,0.607745,0.5783,0.517326,0.606003,0.56165,0.57006,0.621114,0.560908,0.607852,0.59216,0.625432,0.591115,0.512934,0.508195,0.548708,0.494005,0.594278,0.555077,0.601711,0.587627,0.650075,0.657145,0.562908,0.637397,0.57382,0.601273,0.599943,0.545944,0.577792,0.601555,0.544705,0.584327,0.632936,0.616398,0.633739,0.567618,0.596217,0.556342,0.606919,0.625451,0.556208,0.541847,0.564801,0.565472,0.641526,0.616917,0.521232,0.522357,0.553073,0.482264,0.393895,0.598756,0.565185,0.555167,0.596573,0.628134,0.557375,0.574153,0.608971,0.485209,0.590263,0.596035,0.617345,0.58331,0.578521,0.613573,0.531948,0.550308,0.563401,0.617404,0.5776,0.6084,0.529446,0.608026,0.633058,0.604886,0.626604,0.602301,0.649488,0.528221,0.612531,0.623466,0.546187,0.631942,0.625334,0.449604,0.610244,0.615134,0.592794,0.5841,0.590793,0.57492,0.602849,0.601841,0.572525,0.524411,0.527479,0.522152
Acorn,0.551228,1.0,0.740417,0.642325,0.666761,0.548201,0.60527,0.577227,0.663536,0.742954,0.689814,0.728972,0.547089,0.660318,0.613074,0.714225,0.646089,0.659422,0.673574,0.710777,0.734026,0.624108,0.681803,0.642547,0.687252,0.697714,0.581672,0.724577,0.671915,0.692997,0.572061,0.608888,0.650726,0.649299,0.535937,0.674975,0.635396,0.679517,0.683758,0.601566,0.724954,0.761173,0.696567,0.719319,0.6463,0.697877,0.7136,0.573096,0.750915,0.720476,0.73963,0.730374,0.670625,0.734288,0.666889,0.704492,0.733826,0.671932,0.695086,0.740309,0.729787,0.643986,0.610291,0.734333,0.674964,0.661658,0.750385,0.718108,0.64655,0.760384,0.686347,0.671821,0.693168,0.786661,0.684309,0.715105,0.594359,0.55941,0.758527,0.713667,0.567183,0.602352,0.508516,0.641691,0.755887,0.619022,0.754688,0.693465,0.66044,0.725251,0.669756,0.53924,0.67649,0.751139,0.654814,0.65503,0.697661,0.675922,0.642685,0.704686,0.59701,0.718015,0.645613,0.717345,0.781238,0.699746,0.687785,0.65004,0.668486,0.623928,0.681861,0.638428,0.701487,0.621887,0.748176,0.694417,0.663495,0.589076,0.74082,0.578584,0.7172,0.71824,0.657998,0.719783,0.679817,0.744847,0.663576,0.769629,0.748303,0.630158
Apple,0.491423,0.740417,1.0,0.566883,0.561561,0.558787,0.567548,0.552731,0.567113,0.643345,0.56162,0.552861,0.495808,0.553743,0.551789,0.590006,0.52995,0.51532,0.572201,0.590108,0.644525,0.542719,0.574239,0.611642,0.577722,0.570392,0.538765,0.521586,0.582374,0.648341,0.562259,0.524361,0.586367,0.56419,0.499356,0.533098,0.509526,0.620415,0.555443,0.459913,0.641812,0.631309,0.582692,0.563202,0.52338,0.509224,0.57953,0.648555,0.687769,0.581353,0.631671,0.645504,0.566429,0.58845,0.554349,0.609865,0.662258,0.629792,0.596231,0.594689,0.544308,0.562083,0.454091,0.626009,0.55087,0.540605,0.650549,0.568208,0.600976,0.640003,0.608459,0.530308,0.584306,0.636275,0.5712,0.569268,0.521816,0.499137,0.543008,0.523799,0.47512,0.428276,0.54007,0.551835,0.545796,0.581657,0.585556,0.592081,0.514396,0.64418,0.576595,0.500964,0.602233,0.549859,0.546688,0.584227,0.579066,0.552908,0.613863,0.618783,0.550531,0.630974,0.513232,0.67868,0.605714,0.581336,0.612557,0.56318,0.551828,0.57644,0.557341,0.583426,0.619372,0.55439,0.571593,0.563869,0.591646,0.439706,0.608311,0.496606,0.579621,0.655622,0.570598,0.586098,0.580119,0.665094,0.517453,0.603553,0.677428,0.607384
Backpack,0.60129,0.642325,0.566883,1.0,0.701677,0.498533,0.540354,0.513655,0.692961,0.719961,0.61948,0.650558,0.625668,0.623667,0.663798,0.665872,0.648955,0.586495,0.645495,0.708302,0.617786,0.683978,0.665024,0.562546,0.660719,0.634202,0.622771,0.626287,0.731155,0.663104,0.630597,0.655237,0.694282,0.649237,0.534483,0.663095,0.616331,0.636468,0.72651,0.56257,0.696002,0.697094,0.6488,0.702953,0.584545,0.539805,0.587492,0.545249,0.66458,0.643548,0.736585,0.67463,0.716907,0.614127,0.614259,0.74857,0.640981,0.705915,0.737283,0.615212,0.669412,0.667797,0.605304,0.682032,0.695915,0.735734,0.694611,0.668349,0.681892,0.643269,0.694044,0.744282,0.648651,0.639441,0.625521,0.609525,0.596611,0.631484,0.617508,0.560402,0.574229,0.56417,0.450338,0.640006,0.660892,0.581748,0.678637,0.703295,0.593332,0.650943,0.711995,0.510896,0.664089,0.687403,0.668009,0.642095,0.666389,0.720793,0.634769,0.602855,0.658914,0.681942,0.629763,0.710193,0.62826,0.672754,0.72058,0.606732,0.75141,0.759293,0.728043,0.606918,0.614463,0.691497,0.617149,0.6799,0.645588,0.487611,0.750035,0.69735,0.682895,0.653205,0.629584,0.682776,0.712305,0.70541,0.666192,0.64227,0.631897,0.491231
Barstool,0.609043,0.666761,0.561561,0.701677,1.0,0.479482,0.565796,0.51277,0.725592,0.751021,0.649503,0.728899,0.659932,0.694183,0.629686,0.71822,0.682742,0.633361,0.680453,0.727869,0.651585,0.667609,0.717311,0.561191,0.713222,0.66411,0.633815,0.735155,0.784835,0.707483,0.618204,0.739168,0.667868,0.6866,0.511575,0.767099,0.700546,0.66719,0.707494,0.692929,0.693371,0.744612,0.703354,0.757615,0.585024,0.610457,0.559764,0.536005,0.701595,0.709811,0.7194,0.695875,0.764177,0.658481,0.63281,0.740662,0.669481,0.68241,0.785859,0.653879,0.71927,0.665821,0.748838,0.733052,0.78285,0.722642,0.732175,0.729015,0.681486,0.688011,0.681621,0.768559,0.606237,0.653686,0.657044,0.648525,0.589064,0.667899,0.721911,0.639493,0.63057,0.537547,0.385162,0.676722,0.756012,0.611795,0.730355,0.722796,0.636536,0.671863,0.677096,0.511234,0.697896,0.71246,0.71061,0.615906,0.709726,0.755443,0.575497,0.58734,0.613528,0.705991,0.70527,0.684208,0.691115,0.710078,0.741776,0.653617,0.741049,0.683272,0.751604,0.549516,0.650941,0.696118,0.686136,0.690165,0.709189,0.537152,0.785901,0.672022,0.723062,0.687689,0.661114,0.730476,0.694916,0.746019,0.70049,0.761267,0.613906,0.483025
Baseball,0.598434,0.548201,0.558787,0.498533,0.479482,1.0,0.566852,0.538649,0.503541,0.513391,0.503684,0.469089,0.486276,0.460617,0.495571,0.507859,0.499448,0.454183,0.487031,0.499972,0.528297,0.478994,0.462815,0.47765,0.505286,0.50627,0.508986,0.432115,0.48862,0.528464,0.538781,0.463983,0.503857,0.500915,0.477431,0.464051,0.41204,0.520192,0.498288,0.438057,0.531749,0.494766,0.499997,0.467942,0.485423,0.426636,0.520428,0.568808,0.546415,0.467887,0.525971,0.523216,0.508261,0.577837,0.489273,0.526262,0.553948,0.543829,0.485494,0.479745,0.460332,0.531591,0.390792,0.507929,0.48394,0.483496,0.555908,0.436875,0.512763,0.489257,0.531083,0.472859,0.482308,0.510362,0.49367,0.472422,0.581524,0.459736,0.403646,0.418025,0.423238,0.424677,0.434359,0.491296,0.43038,0.517125,0.466336,0.513822,0.413691,0.531887,0.5178,0.465365,0.489755,0.465676,0.487085,0.524017,0.479697,0.484088,0.515237,0.548374,0.504095,0.560594,0.452084,0.592964,0.442277,0.483832,0.533594,0.50418,0.494727,0.500718,0.484668,0.526037,0.562206,0.508936,0.452616,0.513976,0.505808,0.398782,0.504204,0.466481,0.505502,0.536747,0.478709,0.450936,0.503428,0.528408,0.461977,0.436021,0.533548,0.545668
Basket,0.596153,0.60527,0.567548,0.540354,0.565796,0.566852,1.0,0.571359,0.560391,0.587905,0.566368,0.550251,0.550653,0.522787,0.530249,0.570871,0.555763,0.48694,0.545846,0.571649,0.5744,0.532836,0.533844,0.48998,0.579144,0.54403,0.530904,0.502314,0.568188,0.589849,0.558943,0.541365,0.539114,0.551742,0.502103,0.540939,0.493252,0.566918,0.547028,0.506213,0.57261,0.554102,0.580397,0.544274,0.467313,0.482029,0.576242,0.533253,0.608853,0.541854,0.572123,0.573377,0.580626,0.61584,0.514319,0.586442,0.612726,0.574103,0.56621,0.535724,0.532627,0.53059,0.476558,0.56942,0.571317,0.538558,0.615958,0.516973,0.568653,0.538819,0.577349,0.542702,0.520066,0.562104,0.544145,0.536488,0.536319,0.519486,0.490979,0.49118,0.490262,0.450539,0.422204,0.528693,0.515402,0.574501,0.552431,0.574405,0.482166,0.581261,0.549763,0.475699,0.558449,0.545148,0.554662,0.558793,0.554828,0.55022,0.535522,0.557324,0.508396,0.607288,0.509474,0.623186,0.522781,0.546574,0.577287,0.580388,0.552315,0.539073,0.563858,0.545883,0.617027,0.534654,0.519625,0.556248,0.590616,0.414829,0.586502,0.518524,0.540106,0.582802,0.556789,0.533703,0.53473,0.595365,0.512127,0.529754,0.562657,0.619344
Beanie,0.557697,0.577227,0.552731,0.513655,0.51277,0.538649,0.571359,1.0,0.541674,0.54226,0.567968,0.543529,0.443551,0.548014,0.47508,0.537661,0.51081,0.452466,0.554417,0.553044,0.568276,0.494007,0.527453,0.478827,0.552115,0.523441,0.483885,0.500172,0.516419,0.536671,0.480379,0.52765,0.521708,0.548007,0.504774,0.522849,0.500684,0.523511,0.505884,0.471804,0.562577,0.570064,0.54072,0.519278,0.45758,0.49423,0.54324,0.517944,0.573435,0.508148,0.56441,0.562982,0.539872,0.590011,0.504037,0.565828,0.610275,0.538581,0.510231,0.526954,0.509663,0.532344,0.445265,0.555851,0.530231,0.493239,0.559554,0.530117,0.539211,0.540029,0.538919,0.494377,0.495173,0.550401,0.51128,0.560446,0.532894,0.517109,0.499637,0.510174,0.481688,0.396415,0.360735,0.509903,0.517446,0.520739,0.535673,0.539992,0.487085,0.531715,0.49764,0.496384,0.517398,0.506939,0.531433,0.563766,0.51131,0.493144,0.534595,0.515497,0.532667,0.572817,0.49997,0.556036,0.530829,0.557172,0.547283,0.576939,0.501206,0.56601,0.544677,0.520468,0.584282,0.536908,0.527663,0.53457,0.557632,0.404116,0.519627,0.465451,0.553919,0.539363,0.581864,0.52266,0.511402,0.558515,0.476281,0.534926,0.51882,0.585875
Bed,0.614571,0.663536,0.567113,0.692961,0.725592,0.503541,0.560391,0.541674,1.0,0.709553,0.705958,0.747949,0.591306,0.706607,0.632805,0.705751,0.705366,0.630888,0.69892,0.721682,0.666112,0.707883,0.697715,0.574002,0.705869,0.649281,0.614388,0.705587,0.734922,0.680989,0.587545,0.705708,0.673804,0.742987,0.542987,0.759672,0.675517,0.644798,0.708231,0.664915,0.703961,0.728074,0.661907,0.709063,0.610748,0.677893,0.58551,0.541638,0.697361,0.69807,0.703624,0.719863,0.755198,0.660113,0.654616,0.723256,0.682956,0.647076,0.714651,0.70534,0.698528,0.679717,0.651358,0.70958,0.726098,0.717946,0.700655,0.695204,0.650154,0.679125,0.677238,0.738723,0.634842,0.66619,0.619519,0.641852,0.639222,0.694904,0.669065,0.696071,0.628434,0.54842,0.415928,0.688525,0.722369,0.596459,0.717307,0.738875,0.62964,0.666887,0.685295,0.528631,0.667179,0.67443,0.70466,0.610735,0.687095,0.700842,0.588375,0.60278,0.645555,0.724455,0.623176,0.68124,0.669941,0.768691,0.764034,0.689996,0.705409,0.666697,0.732659,0.559187,0.627878,0.723698,0.691213,0.747292,0.681787,0.533598,0.737888,0.695705,0.722162,0.662378,0.700485,0.696928,0.720285,0.721494,0.667986,0.673809,0.647852,0.491088
Bell,0.584034,0.742954,0.643345,0.719961,0.751021,0.513391,0.587905,0.54226,0.709553,1.0,0.677542,0.719019,0.628754,0.67203,0.691629,0.722811,0.689839,0.650141,0.682438,0.74407,0.710315,0.707983,0.727789,0.612032,0.730916,0.687571,0.645812,0.705383,0.803209,0.747532,0.665644,0.672224,0.716817,0.674086,0.525505,0.70529,0.652506,0.704021,0.743251,0.614541,0.740881,0.77172,0.719897,0.781514,0.600402,0.641922,0.627481,0.599077,0.779907,0.733212,0.750877,0.749098,0.752996,0.695088,0.663015,0.750465,0.726086,0.727489,0.799423,0.713379,0.748763,0.658371,0.639911,0.763793,0.735068,0.732559,0.794825,0.754718,0.729159,0.723277,0.726215,0.786788,0.66408,0.711392,0.673433,0.67322,0.597375,0.649811,0.703961,0.67883,0.596971,0.565684,0.456744,0.678186,0.755909,0.638635,0.769485,0.759251,0.660554,0.746406,0.725753,0.525904,0.744021,0.750723,0.718723,0.645394,0.750292,0.741667,0.639452,0.640908,0.61549,0.740025,0.653329,0.779832,0.749654,0.746696,0.755595,0.648439,0.737743,0.686581,0.750705,0.592859,0.694352,0.678368,0.721578,0.722538,0.706054,0.539067,0.826814,0.673952,0.721153,0.73001,0.670002,0.777311,0.72224,0.787452,0.691525,0.739466,0.681617,0.533487
Belt,0.594012,0.689814,0.56162,0.61948,0.649503,0.503684,0.566368,0.567968,0.705958,0.677542,1.0,0.741795,0.576217,0.687053,0.610891,0.6748,0.682637,0.615262,0.677238,0.680502,0.681952,0.690393,0.689782,0.549404,0.696863,0.65297,0.584419,0.706798,0.677242,0.659606,0.56427,0.65116,0.663027,0.70556,0.533024,0.708765,0.62943,0.643717,0.685041,0.63782,0.696779,0.724644,0.662352,0.692642,0.590548,0.731536,0.598212,0.531654,0.709898,0.733887,0.675129,0.738108,0.705514,0.687555,0.659553,0.691718,0.69054,0.621908,0.653263,0.742134,0.711254,0.650246,0.601907,0.691626,0.669257,0.687212,0.690664,0.689927,0.618436,0.701131,0.658457,0.682256,0.612759,0.671108,0.630793,0.662716,0.616415,0.63704,0.680698,0.750931,0.596194,0.516968,0.397312,0.660876,0.735615,0.572395,0.731335,0.713172,0.645545,0.678624,0.66637,0.529236,0.636471,0.679934,0.676203,0.592268,0.701034,0.675379,0.566439,0.58816,0.604168,0.719056,0.61063,0.65247,0.717688,0.757978,0.715737,0.680337,0.66755,0.587291,0.688762,0.535766,0.662858,0.666604,0.725241,0.744183,0.643308,0.547256,0.705941,0.655737,0.702757,0.645614,0.701038,0.684584,0.700699,0.70545,0.641436,0.660842,0.632358,0.519545
Bench,0.594327,0.728972,0.552861,0.650558,0.728899,0.469089,0.550251,0.543529,0.747949,0.719019,0.741795,1.0,0.577628,0.744328,0.609398,0.722459,0.712093,0.674275,0.717452,0.734951,0.702471,0.696416,0.732293,0.567717,0.731158,0.695417,0.6014,0.799553,0.72438,0.682455,0.544123,0.702205,0.674672,0.71012,0.525857,0.801748,0.709728,0.643373,0.717047,0.709719,0.716012,0.777363,0.700781,0.762301,0.643925,0.764874,0.606539,0.496551,0.71604,0.767348,0.721792,0.746522,0.755703,0.721745,0.691365,0.722061,0.698598,0.633448,0.709659,0.761183,0.776895,0.675784,0.696754,0.73945,0.73895,0.723227,0.724922,0.756348,0.634952,0.744548,0.675226,0.744137,0.64295,0.717325,0.654001,0.714148,0.62477,0.680534,0.770678,0.789235,0.640773,0.56784,0.375905,0.699167,0.82304,0.586438,0.79002,0.743347,0.696142,0.689792,0.68791,0.526947,0.669939,0.749224,0.716769,0.604565,0.725328,0.714115,0.552787,0.607497,0.615757,0.717568,0.658652,0.651621,0.773683,0.793661,0.746981,0.702191,0.713959,0.622853,0.743428,0.527221,0.668198,0.690403,0.776576,0.761932,0.689019,0.598379,0.757658,0.663358,0.762259,0.675197,0.721785,0.743375,0.726514,0.741894,0.706742,0.760506,0.651103,0.490497
Bike,0.580408,0.547089,0.495808,0.625668,0.659932,0.486276,0.550653,0.443551,0.591306,0.628754,0.576217,0.577628,1.0,0.501583,0.646723,0.610069,0.639587,0.564112,0.527428,0.585381,0.586213,0.663466,0.570898,0.456127,0.597331,0.592739,0.639807,0.561959,0.653062,0.616459,0.698504,0.545893,0.635032,0.531541,0.465916,0.606803,0.488721,0.626368,0.64022,0.625448,0.604547,0.59189,0.64361,0.648349,0.520302,0.476349,0.515965,0.556035,0.658655,0.706282,0.585229,0.660178,0.664011,0.557865,0.55432,0.659954,0.572546,0.696509,0.663682,0.563921,0.627054,0.63147,0.575218,0.604911,0.647276,0.70822,0.656147,0.505767,0.626129,0.573906,0.655492,0.65262,0.544252,0.52467,0.61161,0.479534,0.58738,0.532369,0.489306,0.498874,0.490081,0.464,0.421042,0.543438,0.567925,0.518693,0.590568,0.650723,0.47417,0.655349,0.675334,0.455735,0.565884,0.628066,0.601264,0.529228,0.704233,0.726541,0.535217,0.539891,0.527432,0.630375,0.507483,0.660614,0.551551,0.586057,0.659636,0.522553,0.771458,0.551655,0.602365,0.528851,0.691929,0.642731,0.530017,0.641042,0.542716,0.47005,0.701038,0.65256,0.619425,0.589408,0.513993,0.545482,0.622929,0.658234,0.618021,0.54356,0.559303,0.506585
Binder,0.592816,0.660318,0.553743,0.623667,0.694183,0.460617,0.522787,0.548014,0.706607,0.67203,0.687053,0.744328,0.501583,1.0,0.571585,0.691815,0.671434,0.600613,0.746069,0.724075,0.657478,0.645403,0.770136,0.564648,0.720505,0.643437,0.579228,0.743823,0.721182,0.688336,0.530066,0.775017,0.651979,0.671936,0.520914,0.750822,0.768395,0.617187,0.658811,0.656516,0.682422,0.757042,0.696601,0.708292,0.589402,0.701607,0.548545,0.51998,0.678526,0.697369,0.693951,0.707377,0.726102,0.68482,0.636829,0.694493,0.670849,0.596434,0.67754,0.707127,0.698992,0.665524,0.67645,0.711953,0.725708,0.662196,0.694058,0.777148,0.642428,0.72923,0.640687,0.696705,0.584976,0.649465,0.613577,0.730499,0.595344,0.731523,0.747,0.727184,0.669793,0.487196,0.336061,0.713412,0.792995,0.602268,0.75323,0.716347,0.724943,0.641424,0.632728,0.528015,0.67673,0.678836,0.70232,0.606478,0.674977,0.652898,0.526221,0.541081,0.642081,0.676356,0.710859,0.620719,0.73215,0.752874,0.702068,0.711532,0.64332,0.646853,0.751733,0.484545,0.631398,0.678292,0.733823,0.710863,0.72357,0.536752,0.693232,0.626879,0.721493,0.670958,0.738386,0.7589,0.672874,0.705881,0.647396,0.716914,0.588706,0.457012
Binoculars,0.594882,0.613074,0.551789,0.663798,0.629686,0.495571,0.530249,0.47508,0.632805,0.691629,0.610891,0.609398,0.646723,0.571585,1.0,0.608439,0.601832,0.540904,0.583867,0.654285,0.650862,0.730723,0.647829,0.524608,0.662137,0.604315,0.611479,0.571055,0.707427,0.647368,0.658369,0.600598,0.736584,0.611583,0.469837,0.611571,0.538046,0.68331,0.730018,0.531362,0.702405,0.667277,0.637311,0.694904,0.539373,0.539859,0.562333,0.565836,0.709689,0.679009,0.654868,0.711812,0.677539,0.610103,0.614366,0.676654,0.618709,0.738744,0.679427,0.613482,0.679059,0.621842,0.5282,0.631451,0.635041,0.71561,0.696002,0.610197,0.687799,0.628481,0.693762,0.710703,0.619366,0.602102,0.605856,0.552327,0.602983,0.597434,0.54602,0.56605,0.517951,0.499533,0.436293,0.625084,0.617095,0.541784,0.678812,0.696632,0.580468,0.693937,0.718609,0.453718,0.645119,0.653744,0.632564,0.572189,0.725014,0.714731,0.600827,0.583639,0.568955,0.674657,0.538872,0.676551,0.622368,0.667478,0.726605,0.559137,0.72497,0.601291,0.659782,0.566549,0.613191,0.63974,0.603111,0.683431,0.593055,0.444352,0.725705,0.702265,0.627148,0.624012,0.579382,0.640575,0.704512,0.71061,0.607759,0.591874,0.611168,0.512399
Birdfeeder,0.599701,0.714225,0.590006,0.665872,0.71822,0.507859,0.570871,0.537661,0.705751,0.722811,0.6748,0.722459,0.610069,0.691815,0.608439,1.0,0.693576,0.648429,0.694189,0.718893,0.668698,0.648374,0.699906,0.58564,0.702788,0.667954,0.615748,0.715751,0.726275,0.685597,0.60497,0.687129,0.651812,0.658416,0.529889,0.721249,0.679246,0.64053,0.684629,0.648683,0.688133,0.722042,0.684889,0.719447,0.599797,0.651665,0.635642,0.527966,0.692014,0.703869,0.701313,0.69104,0.72119,0.67899,0.637909,0.721912,0.671843,0.642622,0.722847,0.685276,0.70668,0.661048,0.662154,0.715545,0.730213,0.695861,0.719928,0.71042,0.659886,0.697475,0.668831,0.723933,0.643491,0.681879,0.660227,0.665415,0.599737,0.65088,0.693345,0.66756,0.620153,0.54833,0.456657,0.662028,0.739481,0.604722,0.71763,0.718464,0.646749,0.681043,0.666301,0.544264,0.681817,0.729731,0.696329,0.623256,0.689282,0.697052,0.580926,0.630389,0.619091,0.69553,0.66081,0.716994,0.702958,0.70795,0.707692,0.66441,0.698661,0.653417,0.712393,0.575161,0.664443,0.679267,0.693098,0.707596,0.677588,0.56343,0.742569,0.640257,0.715924,0.680009,0.670775,0.709088,0.670396,0.719011,0.681706,0.709901,0.678722,0.526113
Boat,0.612299,0.646089,0.52995,0.648955,0.682742,0.499448,0.555763,0.51081,0.705366,0.689839,0.682637,0.712093,0.639587,0.671434,0.601832,0.693576,1.0,0.628849,0.663147,0.673953,0.651202,0.694619,0.680082,0.531629,0.69253,0.646805,0.603351,0.701921,0.701021,0.650815,0.591093,0.667617,0.644861,0.658479,0.515731,0.716406,0.63639,0.610225,0.682028,0.684677,0.665498,0.711389,0.676987,0.684763,0.598157,0.67848,0.567377,0.523484,0.684186,0.697862,0.667827,0.689007,0.73858,0.662921,0.63541,0.695403,0.658467,0.614427,0.698376,0.722343,0.680581,0.680328,0.648904,0.697628,0.700691,0.707174,0.699467,0.678165,0.600659,0.672099,0.652272,0.722934,0.608823,0.631792,0.625471,0.633763,0.628239,0.658148,0.663507,0.7023,0.590763,0.526859,0.398503,0.658415,0.71656,0.574644,0.710817,0.730187,0.620365,0.659673,0.671245,0.51205,0.62995,0.693367,0.693699,0.584697,0.678314,0.699886,0.538513,0.573922,0.60535,0.704221,0.618213,0.68348,0.674589,0.745058,0.723274,0.657029,0.699326,0.625089,0.705772,0.514751,0.656383,0.724701,0.690452,0.759393,0.65608,0.545332,0.718762,0.677818,0.716566,0.648946,0.651037,0.677981,0.690942,0.689452,0.666355,0.65384,0.613242,0.485409
Bonzai,0.516463,0.659422,0.51532,0.586495,0.633361,0.454183,0.48694,0.452466,0.630888,0.650141,0.615262,0.674275,0.564112,0.600613,0.540904,0.648429,0.628849,1.0,0.599998,0.632847,0.58578,0.596364,0.612449,0.521143,0.613311,0.626133,0.533014,0.662392,0.639838,0.611026,0.495659,0.580274,0.581308,0.588797,0.476109,0.639374,0.575707,0.560229,0.634176,0.589065,0.60579,0.656664,0.601142,0.66338,0.657,0.603251,0.557479,0.442288,0.613727,0.642042,0.633265,0.631274,0.647938,0.623558,0.607868,0.632536,0.59547,0.562196,0.636366,0.644491,0.673624,0.602985,0.58688,0.647994,0.633923,0.652828,0.64628,0.62655,0.552312,0.644121,0.612505,0.667913,0.624881,0.633681,0.596697,0.60589,0.554635,0.54233,0.633742,0.626237,0.536162,0.57149,0.402894,0.569024,0.694798,0.525685,0.665292,0.63663,0.577316,0.610534,0.632888,0.471801,0.588748,0.694272,0.60809,0.549335,0.61964,0.657847,0.518232,0.582309,0.552263,0.632516,0.586581,0.637173,0.641149,0.645537,0.634106,0.570759,0.648913,0.525887,0.634843,0.498687,0.584408,0.570695,0.649964,0.656662,0.586604,0.711047,0.68259,0.585615,0.658731,0.608358,0.578731,0.643367,0.638677,0.649627,0.652994,0.623968,0.61464,0.454307
Book,0.596858,0.673574,0.572201,0.645495,0.680453,0.487031,0.545846,0.554417,0.69892,0.682438,0.677238,0.717452,0.527428,0.746069,0.583867,0.694189,0.663147,0.599998,1.0,0.717225,0.659679,0.635003,0.720339,0.571815,0.699725,0.644893,0.584111,0.699756,0.699072,0.673274,0.559339,0.721382,0.641383,0.664061,0.539254,0.717248,0.709113,0.622068,0.654698,0.630345,0.678086,0.730003,0.670474,0.680879,0.5863,0.660584,0.594641,0.525908,0.673969,0.672049,0.700484,0.686939,0.70701,0.672387,0.628813,0.704191,0.670309,0.602558,0.679697,0.683908,0.681424,0.662541,0.635947,0.700733,0.70388,0.65993,0.689424,0.726698,0.641775,0.69533,0.647469,0.683446,0.617212,0.653104,0.62179,0.699115,0.601349,0.68587,0.698075,0.680124,0.644602,0.51221,0.392818,0.671576,0.734023,0.607426,0.718411,0.703049,0.670913,0.64489,0.640712,0.543088,0.663846,0.679631,0.681319,0.621918,0.66099,0.649695,0.570661,0.578948,0.64839,0.684351,0.677253,0.658046,0.699298,0.720662,0.697155,0.687926,0.653485,0.661083,0.718949,0.526652,0.630065,0.671694,0.697269,0.694866,0.695739,0.526924,0.696483,0.618929,0.699794,0.673921,0.71477,0.719073,0.659435,0.69613,0.638473,0.689148,0.624908,0.494487
Bookend,0.615009,0.710777,0.590108,0.708302,0.727869,0.499972,0.571649,0.553044,0.721682,0.74407,0.680502,0.734951,0.585381,0.724075,0.654285,0.718893,0.673953,0.632847,0.717225,1.0,0.683822,0.691576,0.744323,0.591711,0.722769,0.67064,0.629686,0.71201,0.755189,0.707333,0.616688,0.727622,0.703021,0.679623,0.537966,0.73587,0.716278,0.673304,0.723836,0.6231,0.728464,0.752791,0.699045,0.744411,0.602533,0.645126,0.635549,0.537752,0.714094,0.703021,0.742927,0.716269,0.740632,0.69789,0.655239,0.74194,0.691051,0.686172,0.741992,0.684789,0.735557,0.659964,0.653554,0.724772,0.746842,0.716059,0.73559,0.740757,0.70963,0.710907,0.699588,0.754499,0.661781,0.6973,0.645417,0.69628,0.608804,0.699002,0.707716,0.668207,0.650599,0.573622,0.43535,0.696644,0.756679,0.623887,0.752841,0.738134,0.688285,0.695166,0.699698,0.533757,0.707629,0.72766,0.712643,0.647476,0.712393,0.709141,0.613691,0.628292,0.643682,0.708591,0.669592,0.708989,0.721086,0.735398,0.737129,0.676803,0.718287,0.694044,0.750998,0.580695,0.653485,0.675317,0.703029,0.713986,0.707416,0.539653,0.766914,0.677023,0.712667,0.700789,0.707646,0.745375,0.703896,0.742215,0.676769,0.723589,0.659432,0.525178
Boomerang,0.570046,0.734026,0.644525,0.617786,0.651585,0.528297,0.5744,0.568276,0.666112,0.710315,0.681952,0.702471,0.586213,0.657478,0.650862,0.668698,0.651202,0.58578,0.659679,0.683822,1.0,0.677433,0.676569,0.579862,0.690314,0.659751,0.60032,0.686552,0.659534,0.668807,0.603285,0.611546,0.693088,0.646782,0.512229,0.678971,0.605907,0.67345,0.677163,0.606221,0.719539,0.772189,0.691624,0.70312,0.582212,0.690879,0.618641,0.624584,0.770843,0.733352,0.700571,0.762939,0.675675,0.707002,0.652515,0.702197,0.718971,0.717307,0.672737,0.73381,0.70669,0.683007,0.591436,0.702525,0.657863,0.664834,0.727028,0.6784,0.661154,0.722973,0.682647,0.654307,0.631204,0.693805,0.660675,0.676505,0.637022,0.589138,0.69544,0.704575,0.550408,0.493032,0.432853,0.64494,0.712547,0.580373,0.731674,0.702128,0.633988,0.72881,0.665616,0.522697,0.633157,0.687935,0.657418,0.626103,0.744578,0.669431,0.615913,0.623352,0.598634,0.721703,0.610549,0.682756,0.745292,0.730834,0.737109,0.634219,0.671775,0.624668,0.654626,0.559226,0.726538,0.692304,0.721958,0.716922,0.638581,0.513091,0.707729,0.608581,0.723461,0.679736,0.650278,0.675742,0.685071,0.749017,0.611056,0.751334,0.673831,0.571916
Car,0.61567,0.624108,0.542719,0.683978,0.667609,0.478994,0.532836,0.494007,0.707883,0.707983,0.690393,0.696416,0.663466,0.645403,0.730723,0.648374,0.694619,0.596364,0.635003,0.691576,0.677433,1.0,0.731238,0.544103,0.718767,0.623669,0.636614,0.642567,0.741866,0.67922,0.662854,0.676884,0.787576,0.67666,0.485804,0.69759,0.597434,0.684828,0.783882,0.604968,0.732741,0.724611,0.664537,0.717727,0.562361,0.645758,0.553817,0.568654,0.738218,0.732745,0.67066,0.754999,0.764117,0.640569,0.654576,0.709134,0.657687,0.728585,0.69837,0.711186,0.705131,0.654327,0.574902,0.674447,0.675664,0.795497,0.702593,0.643253,0.693246,0.666012,0.703169,0.761691,0.631335,0.627918,0.609578,0.591214,0.619715,0.698074,0.591238,0.676393,0.566215,0.503694,0.424622,0.707668,0.6938,0.562743,0.738277,0.765027,0.651129,0.707666,0.765686,0.477315,0.660392,0.670285,0.700152,0.564252,0.736296,0.769389,0.576167,0.569548,0.581166,0.717629,0.566259,0.695167,0.6677,0.792423,0.789367,0.627373,0.76265,0.596895,0.733834,0.545312,0.642089,0.712965,0.664341,0.805396,0.642878,0.483604,0.745547,0.830398,0.681849,0.645856,0.652737,0.67632,0.774868,0.732994,0.644237,0.619579,0.625991,0.475172
Cellphone,0.607964,0.681803,0.574239,0.665024,0.717311,0.462815,0.533844,0.527453,0.697715,0.727789,0.689782,0.732293,0.570898,0.770136,0.647829,0.699906,0.680082,0.612449,0.720339,0.744323,0.676569,0.731238,1.0,0.568354,0.767148,0.665811,0.631719,0.741356,0.781234,0.729711,0.620574,0.77354,0.741783,0.656063,0.504774,0.731099,0.748224,0.67194,0.723976,0.634601,0.729099,0.776418,0.729059,0.75216,0.583439,0.675561,0.56188,0.541584,0.734744,0.749186,0.71974,0.740005,0.753354,0.697826,0.657657,0.730661,0.685174,0.671901,0.731096,0.715032,0.737148,0.654458,0.677144,0.725449,0.750273,0.727004,0.741213,0.794119,0.709481,0.74883,0.686371,0.747197,0.600793,0.663053,0.643925,0.722398,0.575223,0.738547,0.748083,0.715056,0.651845,0.503668,0.376484,0.732452,0.802084,0.618348,0.797718,0.750335,0.782341,0.703706,0.70455,0.505223,0.726674,0.728064,0.726916,0.616467,0.732677,0.714999,0.554504,0.558931,0.61283,0.696046,0.697966,0.689608,0.768572,0.766275,0.723117,0.676791,0.707833,0.644664,0.777625,0.517042,0.669251,0.668699,0.741277,0.734296,0.725147,0.529181,0.754599,0.694908,0.711528,0.706498,0.722591,0.791333,0.708961,0.744854,0.676519,0.73914,0.607184,0.474662
Cheese,0.477578,0.642547,0.611642,0.562546,0.561191,0.47765,0.48998,0.478827,0.574002,0.612032,0.549404,0.567717,0.456127,0.564648,0.524608,0.58564,0.531629,0.521143,0.571815,0.591711,0.579862,0.544103,0.568354,1.0,0.57329,0.554599,0.509168,0.543887,0.576483,0.601816,0.511042,0.542302,0.592882,0.563796,0.478372,0.55145,0.517036,0.575002,0.559864,0.476766,0.59644,0.613374,0.543464,0.565132,0.531228,0.521445,0.5515,0.541473,0.603565,0.562588,0.610529,0.607396,0.568105,0.554669,0.551615,0.603215,0.592272,0.561134,0.577291,0.571327,0.561999,0.539475,0.477237,0.604483,0.547756,0.559348,0.610133,0.567427,0.563835,0.596184,0.579553,0.563335,0.578482,0.614044,0.541411,0.555111,0.507548,0.51767,0.535778,0.522113,0.488515,0.46532,0.478052,0.566634,0.559414,0.528216,0.579724,0.591649,0.531503,0.587345,0.581022,0.482047,0.589411,0.559441,0.552051,0.541125,0.572154,0.560176,0.558187,0.580014,0.551825,0.607148,0.525276,0.630588,0.579589,0.581102,0.608405,0.55317,0.551494,0.553961,0.572095,0.531235,0.539833,0.54447,0.562007,0.566736,0.564717,0.452654,0.592523,0.527989,0.583563,0.597478,0.556719,0.587365,0.590129,0.625593,0.537826,0.573831,0.633411,0.470106
Cheesegrater,0.646156,0.687252,0.577722,0.660719,0.713222,0.505286,0.579144,0.552115,0.705869,0.730916,0.696863,0.731158,0.597331,0.720505,0.662137,0.702788,0.69253,0.613311,0.699725,0.722769,0.690314,0.718767,0.767148,0.57329,1.0,0.671885,0.625585,0.719303,0.761679,0.716293,0.624018,0.716765,0.715327,0.675735,0.524077,0.722331,0.676016,0.672313,0.722028,0.65006,0.725185,0.766074,0.720572,0.742237,0.594093,0.674029,0.585963,0.550637,0.740452,0.743079,0.713939,0.737551,0.751111,0.712051,0.664275,0.728744,0.694632,0.675493,0.727417,0.713639,0.732426,0.660871,0.653455,0.723418,0.730129,0.721756,0.74873,0.752027,0.6866,0.723438,0.69497,0.748673,0.614511,0.671416,0.653866,0.70069,0.604243,0.692212,0.713373,0.708288,0.613409,0.51532,0.402512,0.710485,0.763626,0.621887,0.774395,0.750311,0.710128,0.709091,0.699343,0.517173,0.71082,0.71773,0.720131,0.625134,0.736568,0.716504,0.577335,0.58705,0.612627,0.718983,0.654753,0.702857,0.746076,0.760223,0.751003,0.683929,0.712159,0.644605,0.750178,0.55449,0.694159,0.685173,0.728631,0.73267,0.717386,0.525648,0.757926,0.677788,0.714451,0.69623,0.697703,0.752916,0.713224,0.748782,0.669741,0.718072,0.629649,0.5128
Christmasstreeornament,0.567892,0.697714,0.570392,0.634202,0.66411,0.50627,0.54403,0.523441,0.649281,0.687571,0.65297,0.695417,0.592739,0.643437,0.604315,0.667954,0.646805,0.626133,0.644893,0.67064,0.659751,0.623669,0.665811,0.554599,0.671885,1.0,0.587477,0.708814,0.663592,0.644598,0.562602,0.604084,0.648413,0.604812,0.510144,0.666541,0.6057,0.620556,0.671226,0.628339,0.668667,0.727478,0.673281,0.704738,0.628857,0.644909,0.589488,0.527549,0.671678,0.699063,0.693464,0.693128,0.670186,0.67678,0.647947,0.696299,0.653584,0.637898,0.679951,0.682876,0.716777,0.668275,0.634525,0.693761,0.678214,0.684334,0.708066,0.695214,0.6177,0.712554,0.660583,0.683065,0.626849,0.671037,0.663586,0.680907,0.599774,0.568168,0.70373,0.664905,0.561371,0.556388,0.421019,0.62584,0.736446,0.567415,0.724507,0.673068,0.644284,0.675705,0.676345,0.510307,0.631082,0.722941,0.648998,0.616427,0.69298,0.680293,0.568117,0.604746,0.600296,0.677809,0.644571,0.668113,0.721576,0.67335,0.672894,0.613107,0.69062,0.604728,0.675703,0.554993,0.669595,0.624945,0.703744,0.681918,0.624918,0.556944,0.724351,0.5984,0.703034,0.666457,0.617395,0.694664,0.678013,0.700738,0.675566,0.705054,0.640965,0.529086
Clock,0.582189,0.581672,0.538765,0.622771,0.633815,0.508986,0.530904,0.483885,0.614388,0.645812,0.584419,0.6014,0.639807,0.579228,0.611479,0.615748,0.603351,0.533014,0.584111,0.629686,0.60032,0.636614,0.631719,0.509168,0.625585,0.587477,1.0,0.581334,0.662899,0.629985,0.6548,0.611077,0.643292,0.561511,0.470023,0.626459,0.575334,0.613222,0.633332,0.558673,0.631778,0.622592,0.617745,0.637065,0.516011,0.516671,0.525842,0.570581,0.651951,0.633468,0.610684,0.644413,0.655951,0.59086,0.567353,0.648426,0.592901,0.654588,0.651215,0.577903,0.622555,0.598795,0.566374,0.616697,0.646975,0.65211,0.655987,0.584304,0.645805,0.59958,0.635684,0.655547,0.550677,0.560947,0.575305,0.54274,0.564094,0.60998,0.543344,0.534884,0.544838,0.466307,0.43075,0.608146,0.60068,0.54381,0.61686,0.655295,0.562464,0.642549,0.648439,0.48174,0.609229,0.616668,0.624639,0.551487,0.649908,0.64435,0.538541,0.547802,0.547414,0.62441,0.553049,0.67017,0.581159,0.623445,0.651105,0.561774,0.664402,0.588502,0.636216,0.519869,0.625598,0.617104,0.563519,0.626649,0.592617,0.450811,0.675905,0.627554,0.61036,0.6116,0.577037,0.604557,0.625133,0.655164,0.593512,0.583712,0.570225,0.483665
Coatrack,0.544674,0.724577,0.521586,0.626287,0.735155,0.432115,0.502314,0.500172,0.705587,0.705383,0.706798,0.799553,0.561959,0.743823,0.571055,0.715751,0.701921,0.662392,0.699756,0.71201,0.686552,0.642567,0.741356,0.543887,0.719303,0.708814,0.581334,1.0,0.703461,0.650565,0.501301,0.678554,0.636679,0.656693,0.486192,0.775384,0.727957,0.60907,0.690827,0.735783,0.683321,0.799841,0.724849,0.776886,0.655236,0.782889,0.571832,0.457708,0.693899,0.781697,0.722954,0.719642,0.725397,0.724145,0.681029,0.711796,0.673178,0.610596,0.71344,0.766682,0.788926,0.67907,0.767593,0.739919,0.757004,0.710178,0.728169,0.805076,0.604524,0.78138,0.651478,0.726227,0.606293,0.707312,0.672063,0.742864,0.587742,0.622544,0.868369,0.806161,0.611816,0.557943,0.331014,0.687238,0.87611,0.553218,0.808984,0.710683,0.724757,0.673057,0.651173,0.496633,0.647062,0.773604,0.70074,0.590451,0.731778,0.705666,0.510957,0.576167,0.585266,0.682274,0.703213,0.618177,0.827075,0.755887,0.692607,0.660837,0.702432,0.604662,0.739861,0.483767,0.676506,0.667446,0.811304,0.731146,0.665583,0.615501,0.756441,0.605268,0.781913,0.667531,0.678039,0.768615,0.69512,0.722804,0.728497,0.832087,0.618922,0.457874
Coffeemaker,0.631637,0.671915,0.582374,0.731155,0.784835,0.48862,0.568188,0.516419,0.734922,0.803209,0.677242,0.72438,0.653062,0.721182,0.707427,0.726275,0.701021,0.639838,0.699072,0.755189,0.659534,0.741866,0.781234,0.576483,0.761679,0.663592,0.662899,0.703461,1.0,0.776671,0.677025,0.755497,0.735656,0.690424,0.513364,0.748135,0.708901,0.693061,0.763432,0.637081,0.737122,0.751282,0.728942,0.795564,0.584876,0.613157,0.56862,0.568352,0.763868,0.739673,0.729233,0.748951,0.800524,0.672563,0.649361,0.748501,0.693787,0.722393,0.817862,0.68386,0.738671,0.659201,0.674907,0.752104,0.780342,0.762178,0.791703,0.794361,0.74698,0.71139,0.724041,0.83523,0.626042,0.661186,0.644533,0.655261,0.59201,0.738428,0.689373,0.664106,0.635274,0.536103,0.409645,0.719861,0.771554,0.65173,0.777027,0.785596,0.687719,0.72041,0.729778,0.504096,0.783502,0.727674,0.748325,0.623098,0.7441,0.759199,0.593658,0.588521,0.622679,0.718101,0.660711,0.753219,0.714092,0.759932,0.772701,0.669987,0.758971,0.687564,0.794748,0.564424,0.655656,0.692793,0.699382,0.734378,0.752268,0.518404,0.833977,0.727977,0.708756,0.721268,0.694073,0.807893,0.734243,0.786953,0.704755,0.697848,0.622756,0.485216
Coffeemug,0.58776,0.692997,0.648341,0.663104,0.707483,0.528464,0.589849,0.536671,0.680989,0.747532,0.659606,0.682455,0.616459,0.688336,0.647368,0.685597,0.650815,0.611026,0.673274,0.707333,0.668807,0.67922,0.729711,0.601816,0.716293,0.644598,0.629985,0.650565,0.776671,1.0,0.651938,0.684106,0.696979,0.653102,0.523977,0.683904,0.646502,0.683529,0.686563,0.584928,0.70774,0.723053,0.684816,0.714957,0.575849,0.596777,0.575158,0.621334,0.757195,0.719569,0.700314,0.742847,0.721535,0.656631,0.632821,0.706624,0.703062,0.687052,0.734513,0.678154,0.685002,0.636578,0.595401,0.718048,0.700673,0.688136,0.752465,0.715251,0.706757,0.700314,0.694454,0.718414,0.610171,0.657968,0.629826,0.646114,0.574309,0.664584,0.641899,0.636363,0.598463,0.505237,0.444505,0.680471,0.703071,0.658133,0.724239,0.72853,0.650429,0.717665,0.687269,0.517393,0.734618,0.670329,0.686034,0.613243,0.714399,0.685572,0.596378,0.597905,0.610062,0.710897,0.622008,0.739639,0.693263,0.710886,0.730886,0.659793,0.685535,0.639277,0.715855,0.559444,0.658485,0.644975,0.669242,0.681173,0.719889,0.497075,0.758705,0.647671,0.670019,0.720324,0.672555,0.742371,0.688821,0.767266,0.643472,0.669291,0.649634,0.520598
Compass,0.582462,0.572061,0.562259,0.630597,0.618204,0.538781,0.558943,0.480379,0.587545,0.665644,0.56427,0.544123,0.698504,0.530066,0.658369,0.60497,0.591093,0.495659,0.559339,0.616688,0.603285,0.662854,0.620574,0.511042,0.624018,0.562602,0.6548,0.501301,0.677025,0.651938,1.0,0.597836,0.661579,0.547197,0.462921,0.572271,0.520507,0.662843,0.64042,0.501203,0.646801,0.595693,0.614317,0.616484,0.465489,0.450731,0.540351,0.627838,0.68579,0.625667,0.598153,0.649562,0.646224,0.567298,0.538749,0.645198,0.60345,0.698326,0.661864,0.553786,0.585196,0.573417,0.492348,0.601016,0.616093,0.652239,0.670538,0.535715,0.683458,0.569117,0.651653,0.649541,0.545272,0.537374,0.575191,0.492106,0.553728,0.594798,0.470101,0.476726,0.507315,0.43306,0.45783,0.589309,0.535732,0.559361,0.591595,0.667533,0.527757,0.673902,0.662059,0.471252,0.626382,0.589477,0.619975,0.547422,0.659111,0.661255,0.567914,0.548976,0.537575,0.645675,0.525068,0.728242,0.549258,0.597531,0.662307,0.535497,0.670446,0.588658,0.613048,0.545705,0.635717,0.607082,0.51854,0.618236,0.582823,0.395549,0.682679,0.650639,0.567378,0.624313,0.548155,0.578463,0.613868,0.66431,0.558083,0.531707,0.581246,0.520872
Computertower,0.636844,0.608888,0.524361,0.655237,0.739168,0.463983,0.541365,0.52765,0.705708,0.672224,0.65116,0.702205,0.545893,0.775017,0.600598,0.687129,0.667617,0.580274,0.721382,0.727622,0.611546,0.676884,0.77354,0.542302,0.716765,0.604084,0.611077,0.678554,0.755497,0.684106,0.597836,1.0,0.66274,0.673517,0.512767,0.740881,0.773508,0.639218,0.674734,0.624121,0.681023,0.703094,0.677905,0.686562,0.542081,0.605738,0.540383,0.508091,0.658646,0.646861,0.67323,0.663497,0.746285,0.650488,0.597903,0.695214,0.640313,0.615626,0.696132,0.633731,0.659586,0.629957,0.661761,0.679861,0.740618,0.676783,0.677983,0.723159,0.668233,0.662234,0.641941,0.721571,0.575635,0.603264,0.589891,0.664421,0.582935,0.775524,0.662955,0.637665,0.687326,0.485613,0.352044,0.709465,0.725264,0.603104,0.709049,0.719501,0.697971,0.619575,0.639834,0.511702,0.686619,0.653363,0.708159,0.59397,0.636971,0.689774,0.5302,0.532197,0.628246,0.671544,0.708232,0.642767,0.649671,0.722193,0.704026,0.684957,0.664955,0.668467,0.759724,0.49831,0.588142,0.679731,0.658256,0.698375,0.725557,0.500528,0.695379,0.693934,0.674736,0.655681,0.720111,0.724014,0.66006,0.681898,0.635804,0.654855,0.563068,0.450161
Controller,0.607745,0.650726,0.586367,0.694282,0.667868,0.503857,0.539114,0.521708,0.673804,0.716817,0.663027,0.674672,0.635032,0.651979,0.736584,0.651812,0.644861,0.581308,0.641383,0.703021,0.693088,0.787576,0.741783,0.592882,0.715327,0.648413,0.643292,0.636679,0.735656,0.696979,0.661579,0.66274,1.0,0.655285,0.508286,0.670785,0.591022,0.713274,0.764557,0.568805,0.747894,0.730676,0.674773,0.724277,0.579651,0.607871,0.575686,0.603626,0.741028,0.736243,0.701885,0.75636,0.728107,0.652627,0.665373,0.734664,0.671218,0.749338,0.700361,0.673092,0.718818,0.657801,0.567208,0.681972,0.667178,0.764688,0.721307,0.666358,0.719274,0.692529,0.72158,0.746481,0.642861,0.651354,0.643231,0.626075,0.613292,0.663273,0.602616,0.628677,0.562153,0.508711,0.447432,0.698553,0.683845,0.57664,0.742552,0.74667,0.701396,0.72657,0.786568,0.507083,0.694076,0.679271,0.683524,0.603612,0.763845,0.758289,0.61531,0.594189,0.613357,0.716175,0.59205,0.706093,0.692433,0.733563,0.773391,0.618771,0.754354,0.649461,0.716394,0.587514,0.65867,0.675054,0.665306,0.726765,0.647308,0.485818,0.744404,0.759651,0.687424,0.668333,0.645209,0.692738,0.75755,0.749565,0.649948,0.665789,0.634625,0.495899
Couch,0.5783,0.649299,0.56419,0.649237,0.6866,0.500915,0.551742,0.548007,0.742987,0.674086,0.70556,0.71012,0.531541,0.671936,0.611583,0.658416,0.658479,0.588797,0.664061,0.679623,0.646782,0.67666,0.656063,0.563796,0.675735,0.604812,0.561511,0.656693,0.690424,0.653102,0.547197,0.673517,0.655285,1.0,0.528124,0.710581,0.614801,0.645438,0.676638,0.614255,0.696446,0.699123,0.614359,0.6646,0.576333,0.670409,0.565854,0.532457,0.684462,0.671594,0.674343,0.703237,0.710215,0.634304,0.629945,0.685558,0.679497,0.618858,0.653363,0.686727,0.656154,0.623369,0.578903,0.673883,0.659509,0.665229,0.662704,0.660166,0.611487,0.64686,0.642113,0.689018,0.594097,0.652333,0.586417,0.604289,0.607233,0.65081,0.621548,0.683558,0.57784,0.519518,0.386435,0.664329,0.665606,0.567327,0.680605,0.700371,0.59461,0.638092,0.643204,0.511258,0.639834,0.612167,0.662213,0.572532,0.650717,0.667548,0.582309,0.578161,0.61432,0.725605,0.577967,0.63328,0.640518,0.74746,0.750278,0.67769,0.64448,0.633254,0.691996,0.54878,0.594577,0.686882,0.670963,0.70904,0.650931,0.503068,0.686834,0.667909,0.685466,0.619966,0.688719,0.655331,0.699016,0.69424,0.613197,0.61911,0.624853,0.473561
Cushion,0.517326,0.535937,0.499356,0.534483,0.511575,0.477431,0.502103,0.504774,0.542987,0.525505,0.533024,0.525857,0.465916,0.520914,0.469837,0.529889,0.515731,0.476109,0.539254,0.537966,0.512229,0.485804,0.504774,0.478372,0.524077,0.510144,0.470023,0.486192,0.513364,0.523977,0.462921,0.512767,0.508286,0.528124,1.0,0.51491,0.480702,0.50072,0.498573,0.468914,0.527477,0.536023,0.508204,0.497913,0.486196,0.467663,0.512128,0.464809,0.521329,0.494089,0.554479,0.529821,0.530547,0.527249,0.496869,0.564578,0.541325,0.498347,0.522308,0.505338,0.498316,0.531976,0.4471,0.538599,0.516948,0.50536,0.54324,0.498762,0.500805,0.512491,0.531589,0.501071,0.513574,0.52517,0.495784,0.521517,0.516958,0.493656,0.472183,0.473918,0.48135,0.426399,0.376592,0.490683,0.495867,0.502408,0.513617,0.529224,0.46436,0.509822,0.512485,0.463129,0.508549,0.504752,0.50766,0.531915,0.500612,0.500647,0.517223,0.504916,0.545152,0.553115,0.491657,0.552786,0.496794,0.524853,0.541757,0.538719,0.513888,0.552749,0.527796,0.493881,0.514716,0.529153,0.496988,0.521738,0.524813,0.417549,0.525234,0.479255,0.537398,0.531455,0.538473,0.51085,0.51385,0.539625,0.490885,0.490875,0.524152,0.487009
Desk,0.606003,0.674975,0.533098,0.663095,0.767099,0.464051,0.540939,0.522849,0.759672,0.70529,0.708765,0.801748,0.606803,0.750822,0.611571,0.721249,0.716406,0.639374,0.717248,0.73587,0.678971,0.69759,0.731099,0.55145,0.722331,0.666541,0.626459,0.775384,0.748135,0.683904,0.572271,0.740881,0.670785,0.710581,0.51491,1.0,0.737683,0.634662,0.704343,0.730023,0.702167,0.752791,0.692972,0.742777,0.609276,0.713806,0.569292,0.507372,0.69894,0.74734,0.702507,0.724948,0.775418,0.684974,0.661714,0.720917,0.677677,0.635191,0.725378,0.717302,0.738032,0.683563,0.725672,0.727035,0.768293,0.717475,0.710753,0.733924,0.644677,0.712788,0.666949,0.749018,0.611207,0.671979,0.628796,0.673106,0.626726,0.724386,0.736545,0.736532,0.655626,0.530958,0.365391,0.710703,0.786942,0.58684,0.753604,0.747835,0.669285,0.668162,0.674407,0.521336,0.671258,0.69787,0.726207,0.591239,0.711469,0.707383,0.536592,0.579619,0.622166,0.699627,0.649855,0.640247,0.719149,0.780117,0.757177,0.701783,0.715807,0.651067,0.745675,0.508515,0.645489,0.72871,0.725779,0.75148,0.702306,0.553403,0.754709,0.680924,0.752226,0.666277,0.717399,0.722174,0.710685,0.732058,0.689329,0.742007,0.622037,0.462667
Door,0.56165,0.635396,0.509526,0.616331,0.700546,0.41204,0.493252,0.500684,0.675517,0.652506,0.62943,0.709728,0.488721,0.768395,0.538046,0.679246,0.63639,0.575707,0.709113,0.716278,0.605907,0.597434,0.748224,0.517036,0.676016,0.6057,0.575334,0.727957,0.708901,0.646502,0.520507,0.773508,0.591022,0.614801,0.480702,0.737683,1.0,0.576794,0.618081,0.630168,0.633924,0.703676,0.672591,0.686171,0.539293,0.638266,0.536324,0.450858,0.626532,0.64395,0.66242,0.641915,0.695806,0.644168,0.586416,0.661249,0.614352,0.56618,0.681746,0.635857,0.669343,0.612873,0.698452,0.676632,0.748446,0.624184,0.662859,0.753844,0.631833,0.686616,0.600082,0.671696,0.551411,0.615861,0.572763,0.686132,0.545219,0.720812,0.743989,0.660781,0.68214,0.472643,0.321175,0.668907,0.764989,0.572009,0.710015,0.672355,0.69272,0.597867,0.577117,0.486105,0.652321,0.664756,0.673894,0.582191,0.621978,0.61895,0.483793,0.517184,0.59374,0.60662,0.694514,0.598219,0.690933,0.687711,0.627448,0.660596,0.61867,0.632499,0.729663,0.453639,0.581837,0.639179,0.679306,0.659047,0.692374,0.513989,0.674321,0.593076,0.677213,0.641376,0.70395,0.731816,0.609118,0.657046,0.636332,0.715071,0.55135,0.427705
Doorknob,0.57006,0.679517,0.620415,0.636468,0.66719,0.520192,0.566918,0.523511,0.644798,0.704021,0.643717,0.643373,0.626368,0.617187,0.68331,0.64053,0.610225,0.560229,0.622068,0.673304,0.67345,0.684828,0.67194,0.575002,0.672313,0.620556,0.613222,0.60907,0.693061,0.683529,0.662843,0.639218,0.713274,0.645438,0.50072,0.634662,0.576794,1.0,0.677493,0.549411,0.71296,0.693021,0.658649,0.691548,0.547782,0.582177,0.588091,0.613591,0.738273,0.70351,0.671029,0.719176,0.671142,0.637957,0.618568,0.688048,0.671212,0.723156,0.677842,0.645524,0.677055,0.603507,0.538955,0.663502,0.648077,0.667524,0.716753,0.628467,0.697928,0.66933,0.688052,0.674224,0.605087,0.644968,0.626156,0.594291,0.581606,0.602793,0.590434,0.607151,0.550698,0.485148,0.425712,0.644516,0.641093,0.580671,0.690236,0.697752,0.605444,0.718208,0.67972,0.49277,0.667993,0.649727,0.641152,0.585471,0.719684,0.704595,0.604837,0.596077,0.577932,0.704378,0.583095,0.699374,0.673474,0.678437,0.722542,0.605956,0.679052,0.607577,0.658381,0.570801,0.640647,0.626501,0.640543,0.659193,0.627852,0.477851,0.717127,0.657454,0.646698,0.666867,0.621104,0.654726,0.671512,0.72615,0.603901,0.64838,0.634098,0.548606
Drill,0.621114,0.683758,0.555443,0.72651,0.707494,0.498288,0.547028,0.505884,0.708231,0.743251,0.685041,0.717047,0.64022,0.658811,0.730018,0.684629,0.682028,0.634176,0.654698,0.723836,0.677163,0.783882,0.723976,0.559864,0.722028,0.671226,0.633332,0.690827,0.763432,0.686563,0.64042,0.674734,0.764557,0.676638,0.498573,0.704343,0.618081,0.677493,1.0,0.6052,0.751189,0.746245,0.684889,0.76628,0.602656,0.654571,0.599155,0.538312,0.724578,0.727167,0.722459,0.739034,0.758824,0.677144,0.672089,0.737085,0.669003,0.731355,0.734496,0.704628,0.759571,0.66306,0.624461,0.702864,0.707657,0.806483,0.730181,0.696053,0.692213,0.693953,0.71383,0.809633,0.666576,0.674089,0.658873,0.642203,0.60936,0.654769,0.661246,0.680458,0.572483,0.565927,0.438157,0.701709,0.752647,0.570618,0.768018,0.757726,0.675241,0.706479,0.778831,0.491275,0.684604,0.744513,0.712702,0.607457,0.741726,0.789808,0.603231,0.618429,0.60454,0.727157,0.633687,0.710648,0.700023,0.761054,0.780426,0.625945,0.781904,0.639616,0.759109,0.592601,0.653127,0.671249,0.701737,0.778615,0.657609,0.526541,0.790295,0.776437,0.700601,0.666621,0.646422,0.720363,0.801022,0.746241,0.699134,0.676051,0.64836,0.49347
Dryingrack,0.560908,0.601566,0.459913,0.56257,0.692929,0.438057,0.506213,0.471804,0.664915,0.614541,0.63782,0.709719,0.625448,0.656516,0.531362,0.648683,0.684677,0.589065,0.630345,0.6231,0.606221,0.604968,0.634601,0.476766,0.65006,0.628339,0.558673,0.735783,0.637081,0.584928,0.501203,0.624121,0.568805,0.614255,0.468914,0.730023,0.630168,0.549411,0.6052,1.0,0.604689,0.683701,0.65447,0.660663,0.579628,0.662022,0.506474,0.454412,0.622401,0.690271,0.618633,0.641229,0.692981,0.635447,0.602057,0.643437,0.601955,0.551996,0.638959,0.660958,0.66742,0.647955,0.715883,0.66364,0.70081,0.64553,0.652038,0.659702,0.535446,0.652728,0.592444,0.649028,0.537068,0.594664,0.592376,0.616161,0.596248,0.604717,0.689326,0.687973,0.560935,0.488092,0.308335,0.608692,0.717374,0.515813,0.677577,0.654449,0.592546,0.597971,0.589232,0.474739,0.565401,0.647674,0.639425,0.530733,0.643644,0.636189,0.467614,0.516562,0.547066,0.624757,0.593943,0.560953,0.664299,0.687692,0.654155,0.624242,0.660993,0.552245,0.658504,0.440264,0.642479,0.669512,0.669961,0.678279,0.610103,0.535259,0.669834,0.575203,0.70847,0.597365,0.615625,0.63817,0.622382,0.642064,0.64106,0.683687,0.544589,0.438126
Dumbbell,0.607852,0.724954,0.641812,0.696002,0.693371,0.531749,0.57261,0.562577,0.703961,0.740881,0.696779,0.716012,0.604547,0.682422,0.702405,0.688133,0.665498,0.60579,0.678086,0.728464,0.719539,0.732741,0.729099,0.59644,0.725185,0.668667,0.631778,0.683321,0.737122,0.70774,0.646801,0.681023,0.747894,0.696446,0.527477,0.702167,0.633924,0.71296,0.751189,0.604689,1.0,0.767958,0.69594,0.736275,0.601802,0.653618,0.622731,0.613256,0.764091,0.741598,0.733636,0.766133,0.732155,0.700116,0.665725,0.730542,0.719233,0.738848,0.715276,0.713233,0.727757,0.661846,0.604399,0.717313,0.694699,0.728374,0.750929,0.711542,0.704253,0.723143,0.719671,0.739041,0.653606,0.696974,0.654511,0.669213,0.620306,0.65871,0.669451,0.688255,0.578949,0.532961,0.432025,0.698072,0.725357,0.601555,0.758556,0.743455,0.674772,0.731968,0.723689,0.527959,0.696588,0.700881,0.69895,0.633094,0.73883,0.725845,0.637635,0.627819,0.629643,0.738376,0.621964,0.716664,0.734979,0.754285,0.775488,0.658977,0.727043,0.677041,0.723775,0.600038,0.681241,0.68648,0.711237,0.733018,0.673957,0.515736,0.756441,0.697888,0.714662,0.696288,0.67927,0.719819,0.747128,0.764087,0.650344,0.700472,0.668287,0.546052
Dustpan,0.59216,0.761173,0.631309,0.697094,0.744612,0.494766,0.554102,0.570064,0.728074,0.77172,0.724644,0.777363,0.59189,0.757042,0.667277,0.722042,0.711389,0.656664,0.730003,0.752791,0.772189,0.724611,0.776418,0.613374,0.766074,0.727478,0.622592,0.799841,0.751282,0.723053,0.595693,0.703094,0.730676,0.699123,0.536023,0.752791,0.703676,0.693021,0.746245,0.683701,0.767958,1.0,0.759371,0.793021,0.667844,0.743564,0.607865,0.605758,0.785208,0.796291,0.782389,0.8102,0.755738,0.749133,0.709569,0.767053,0.748239,0.731858,0.759261,0.794173,0.784805,0.73626,0.702857,0.784582,0.750605,0.749674,0.787609,0.816547,0.696957,0.810863,0.725976,0.756966,0.667574,0.74012,0.707465,0.771308,0.642045,0.662021,0.823665,0.783338,0.612697,0.552435,0.388324,0.723693,0.840291,0.613871,0.830255,0.762068,0.734175,0.747864,0.718443,0.540152,0.700942,0.766252,0.730779,0.666986,0.787163,0.743812,0.618684,0.620687,0.66143,0.758166,0.711133,0.705238,0.840478,0.804012,0.787999,0.692166,0.742653,0.693292,0.770718,0.565644,0.740337,0.739802,0.811764,0.770589,0.716762,0.582192,0.790853,0.669165,0.80371,0.735737,0.710462,0.803553,0.772425,0.803199,0.705757,0.831888,0.677649,0.529184
Fan,0.625432,0.696567,0.582692,0.6488,0.703354,0.499997,0.580397,0.54072,0.661907,0.719897,0.662352,0.700781,0.64361,0.696601,0.637311,0.684889,0.676987,0.601142,0.670474,0.699045,0.691624,0.664537,0.729059,0.543464,0.720572,0.673281,0.617745,0.724849,0.728942,0.684816,0.614317,0.677905,0.674773,0.614359,0.508204,0.692972,0.672591,0.658649,0.684889,0.65447,0.69594,0.759371,1.0,0.744881,0.592978,0.650763,0.580398,0.552624,0.72743,0.732861,0.703472,0.720197,0.716999,0.714741,0.63846,0.711397,0.684179,0.692514,0.728501,0.696297,0.720391,0.668728,0.668431,0.717808,0.734076,0.689883,0.761629,0.751391,0.674146,0.738113,0.687934,0.711417,0.597544,0.666405,0.668512,0.703678,0.607758,0.633962,0.750445,0.688636,0.588921,0.507428,0.373506,0.661963,0.771167,0.597506,0.764745,0.713619,0.680519,0.702969,0.665405,0.50094,0.676348,0.720207,0.694032,0.631606,0.73152,0.701504,0.566069,0.577444,0.593939,0.679309,0.66832,0.686227,0.76148,0.703909,0.692267,0.643271,0.706594,0.643983,0.726229,0.549446,0.737045,0.665249,0.724186,0.699706,0.687285,0.535354,0.747807,0.62143,0.720255,0.691862,0.651814,0.742685,0.676544,0.729393,0.67277,0.747085,0.606062,0.529316
Faucet,0.591115,0.719319,0.563202,0.702953,0.757615,0.467942,0.544274,0.519278,0.709063,0.781514,0.692642,0.762301,0.648349,0.708292,0.694904,0.719447,0.684763,0.66338,0.680879,0.744411,0.70312,0.717727,0.75216,0.565132,0.742237,0.704738,0.637065,0.776886,0.795564,0.714957,0.616484,0.686562,0.724277,0.6646,0.497913,0.742777,0.686171,0.691548,0.76628,0.660663,0.736275,0.793021,0.744881,1.0,0.631802,0.691627,0.595145,0.528334,0.749997,0.779474,0.741265,0.760503,0.758006,0.71357,0.686584,0.751853,0.686776,0.739274,0.780823,0.719552,0.809269,0.669126,0.700906,0.751782,0.766643,0.763842,0.781707,0.797928,0.722521,0.757924,0.716568,0.804388,0.645153,0.711302,0.685854,0.699244,0.603085,0.648821,0.771809,0.725294,0.609048,0.575042,0.392972,0.696466,0.833811,0.59002,0.808323,0.752575,0.701608,0.736992,0.720746,0.496189,0.722641,0.798263,0.727458,0.622055,0.779125,0.77335,0.577517,0.611428,0.596351,0.706828,0.675993,0.706589,0.78817,0.754394,0.745327,0.641731,0.767898,0.639357,0.773939,0.556215,0.698772,0.671187,0.762278,0.738372,0.688467,0.581575,0.824453,0.688532,0.75457,0.694233,0.668036,0.789707,0.743539,0.783283,0.736821,0.785053,0.643272,0.498429
Flower,0.512934,0.6463,0.52338,0.584545,0.585024,0.485423,0.467313,0.45758,0.610748,0.600402,0.590548,0.643925,0.520302,0.589402,0.539373,0.599797,0.598157,0.657,0.5863,0.602533,0.582212,0.562361,0.583439,0.531228,0.594093,0.628857,0.516011,0.655236,0.584876,0.575849,0.465489,0.542081,0.579651,0.576333,0.486196,0.609276,0.539293,0.547782,0.602656,0.579628,0.601802,0.667844,0.592978,0.631802,1.0,0.597426,0.53362,0.478638,0.587404,0.623032,0.639781,0.633397,0.604703,0.622048,0.613483,0.615035,0.587062,0.563347,0.596836,0.637322,0.647824,0.636904,0.561538,0.633184,0.591705,0.627993,0.642064,0.633133,0.519614,0.661304,0.605882,0.620311,0.611752,0.640453,0.589662,0.614681,0.600545,0.506007,0.641911,0.617981,0.500821,0.590578,0.389691,0.570202,0.671821,0.507436,0.6511,0.603917,0.5772,0.594662,0.621922,0.462861,0.560013,0.648771,0.577332,0.552474,0.60066,0.616626,0.525073,0.578738,0.583366,0.619503,0.573011,0.593653,0.645016,0.620851,0.621271,0.557599,0.620889,0.549985,0.606695,0.512936,0.574836,0.585704,0.647459,0.627451,0.558411,0.584266,0.635963,0.550444,0.672158,0.597173,0.547777,0.629606,0.651052,0.631058,0.63862,0.614878,0.613252,0.462199
Flute,0.508195,0.697877,0.509224,0.539805,0.610457,0.426636,0.482029,0.49423,0.677893,0.641922,0.731536,0.764874,0.476349,0.701607,0.539859,0.651665,0.67848,0.603251,0.660584,0.645126,0.690879,0.645758,0.675561,0.521445,0.674029,0.644909,0.516671,0.782889,0.613157,0.596777,0.450731,0.605738,0.607871,0.670409,0.467663,0.713806,0.638266,0.582177,0.654571,0.662022,0.653618,0.743564,0.650763,0.691627,0.597426,1.0,0.551334,0.445035,0.670187,0.732274,0.64545,0.701473,0.668993,0.689055,0.65915,0.645934,0.651526,0.550149,0.60583,0.790677,0.725584,0.625875,0.638882,0.678642,0.644143,0.646467,0.659535,0.717429,0.537135,0.723427,0.596021,0.647434,0.574982,0.67441,0.609093,0.68484,0.586893,0.587359,0.778149,0.842586,0.567275,0.499453,0.336932,0.658655,0.794988,0.505262,0.754536,0.684775,0.670688,0.64221,0.614296,0.475778,0.580998,0.692724,0.648257,0.533304,0.688448,0.636807,0.479606,0.551408,0.540159,0.678091,0.61304,0.572532,0.769746,0.771208,0.670868,0.650709,0.606037,0.509836,0.665005,0.452432,0.635414,0.641716,0.787503,0.743829,0.599813,0.561461,0.665816,0.591258,0.718259,0.6051,0.671347,0.684412,0.674028,0.670074,0.634723,0.725949,0.610621,0.443407
Fossils,0.548708,0.7136,0.57953,0.587492,0.559764,0.520428,0.576242,0.54324,0.58551,0.627481,0.598212,0.606539,0.515965,0.548545,0.562333,0.635642,0.567377,0.557479,0.594641,0.635549,0.618641,0.553817,0.56188,0.5515,0.585963,0.589488,0.525842,0.571832,0.56862,0.575158,0.540351,0.540383,0.575686,0.565854,0.512128,0.569292,0.536324,0.588091,0.599155,0.506474,0.622731,0.607865,0.580398,0.595145,0.53362,0.551334,1.0,0.493276,0.613133,0.583713,0.631536,0.599613,0.579804,0.631645,0.564744,0.623726,0.614276,0.586496,0.586642,0.589103,0.609234,0.562741,0.493219,0.60785,0.580832,0.581522,0.635499,0.559555,0.584653,0.595311,0.608595,0.580143,0.662269,0.656457,0.584431,0.588415,0.552599,0.511269,0.555784,0.553842,0.518573,0.552658,0.502227,0.543949,0.584639,0.543424,0.604696,0.599255,0.535057,0.614395,0.586603,0.50397,0.578752,0.647131,0.565531,0.601678,0.584949,0.58453,0.612523,0.657234,0.5632,0.621547,0.537573,0.659242,0.604336,0.583953,0.601815,0.570817,0.594183,0.578567,0.587742,0.59126,0.595227,0.553855,0.585083,0.606555,0.563146,0.502324,0.617769,0.535761,0.604533,0.603061,0.575861,0.576705,0.572741,0.617353,0.558992,0.593493,0.657189,0.624274
Frisbee,0.494005,0.573096,0.648555,0.545249,0.536005,0.568808,0.533253,0.517944,0.541638,0.599077,0.531654,0.496551,0.556035,0.51998,0.565836,0.527966,0.523484,0.442288,0.525908,0.537752,0.624584,0.568654,0.541584,0.541473,0.550637,0.527549,0.570581,0.457708,0.568352,0.621334,0.627838,0.508091,0.603626,0.532457,0.464809,0.507372,0.450858,0.613591,0.538312,0.454412,0.613256,0.605758,0.552624,0.528334,0.478638,0.445035,0.493276,1.0,0.677963,0.573298,0.566716,0.661758,0.55723,0.536105,0.518371,0.581206,0.626471,0.656295,0.565141,0.56331,0.502933,0.578525,0.420806,0.582344,0.512119,0.545858,0.630536,0.502174,0.602589,0.577421,0.599157,0.521337,0.505638,0.530914,0.535457,0.492144,0.5468,0.513181,0.438351,0.471893,0.440948,0.370119,0.443073,0.550931,0.478539,0.542235,0.533949,0.591989,0.470886,0.63576,0.581427,0.477443,0.557108,0.479937,0.537769,0.534305,0.594645,0.539652,0.573523,0.525647,0.547243,0.622234,0.472789,0.659082,0.529871,0.570852,0.634034,0.523673,0.550653,0.56407,0.525497,0.505975,0.618242,0.591112,0.50605,0.5579,0.547905,0.359123,0.576366,0.526443,0.561992,0.607384,0.513342,0.535775,0.590391,0.644107,0.473545,0.518501,0.570106,0.537209
Fryingpan,0.594278,0.750915,0.687769,0.66458,0.701595,0.546415,0.608853,0.573435,0.697361,0.779907,0.709898,0.71604,0.658655,0.678526,0.709689,0.692014,0.684186,0.613727,0.673969,0.714094,0.770843,0.738218,0.734744,0.603565,0.740452,0.671678,0.651951,0.693899,0.763868,0.757195,0.68579,0.658646,0.741028,0.684462,0.521329,0.69894,0.626532,0.738273,0.724578,0.622401,0.764091,0.785208,0.72743,0.749997,0.587404,0.670187,0.613133,0.677963,1.0,0.795132,0.727513,0.813116,0.740362,0.712187,0.671765,0.728834,0.769145,0.767261,0.744396,0.755563,0.732035,0.672024,0.600198,0.737225,0.694784,0.715205,0.787164,0.715803,0.725671,0.745655,0.738312,0.728791,0.636581,0.704666,0.673028,0.669354,0.622858,0.647588,0.683304,0.718512,0.564104,0.507124,0.443552,0.688693,0.735924,0.642045,0.767943,0.766051,0.659178,0.784556,0.718179,0.526624,0.712364,0.705403,0.702306,0.625579,0.791806,0.723275,0.651004,0.624792,0.602557,0.765152,0.605661,0.748573,0.766596,0.775186,0.791799,0.661282,0.727893,0.64189,0.711979,0.57775,0.747591,0.702063,0.728997,0.732945,0.701118,0.513923,0.782857,0.662016,0.723642,0.725386,0.679597,0.733907,0.717243,0.804276,0.640832,0.730203,0.676708,0.57512
Glasses,0.555077,0.720476,0.581353,0.643548,0.709811,0.467887,0.541854,0.508148,0.69807,0.733212,0.733887,0.767348,0.706282,0.697369,0.679009,0.703869,0.697862,0.642042,0.672049,0.703021,0.733352,0.732745,0.749186,0.562588,0.743079,0.699063,0.633468,0.781697,0.739673,0.719569,0.625667,0.646861,0.736243,0.671594,0.494089,0.74734,0.64395,0.70351,0.727167,0.690271,0.741598,0.796291,0.732861,0.779474,0.623032,0.732274,0.583713,0.573298,0.795132,1.0,0.71321,0.825682,0.741351,0.709181,0.693244,0.734402,0.717062,0.713398,0.720562,0.774317,0.78939,0.685484,0.672148,0.73628,0.728263,0.754983,0.759704,0.735506,0.673572,0.776412,0.721833,0.726576,0.623146,0.698329,0.695307,0.681742,0.591276,0.626114,0.744638,0.772806,0.572707,0.515948,0.382235,0.69409,0.798734,0.579621,0.800166,0.752878,0.684179,0.76397,0.723859,0.50542,0.680765,0.74065,0.707666,0.58215,0.834471,0.745246,0.567232,0.595957,0.585201,0.740321,0.609997,0.680253,0.815335,0.780012,0.77563,0.657807,0.756387,0.585738,0.718571,0.527241,0.734255,0.70017,0.769942,0.755957,0.663537,0.564547,0.787966,0.665718,0.761707,0.693304,0.680203,0.73968,0.742899,0.787985,0.690102,0.763332,0.650318,0.503625
Glove,0.601711,0.73963,0.631671,0.736585,0.7194,0.525971,0.572123,0.56441,0.703624,0.750877,0.675129,0.721792,0.585229,0.693951,0.654868,0.701313,0.667827,0.633265,0.700484,0.742927,0.700571,0.67066,0.71974,0.610529,0.713939,0.693464,0.610684,0.722954,0.729233,0.700314,0.598153,0.67323,0.701885,0.674343,0.554479,0.702507,0.66242,0.671029,0.722459,0.618633,0.733636,0.782389,0.703472,0.741265,0.639781,0.64545,0.631536,0.566716,0.727513,0.71321,1.0,0.731153,0.721373,0.704719,0.668239,0.758637,0.711995,0.704664,0.737023,0.702439,0.731815,0.691858,0.645991,0.733008,0.714284,0.719413,0.744528,0.747155,0.68855,0.734784,0.714607,0.730583,0.672601,0.71725,0.676084,0.712347,0.612961,0.633406,0.731248,0.670552,0.599368,0.579896,0.437206,0.676655,0.754257,0.619158,0.762647,0.71965,0.67314,0.700643,0.709427,0.541679,0.693124,0.732315,0.688742,0.671296,0.720029,0.717718,0.654409,0.638379,0.66467,0.729718,0.682365,0.711631,0.750104,0.724319,0.74214,0.66087,0.731266,0.73602,0.738547,0.612669,0.679153,0.679779,0.725125,0.704013,0.688456,0.548952,0.768166,0.650029,0.734747,0.71176,0.68401,0.746896,0.720555,0.757587,0.685825,0.751848,0.675412,0.542113
Goggles,0.587627,0.730374,0.645504,0.67463,0.695875,0.523216,0.573377,0.562982,0.719863,0.749098,0.738108,0.746522,0.660178,0.707377,0.711812,0.69104,0.689007,0.631274,0.686939,0.716269,0.762939,0.754999,0.740005,0.607396,0.737551,0.693128,0.644413,0.719642,0.748951,0.742847,0.649562,0.663497,0.75636,0.703237,0.529821,0.724948,0.641915,0.719176,0.739034,0.641229,0.766133,0.8102,0.720197,0.760503,0.633397,0.701473,0.599613,0.661758,0.813116,0.825682,0.731153,1.0,0.739592,0.707996,0.697576,0.736354,0.745582,0.751061,0.725518,0.774662,0.755758,0.719096,0.620493,0.745481,0.704639,0.749622,0.772173,0.740375,0.70754,0.772317,0.740911,0.728663,0.656944,0.708511,0.678079,0.686916,0.642795,0.651683,0.703858,0.742925,0.586781,0.520841,0.423076,0.707094,0.765076,0.6115,0.784493,0.762419,0.673066,0.768657,0.74181,0.535787,0.700301,0.709394,0.709074,0.629172,0.806754,0.732328,0.625133,0.621092,0.642385,0.770301,0.626458,0.717523,0.779404,0.789138,0.800575,0.676615,0.739541,0.633257,0.72153,0.573672,0.7262,0.721623,0.753155,0.773779,0.68576,0.541059,0.774471,0.697185,0.754729,0.715523,0.694773,0.749899,0.778874,0.807781,0.670716,0.727472,0.678214,0.545186
Grill,0.650075,0.670625,0.566429,0.716907,0.764177,0.508261,0.580626,0.539872,0.755198,0.752996,0.705514,0.755703,0.664011,0.726102,0.677539,0.72119,0.73858,0.647938,0.70701,0.740632,0.675675,0.764117,0.753354,0.568105,0.751111,0.670186,0.655951,0.725397,0.800524,0.721535,0.646224,0.746285,0.728107,0.710215,0.530547,0.775418,0.695806,0.671142,0.758824,0.692981,0.732155,0.755738,0.716999,0.758006,0.604703,0.668993,0.579804,0.55723,0.740362,0.741351,0.721373,0.739592,1.0,0.687606,0.664396,0.751763,0.696182,0.696161,0.76324,0.71561,0.733261,0.688119,0.686107,0.736214,0.763671,0.773266,0.745578,0.736232,0.695685,0.702455,0.70957,0.803517,0.632515,0.662024,0.647974,0.661291,0.63332,0.741379,0.684139,0.704439,0.638399,0.540098,0.406437,0.719094,0.763873,0.619318,0.763315,0.784044,0.672084,0.69775,0.734289,0.526244,0.708501,0.716076,0.744715,0.616335,0.732265,0.76204,0.584453,0.591264,0.632168,0.732615,0.651351,0.715753,0.70352,0.792403,0.78831,0.692375,0.768671,0.674069,0.783943,0.563333,0.674475,0.734843,0.707352,0.772072,0.723533,0.538602,0.794448,0.744542,0.733851,0.690578,0.709278,0.743056,0.748022,0.754969,0.696692,0.693705,0.628792,0.490126
Hairbrush,0.657145,0.734288,0.58845,0.614127,0.658481,0.577837,0.61584,0.590011,0.660113,0.695088,0.687555,0.721745,0.557865,0.68482,0.610103,0.67899,0.662921,0.623558,0.672387,0.69789,0.707002,0.640569,0.697826,0.554669,0.712051,0.67678,0.59086,0.724145,0.672563,0.656631,0.567298,0.650488,0.652627,0.634304,0.527249,0.684974,0.644168,0.637957,0.677144,0.635447,0.700116,0.749133,0.714741,0.71357,0.622048,0.689055,0.631645,0.536105,0.712187,0.709181,0.704719,0.707996,0.687606,1.0,0.651315,0.689667,0.694726,0.657315,0.672029,0.709156,0.719427,0.651742,0.630482,0.701594,0.68843,0.660722,0.741326,0.723752,0.63954,0.725159,0.671339,0.680701,0.619058,0.700503,0.656899,0.718966,0.638466,0.61233,0.737618,0.712444,0.57709,0.554383,0.39601,0.658252,0.757502,0.598265,0.752578,0.688455,0.676642,0.68544,0.653617,0.520199,0.643832,0.721117,0.676208,0.635487,0.699379,0.660484,0.58352,0.621315,0.588045,0.689802,0.647455,0.665591,0.754418,0.70812,0.681752,0.656457,0.66183,0.614055,0.698429,0.560998,0.717967,0.638944,0.733742,0.702231,0.670911,0.567816,0.710488,0.596685,0.711494,0.675798,0.664588,0.711602,0.673177,0.708008,0.648358,0.735453,0.628772,0.584914
Hairclip,0.562908,0.666889,0.554349,0.614259,0.63281,0.489273,0.514319,0.504037,0.654616,0.663015,0.659553,0.691365,0.55432,0.636829,0.614366,0.637909,0.63541,0.607868,0.628813,0.655239,0.652515,0.654576,0.657657,0.551615,0.664275,0.647947,0.567353,0.681029,0.649361,0.632821,0.538749,0.597903,0.665373,0.629945,0.496869,0.661714,0.586416,0.618568,0.672089,0.602057,0.665725,0.709569,0.63846,0.686584,0.613483,0.65915,0.564744,0.518371,0.671765,0.693244,0.668239,0.697576,0.664396,0.651315,1.0,0.673085,0.639372,0.627416,0.648871,0.689278,0.701734,0.642251,0.59204,0.667999,0.644599,0.678491,0.676964,0.664556,0.601297,0.688067,0.645978,0.671495,0.620719,0.657206,0.621097,0.642612,0.59933,0.580361,0.666128,0.678095,0.554545,0.543357,0.424514,0.629013,0.706782,0.545149,0.707104,0.676123,0.632031,0.667433,0.673018,0.490001,0.616919,0.684731,0.636844,0.57872,0.682633,0.667436,0.561868,0.589722,0.583135,0.674827,0.595819,0.63976,0.694824,0.701044,0.690674,0.610684,0.666268,0.574035,0.658521,0.524366,0.629409,0.622902,0.690768,0.693092,0.607124,0.530435,0.696571,0.617632,0.684046,0.63696,0.620478,0.667169,0.689623,0.689557,0.648315,0.665937,0.63411,0.48981
Handbag,0.637397,0.704492,0.609865,0.74857,0.740662,0.526262,0.586442,0.565828,0.723256,0.750465,0.691718,0.722061,0.659954,0.694493,0.676654,0.721912,0.695403,0.632536,0.704191,0.74194,0.702197,0.709134,0.730661,0.603215,0.728744,0.696299,0.648426,0.711796,0.748501,0.706624,0.645198,0.695214,0.734664,0.685558,0.564578,0.720917,0.661249,0.688048,0.737085,0.643437,0.730542,0.767053,0.711397,0.751853,0.615035,0.645934,0.623726,0.581206,0.728834,0.734402,0.758637,0.736354,0.751763,0.689667,0.673085,1.0,0.700292,0.723992,0.75265,0.696036,0.735651,0.702736,0.667787,0.734983,0.742851,0.750728,0.742442,0.724062,0.709501,0.719354,0.723224,0.746663,0.667221,0.688417,0.697868,0.685471,0.632053,0.664026,0.696117,0.66027,0.623947,0.561803,0.456943,0.680831,0.736402,0.618757,0.745638,0.745449,0.667254,0.718283,0.732491,0.550523,0.695407,0.74591,0.71194,0.66997,0.741862,0.748763,0.656545,0.638167,0.664741,0.738228,0.672192,0.730869,0.721859,0.733707,0.756458,0.668537,0.763751,0.722918,0.749989,0.601228,0.697361,0.723186,0.704304,0.726834,0.689225,0.545186,0.78206,0.692023,0.742186,0.704461,0.700019,0.72629,0.726959,0.758384,0.694654,0.741335,0.667309,0.539558
Hat,0.57382,0.733826,0.662258,0.640981,0.669481,0.553948,0.612726,0.610275,0.682956,0.726086,0.69054,0.698598,0.572546,0.670849,0.618709,0.671843,0.658467,0.59547,0.670309,0.691051,0.718971,0.657687,0.685174,0.592272,0.694632,0.653584,0.592901,0.673178,0.693787,0.703062,0.60345,0.640313,0.671218,0.679497,0.541325,0.677677,0.614352,0.671212,0.669003,0.601955,0.719233,0.748239,0.684179,0.686776,0.587062,0.651526,0.614276,0.626471,0.769145,0.717062,0.711995,0.745582,0.696182,0.694726,0.639372,0.700292,1.0,0.672585,0.685181,0.722194,0.679249,0.650798,0.577162,0.714906,0.663383,0.660069,0.727402,0.691294,0.656137,0.712411,0.684755,0.671695,0.619043,0.69371,0.640792,0.671886,0.605144,0.614873,0.671457,0.68947,0.55969,0.504348,0.417344,0.654698,0.705095,0.623241,0.721588,0.712058,0.628575,0.708907,0.664471,0.537236,0.668174,0.658752,0.668896,0.628316,0.701317,0.660446,0.63114,0.609843,0.61644,0.738269,0.601648,0.702971,0.721833,0.729981,0.731686,0.667793,0.663346,0.653471,0.681379,0.58144,0.694376,0.670656,0.703503,0.693293,0.680962,0.508592,0.714828,0.605249,0.703276,0.692055,0.67841,0.695218,0.675359,0.740661,0.614738,0.694209,0.654346,0.579247
Headphones,0.601273,0.671932,0.629792,0.705915,0.68241,0.543829,0.574103,0.538581,0.647076,0.727489,0.621908,0.633448,0.696509,0.596434,0.738744,0.642622,0.614427,0.562196,0.602558,0.686172,0.717307,0.728585,0.671901,0.561134,0.675493,0.637898,0.654588,0.610596,0.722393,0.687052,0.698326,0.615626,0.749338,0.618858,0.498347,0.635191,0.56618,0.723156,0.731355,0.551996,0.738848,0.731858,0.692514,0.739274,0.563347,0.550149,0.586496,0.656295,0.767261,0.713398,0.704664,0.751061,0.696161,0.657315,0.627416,0.723992,0.672585,1.0,0.721557,0.63355,0.692395,0.66167,0.567555,0.67479,0.679061,0.72487,0.743267,0.642808,0.744041,0.678871,0.728776,0.714021,0.624402,0.649193,0.653622,0.603837,0.620792,0.5993,0.601977,0.577359,0.525604,0.505947,0.445306,0.644997,0.653619,0.576587,0.702848,0.705184,0.597954,0.741461,0.714223,0.49623,0.659961,0.67928,0.655,0.627078,0.755533,0.735939,0.640796,0.613397,0.588571,0.694703,0.587125,0.721711,0.677086,0.684221,0.748755,0.577306,0.752472,0.663826,0.685188,0.607893,0.718472,0.673263,0.632793,0.682622,0.625923,0.472439,0.751444,0.687351,0.68031,0.672926,0.595506,0.66417,0.715578,0.760009,0.631231,0.693713,0.641242,0.566188
Hourglass,0.599943,0.695086,0.596231,0.737283,0.785859,0.485494,0.56621,0.510231,0.714651,0.799423,0.653263,0.709659,0.663682,0.67754,0.679427,0.722847,0.698376,0.636366,0.679697,0.741992,0.672737,0.69837,0.731096,0.577291,0.727417,0.679951,0.651215,0.71344,0.817862,0.734513,0.661864,0.696132,0.700361,0.653363,0.522308,0.725378,0.681746,0.677842,0.734496,0.638959,0.715276,0.759261,0.728501,0.780823,0.596836,0.60583,0.586642,0.565141,0.744396,0.720562,0.737023,0.725518,0.76324,0.672029,0.648871,0.75265,0.685181,0.721557,1.0,0.679013,0.734583,0.676743,0.691703,0.753322,0.773647,0.743472,0.790423,0.759655,0.717875,0.714604,0.718784,0.798199,0.644693,0.676178,0.670936,0.6623,0.594874,0.662041,0.727645,0.643552,0.618698,0.557473,0.442349,0.670187,0.763827,0.634598,0.759529,0.755679,0.653099,0.722423,0.712772,0.513753,0.738679,0.753423,0.726336,0.637533,0.739809,0.748976,0.61409,0.608559,0.619527,0.705044,0.683429,0.758325,0.730055,0.716831,0.742703,0.639027,0.759226,0.696556,0.759291,0.584108,0.674229,0.693811,0.697796,0.711503,0.708449,0.52888,0.829909,0.678772,0.718987,0.720061,0.652461,0.776229,0.715886,0.768989,0.716292,0.743107,0.653108,0.503151
Kayak,0.545944,0.740309,0.594689,0.615212,0.653879,0.479745,0.535724,0.526954,0.70534,0.713379,0.742134,0.761183,0.563921,0.707127,0.613482,0.685276,0.722343,0.644491,0.683908,0.684789,0.73381,0.711186,0.715032,0.571327,0.713639,0.682876,0.577903,0.766682,0.68386,0.678154,0.553786,0.633731,0.673092,0.686727,0.505338,0.717302,0.635857,0.645524,0.704628,0.660958,0.713233,0.794173,0.696297,0.719552,0.637322,0.790677,0.589103,0.56331,0.755563,0.774317,0.702439,0.774662,0.71561,0.709156,0.689278,0.696036,0.722194,0.63355,0.679013,1.0,0.740903,0.690047,0.636313,0.730297,0.67254,0.711752,0.727941,0.743084,0.603428,0.764516,0.670459,0.704327,0.639065,0.703797,0.658478,0.707475,0.61632,0.615787,0.768142,0.827223,0.575026,0.539029,0.396151,0.683022,0.798504,0.578362,0.788674,0.739953,0.687447,0.71827,0.693084,0.511619,0.641912,0.7245,0.687611,0.593454,0.739923,0.69651,0.564692,0.592502,0.601069,0.750091,0.640939,0.672534,0.795871,0.800545,0.743481,0.672119,0.679555,0.586585,0.701546,0.509196,0.691138,0.699183,0.797726,0.782345,0.656376,0.566736,0.73562,0.644076,0.747482,0.68422,0.680643,0.734811,0.734102,0.740358,0.662132,0.729663,0.668898,0.508459
Key,0.577792,0.729787,0.544308,0.669412,0.71927,0.460332,0.532627,0.509663,0.698528,0.748763,0.711254,0.776895,0.627054,0.698992,0.679059,0.70668,0.680581,0.673624,0.681424,0.735557,0.70669,0.705131,0.737148,0.561999,0.732426,0.716777,0.622555,0.788926,0.738671,0.685002,0.585196,0.659586,0.718818,0.656154,0.498316,0.738032,0.669343,0.677055,0.759571,0.66742,0.727757,0.784805,0.720391,0.809269,0.647824,0.725584,0.609234,0.502933,0.732035,0.78939,0.731815,0.755758,0.733261,0.719427,0.701734,0.735651,0.679249,0.692395,0.734583,0.740903,1.0,0.667989,0.689611,0.73585,0.736375,0.757857,0.750713,0.762181,0.677393,0.757773,0.70634,0.77614,0.656879,0.718127,0.688095,0.709759,0.600433,0.624165,0.769547,0.752456,0.606819,0.593834,0.395039,0.684489,0.834942,0.572217,0.812738,0.736609,0.710853,0.729481,0.732855,0.502365,0.682281,0.804296,0.709299,0.608873,0.791825,0.759642,0.573107,0.618141,0.593646,0.713641,0.664493,0.674433,0.797193,0.753672,0.740115,0.641695,0.758161,0.605778,0.743717,0.546767,0.683599,0.647481,0.775464,0.742782,0.659107,0.596104,0.803765,0.670402,0.748669,0.683325,0.668109,0.759631,0.743519,0.762312,0.732402,0.76946,0.647795,0.494091
Kite,0.601555,0.643986,0.562083,0.667797,0.665821,0.531591,0.53059,0.532344,0.679717,0.658371,0.650246,0.675784,0.63147,0.665524,0.621842,0.661048,0.680328,0.602985,0.662541,0.659964,0.683007,0.654327,0.654458,0.539475,0.660871,0.668275,0.598795,0.67907,0.659201,0.636578,0.573417,0.629957,0.657801,0.623369,0.531976,0.683563,0.612873,0.603507,0.66306,0.647955,0.661846,0.73626,0.668728,0.669126,0.636904,0.625875,0.562741,0.578525,0.672024,0.685484,0.691858,0.719096,0.688119,0.651742,0.642251,0.702736,0.650798,0.66167,0.676743,0.690047,0.667989,1.0,0.634498,0.687669,0.674277,0.696785,0.68598,0.671115,0.612103,0.697101,0.670309,0.66916,0.627134,0.631121,0.651888,0.67195,0.67312,0.60388,0.667744,0.64899,0.576342,0.529338,0.411478,0.632314,0.701302,0.565213,0.691931,0.682851,0.60852,0.657487,0.679886,0.536931,0.603788,0.674156,0.648136,0.643303,0.688384,0.680029,0.580512,0.587603,0.676375,0.69335,0.665128,0.655906,0.675137,0.694236,0.712182,0.626702,0.711431,0.673483,0.672088,0.549539,0.683774,0.731807,0.675158,0.720921,0.630421,0.531422,0.69522,0.630388,0.742201,0.659418,0.620737,0.667872,0.696191,0.697664,0.653478,0.674322,0.63271,0.522031
Ladder,0.544705,0.610291,0.454091,0.605304,0.748838,0.390792,0.476558,0.445265,0.651358,0.639911,0.601907,0.696754,0.575218,0.67645,0.5282,0.662154,0.648904,0.58688,0.635947,0.653554,0.591436,0.574902,0.677144,0.477237,0.653455,0.634525,0.566374,0.767593,0.674907,0.595401,0.492348,0.661761,0.567208,0.578903,0.4471,0.725672,0.698452,0.538955,0.624461,0.715883,0.604399,0.702857,0.668431,0.700906,0.561538,0.638882,0.493219,0.420806,0.600198,0.672148,0.645991,0.620493,0.686107,0.630482,0.59204,0.667787,0.577162,0.567555,0.691703,0.636313,0.689611,0.634498,1.0,0.674095,0.747156,0.659132,0.658413,0.726791,0.564537,0.673762,0.590541,0.68225,0.539301,0.600329,0.61189,0.656476,0.536627,0.601158,0.782651,0.660836,0.59234,0.498007,0.309239,0.612576,0.764942,0.522424,0.703249,0.642982,0.642312,0.590857,0.585856,0.459597,0.596319,0.704847,0.650534,0.559958,0.647292,0.655534,0.462161,0.509163,0.54372,0.596182,0.686337,0.568339,0.693448,0.64967,0.615561,0.595255,0.669713,0.595374,0.698697,0.441112,0.617822,0.640463,0.684286,0.648084,0.625415,0.532467,0.697612,0.571304,0.701261,0.611681,0.606707,0.692899,0.620552,0.646286,0.670948,0.767382,0.539941,0.411771
Lamp,0.584327,0.734333,0.626009,0.682032,0.733052,0.507929,0.56942,0.555851,0.70958,0.763793,0.691626,0.73945,0.604911,0.711953,0.631451,0.715545,0.697628,0.647994,0.700733,0.724772,0.702525,0.674447,0.725449,0.604483,0.723418,0.693761,0.616697,0.739919,0.752104,0.718048,0.601016,0.679861,0.681972,0.673883,0.538599,0.727035,0.676632,0.663502,0.702864,0.66364,0.717313,0.784582,0.717808,0.751782,0.633184,0.678642,0.60785,0.582344,0.737225,0.73628,0.733008,0.745481,0.736214,0.701594,0.667999,0.734983,0.714906,0.67479,0.753322,0.730297,0.73585,0.687669,0.674095,1.0,0.73392,0.712759,0.769498,0.769292,0.671308,0.745705,0.693699,0.742723,0.648562,0.708933,0.669229,0.708515,0.6172,0.648051,0.746857,0.711328,0.608673,0.551905,0.42339,0.678594,0.77653,0.623797,0.76567,0.736248,0.67688,0.710662,0.691402,0.539309,0.705495,0.732994,0.707271,0.642906,0.724071,0.706408,0.598775,0.621008,0.639705,0.719898,0.670268,0.719428,0.759422,0.74419,0.731717,0.672281,0.711327,0.670976,0.73944,0.561478,0.692312,0.695621,0.741547,0.725795,0.704434,0.559929,0.775847,0.642716,0.749487,0.718075,0.680691,0.768515,0.716805,0.760789,0.693545,0.749902,0.666297,0.525708
Lantern,0.632936,0.674964,0.55087,0.695915,0.78285,0.48394,0.571317,0.530231,0.726098,0.735068,0.669257,0.73895,0.647276,0.725708,0.635041,0.730213,0.700691,0.633923,0.70388,0.746842,0.657863,0.675664,0.750273,0.547756,0.730129,0.678214,0.646975,0.757004,0.780342,0.700673,0.616093,0.740618,0.667178,0.659509,0.516948,0.768293,0.748446,0.648077,0.707657,0.70081,0.694699,0.750605,0.734076,0.766643,0.591705,0.644143,0.580832,0.512119,0.694784,0.728263,0.714284,0.704639,0.763671,0.68843,0.644599,0.742851,0.663383,0.679061,0.773647,0.67254,0.736375,0.674277,0.747156,0.73392,1.0,0.72829,0.744082,0.768325,0.695058,0.719464,0.68251,0.761552,0.613935,0.659364,0.654582,0.685735,0.604928,0.698144,0.753077,0.669901,0.6576,0.533417,0.388695,0.686903,0.783602,0.609916,0.751226,0.730794,0.680352,0.682102,0.672217,0.516686,0.700254,0.736357,0.726446,0.626244,0.719256,0.719797,0.550733,0.586911,0.608352,0.678157,0.693583,0.6902,0.724817,0.718034,0.709487,0.669524,0.736936,0.665063,0.767528,0.539343,0.677217,0.692936,0.705184,0.717709,0.714144,0.55116,0.787831,0.666774,0.727871,0.694667,0.688254,0.75425,0.690197,0.735203,0.714313,0.756466,0.61386,0.496037
Lawnmower,0.616398,0.661658,0.540605,0.735734,0.722642,0.483496,0.538558,0.493239,0.717946,0.732559,0.687212,0.723227,0.70822,0.662196,0.71561,0.695861,0.707174,0.652828,0.65993,0.716059,0.664834,0.795497,0.727004,0.559348,0.721756,0.684334,0.65211,0.710178,0.762178,0.688136,0.652239,0.676783,0.764688,0.665229,0.50536,0.717475,0.624184,0.667524,0.806483,0.64553,0.728374,0.749674,0.689883,0.763842,0.627993,0.646467,0.581522,0.545858,0.715205,0.754983,0.719413,0.749622,0.773266,0.660722,0.678491,0.750728,0.660069,0.72487,0.743472,0.711752,0.757857,0.696785,0.659132,0.712759,0.72829,1.0,0.723269,0.695905,0.688386,0.703787,0.717887,0.807961,0.673082,0.657964,0.672469,0.637589,0.61795,0.658797,0.665435,0.673343,0.586828,0.572863,0.44576,0.695769,0.753967,0.571957,0.759128,0.763417,0.667108,0.705629,0.792212,0.503503,0.677508,0.754581,0.717018,0.604125,0.756702,0.810867,0.589188,0.602118,0.618204,0.725999,0.641652,0.716094,0.700272,0.75872,0.774125,0.627636,0.824759,0.642385,0.764754,0.582214,0.666108,0.703695,0.700203,0.786931,0.653803,0.544737,0.796482,0.794436,0.721076,0.66978,0.645291,0.720481,0.79728,0.746937,0.726909,0.673863,0.658019,0.482077
Lightbulb,0.633739,0.750385,0.650549,0.694611,0.732175,0.555908,0.615958,0.559554,0.700655,0.794825,0.690664,0.724922,0.656147,0.694058,0.696002,0.719928,0.699467,0.64628,0.689424,0.73559,0.727028,0.702593,0.741213,0.610133,0.74873,0.708066,0.655987,0.728169,0.791703,0.752465,0.670538,0.677983,0.721307,0.662704,0.54324,0.710753,0.662859,0.716753,0.730181,0.652038,0.750929,0.787609,0.761629,0.781707,0.642064,0.659535,0.635499,0.630536,0.787164,0.759704,0.744528,0.772173,0.745578,0.741326,0.676964,0.742442,0.727402,0.743267,0.790423,0.727941,0.750713,0.68598,0.658413,0.769498,0.744082,0.723269,1.0,0.779887,0.722524,0.763915,0.737577,0.763367,0.662986,0.719289,0.693431,0.70702,0.646408,0.648761,0.745183,0.70113,0.597969,0.5653,0.44362,0.69191,0.773456,0.652728,0.790399,0.759211,0.691518,0.76256,0.715146,0.528415,0.747893,0.756648,0.721846,0.659027,0.760523,0.725625,0.631916,0.647654,0.63083,0.729079,0.665004,0.777229,0.783554,0.735251,0.745991,0.664548,0.732346,0.673882,0.746655,0.592137,0.732899,0.689111,0.743939,0.729401,0.721334,0.559143,0.810019,0.66139,0.743782,0.747603,0.664151,0.79631,0.731262,0.793451,0.700799,0.753403,0.676463,0.572532
Lipstick,0.567618,0.718108,0.568208,0.668349,0.729015,0.436875,0.516973,0.530117,0.695204,0.754718,0.689927,0.756348,0.505767,0.777148,0.610197,0.71042,0.678165,0.62655,0.726698,0.740757,0.6784,0.643253,0.794119,0.567427,0.752027,0.695214,0.584304,0.805076,0.794361,0.715251,0.535715,0.723159,0.666358,0.660166,0.498762,0.733924,0.753844,0.628467,0.696053,0.659702,0.711542,0.816547,0.751391,0.797928,0.633133,0.717429,0.559555,0.502174,0.715803,0.735506,0.747155,0.740375,0.736232,0.723752,0.664556,0.724062,0.691294,0.642808,0.759655,0.743084,0.762181,0.671115,0.726791,0.769292,0.768325,0.695905,0.779887,1.0,0.676669,0.797745,0.668938,0.768091,0.602387,0.70078,0.656405,0.776014,0.579514,0.674775,0.870474,0.765488,0.632838,0.539371,0.332562,0.702722,0.868575,0.609843,0.829855,0.727342,0.767776,0.681417,0.657071,0.502159,0.739127,0.767109,0.718677,0.632711,0.713538,0.683557,0.541911,0.56129,0.61881,0.67954,0.74144,0.667255,0.830705,0.747474,0.686972,0.671337,0.680548,0.661902,0.786655,0.507909,0.674369,0.649584,0.80465,0.709007,0.732601,0.56116,0.785288,0.613264,0.752724,0.710839,0.707034,0.864277,0.705134,0.751284,0.713503,0.791719,0.601442,0.467029
Lock,0.596217,0.64655,0.600976,0.681892,0.681486,0.512763,0.568653,0.539211,0.650154,0.729159,0.618436,0.634952,0.626129,0.642428,0.687799,0.659886,0.600659,0.552312,0.641775,0.70963,0.661154,0.693246,0.709481,0.563835,0.6866,0.6177,0.645805,0.604524,0.74698,0.706757,0.683458,0.668233,0.719274,0.611487,0.500805,0.644677,0.631833,0.697928,0.692213,0.535446,0.704253,0.696957,0.674146,0.722521,0.519614,0.537135,0.584653,0.602589,0.725671,0.673572,0.68855,0.70754,0.695685,0.63954,0.601297,0.709501,0.656137,0.744041,0.717875,0.603428,0.677393,0.612103,0.564537,0.671308,0.695058,0.688386,0.722524,0.676669,1.0,0.660081,0.693586,0.706753,0.596784,0.624204,0.61077,0.610671,0.569097,0.658093,0.597122,0.563729,0.586326,0.477608,0.439604,0.660869,0.660697,0.603606,0.690262,0.704035,0.626215,0.700918,0.681474,0.500255,0.699957,0.663401,0.668692,0.614245,0.71591,0.686913,0.605021,0.583659,0.58811,0.664965,0.600222,0.721322,0.65832,0.672571,0.700343,0.608358,0.69895,0.653095,0.706085,0.57985,0.651945,0.630904,0.615331,0.654362,0.662374,0.457689,0.739738,0.671139,0.638288,0.6763,0.644694,0.698188,0.666759,0.736378,0.615639,0.660339,0.613082,0.533933
Lollipop,0.556342,0.760384,0.640003,0.643269,0.688011,0.489257,0.538819,0.540029,0.679125,0.723277,0.701131,0.744548,0.573906,0.72923,0.628481,0.697475,0.672099,0.644121,0.69533,0.710907,0.722973,0.666012,0.74883,0.596184,0.723438,0.712554,0.59958,0.78138,0.71139,0.700314,0.569117,0.662234,0.692529,0.64686,0.512491,0.712788,0.686616,0.66933,0.693953,0.652728,0.723143,0.810863,0.738113,0.757924,0.661304,0.723427,0.595311,0.577421,0.745655,0.776412,0.734784,0.772317,0.702455,0.725159,0.688067,0.719354,0.712411,0.678871,0.714604,0.764516,0.757773,0.697101,0.673762,0.745705,0.719464,0.703787,0.763915,0.797745,0.660081,1.0,0.690842,0.702462,0.64247,0.723874,0.691974,0.750388,0.609616,0.618075,0.813152,0.758095,0.593702,0.541676,0.416797,0.686068,0.82495,0.594563,0.799932,0.718775,0.726065,0.727684,0.692609,0.518828,0.682827,0.744347,0.691864,0.63286,0.745334,0.698418,0.585193,0.609872,0.622531,0.708199,0.69002,0.686136,0.828482,0.740788,0.70695,0.656967,0.695344,0.618657,0.7236,0.550314,0.719039,0.659784,0.788922,0.723927,0.6791,0.582577,0.753194,0.61455,0.75786,0.713345,0.677034,0.778995,0.722283,0.757825,0.699905,0.787802,0.67081,0.529088
Mask,0.606919,0.686347,0.608459,0.694044,0.681621,0.531083,0.577349,0.538919,0.677238,0.726215,0.658457,0.675226,0.655492,0.640687,0.693762,0.668831,0.652272,0.612505,0.647469,0.699588,0.682647,0.703169,0.686371,0.579553,0.69497,0.660583,0.635684,0.651478,0.724041,0.694454,0.651653,0.641941,0.72158,0.642113,0.531589,0.666949,0.600082,0.688052,0.71383,0.592444,0.719671,0.725976,0.687934,0.716568,0.605882,0.596021,0.608595,0.599157,0.738312,0.721833,0.714607,0.740911,0.70957,0.671339,0.645978,0.723224,0.684755,0.728776,0.718784,0.670459,0.70634,0.670309,0.590541,0.693699,0.68251,0.717887,0.737577,0.668938,0.693586,0.690842,1.0,0.71973,0.654113,0.666434,0.652017,0.641463,0.614731,0.621594,0.631062,0.626311,0.566904,0.547892,0.444309,0.656191,0.690191,0.600011,0.721812,0.718344,0.625246,0.71786,0.723308,0.517965,0.674594,0.695257,0.670667,0.635062,0.739751,0.719372,0.647056,0.623836,0.627678,0.717447,0.610804,0.718933,0.692971,0.700758,0.744941,0.624817,0.734298,0.663737,0.698657,0.600044,0.678634,0.667243,0.663801,0.696894,0.654823,0.524438,0.752653,0.670957,0.692872,0.685336,0.637627,0.693364,0.70824,0.744201,0.650159,0.671419,0.648337,0.556919
Microscope,0.625451,0.671821,0.530308,0.744282,0.768559,0.472859,0.542702,0.494377,0.738723,0.786788,0.682256,0.744137,0.65262,0.696705,0.710703,0.723933,0.722934,0.667913,0.683446,0.754499,0.654307,0.761691,0.747197,0.563335,0.748673,0.683065,0.655547,0.726227,0.83523,0.718414,0.649541,0.721571,0.746481,0.689018,0.501071,0.749018,0.671696,0.674224,0.809633,0.649028,0.739041,0.756966,0.711417,0.804388,0.620311,0.647434,0.580143,0.521337,0.728791,0.726576,0.730583,0.728663,0.803517,0.680701,0.671495,0.746663,0.671695,0.714021,0.798199,0.704327,0.77614,0.66916,0.68225,0.742723,0.761552,0.807961,0.763367,0.768091,0.706753,0.702462,0.71973,1.0,0.654715,0.672399,0.656411,0.659082,0.613193,0.705363,0.699547,0.687988,0.61198,0.591266,0.41818,0.718722,0.793075,0.603099,0.78664,0.790277,0.689483,0.708287,0.772887,0.503301,0.731713,0.774567,0.750653,0.614245,0.750302,0.801856,0.585479,0.601364,0.620942,0.724584,0.664286,0.734774,0.710718,0.773235,0.789209,0.647785,0.799693,0.677904,0.797037,0.57634,0.646957,0.693613,0.714596,0.765368,0.705822,0.550034,0.841539,0.764918,0.725193,0.686583,0.658095,0.774227,0.771722,0.76028,0.735124,0.691318,0.632627,0.464368
Minerals,0.556208,0.693168,0.584306,0.648651,0.606237,0.482308,0.520066,0.495173,0.634842,0.66408,0.612759,0.64295,0.544252,0.584976,0.619366,0.643491,0.608823,0.624881,0.617212,0.661781,0.631204,0.631335,0.600793,0.578482,0.614511,0.626849,0.550677,0.606293,0.626042,0.610171,0.545272,0.575635,0.642861,0.594097,0.513574,0.611207,0.551411,0.605087,0.666576,0.537068,0.653606,0.667574,0.597544,0.645153,0.611752,0.574982,0.662269,0.505638,0.636581,0.623146,0.672601,0.656944,0.632515,0.619058,0.620719,0.667221,0.619043,0.624402,0.644693,0.639065,0.656879,0.627134,0.539301,0.648562,0.613935,0.673082,0.662986,0.602387,0.596784,0.64247,0.654113,0.654715,1.0,0.670456,0.617867,0.611455,0.589187,0.54412,0.593151,0.583719,0.540236,0.605027,0.520522,0.580498,0.635376,0.548181,0.654522,0.648628,0.569162,0.643627,0.668999,0.498633,0.606909,0.689534,0.601513,0.606482,0.629469,0.660181,0.628976,0.658577,0.608121,0.661375,0.579625,0.680207,0.634968,0.634488,0.669884,0.576851,0.670676,0.603012,0.638895,0.576496,0.59547,0.612683,0.625046,0.66886,0.586394,0.540381,0.676187,0.618961,0.65569,0.630391,0.585359,0.630683,0.659799,0.664796,0.62589,0.619393,0.696261,0.544141
Mushroom,0.541847,0.786661,0.636275,0.639441,0.653686,0.510362,0.562104,0.550401,0.66619,0.711392,0.671108,0.717325,0.52467,0.649465,0.602102,0.681879,0.631792,0.633681,0.653104,0.6973,0.693805,0.627918,0.663053,0.614044,0.671416,0.671037,0.560947,0.707312,0.661186,0.657968,0.537374,0.603264,0.651354,0.652333,0.52517,0.671979,0.615861,0.644968,0.674089,0.594664,0.696974,0.74012,0.666405,0.711302,0.640453,0.67441,0.656457,0.530914,0.704666,0.698329,0.71725,0.708511,0.662024,0.700503,0.657206,0.688417,0.69371,0.649193,0.676178,0.703797,0.718127,0.631121,0.600329,0.708933,0.659364,0.657964,0.719289,0.70078,0.624204,0.723874,0.666434,0.672399,0.670456,1.0,0.646971,0.688688,0.587107,0.566434,0.719526,0.69067,0.557452,0.601646,0.46636,0.631577,0.737279,0.582015,0.731032,0.678953,0.644156,0.686801,0.661199,0.518642,0.654323,0.715481,0.646431,0.622726,0.682428,0.663171,0.611824,0.661273,0.595617,0.691518,0.615037,0.679459,0.746143,0.696918,0.687502,0.631047,0.658795,0.613746,0.671799,0.60121,0.660247,0.618271,0.719666,0.683272,0.637785,0.562708,0.713926,0.587575,0.71074,0.671542,0.641135,0.701206,0.678566,0.717204,0.65836,0.734793,0.709279,0.558617
Necklace,0.564801,0.684309,0.5712,0.625521,0.657044,0.49367,0.544145,0.51128,0.619519,0.673433,0.630793,0.654001,0.61161,0.613577,0.605856,0.660227,0.625471,0.596697,0.62179,0.645417,0.660675,0.609578,0.643925,0.541411,0.653866,0.663586,0.575305,0.672063,0.644533,0.629826,0.575191,0.589891,0.643231,0.586417,0.495784,0.628796,0.572763,0.626156,0.658873,0.592376,0.654511,0.707465,0.668512,0.685854,0.589662,0.609093,0.584431,0.535457,0.673028,0.695307,0.676084,0.678079,0.647974,0.656899,0.621097,0.697868,0.640792,0.653622,0.670936,0.658478,0.688095,0.651888,0.61189,0.669229,0.654582,0.672469,0.693431,0.656405,0.61077,0.691974,0.652017,0.656411,0.617867,0.646971,1.0,0.653015,0.572065,0.535411,0.677343,0.627755,0.535917,0.52644,0.429332,0.596014,0.699876,0.556848,0.696506,0.655036,0.614529,0.673833,0.657426,0.49955,0.609793,0.71334,0.631775,0.606207,0.691413,0.68696,0.576369,0.598014,0.580765,0.670907,0.644491,0.665291,0.700984,0.640916,0.663164,0.587025,0.686748,0.59848,0.653489,0.553272,0.68988,0.621291,0.676481,0.655411,0.606657,0.536614,0.705579,0.586593,0.683068,0.648693,0.592371,0.661232,0.655203,0.686564,0.651252,0.697242,0.629936,0.528382
Necktie,0.565472,0.715105,0.569268,0.609525,0.648525,0.472422,0.536488,0.560446,0.641852,0.67322,0.662716,0.714148,0.479534,0.730499,0.552327,0.665415,0.633763,0.60589,0.699115,0.69628,0.676505,0.591214,0.722398,0.555111,0.70069,0.680907,0.54274,0.742864,0.655261,0.646114,0.492106,0.664421,0.626075,0.604289,0.521517,0.673106,0.686132,0.594291,0.642203,0.616161,0.669213,0.771308,0.703678,0.699244,0.614681,0.68484,0.588415,0.492144,0.669354,0.681742,0.712347,0.686916,0.661291,0.718966,0.642612,0.685471,0.671886,0.603837,0.6623,0.707475,0.709759,0.67195,0.656476,0.708515,0.685735,0.637589,0.70702,0.776014,0.610671,0.750388,0.641463,0.659082,0.611455,0.688688,0.653015,1.0,0.582269,0.607384,0.795012,0.717678,0.602144,0.532278,0.359103,0.643366,0.79775,0.589485,0.763035,0.662554,0.723686,0.652095,0.625963,0.523902,0.634587,0.724231,0.654416,0.657019,0.67267,0.633373,0.556599,0.573384,0.628044,0.660251,0.721565,0.628657,0.783692,0.69239,0.645581,0.653241,0.639417,0.63812,0.705853,0.528002,0.690081,0.614535,0.752628,0.671043,0.676994,0.557775,0.690304,0.548178,0.717692,0.679379,0.67002,0.75382,0.649324,0.687401,0.647481,0.758328,0.610365,0.51974
Orifan,0.641526,0.594359,0.521816,0.596611,0.589064,0.581524,0.536319,0.532894,0.639222,0.597375,0.616415,0.62477,0.58738,0.595344,0.602983,0.599737,0.628239,0.554635,0.601349,0.608804,0.637022,0.619715,0.575223,0.507548,0.604243,0.599774,0.564094,0.587742,0.59201,0.574309,0.553728,0.582935,0.613292,0.607233,0.516958,0.626726,0.545219,0.581606,0.60936,0.596248,0.620306,0.642045,0.607758,0.603085,0.600545,0.586893,0.552599,0.5468,0.622858,0.591276,0.612961,0.642795,0.63332,0.638466,0.59933,0.632053,0.605144,0.620792,0.594874,0.61632,0.600433,0.67312,0.536627,0.6172,0.604928,0.61795,0.646408,0.579514,0.569097,0.609616,0.614731,0.613193,0.589187,0.587107,0.572065,0.582269,1.0,0.572239,0.572419,0.59067,0.52845,0.498504,0.417943,0.584193,0.59626,0.527667,0.611144,0.632023,0.541642,0.609887,0.617651,0.493738,0.547866,0.601537,0.595559,0.582412,0.600671,0.610502,0.554674,0.579797,0.607734,0.638702,0.5609,0.612557,0.576613,0.640876,0.656534,0.588934,0.629664,0.595835,0.604695,0.523227,0.617373,0.681282,0.599095,0.665404,0.572161,0.48924,0.619126,0.602762,0.663927,0.589652,0.575888,0.5739,0.628821,0.625026,0.582105,0.57198,0.587133,0.525546
Oven,0.616917,0.55941,0.499137,0.631484,0.667899,0.459736,0.519486,0.517109,0.694904,0.649811,0.63704,0.680534,0.532369,0.731523,0.597434,0.65088,0.658148,0.54233,0.68587,0.699002,0.589138,0.698074,0.738547,0.51767,0.692212,0.568168,0.60998,0.622544,0.738428,0.664584,0.594798,0.775524,0.663273,0.65081,0.493656,0.724386,0.720812,0.602793,0.654769,0.604717,0.65871,0.662021,0.633962,0.648821,0.506007,0.587359,0.511269,0.513181,0.647588,0.626114,0.633406,0.651683,0.741379,0.61233,0.580361,0.664026,0.614873,0.5993,0.662041,0.615787,0.624165,0.60388,0.601158,0.648051,0.698144,0.658797,0.648761,0.674775,0.658093,0.618075,0.621594,0.705363,0.54412,0.566434,0.535411,0.607384,0.572239,1.0,0.585371,0.623114,0.654392,0.445538,0.361247,0.694541,0.669571,0.581481,0.671944,0.717701,0.65286,0.605343,0.634411,0.496616,0.659468,0.58855,0.690569,0.557197,0.622478,0.633772,0.5081,0.504374,0.59969,0.638229,0.599944,0.629612,0.601615,0.736582,0.697783,0.669579,0.638594,0.633675,0.723008,0.479565,0.569009,0.67025,0.609771,0.689654,0.689867,0.44572,0.672949,0.687417,0.634882,0.623315,0.710093,0.6794,0.647946,0.659173,0.587399,0.586556,0.53888,0.427527
Paintbrush,0.521232,0.758527,0.543008,0.617508,0.721911,0.403646,0.490979,0.499637,0.669065,0.703961,0.680698,0.770678,0.489306,0.747,0.54602,0.693345,0.663507,0.633742,0.698075,0.707716,0.69544,0.591238,0.748083,0.535778,0.713373,0.70373,0.543344,0.868369,0.689373,0.641899,0.470101,0.662955,0.602616,0.621548,0.472183,0.736545,0.743989,0.590434,0.661246,0.689326,0.669451,0.823665,0.750445,0.771809,0.641911,0.778149,0.555784,0.438351,0.683304,0.744638,0.731248,0.703858,0.684139,0.737618,0.666128,0.696117,0.671457,0.601977,0.727645,0.768142,0.769547,0.667744,0.782651,0.746857,0.753077,0.665435,0.745183,0.870474,0.597122,0.813152,0.631062,0.699547,0.593151,0.719526,0.677343,0.795012,0.572419,0.585371,1.0,0.808412,0.600455,0.540263,0.319942,0.65754,0.897949,0.55956,0.827573,0.682152,0.753821,0.662548,0.611117,0.480953,0.646287,0.786668,0.68325,0.610751,0.709096,0.66539,0.495604,0.556364,0.574004,0.650035,0.764015,0.606022,0.871631,0.717839,0.633097,0.640207,0.655302,0.613762,0.734818,0.482062,0.688203,0.63639,0.838292,0.691879,0.670939,0.596064,0.746849,0.546822,0.767843,0.683283,0.663253,0.807236,0.669009,0.708519,0.713719,0.89454,0.613171,0.460165
Pen,0.522357,0.713667,0.523799,0.560402,0.639493,0.418025,0.49118,0.510174,0.696071,0.67883,0.750931,0.789235,0.498874,0.727184,0.56605,0.66756,0.7023,0.626237,0.680124,0.668207,0.704575,0.676393,0.715056,0.522113,0.708288,0.664905,0.534884,0.806161,0.664106,0.636363,0.476726,0.637665,0.628677,0.683558,0.473918,0.736532,0.660781,0.607151,0.680458,0.687973,0.688255,0.783338,0.688636,0.725294,0.617981,0.842586,0.553842,0.471893,0.718512,0.772806,0.670552,0.742925,0.704439,0.712444,0.678095,0.66027,0.68947,0.577359,0.643552,0.827223,0.752456,0.64899,0.660836,0.711328,0.669901,0.673343,0.70113,0.765488,0.563729,0.758095,0.626311,0.687988,0.583719,0.69067,0.627755,0.717678,0.59067,0.623114,0.808412,1.0,0.580656,0.51455,0.315534,0.670526,0.841752,0.535252,0.800551,0.717922,0.70341,0.672579,0.629877,0.480629,0.611442,0.71504,0.680881,0.553469,0.716808,0.661855,0.494224,0.54675,0.559006,0.703368,0.635324,0.594102,0.813724,0.819944,0.704569,0.673745,0.632459,0.533392,0.697904,0.450738,0.659459,0.661434,0.822336,0.76527,0.639708,0.572393,0.705304,0.604532,0.742899,0.640034,0.696676,0.735753,0.707807,0.703964,0.650885,0.742105,0.607203,0.455986
Pictureframe,0.553073,0.567183,0.47512,0.574229,0.63057,0.423238,0.490262,0.481688,0.628434,0.596971,0.596194,0.640773,0.490081,0.669793,0.517951,0.620153,0.590763,0.536162,0.644602,0.650599,0.550408,0.566215,0.651845,0.488515,0.613409,0.561371,0.544838,0.611816,0.635274,0.598463,0.507315,0.687326,0.562153,0.57784,0.48135,0.655626,0.68214,0.550698,0.572483,0.560935,0.578949,0.612697,0.588921,0.609048,0.500821,0.567275,0.518573,0.440948,0.564104,0.572707,0.599368,0.586781,0.638399,0.57709,0.554545,0.623947,0.55969,0.525604,0.618698,0.575026,0.606819,0.576342,0.59234,0.608673,0.6576,0.586828,0.597969,0.632838,0.586326,0.593702,0.566904,0.61198,0.540236,0.557452,0.535917,0.602144,0.52845,0.654392,0.600455,0.580656,1.0,0.469036,0.368842,0.592924,0.64596,0.540926,0.619796,0.622741,0.595014,0.560316,0.563353,0.47872,0.596233,0.615479,0.611532,0.546782,0.568744,0.582268,0.478997,0.507938,0.566906,0.585217,0.624643,0.58372,0.585957,0.628736,0.590806,0.610137,0.578483,0.568895,0.646185,0.454063,0.52904,0.580136,0.591168,0.609759,0.618684,0.467572,0.619684,0.571197,0.597553,0.590637,0.647796,0.633174,0.57469,0.60092,0.580838,0.588889,0.536223,0.427538
Pinecone,0.482264,0.602352,0.428276,0.56417,0.537547,0.424677,0.450539,0.396415,0.54842,0.565684,0.516968,0.56784,0.464,0.487196,0.499533,0.54833,0.526859,0.57149,0.51221,0.573622,0.493032,0.503694,0.503668,0.46532,0.51532,0.556388,0.466307,0.557943,0.536103,0.505237,0.43306,0.485613,0.508711,0.519518,0.426399,0.530958,0.472643,0.485148,0.565927,0.488092,0.532961,0.552435,0.507428,0.575042,0.590578,0.499453,0.552658,0.370119,0.507124,0.515948,0.579896,0.520841,0.540098,0.554383,0.543357,0.561803,0.504348,0.505947,0.557473,0.539029,0.593834,0.529338,0.498007,0.551905,0.533417,0.572863,0.5653,0.539371,0.477608,0.541676,0.547892,0.591266,0.605027,0.601646,0.52644,0.532278,0.498504,0.445538,0.540263,0.51455,0.469036,1.0,0.444852,0.487239,0.578637,0.463747,0.570072,0.537882,0.510644,0.528864,0.573836,0.411994,0.509225,0.636108,0.513952,0.510035,0.519388,0.573567,0.512072,0.576704,0.498976,0.554434,0.521489,0.552135,0.536972,0.531955,0.54512,0.481645,0.577484,0.501716,0.563107,0.491015,0.490946,0.481669,0.545494,0.550284,0.493881,0.502177,0.599681,0.506321,0.565512,0.522469,0.478612,0.550877,0.557749,0.544204,0.584885,0.530357,0.598874,0.440418
Pizza,0.393895,0.508516,0.54007,0.450338,0.385162,0.434359,0.422204,0.360735,0.415928,0.456744,0.397312,0.375905,0.421042,0.336061,0.436293,0.456657,0.398503,0.402894,0.392818,0.43535,0.432853,0.424622,0.376484,0.478052,0.402512,0.421019,0.43075,0.331014,0.409645,0.444505,0.45783,0.352044,0.447432,0.386435,0.376592,0.365391,0.321175,0.425712,0.438157,0.308335,0.432025,0.388324,0.373506,0.392972,0.389691,0.336932,0.502227,0.443073,0.443552,0.382235,0.437206,0.423076,0.406437,0.39601,0.424514,0.456943,0.417344,0.445306,0.442349,0.396151,0.395039,0.411478,0.309239,0.42339,0.388695,0.44576,0.44362,0.332562,0.439604,0.416797,0.444309,0.41818,0.520522,0.46636,0.429332,0.359103,0.417943,0.361247,0.319942,0.315534,0.368842,0.444852,1.0,0.382188,0.337135,0.412902,0.373623,0.440121,0.339203,0.467409,0.477282,0.382693,0.426757,0.446505,0.396614,0.419695,0.401414,0.427034,0.467478,0.560625,0.404128,0.446702,0.366077,0.559891,0.36147,0.387404,0.43652,0.372798,0.43387,0.386542,0.388688,0.486846,0.42119,0.392845,0.357051,0.423823,0.376982,0.328838,0.451075,0.421806,0.389672,0.447207,0.370671,0.3741,0.43133,0.447076,0.418786,0.364263,0.639844,0.450278
Plug,0.598756,0.641691,0.551835,0.640006,0.676722,0.491296,0.528693,0.509903,0.688525,0.678186,0.660876,0.699167,0.543438,0.713412,0.625084,0.662028,0.658415,0.569024,0.671576,0.696644,0.64494,0.707668,0.732452,0.566634,0.710485,0.62584,0.608146,0.687238,0.719861,0.680471,0.589309,0.709465,0.698553,0.664329,0.490683,0.710703,0.668907,0.644516,0.701709,0.608692,0.698072,0.723693,0.661963,0.696466,0.570202,0.658655,0.543949,0.550931,0.688693,0.69409,0.676655,0.707094,0.719094,0.658252,0.629013,0.680831,0.654698,0.644997,0.670187,0.683022,0.684489,0.632314,0.612576,0.678594,0.686903,0.695769,0.69191,0.702722,0.660869,0.686068,0.656191,0.718722,0.580498,0.631577,0.596014,0.643366,0.584193,0.694541,0.65754,0.670526,0.592924,0.487239,0.382188,1.0,0.721214,0.579355,0.726825,0.721881,0.680889,0.659685,0.678852,0.494265,0.673401,0.648532,0.686514,0.573867,0.688649,0.681169,0.539239,0.555397,0.596458,0.685999,0.62762,0.653498,0.684857,0.736627,0.731582,0.657468,0.668443,0.624575,0.729528,0.521356,0.614582,0.665996,0.680219,0.715904,0.678478,0.488353,0.703838,0.69134,0.681479,0.654538,0.666672,0.708075,0.705532,0.71015,0.634375,0.659289,0.603176,0.468266
Pogostick,0.565185,0.755887,0.545796,0.660892,0.756012,0.43038,0.515402,0.517446,0.722369,0.755909,0.735615,0.82304,0.567925,0.792995,0.617095,0.739481,0.71656,0.694798,0.734023,0.756679,0.712547,0.6938,0.802084,0.559414,0.763626,0.736446,0.60068,0.87611,0.771554,0.703071,0.535732,0.725264,0.683845,0.665606,0.495867,0.786942,0.764989,0.641093,0.752647,0.717374,0.725357,0.840291,0.771167,0.833811,0.671821,0.794988,0.584639,0.478539,0.735924,0.798734,0.754257,0.765076,0.763873,0.757502,0.706782,0.736402,0.705095,0.653619,0.763827,0.798504,0.834942,0.701302,0.764942,0.77653,0.783602,0.753967,0.773456,0.868575,0.660697,0.82495,0.690191,0.793075,0.635376,0.737279,0.699876,0.79775,0.59626,0.669571,0.897949,0.841752,0.64596,0.578637,0.337135,0.721214,1.0,0.591184,0.867674,0.753471,0.78592,0.710452,0.700226,0.505646,0.699113,0.824298,0.746363,0.62668,0.767812,0.750798,0.535542,0.585711,0.611987,0.708992,0.761199,0.659947,0.870542,0.797328,0.722646,0.682694,0.734476,0.618055,0.793515,0.513609,0.707503,0.665197,0.850507,0.772781,0.715672,0.632008,0.805655,0.654137,0.793349,0.707274,0.712689,0.84127,0.749227,0.766002,0.760956,0.836583,0.627968,0.470117
Pot,0.555167,0.619022,0.581657,0.581748,0.611795,0.517125,0.574501,0.520739,0.596459,0.638635,0.572395,0.586438,0.518693,0.602268,0.541784,0.604722,0.574644,0.525685,0.607426,0.623887,0.580373,0.562743,0.618348,0.528216,0.621887,0.567415,0.54381,0.553218,0.65173,0.658133,0.559361,0.603104,0.57664,0.567327,0.502408,0.58684,0.572009,0.580671,0.570618,0.515813,0.601555,0.613871,0.597506,0.59002,0.507436,0.505262,0.543424,0.542235,0.642045,0.579621,0.619158,0.6115,0.619318,0.598265,0.545149,0.618757,0.623241,0.576587,0.634598,0.578362,0.572217,0.565213,0.522424,0.623797,0.609916,0.571957,0.652728,0.609843,0.603606,0.594563,0.600011,0.603099,0.548181,0.582015,0.556848,0.589485,0.527667,0.581481,0.55956,0.535252,0.540926,0.463747,0.412902,0.579355,0.591184,1.0,0.61429,0.620462,0.556466,0.606895,0.578337,0.480332,0.628597,0.584958,0.591892,0.574241,0.586823,0.56997,0.548711,0.544574,0.559237,0.616426,0.56218,0.65308,0.585804,0.596919,0.614528,0.600855,0.580218,0.594641,0.622241,0.519245,0.591837,0.568484,0.570802,0.579182,0.650751,0.433684,0.638932,0.536406,0.579147,0.642527,0.599639,0.632896,0.5662,0.644854,0.550601,0.578269,0.576486,0.532229
Razor,0.596573,0.754688,0.585556,0.678637,0.730355,0.466336,0.552431,0.535673,0.717307,0.769485,0.731335,0.79002,0.590568,0.75323,0.678812,0.71763,0.710817,0.665292,0.718411,0.752841,0.731674,0.738277,0.797718,0.579724,0.774395,0.724507,0.61686,0.808984,0.777027,0.724239,0.591595,0.709049,0.742552,0.680605,0.513617,0.753604,0.710015,0.690236,0.768018,0.677577,0.758556,0.830255,0.764745,0.808323,0.6511,0.754536,0.604696,0.533949,0.767943,0.800166,0.762647,0.784493,0.763315,0.752578,0.707104,0.745638,0.721588,0.702848,0.759529,0.788674,0.812738,0.691931,0.703249,0.76567,0.751226,0.759128,0.790399,0.829855,0.690262,0.799932,0.721812,0.78664,0.654522,0.731032,0.696506,0.763035,0.611144,0.671944,0.827573,0.800551,0.619796,0.570072,0.373623,0.726825,0.867674,0.61429,1.0,0.767926,0.770444,0.744469,0.73449,0.50966,0.721186,0.793062,0.735839,0.639604,0.789025,0.757048,0.584349,0.603723,0.617531,0.738656,0.710119,0.696881,0.84704,0.797618,0.760146,0.684189,0.745013,0.648605,0.78162,0.550022,0.713936,0.677595,0.821115,0.774979,0.716398,0.58394,0.810206,0.688395,0.765491,0.727044,0.706279,0.820307,0.76147,0.783993,0.725185,0.804362,0.653909,0.513018
Recordplayer,0.628134,0.693465,0.592081,0.703295,0.722796,0.513822,0.574405,0.539992,0.738875,0.759251,0.713172,0.743347,0.650723,0.716347,0.696632,0.718464,0.730187,0.63663,0.703049,0.738134,0.702128,0.765027,0.750335,0.591649,0.750311,0.673068,0.655295,0.710683,0.785596,0.72853,0.667533,0.719501,0.74667,0.700371,0.529224,0.747835,0.672355,0.697752,0.757726,0.654449,0.743455,0.762068,0.713619,0.752575,0.603917,0.684775,0.599255,0.591989,0.766051,0.752878,0.71965,0.762419,0.784044,0.688455,0.676123,0.745449,0.712058,0.705184,0.755679,0.739953,0.736609,0.682851,0.642982,0.736248,0.730794,0.763417,0.759211,0.727342,0.704035,0.718775,0.718344,0.790277,0.648628,0.678953,0.655036,0.662554,0.632023,0.717701,0.682152,0.717922,0.622741,0.537882,0.440121,0.721881,0.753471,0.620462,0.767926,1.0,0.680513,0.731824,0.74633,0.530684,0.719249,0.719789,0.738659,0.618175,0.754366,0.754788,0.602866,0.608171,0.637051,0.749311,0.637831,0.743037,0.724573,0.793198,0.792095,0.685292,0.750496,0.667846,0.756369,0.572225,0.676503,0.726824,0.719929,0.776016,0.707479,0.529329,0.787829,0.736126,0.728219,0.700226,0.698933,0.744378,0.750937,0.766438,0.684861,0.693222,0.661123,0.512322
Remotecontrol,0.557375,0.66044,0.514396,0.593332,0.636536,0.413691,0.482166,0.487085,0.62964,0.660554,0.645545,0.696142,0.47417,0.724943,0.580468,0.646749,0.620365,0.577316,0.670913,0.688285,0.633988,0.651129,0.782341,0.531503,0.710128,0.644284,0.562464,0.724757,0.687719,0.650429,0.527757,0.697971,0.701396,0.59461,0.46436,0.669285,0.69272,0.605444,0.675241,0.592546,0.674772,0.734175,0.680519,0.701608,0.5772,0.670688,0.535057,0.470886,0.659178,0.684179,0.67314,0.673066,0.672084,0.676642,0.632031,0.667254,0.628575,0.597954,0.653099,0.687447,0.710853,0.60852,0.642312,0.67688,0.680352,0.667108,0.691518,0.767776,0.626215,0.726065,0.625246,0.689483,0.569162,0.644156,0.614529,0.723686,0.541642,0.65286,0.753821,0.70341,0.595014,0.510644,0.339203,0.680889,0.78592,0.556466,0.770444,0.680513,1.0,0.649926,0.666158,0.472846,0.660934,0.711884,0.663048,0.579696,0.675649,0.656542,0.505184,0.525152,0.566174,0.638462,0.693547,0.614789,0.755341,0.700823,0.642419,0.622001,0.644053,0.581591,0.722503,0.478351,0.627396,0.585551,0.730013,0.675924,0.658768,0.522555,0.685094,0.619533,0.675749,0.650398,0.65285,0.753627,0.663579,0.674532,0.647059,0.715817,0.568306,0.437559
Ring,0.574153,0.725251,0.64418,0.650943,0.671863,0.531887,0.581261,0.531715,0.666887,0.746406,0.678624,0.689792,0.655349,0.641424,0.693937,0.681043,0.659673,0.610534,0.64489,0.695166,0.72881,0.707666,0.703706,0.587345,0.709091,0.675705,0.642549,0.673057,0.72041,0.717665,0.673902,0.619575,0.72657,0.638092,0.509822,0.668162,0.597867,0.718208,0.706479,0.597971,0.731968,0.747864,0.702969,0.736992,0.594662,0.64221,0.614395,0.63576,0.784556,0.76397,0.700643,0.768657,0.69775,0.68544,0.667433,0.718283,0.708907,0.741461,0.722423,0.71827,0.729481,0.657487,0.590857,0.710662,0.682102,0.705629,0.76256,0.681417,0.700918,0.727684,0.71786,0.708287,0.643627,0.686801,0.673833,0.652095,0.609887,0.605343,0.662548,0.672579,0.560316,0.528864,0.467409,0.659685,0.710452,0.606895,0.744469,0.731824,0.649926,1.0,0.714487,0.513546,0.68468,0.72055,0.675764,0.618544,0.770557,0.713303,0.628794,0.6292,0.590493,0.729234,0.601995,0.744409,0.742469,0.717952,0.744066,0.623294,0.716986,0.61584,0.680404,0.573674,0.718443,0.662236,0.702178,0.711739,0.649789,0.519462,0.767092,0.647414,0.698756,0.705565,0.633797,0.704141,0.702297,0.768261,0.651844,0.712489,0.681823,0.566819
Rollerskates,0.608971,0.669756,0.576595,0.711995,0.677096,0.5178,0.549763,0.49764,0.685295,0.725753,0.66637,0.68791,0.675334,0.632728,0.718609,0.666301,0.671245,0.632888,0.640712,0.699698,0.665616,0.765686,0.70455,0.581022,0.699343,0.676345,0.648439,0.651173,0.729778,0.687269,0.662059,0.639834,0.786568,0.643204,0.512485,0.674407,0.577117,0.67972,0.778831,0.589232,0.723689,0.718443,0.665405,0.720746,0.621922,0.614296,0.586603,0.581427,0.718179,0.723859,0.709427,0.74181,0.734289,0.653617,0.673018,0.732491,0.664471,0.714223,0.712772,0.693084,0.732855,0.679886,0.585856,0.691402,0.672217,0.792212,0.715146,0.657071,0.681474,0.692609,0.723308,0.772887,0.668999,0.661199,0.657426,0.625963,0.617651,0.634411,0.611117,0.629877,0.563353,0.573836,0.477282,0.678852,0.700226,0.578337,0.73449,0.74633,0.666158,0.714487,1.0,0.51327,0.67844,0.710502,0.686249,0.608213,0.751775,0.778917,0.622246,0.619033,0.625962,0.737299,0.614212,0.72891,0.678505,0.724199,0.766345,0.610229,0.790615,0.643503,0.714847,0.604763,0.655941,0.658602,0.671857,0.740466,0.639055,0.521046,0.77008,0.750202,0.687015,0.674247,0.621869,0.691816,0.771859,0.7371,0.684407,0.640845,0.662729,0.502566
Rug,0.485209,0.53924,0.500964,0.510896,0.511234,0.465365,0.475699,0.496384,0.528631,0.525904,0.529236,0.526947,0.455735,0.528015,0.453718,0.544264,0.51205,0.471801,0.543088,0.533757,0.522697,0.477315,0.505223,0.482047,0.517173,0.510307,0.48174,0.496633,0.504096,0.517393,0.471252,0.511702,0.507083,0.511258,0.463129,0.521336,0.486105,0.49277,0.491275,0.474739,0.527959,0.540152,0.50094,0.496189,0.462861,0.475778,0.50397,0.477443,0.526624,0.50542,0.541679,0.535787,0.526244,0.520199,0.490001,0.550523,0.537236,0.49623,0.513753,0.511619,0.502365,0.536931,0.459597,0.539309,0.516686,0.503503,0.528415,0.502159,0.500255,0.518828,0.517965,0.503301,0.498633,0.518642,0.49955,0.523902,0.493738,0.496616,0.480953,0.480629,0.47872,0.411994,0.382693,0.494265,0.505646,0.480332,0.50966,0.530684,0.472846,0.513546,0.51327,1.0,0.497225,0.508874,0.509253,0.508199,0.50854,0.499278,0.482658,0.49439,0.526279,0.548709,0.512429,0.550843,0.505498,0.52689,0.538642,0.528637,0.513417,0.535407,0.515305,0.487123,0.532533,0.526703,0.501892,0.522582,0.508952,0.423807,0.524827,0.470577,0.540827,0.524501,0.531769,0.503027,0.506751,0.537655,0.488036,0.505955,0.526837,0.448669
Saltpeppershaker,0.590263,0.67649,0.602233,0.664089,0.697896,0.489755,0.558449,0.517398,0.667179,0.744021,0.636471,0.669939,0.565884,0.67673,0.645119,0.681817,0.62995,0.588748,0.663846,0.707629,0.633157,0.660392,0.726674,0.589411,0.71082,0.631082,0.609229,0.647062,0.783502,0.734618,0.626382,0.686619,0.694076,0.639834,0.508549,0.671258,0.652321,0.667993,0.684604,0.565401,0.696588,0.700942,0.676348,0.722641,0.560013,0.580998,0.578752,0.557108,0.712364,0.680765,0.693124,0.700301,0.708501,0.643832,0.616919,0.695407,0.668174,0.659961,0.738679,0.641912,0.682281,0.603788,0.596319,0.705495,0.700254,0.677508,0.747893,0.739127,0.699957,0.682827,0.674594,0.731713,0.606909,0.654323,0.609793,0.634587,0.547866,0.659468,0.646287,0.611442,0.596233,0.509225,0.426757,0.673401,0.699113,0.628597,0.721186,0.719249,0.660934,0.68468,0.67844,0.497225,1.0,0.675476,0.681108,0.601234,0.680376,0.677972,0.576083,0.584375,0.594059,0.680127,0.624632,0.727706,0.686993,0.685268,0.700036,0.638297,0.670185,0.64186,0.718969,0.564854,0.6119,0.616192,0.661091,0.663167,0.703172,0.484465,0.749423,0.643788,0.655831,0.693897,0.655934,0.75412,0.668875,0.740088,0.650582,0.65944,0.629611,0.494677
Saxophone,0.596035,0.751139,0.549859,0.687403,0.71246,0.465676,0.545148,0.506939,0.67443,0.750723,0.679934,0.749224,0.628066,0.678836,0.653744,0.729731,0.693367,0.694272,0.679631,0.72766,0.687935,0.670285,0.728064,0.559441,0.71773,0.722941,0.616668,0.773604,0.727674,0.670329,0.589477,0.653363,0.679271,0.612167,0.504752,0.69787,0.664756,0.649727,0.744513,0.647674,0.700881,0.766252,0.720207,0.798263,0.648771,0.692724,0.647131,0.479937,0.705403,0.74065,0.732315,0.709394,0.716076,0.721117,0.684731,0.74591,0.658752,0.67928,0.753423,0.7245,0.804296,0.674156,0.704847,0.732994,0.736357,0.754581,0.756648,0.767109,0.663401,0.744347,0.695257,0.774567,0.689534,0.715481,0.71334,0.724231,0.601537,0.58855,0.786668,0.71504,0.615479,0.636108,0.446505,0.648532,0.824298,0.584958,0.793062,0.719789,0.711884,0.72055,0.710502,0.508874,0.675476,1.0,0.695193,0.637579,0.740124,0.764798,0.590652,0.645255,0.593011,0.690263,0.727675,0.711767,0.784199,0.708711,0.688565,0.61821,0.763858,0.616293,0.755692,0.560182,0.693672,0.642926,0.760912,0.736569,0.653161,0.627614,0.797554,0.6544,0.737465,0.689228,0.638035,0.762746,0.704456,0.732655,0.751783,0.763677,0.669399,0.523659
Scale,0.617345,0.654814,0.546688,0.668009,0.71061,0.487085,0.554662,0.531433,0.70466,0.718723,0.676203,0.716769,0.601264,0.70232,0.632564,0.696329,0.693699,0.60809,0.681319,0.712643,0.657418,0.700152,0.726916,0.552051,0.720131,0.648998,0.624639,0.70074,0.748325,0.686034,0.619975,0.708159,0.683524,0.662213,0.50766,0.726207,0.673894,0.641152,0.712702,0.639425,0.69895,0.730779,0.694032,0.727458,0.577332,0.648257,0.565531,0.537769,0.702306,0.707666,0.688742,0.709074,0.744715,0.676208,0.636844,0.71194,0.668896,0.655,0.726336,0.687611,0.709299,0.648136,0.650534,0.707271,0.726446,0.717018,0.721846,0.718677,0.668692,0.691864,0.670667,0.750653,0.601513,0.646431,0.631775,0.654416,0.595559,0.690569,0.68325,0.680881,0.611532,0.513952,0.396614,0.686514,0.746363,0.591892,0.735839,0.738659,0.663048,0.675764,0.686249,0.509253,0.681108,0.695193,1.0,0.596554,0.703766,0.705367,0.553599,0.572472,0.602676,0.694652,0.640216,0.690959,0.698415,0.742125,0.729051,0.661107,0.701692,0.640286,0.736673,0.536453,0.654779,0.682749,0.692705,0.72798,0.687644,0.518352,0.748209,0.685097,0.700283,0.666088,0.675572,0.722986,0.709025,0.719456,0.667153,0.683814,0.611681,0.480823
Scarf,0.58331,0.65503,0.584227,0.642095,0.615906,0.524017,0.558793,0.563766,0.610735,0.645394,0.592268,0.604565,0.529228,0.606478,0.572189,0.623256,0.584697,0.549335,0.621918,0.647476,0.626103,0.564252,0.616467,0.541125,0.625134,0.616427,0.551487,0.590451,0.623098,0.613243,0.547422,0.59397,0.603612,0.572532,0.531915,0.591239,0.582191,0.585471,0.607457,0.530733,0.633094,0.666986,0.631606,0.622055,0.552474,0.533304,0.601678,0.534305,0.625579,0.58215,0.671296,0.629172,0.616335,0.635487,0.57872,0.66997,0.628316,0.627078,0.637533,0.593454,0.608873,0.643303,0.559958,0.642906,0.626244,0.604125,0.659027,0.632711,0.614245,0.63286,0.635062,0.614245,0.606482,0.622726,0.606207,0.657019,0.582412,0.557197,0.610751,0.553469,0.546782,0.510035,0.419695,0.573867,0.62668,0.574241,0.639604,0.618175,0.579696,0.618544,0.608213,0.508199,0.601234,0.637579,0.596554,1.0,0.612848,0.604555,0.619606,0.592385,0.631588,0.635592,0.619256,0.652922,0.629083,0.604613,0.62579,0.594494,0.628915,0.683334,0.634891,0.574968,0.636847,0.611158,0.609371,0.611739,0.617674,0.483968,0.646618,0.544576,0.642668,0.639416,0.597871,0.639375,0.603268,0.646338,0.582702,0.641672,0.606345,0.580767
Scissors,0.578521,0.697661,0.579066,0.666389,0.709726,0.479697,0.554828,0.51131,0.687095,0.750292,0.701034,0.725328,0.704233,0.674977,0.725014,0.689282,0.678314,0.61964,0.66099,0.712393,0.744578,0.736296,0.732677,0.572154,0.736568,0.69298,0.649908,0.731778,0.7441,0.714399,0.659111,0.636971,0.763845,0.650717,0.500612,0.711469,0.621978,0.719684,0.741726,0.643644,0.73883,0.787163,0.73152,0.779125,0.60066,0.688448,0.584949,0.594645,0.791806,0.834471,0.720029,0.806754,0.732265,0.699379,0.682633,0.741862,0.701317,0.755533,0.739809,0.739923,0.791825,0.688384,0.647292,0.724071,0.719256,0.756702,0.760523,0.713538,0.71591,0.745334,0.739751,0.750302,0.629469,0.682428,0.691413,0.67267,0.600671,0.622478,0.709096,0.716808,0.568744,0.519388,0.401414,0.688649,0.767812,0.586823,0.789025,0.754366,0.675649,0.770557,0.751775,0.50854,0.680376,0.740124,0.703766,0.612848,1.0,0.758204,0.602202,0.60144,0.599349,0.741185,0.626496,0.700039,0.783146,0.752451,0.783921,0.636581,0.770593,0.624895,0.713988,0.561083,0.725441,0.690889,0.738851,0.735712,0.659032,0.537668,0.799032,0.677737,0.733565,0.695486,0.648801,0.728166,0.741024,0.791981,0.67515,0.753748,0.648481,0.522721
Scooter,0.613573,0.675922,0.552908,0.720793,0.755443,0.484088,0.55022,0.493144,0.700842,0.741667,0.675379,0.714115,0.726541,0.652898,0.714731,0.697052,0.699886,0.657847,0.649695,0.709141,0.669431,0.769389,0.714999,0.560176,0.716504,0.680293,0.64435,0.705666,0.759199,0.685572,0.661255,0.689774,0.758289,0.667548,0.500647,0.707383,0.61895,0.704595,0.789808,0.636189,0.725845,0.743812,0.701504,0.77335,0.616626,0.636807,0.58453,0.539652,0.723275,0.745246,0.717718,0.732328,0.76204,0.660484,0.667436,0.748763,0.660446,0.735939,0.748976,0.69651,0.759642,0.680029,0.655534,0.706408,0.719797,0.810867,0.725625,0.683557,0.686913,0.698418,0.719372,0.801856,0.660181,0.663171,0.68696,0.633373,0.610502,0.633772,0.66539,0.661855,0.582268,0.573567,0.427034,0.681169,0.750798,0.56997,0.757048,0.754788,0.656542,0.713303,0.778917,0.499278,0.677972,0.764798,0.705367,0.604555,0.758204,1.0,0.594988,0.607715,0.607474,0.737251,0.669016,0.711316,0.703039,0.736302,0.77652,0.619781,0.819316,0.64354,0.751114,0.587277,0.674843,0.688258,0.700487,0.755358,0.653375,0.560794,0.795268,0.772238,0.720195,0.666706,0.629982,0.70453,0.762936,0.746303,0.7234,0.695237,0.647834,0.49521
Scrunchie,0.531948,0.642685,0.613863,0.634769,0.575497,0.515237,0.535522,0.534595,0.588375,0.639452,0.566439,0.552787,0.535217,0.526221,0.600827,0.580926,0.538513,0.518232,0.570661,0.613691,0.615913,0.576167,0.554504,0.558187,0.577335,0.568117,0.538541,0.510957,0.593658,0.596378,0.567914,0.5302,0.61531,0.582309,0.517223,0.536592,0.483793,0.604837,0.603231,0.467614,0.637635,0.618684,0.566069,0.577517,0.525073,0.479606,0.612523,0.573523,0.651004,0.567232,0.654409,0.625133,0.584453,0.58352,0.561868,0.656545,0.63114,0.640796,0.61409,0.564692,0.573107,0.580512,0.462161,0.598775,0.550733,0.589188,0.631916,0.541911,0.605021,0.585193,0.647056,0.585479,0.628976,0.611824,0.576369,0.556599,0.554674,0.5081,0.495604,0.494224,0.478997,0.512072,0.467478,0.539239,0.535542,0.548711,0.584349,0.602866,0.505184,0.628794,0.622246,0.482658,0.576083,0.590652,0.553599,0.619606,0.602202,0.594988,1.0,0.612114,0.600306,0.650472,0.511338,0.65679,0.567012,0.579484,0.651595,0.544223,0.619819,0.651838,0.581382,0.594075,0.593426,0.574697,0.543538,0.578288,0.558551,0.443557,0.632322,0.543223,0.590514,0.608759,0.565615,0.572462,0.587928,0.639984,0.529142,0.567786,0.618522,0.575479
Seashell,0.550308,0.704686,0.618783,0.602855,0.58734,0.548374,0.557324,0.515497,0.60278,0.640908,0.58816,0.607497,0.539891,0.541081,0.583639,0.630389,0.573922,0.582309,0.578948,0.628292,0.623352,0.569548,0.558931,0.580014,0.58705,0.604746,0.547802,0.576167,0.588521,0.597905,0.548976,0.532197,0.594189,0.578161,0.504916,0.579619,0.517184,0.596077,0.618429,0.516562,0.627819,0.620687,0.577444,0.611428,0.578738,0.551408,0.657234,0.525647,0.624792,0.595957,0.638379,0.621092,0.591264,0.621315,0.589722,0.638167,0.609843,0.613397,0.608559,0.592502,0.618141,0.587603,0.509163,0.621008,0.586911,0.602118,0.647654,0.56129,0.583659,0.609872,0.623836,0.601364,0.658577,0.661273,0.598014,0.573384,0.579797,0.504374,0.556364,0.54675,0.507938,0.576704,0.560625,0.555397,0.585711,0.544574,0.603723,0.608171,0.525152,0.6292,0.619033,0.49439,0.584375,0.645255,0.572472,0.592385,0.60144,0.607715,0.612114,1.0,0.565871,0.63915,0.539367,0.668826,0.594136,0.589729,0.632472,0.559571,0.610208,0.569988,0.589108,0.585385,0.602792,0.568502,0.585867,0.611456,0.563555,0.516096,0.642787,0.555086,0.618554,0.614857,0.556217,0.580712,0.610798,0.640922,0.585164,0.602072,0.688359,0.578264
Shirt,0.563401,0.59701,0.550531,0.658914,0.613528,0.504095,0.508396,0.532667,0.645555,0.61549,0.604168,0.615757,0.527432,0.642081,0.568955,0.619091,0.60535,0.552263,0.64839,0.643682,0.598634,0.581166,0.61283,0.551825,0.612627,0.600296,0.547414,0.585266,0.622679,0.610062,0.537575,0.628246,0.613357,0.61432,0.545152,0.622166,0.59374,0.577932,0.60454,0.547066,0.629643,0.66143,0.593939,0.596351,0.583366,0.540159,0.5632,0.547243,0.602557,0.585201,0.66467,0.642385,0.632168,0.588045,0.583135,0.664741,0.61644,0.588571,0.619527,0.601069,0.593646,0.676375,0.54372,0.639705,0.608352,0.618204,0.63083,0.61881,0.58811,0.622531,0.627678,0.620942,0.608121,0.595617,0.580765,0.628044,0.607734,0.59969,0.574004,0.559006,0.566906,0.498976,0.404128,0.596458,0.611987,0.559237,0.617531,0.637051,0.566174,0.590493,0.625962,0.526279,0.594059,0.593011,0.602676,0.631588,0.599349,0.607474,0.600306,0.565871,1.0,0.651736,0.609716,0.63456,0.590649,0.630494,0.665256,0.614515,0.630487,0.70226,0.635326,0.543226,0.577577,0.658604,0.593886,0.630988,0.61418,0.483695,0.626127,0.582911,0.661787,0.62175,0.617788,0.62827,0.632552,0.639535,0.58308,0.584484,0.592558,0.499901
Shoe,0.617404,0.718015,0.630974,0.681942,0.705991,0.560594,0.607288,0.572817,0.724455,0.740025,0.719056,0.717568,0.630375,0.676356,0.674657,0.69553,0.704221,0.632516,0.684351,0.708591,0.721703,0.717629,0.696046,0.607148,0.718983,0.677809,0.62441,0.682274,0.718101,0.710897,0.645675,0.671544,0.716175,0.725605,0.553115,0.699627,0.60662,0.704378,0.727157,0.624757,0.738376,0.758166,0.679309,0.706828,0.619503,0.678091,0.621547,0.622234,0.765152,0.740321,0.729718,0.770301,0.732615,0.689802,0.674827,0.738228,0.738269,0.694703,0.705044,0.750091,0.713641,0.69335,0.596182,0.719898,0.678157,0.725999,0.729079,0.67954,0.664965,0.708199,0.717447,0.724584,0.661375,0.691518,0.670907,0.660251,0.638702,0.638229,0.650035,0.703368,0.585217,0.554434,0.446702,0.685999,0.708992,0.616426,0.738656,0.749311,0.638462,0.729234,0.737299,0.548709,0.680127,0.690263,0.694652,0.635592,0.741185,0.737251,0.650472,0.63915,0.651736,1.0,0.641497,0.729171,0.707751,0.7647,0.798064,0.679184,0.715738,0.663061,0.7066,0.598461,0.684847,0.706931,0.718055,0.750184,0.678514,0.534664,0.748331,0.690265,0.719536,0.698255,0.681431,0.697331,0.739559,0.759935,0.65312,0.675114,0.685473,0.561442
Skiis,0.5776,0.645613,0.513232,0.629763,0.70527,0.452084,0.509474,0.49997,0.623176,0.653329,0.61063,0.658652,0.507483,0.710859,0.538872,0.66081,0.618213,0.586581,0.677253,0.669592,0.610549,0.566259,0.697966,0.525276,0.654753,0.644571,0.553049,0.703213,0.660711,0.622008,0.525068,0.708232,0.59205,0.577967,0.491657,0.649855,0.694514,0.583095,0.633687,0.593943,0.621964,0.711133,0.66832,0.675993,0.573011,0.61304,0.537573,0.472789,0.605661,0.609997,0.682365,0.626458,0.651351,0.647455,0.595819,0.672192,0.601648,0.587125,0.683429,0.640939,0.664493,0.665128,0.686337,0.670268,0.693583,0.641652,0.665004,0.74144,0.600222,0.69002,0.610804,0.664286,0.579625,0.615037,0.644491,0.721565,0.5609,0.599944,0.764015,0.635324,0.624643,0.521489,0.366077,0.62762,0.761199,0.56218,0.710119,0.637831,0.693547,0.601995,0.614212,0.512429,0.624632,0.727675,0.640216,0.619256,0.626496,0.669016,0.511338,0.539367,0.609716,0.641497,1.0,0.618856,0.702231,0.629769,0.607742,0.609859,0.641663,0.634054,0.703445,0.505336,0.620179,0.599592,0.697793,0.644736,0.650885,0.542142,0.676867,0.58196,0.673655,0.647238,0.618991,0.721751,0.627373,0.647303,0.661792,0.706373,0.58356,0.46145
Snowglobe,0.6084,0.717345,0.67868,0.710193,0.684208,0.592964,0.623186,0.556036,0.68124,0.779832,0.65247,0.651621,0.660614,0.620719,0.676551,0.716994,0.68348,0.637173,0.658046,0.708989,0.682756,0.695167,0.689608,0.630588,0.702857,0.668113,0.67017,0.618177,0.753219,0.739639,0.728242,0.642767,0.706093,0.63328,0.552786,0.640247,0.598219,0.699374,0.710648,0.560953,0.716664,0.705238,0.686227,0.706589,0.593653,0.572532,0.659242,0.659082,0.748573,0.680253,0.711631,0.717523,0.715753,0.665591,0.63976,0.730869,0.702971,0.721711,0.758325,0.672534,0.674433,0.655906,0.568339,0.719428,0.6902,0.716094,0.777229,0.667255,0.721322,0.686136,0.718933,0.734774,0.680207,0.679459,0.665291,0.628657,0.612557,0.629612,0.606022,0.594102,0.58372,0.552135,0.559891,0.653498,0.659947,0.65308,0.696881,0.743037,0.614789,0.744409,0.72891,0.550843,0.727706,0.711767,0.690959,0.652922,0.700039,0.711316,0.65679,0.668826,0.63456,0.729171,0.618856,1.0,0.676124,0.686929,0.72627,0.627034,0.714571,0.67008,0.695408,0.646384,0.695565,0.660206,0.64853,0.705863,0.676201,0.523266,0.767233,0.676258,0.674353,0.727448,0.629683,0.710921,0.697707,0.753368,0.669027,0.653139,0.720964,0.590806
Spoon,0.529446,0.781238,0.605714,0.62826,0.691115,0.442277,0.522781,0.530829,0.669941,0.749654,0.717688,0.773683,0.551551,0.73215,0.622368,0.702958,0.674589,0.641149,0.699298,0.721086,0.745292,0.6677,0.768572,0.579589,0.746076,0.721576,0.581159,0.827075,0.714092,0.693263,0.549258,0.649671,0.692433,0.640518,0.496794,0.719149,0.690933,0.673474,0.700023,0.664299,0.734979,0.840478,0.76148,0.78817,0.645016,0.769746,0.604336,0.529871,0.766596,0.815335,0.750104,0.779404,0.70352,0.754418,0.694824,0.721859,0.721833,0.677086,0.730055,0.795871,0.797193,0.675137,0.693448,0.759422,0.724817,0.700272,0.783554,0.830705,0.65832,0.828482,0.692971,0.710718,0.634968,0.746143,0.700984,0.783692,0.576613,0.601615,0.871631,0.813724,0.585957,0.536972,0.36147,0.684857,0.870542,0.585804,0.84704,0.724573,0.755341,0.742469,0.678505,0.505498,0.686993,0.784199,0.698415,0.629083,0.783146,0.703039,0.567012,0.594136,0.590649,0.707751,0.702231,0.676124,1.0,0.761346,0.704558,0.65603,0.697493,0.615268,0.728779,0.530538,0.7311,0.64688,0.838362,0.728154,0.677184,0.590125,0.77176,0.592098,0.769162,0.715153,0.681883,0.80761,0.711566,0.767302,0.701812,0.845955,0.656633,0.514881
Stapler,0.608026,0.699746,0.581336,0.672754,0.710078,0.483832,0.546574,0.557172,0.768691,0.746696,0.757978,0.793661,0.586057,0.752874,0.667478,0.70795,0.745058,0.645537,0.720662,0.735398,0.730834,0.792423,0.766275,0.581102,0.760223,0.67335,0.623445,0.755887,0.759932,0.710886,0.597531,0.722193,0.733563,0.74746,0.524853,0.780117,0.687711,0.678437,0.761054,0.687692,0.754285,0.804012,0.703909,0.754394,0.620851,0.771208,0.583953,0.570852,0.775186,0.780012,0.724319,0.789138,0.792403,0.70812,0.701044,0.733707,0.729981,0.684221,0.716831,0.800545,0.753672,0.694236,0.64967,0.74419,0.718034,0.75872,0.735251,0.747474,0.672571,0.740788,0.700758,0.773235,0.634488,0.696918,0.640916,0.69239,0.640876,0.736582,0.717839,0.819944,0.628736,0.531955,0.387404,0.736627,0.797328,0.596919,0.797618,0.793198,0.700823,0.717952,0.724199,0.52689,0.685268,0.708711,0.742125,0.604613,0.752451,0.736302,0.579484,0.589729,0.630494,0.7647,0.629769,0.686929,0.761346,1.0,0.817004,0.716623,0.722335,0.638207,0.766202,0.533199,0.676363,0.75127,0.775328,0.819254,0.704595,0.544,0.76162,0.735126,0.759907,0.688173,0.746647,0.750339,0.780988,0.766436,0.67159,0.719359,0.654428,0.486516
Stapleremover,0.633058,0.687785,0.612557,0.72058,0.741776,0.533594,0.577287,0.547283,0.764034,0.755595,0.715737,0.746981,0.659636,0.702068,0.726605,0.707692,0.723274,0.634106,0.697155,0.737129,0.737109,0.789367,0.723117,0.608405,0.751003,0.672894,0.651105,0.692607,0.772701,0.730886,0.662307,0.704026,0.773391,0.750278,0.541757,0.757177,0.627448,0.722542,0.780426,0.654155,0.775488,0.787999,0.692267,0.745327,0.621271,0.670868,0.601815,0.634034,0.791799,0.77563,0.74214,0.800575,0.78831,0.681752,0.690674,0.756458,0.731686,0.748755,0.742703,0.743481,0.740115,0.712182,0.615561,0.731717,0.709487,0.774125,0.745991,0.686972,0.700343,0.70695,0.744941,0.789209,0.669884,0.687502,0.663164,0.645581,0.656534,0.697783,0.633097,0.704569,0.590806,0.54512,0.43652,0.731582,0.722646,0.614528,0.760146,0.792095,0.642419,0.744066,0.766345,0.538642,0.700036,0.688565,0.729051,0.62579,0.783921,0.77652,0.651595,0.632472,0.665256,0.798064,0.607742,0.72627,0.704558,0.817004,1.0,0.692312,0.769317,0.692872,0.746333,0.598892,0.681097,0.761273,0.71043,0.78189,0.703803,0.518037,0.784109,0.752241,0.748504,0.698995,0.692087,0.70968,0.789944,0.794889,0.669738,0.689952,0.681662,0.523426
Storagebin,0.604886,0.65004,0.56318,0.606732,0.653617,0.50418,0.580388,0.576939,0.689996,0.648439,0.680337,0.702191,0.522553,0.711532,0.559137,0.66441,0.657029,0.570759,0.687926,0.676803,0.634219,0.627373,0.676791,0.55317,0.683929,0.613107,0.561774,0.660837,0.669987,0.659793,0.535497,0.684957,0.618771,0.67769,0.538719,0.701783,0.660596,0.605956,0.625945,0.624242,0.658977,0.692166,0.643271,0.641731,0.557599,0.650709,0.570817,0.523673,0.661282,0.657807,0.66087,0.676615,0.692375,0.656457,0.610684,0.668537,0.667793,0.577306,0.639027,0.672119,0.641695,0.626702,0.595255,0.672281,0.669524,0.627636,0.664548,0.671337,0.608358,0.656967,0.624817,0.647785,0.576851,0.631047,0.587025,0.653241,0.588934,0.669579,0.640207,0.673745,0.610137,0.481645,0.372798,0.657468,0.682694,0.600855,0.684189,0.685292,0.622001,0.623294,0.610229,0.528637,0.638297,0.61821,0.661107,0.594494,0.636581,0.619781,0.544223,0.559571,0.614515,0.679184,0.609859,0.627034,0.65603,0.716623,0.692312,1.0,0.615481,0.62712,0.685382,0.523274,0.622954,0.660475,0.666169,0.680925,0.68396,0.496446,0.659354,0.605724,0.67006,0.642488,0.704704,0.670882,0.645131,0.676281,0.601149,0.637302,0.60169,0.508261
Stroller,0.626604,0.668486,0.551828,0.75141,0.741049,0.494727,0.552315,0.501206,0.705409,0.737743,0.66755,0.713959,0.771458,0.64332,0.72497,0.698661,0.699326,0.648913,0.653485,0.718287,0.671775,0.76265,0.707833,0.551494,0.712159,0.69062,0.664402,0.702432,0.758971,0.685535,0.670446,0.664955,0.754354,0.64448,0.513888,0.715807,0.61867,0.679052,0.781904,0.660993,0.727043,0.742653,0.706594,0.767898,0.620889,0.606037,0.594183,0.550653,0.727893,0.756387,0.731266,0.739541,0.768671,0.66183,0.666268,0.763751,0.663346,0.752472,0.759226,0.679555,0.758161,0.711431,0.669713,0.711327,0.736936,0.824759,0.732346,0.680548,0.69895,0.695344,0.734298,0.799693,0.670676,0.658795,0.686748,0.639417,0.629664,0.638594,0.655302,0.632459,0.578483,0.577484,0.43387,0.668443,0.734476,0.580218,0.745013,0.750496,0.644053,0.716986,0.790615,0.513417,0.670185,0.763858,0.701692,0.628915,0.770593,0.819316,0.619819,0.610208,0.630487,0.715738,0.641663,0.714571,0.697493,0.722335,0.769317,0.615481,1.0,0.686627,0.750161,0.596506,0.69964,0.713513,0.678116,0.749043,0.65249,0.549004,0.807305,0.752218,0.732575,0.673821,0.628947,0.700172,0.749193,0.747201,0.721801,0.688986,0.648406,0.504129
Suit,0.602301,0.623928,0.57644,0.759293,0.683272,0.500718,0.539073,0.56601,0.666697,0.686581,0.587291,0.622853,0.551655,0.646853,0.601291,0.653417,0.625089,0.525887,0.661083,0.694044,0.624668,0.596895,0.644664,0.553961,0.644605,0.604728,0.588502,0.604662,0.687564,0.639277,0.588658,0.668467,0.649461,0.633254,0.552749,0.651067,0.632499,0.607577,0.639616,0.552245,0.677041,0.693292,0.643983,0.639357,0.549985,0.509836,0.578567,0.56407,0.64189,0.585738,0.73602,0.633257,0.674069,0.614055,0.574035,0.722918,0.653471,0.663826,0.696556,0.586585,0.605778,0.673483,0.595374,0.670976,0.665063,0.642385,0.673882,0.661902,0.653095,0.618657,0.663737,0.677904,0.603012,0.613746,0.59848,0.63812,0.595835,0.633675,0.613762,0.533392,0.568895,0.501716,0.386542,0.624575,0.618055,0.594641,0.648605,0.667846,0.581591,0.61584,0.643503,0.535407,0.64186,0.616293,0.640286,0.683334,0.624895,0.64354,0.651838,0.569988,0.70226,0.663061,0.634054,0.67008,0.615268,0.638207,0.692872,0.62712,0.686627,1.0,0.685154,0.593165,0.616018,0.713801,0.600445,0.620763,0.661612,0.444507,0.688844,0.606261,0.684725,0.650587,0.632819,0.662964,0.630942,0.676634,0.596724,0.667233,0.599294,0.516762
Suitcase,0.649488,0.681861,0.557341,0.728043,0.751604,0.484668,0.563858,0.544677,0.732659,0.750705,0.688762,0.743428,0.602365,0.751733,0.659782,0.712393,0.705772,0.634843,0.718949,0.750998,0.654626,0.733834,0.777625,0.572095,0.750178,0.675703,0.636216,0.739861,0.794748,0.715855,0.613048,0.759724,0.716394,0.691996,0.527796,0.745675,0.729663,0.658381,0.759109,0.658504,0.723775,0.770718,0.726229,0.773939,0.606695,0.665005,0.587742,0.525497,0.711979,0.718571,0.738547,0.72153,0.783943,0.698429,0.658521,0.749989,0.681379,0.685188,0.759291,0.701546,0.743717,0.672088,0.698697,0.73944,0.767528,0.764754,0.746655,0.786655,0.706085,0.7236,0.698657,0.797037,0.638895,0.671799,0.653489,0.705853,0.604695,0.723008,0.734818,0.697904,0.646185,0.563107,0.388688,0.729528,0.793515,0.622241,0.78162,0.756369,0.722503,0.680404,0.714847,0.515305,0.718969,0.755692,0.736673,0.634891,0.713988,0.751114,0.581382,0.589108,0.635326,0.7066,0.703445,0.695408,0.728779,0.766202,0.746333,0.685382,0.750161,0.685154,1.0,0.552924,0.666033,0.69972,0.722452,0.749174,0.736689,0.547004,0.7824,0.729544,0.731053,0.697123,0.714057,0.788491,0.744221,0.741261,0.711816,0.711097,0.614874,0.48491
Teddy Bear,0.528221,0.638428,0.583426,0.606918,0.549516,0.526037,0.545883,0.520468,0.559187,0.592859,0.535766,0.527221,0.528851,0.484545,0.566549,0.575161,0.514751,0.498687,0.526652,0.580695,0.559226,0.545312,0.517042,0.531235,0.55449,0.554993,0.519869,0.483767,0.564424,0.559444,0.545705,0.49831,0.587514,0.54878,0.493881,0.508515,0.453639,0.570801,0.592601,0.440264,0.600038,0.565644,0.549446,0.556215,0.512936,0.452432,0.59126,0.505975,0.57775,0.527241,0.612669,0.573672,0.563333,0.560998,0.524366,0.601228,0.58144,0.607893,0.584108,0.509196,0.546767,0.549539,0.441112,0.561478,0.539343,0.582214,0.592137,0.507909,0.57985,0.550314,0.600044,0.57634,0.576496,0.60121,0.553272,0.528002,0.523227,0.479565,0.482062,0.450738,0.454063,0.491015,0.486846,0.521356,0.513609,0.519245,0.550022,0.572225,0.478351,0.573674,0.604763,0.487123,0.564854,0.560182,0.536453,0.574968,0.561083,0.587277,0.594075,0.585385,0.543226,0.598461,0.505336,0.646384,0.530538,0.533199,0.598892,0.523274,0.596506,0.593165,0.552924,1.0,0.566996,0.527237,0.511373,0.549621,0.525797,0.422489,0.590414,0.543665,0.549451,0.564776,0.517245,0.532006,0.580315,0.59808,0.542259,0.52861,0.618543,0.556978
Tennisracket,0.612531,0.701487,0.619372,0.614463,0.650941,0.562206,0.617027,0.584282,0.627878,0.694352,0.662858,0.668198,0.691929,0.631398,0.613191,0.664443,0.656383,0.584408,0.630065,0.653485,0.726538,0.642089,0.669251,0.539833,0.694159,0.669595,0.625598,0.676506,0.655656,0.658485,0.635717,0.588142,0.65867,0.594577,0.514716,0.645489,0.581837,0.640647,0.653127,0.642479,0.681241,0.740337,0.737045,0.698772,0.574836,0.635414,0.595227,0.618242,0.747591,0.734255,0.679153,0.7262,0.674475,0.717967,0.629409,0.697361,0.694376,0.718472,0.674229,0.691138,0.683599,0.683774,0.617822,0.692312,0.677217,0.666108,0.732899,0.674369,0.651945,0.719039,0.678634,0.646957,0.59547,0.660247,0.68988,0.690081,0.617373,0.569009,0.688203,0.659459,0.52904,0.490946,0.42119,0.614582,0.707503,0.591837,0.713936,0.676503,0.627396,0.718443,0.655941,0.532533,0.6119,0.693672,0.654779,0.636847,0.725441,0.674843,0.593426,0.602792,0.577577,0.684847,0.620179,0.695565,0.7311,0.676363,0.681097,0.622954,0.69964,0.616018,0.666033,0.566996,1.0,0.662053,0.692447,0.685963,0.640847,0.523798,0.714633,0.581517,0.71203,0.672321,0.621276,0.666967,0.652623,0.716298,0.630177,0.72942,0.626318,0.584709
Tent,0.623466,0.621887,0.55439,0.691497,0.696118,0.508936,0.534654,0.536908,0.723698,0.678368,0.666604,0.690403,0.642731,0.678292,0.63974,0.679267,0.724701,0.570695,0.671694,0.675317,0.692304,0.712965,0.668699,0.54447,0.685173,0.624945,0.617104,0.667446,0.692793,0.644975,0.607082,0.679731,0.675054,0.686882,0.529153,0.72871,0.639179,0.626501,0.671249,0.669512,0.68648,0.739802,0.665249,0.671187,0.585704,0.641716,0.553855,0.591112,0.702063,0.70017,0.679779,0.721623,0.734843,0.638944,0.622902,0.723186,0.670656,0.673263,0.693811,0.699183,0.647481,0.731807,0.640463,0.695621,0.692936,0.703695,0.689111,0.649584,0.630904,0.659784,0.667243,0.693613,0.612683,0.618271,0.621291,0.614535,0.681282,0.67025,0.63639,0.661434,0.580136,0.481669,0.392845,0.665996,0.665197,0.568484,0.677595,0.726824,0.585551,0.662236,0.658602,0.526703,0.616192,0.642926,0.682749,0.611158,0.690889,0.688258,0.574697,0.568502,0.658604,0.706931,0.599592,0.660206,0.64688,0.75127,0.761273,0.660475,0.713513,0.713801,0.69972,0.527237,0.662053,1.0,0.656356,0.749847,0.65579,0.488825,0.694902,0.688866,0.753925,0.638889,0.66202,0.648498,0.696768,0.707826,0.621376,0.671051,0.624059,0.491096
Toothbrush,0.546187,0.748176,0.571593,0.617149,0.686136,0.452616,0.519625,0.527663,0.691213,0.721578,0.725241,0.776576,0.530017,0.733823,0.603111,0.693098,0.690452,0.649964,0.697269,0.703029,0.721958,0.664341,0.741277,0.562007,0.728631,0.703744,0.563519,0.811304,0.699382,0.669242,0.51854,0.658256,0.665306,0.670963,0.496988,0.725779,0.679306,0.640543,0.701737,0.669961,0.711237,0.811764,0.724186,0.762278,0.647459,0.787503,0.585083,0.50605,0.728997,0.769942,0.725125,0.753155,0.707352,0.733742,0.690768,0.704304,0.703503,0.632793,0.697796,0.797726,0.775464,0.675158,0.684286,0.741547,0.705184,0.700203,0.743939,0.80465,0.615331,0.788922,0.663801,0.714596,0.625046,0.719666,0.676481,0.752628,0.599095,0.609771,0.838292,0.822336,0.591168,0.545494,0.357051,0.680219,0.850507,0.570802,0.821115,0.719929,0.730013,0.702178,0.671857,0.501892,0.661091,0.760912,0.692705,0.609371,0.738851,0.700487,0.543538,0.585867,0.593886,0.718055,0.697793,0.64853,0.838362,0.775328,0.71043,0.666169,0.678116,0.600445,0.722452,0.511373,0.692447,0.656356,1.0,0.746074,0.66768,0.591515,0.746558,0.611729,0.757604,0.685077,0.684351,0.778646,0.717999,0.739196,0.695864,0.795268,0.646913,0.495284
Train,0.631942,0.694417,0.563869,0.6799,0.690165,0.513976,0.556248,0.53457,0.747292,0.722538,0.744183,0.761932,0.641042,0.710863,0.683431,0.707596,0.759393,0.656662,0.694866,0.713986,0.716922,0.805396,0.734296,0.566736,0.73267,0.681918,0.626649,0.731146,0.734378,0.681173,0.618236,0.698375,0.726765,0.70904,0.521738,0.75148,0.659047,0.659193,0.778615,0.678279,0.733018,0.770589,0.699706,0.738372,0.627451,0.743829,0.606555,0.5579,0.732945,0.755957,0.704013,0.773779,0.772072,0.702231,0.693092,0.726834,0.693293,0.682622,0.711503,0.782345,0.742782,0.720921,0.648084,0.725795,0.717709,0.786931,0.729401,0.709007,0.654362,0.723927,0.696894,0.765368,0.66886,0.683272,0.655411,0.671043,0.665404,0.689654,0.691879,0.76527,0.609759,0.550284,0.423823,0.715904,0.772781,0.579182,0.774979,0.776016,0.675924,0.711739,0.740466,0.522582,0.663167,0.736569,0.72798,0.611739,0.735712,0.755358,0.578288,0.611456,0.630988,0.750184,0.644736,0.705863,0.728154,0.819254,0.78189,0.680925,0.749043,0.620763,0.749174,0.549621,0.685963,0.749847,0.746074,1.0,0.670075,0.561458,0.757677,0.776049,0.749156,0.676393,0.690484,0.71983,0.788066,0.743516,0.696301,0.683072,0.669446,0.509073
Trashbin,0.625334,0.663495,0.591646,0.645588,0.709189,0.505808,0.590616,0.557632,0.681787,0.706054,0.643308,0.689019,0.542716,0.72357,0.593055,0.677588,0.65608,0.586604,0.695739,0.707416,0.638581,0.642878,0.725147,0.564717,0.717386,0.624918,0.592617,0.665583,0.752268,0.719889,0.582823,0.725557,0.647308,0.650931,0.524813,0.702306,0.692374,0.627852,0.657609,0.610103,0.673957,0.716762,0.687285,0.688467,0.558411,0.599813,0.563146,0.547905,0.701118,0.663537,0.688456,0.68576,0.723533,0.670911,0.607124,0.689225,0.680962,0.625923,0.708449,0.656376,0.659107,0.630421,0.625415,0.704434,0.714144,0.653803,0.721334,0.732601,0.662374,0.6791,0.654823,0.705822,0.586394,0.637785,0.606657,0.676994,0.572161,0.689867,0.670939,0.639708,0.618684,0.493881,0.376982,0.678478,0.715672,0.650751,0.716398,0.707479,0.658768,0.649789,0.639055,0.508952,0.703172,0.653161,0.687644,0.617674,0.659032,0.653375,0.558551,0.563555,0.61418,0.678514,0.650885,0.676201,0.677184,0.704595,0.703803,0.68396,0.65249,0.661612,0.736689,0.525797,0.640847,0.65579,0.66768,0.670075,1.0,0.495064,0.714997,0.621048,0.674358,0.690692,0.689661,0.738914,0.654946,0.716624,0.626673,0.673092,0.593355,0.506067
Tree,0.449604,0.589076,0.439706,0.487611,0.537152,0.398782,0.414829,0.404116,0.533598,0.539067,0.547256,0.598379,0.47005,0.536752,0.444352,0.56343,0.545332,0.711047,0.526924,0.539653,0.513091,0.483604,0.529181,0.452654,0.525648,0.556944,0.450811,0.615501,0.518404,0.497075,0.395549,0.500528,0.485818,0.503068,0.417549,0.553403,0.513989,0.477851,0.526541,0.535259,0.515736,0.582192,0.535354,0.581575,0.584266,0.561461,0.502324,0.359123,0.513923,0.564547,0.548952,0.541059,0.538602,0.567816,0.530435,0.545186,0.508592,0.472439,0.52888,0.566736,0.596104,0.531422,0.532467,0.559929,0.55116,0.544737,0.559143,0.56116,0.457689,0.582577,0.524438,0.550034,0.540381,0.562708,0.536614,0.557775,0.48924,0.44572,0.596064,0.572393,0.467572,0.502177,0.328838,0.488353,0.632008,0.433684,0.58394,0.529329,0.522555,0.519462,0.521046,0.423807,0.484465,0.627614,0.518352,0.483968,0.537668,0.560794,0.443557,0.516096,0.483695,0.534664,0.542142,0.523266,0.590125,0.544,0.518037,0.496446,0.549004,0.444507,0.547004,0.422489,0.523798,0.488825,0.591515,0.561458,0.495064,1.0,0.566592,0.476036,0.59621,0.513929,0.501791,0.557798,0.536049,0.544865,0.5752,0.57122,0.515028,0.408789
Trophy,0.610244,0.74082,0.608311,0.750035,0.785901,0.504204,0.586502,0.519627,0.737888,0.826814,0.705941,0.757658,0.701038,0.693232,0.725705,0.742569,0.718762,0.68259,0.696483,0.766914,0.707729,0.745547,0.754599,0.592523,0.757926,0.724351,0.675905,0.756441,0.833977,0.758705,0.682679,0.695379,0.744404,0.686834,0.525234,0.754709,0.674321,0.717127,0.790295,0.669834,0.756441,0.790853,0.747807,0.824453,0.635963,0.665816,0.617769,0.576366,0.782857,0.787966,0.768166,0.774471,0.794448,0.710488,0.696571,0.78206,0.714828,0.751444,0.829909,0.73562,0.803765,0.69522,0.697612,0.775847,0.787831,0.796482,0.810019,0.785288,0.739738,0.753194,0.752653,0.841539,0.676187,0.713926,0.705579,0.690304,0.619126,0.672949,0.746849,0.705304,0.619684,0.599681,0.451075,0.703838,0.805655,0.638932,0.810206,0.787829,0.685094,0.767092,0.77008,0.524827,0.749423,0.797554,0.748209,0.646618,0.799032,0.795268,0.632322,0.642787,0.626127,0.748331,0.676867,0.767233,0.77176,0.76162,0.784109,0.659354,0.807305,0.688844,0.7824,0.590414,0.714633,0.694902,0.746558,0.757677,0.714997,0.566592,1.0,0.721214,0.745022,0.744271,0.677409,0.794982,0.761834,0.80694,0.744962,0.753076,0.682241,0.527256
Truck,0.615134,0.578584,0.496606,0.69735,0.672022,0.466481,0.518524,0.465451,0.695705,0.673952,0.655737,0.663358,0.65256,0.626879,0.702265,0.640257,0.677818,0.585615,0.618929,0.677023,0.608581,0.830398,0.694908,0.527989,0.677788,0.5984,0.627554,0.605268,0.727977,0.647671,0.650639,0.693934,0.759651,0.667909,0.479255,0.680924,0.593076,0.657454,0.776437,0.575203,0.697888,0.669165,0.62143,0.688532,0.550444,0.591258,0.535761,0.526443,0.662016,0.665718,0.650029,0.697185,0.744542,0.596685,0.617632,0.692023,0.605249,0.687351,0.678772,0.644076,0.670402,0.630388,0.571304,0.642716,0.666774,0.794436,0.66139,0.613264,0.671139,0.61455,0.670957,0.764918,0.618961,0.587575,0.586593,0.548178,0.602762,0.687417,0.546822,0.604532,0.571197,0.506321,0.421806,0.69134,0.654137,0.536406,0.688395,0.736126,0.619533,0.647414,0.750202,0.470577,0.643788,0.6544,0.685097,0.544576,0.677737,0.772238,0.543223,0.555086,0.582911,0.690265,0.58196,0.676258,0.592098,0.735126,0.752241,0.605724,0.752218,0.606261,0.729544,0.543665,0.581517,0.688866,0.611729,0.776049,0.621048,0.476036,0.721214,1.0,0.64672,0.608958,0.625831,0.645898,0.765899,0.688464,0.646609,0.559768,0.599091,0.438833
Umbrella,0.592794,0.7172,0.579621,0.682895,0.723062,0.505502,0.540106,0.553919,0.722162,0.721153,0.702757,0.762259,0.619425,0.721493,0.627148,0.715924,0.716566,0.658731,0.699794,0.712667,0.723461,0.681849,0.711528,0.583563,0.714451,0.703034,0.61036,0.781913,0.708756,0.670019,0.567378,0.674736,0.687424,0.685466,0.537398,0.752226,0.677213,0.646698,0.700601,0.70847,0.714662,0.80371,0.720255,0.75457,0.672158,0.718259,0.604533,0.561992,0.723642,0.761707,0.734747,0.754729,0.733851,0.711494,0.684046,0.742186,0.703276,0.68031,0.718987,0.747482,0.748669,0.742201,0.701261,0.749487,0.727871,0.721076,0.743782,0.752724,0.638288,0.75786,0.692872,0.725193,0.65569,0.71074,0.683068,0.717692,0.663927,0.634882,0.767843,0.742899,0.597553,0.565512,0.389672,0.681479,0.793349,0.579147,0.765491,0.728219,0.675749,0.698756,0.687015,0.540827,0.655831,0.737465,0.700283,0.642668,0.733565,0.720195,0.590514,0.618554,0.661787,0.719536,0.673655,0.674353,0.769162,0.759907,0.748504,0.67006,0.732575,0.684725,0.731053,0.549451,0.71203,0.753925,0.757604,0.749156,0.674358,0.59621,0.745022,0.64672,1.0,0.681535,0.675917,0.734839,0.723131,0.746867,0.704173,0.777506,0.658024,0.513043
Vase,0.5841,0.71824,0.655622,0.653205,0.687689,0.536747,0.582802,0.539363,0.662378,0.73001,0.645614,0.675197,0.589408,0.670958,0.624012,0.680009,0.648946,0.608358,0.673921,0.700789,0.679736,0.645856,0.706498,0.597478,0.69623,0.666457,0.6116,0.667531,0.721268,0.720324,0.624313,0.655681,0.668333,0.619966,0.531455,0.666277,0.641376,0.666867,0.666621,0.597365,0.696288,0.735737,0.691862,0.694233,0.597173,0.6051,0.603061,0.607384,0.725386,0.693304,0.71176,0.715523,0.690578,0.675798,0.63696,0.704461,0.692055,0.672926,0.720061,0.68422,0.683325,0.659418,0.611681,0.718075,0.694667,0.66978,0.747603,0.710839,0.6763,0.713345,0.685336,0.686583,0.630391,0.671542,0.648693,0.679379,0.589652,0.623315,0.683283,0.640034,0.590637,0.522469,0.447207,0.654538,0.707274,0.642527,0.727044,0.700226,0.650398,0.705565,0.674247,0.524501,0.693897,0.689228,0.666088,0.639416,0.695486,0.666706,0.608759,0.614857,0.62175,0.698255,0.647238,0.727448,0.715153,0.688173,0.698995,0.642488,0.673821,0.650587,0.697123,0.564776,0.672321,0.638889,0.685077,0.676393,0.690692,0.513929,0.744271,0.608958,0.681535,1.0,0.650213,0.729334,0.672936,0.739275,0.644094,0.700894,0.659206,0.55798
Wallet,0.590793,0.657998,0.570598,0.629584,0.661114,0.478709,0.556789,0.581864,0.700485,0.670002,0.701038,0.721785,0.513993,0.738386,0.579382,0.670775,0.651037,0.578731,0.71477,0.707646,0.650278,0.652737,0.722591,0.556719,0.697703,0.617395,0.577037,0.678039,0.694073,0.672555,0.548155,0.720111,0.645209,0.688719,0.538473,0.717399,0.70395,0.621104,0.646422,0.615625,0.67927,0.710462,0.651814,0.668036,0.547777,0.671347,0.575861,0.513342,0.679597,0.680203,0.68401,0.694773,0.709278,0.664588,0.620478,0.700019,0.67841,0.595506,0.652461,0.680643,0.668109,0.620737,0.606707,0.680691,0.688254,0.645291,0.664151,0.707034,0.644694,0.677034,0.637627,0.658095,0.585359,0.641135,0.592371,0.67002,0.575888,0.710093,0.663253,0.696676,0.647796,0.478612,0.370671,0.666672,0.712689,0.599639,0.706279,0.698933,0.65285,0.633797,0.621869,0.531769,0.655934,0.638035,0.675572,0.597871,0.648801,0.629982,0.565615,0.556217,0.617788,0.681431,0.618991,0.629683,0.681883,0.746647,0.692087,0.704704,0.628947,0.632819,0.714057,0.517245,0.621276,0.66202,0.684351,0.690484,0.689661,0.501791,0.677409,0.625831,0.675917,0.650213,1.0,0.697409,0.6549,0.689275,0.60334,0.661933,0.594379,0.486467
Waterbottle,0.57492,0.719783,0.586098,0.682776,0.730476,0.450936,0.533703,0.52266,0.696928,0.777311,0.684584,0.743375,0.545482,0.7589,0.640575,0.709088,0.677981,0.643367,0.719073,0.745375,0.675742,0.67632,0.791333,0.587365,0.752916,0.694664,0.604557,0.768615,0.807893,0.742371,0.578463,0.724014,0.692738,0.655331,0.51085,0.722174,0.731816,0.654726,0.720363,0.63817,0.719819,0.803553,0.742685,0.789707,0.629606,0.684412,0.576705,0.535775,0.733907,0.73968,0.746896,0.749899,0.743056,0.711602,0.667169,0.72629,0.695218,0.66417,0.776229,0.734811,0.759631,0.667872,0.692899,0.768515,0.75425,0.720481,0.79631,0.864277,0.698188,0.778995,0.693364,0.774227,0.630683,0.701206,0.661232,0.75382,0.5739,0.6794,0.807236,0.735753,0.633174,0.550877,0.3741,0.708075,0.84127,0.632896,0.820307,0.744378,0.753627,0.704141,0.691816,0.503027,0.75412,0.762746,0.722986,0.639375,0.728166,0.70453,0.572462,0.580712,0.62827,0.697331,0.721751,0.710921,0.80761,0.750339,0.70968,0.670882,0.700172,0.662964,0.788491,0.532006,0.666967,0.648498,0.778646,0.71983,0.738914,0.557798,0.794982,0.645898,0.734839,0.729334,0.697409,1.0,0.726317,0.769083,0.7115,0.765534,0.62705,0.481821
Watergun,0.602849,0.679817,0.580119,0.712305,0.694916,0.503428,0.53473,0.511402,0.720285,0.72224,0.700699,0.726514,0.622929,0.672874,0.704512,0.670396,0.690942,0.638677,0.659435,0.703896,0.685071,0.774868,0.708961,0.590129,0.713224,0.678013,0.625133,0.69512,0.734243,0.688821,0.613868,0.66006,0.75755,0.699016,0.51385,0.710685,0.609118,0.671512,0.801022,0.622382,0.747128,0.772425,0.676544,0.743539,0.651052,0.674028,0.572741,0.590391,0.717243,0.742899,0.720555,0.778874,0.748022,0.673177,0.689623,0.726959,0.675359,0.715578,0.715886,0.734102,0.743519,0.696191,0.620552,0.716805,0.690197,0.79728,0.731262,0.705134,0.666759,0.722283,0.70824,0.771722,0.659799,0.678566,0.655203,0.649324,0.628821,0.647946,0.669009,0.707807,0.57469,0.557749,0.43133,0.705532,0.749227,0.5662,0.76147,0.750937,0.663579,0.702297,0.771859,0.506751,0.668875,0.704456,0.709025,0.603268,0.741024,0.762936,0.587928,0.610798,0.632552,0.739559,0.627373,0.697707,0.711566,0.780988,0.789944,0.645131,0.749193,0.630942,0.744221,0.580315,0.652623,0.696768,0.717999,0.788066,0.654946,0.536049,0.761834,0.765899,0.723131,0.672936,0.6549,0.726317,1.0,0.75809,0.696844,0.670461,0.659914,0.482181
Wateringcan,0.601841,0.744847,0.665094,0.70541,0.746019,0.528408,0.595365,0.558515,0.721494,0.787452,0.70545,0.741894,0.658234,0.705881,0.71061,0.719011,0.689452,0.649627,0.69613,0.742215,0.749017,0.732994,0.744854,0.625593,0.748782,0.700738,0.655164,0.722804,0.786953,0.767266,0.66431,0.681898,0.749565,0.69424,0.539625,0.732058,0.657046,0.72615,0.746241,0.642064,0.764087,0.803199,0.729393,0.783283,0.631058,0.670074,0.617353,0.644107,0.804276,0.787985,0.757587,0.807781,0.754969,0.708008,0.689557,0.758384,0.740661,0.760009,0.768989,0.740358,0.762312,0.697664,0.646286,0.760789,0.735203,0.746937,0.793451,0.751284,0.736378,0.757825,0.744201,0.76028,0.664796,0.717204,0.686564,0.687401,0.625026,0.659173,0.708519,0.703964,0.60092,0.544204,0.447076,0.71015,0.766002,0.644854,0.783993,0.766438,0.674532,0.768261,0.7371,0.537655,0.740088,0.732655,0.719456,0.646338,0.791981,0.746303,0.639984,0.640922,0.639535,0.759935,0.647303,0.753368,0.767302,0.766436,0.794889,0.676281,0.747201,0.676634,0.741261,0.59808,0.716298,0.707826,0.739196,0.743516,0.716624,0.544865,0.80694,0.688464,0.746867,0.739275,0.689275,0.769083,0.75809,1.0,0.691603,0.760866,0.693354,0.552494
Windchime,0.572525,0.663576,0.517453,0.666192,0.70049,0.461977,0.512127,0.476281,0.667986,0.691525,0.641436,0.706742,0.618021,0.647396,0.607759,0.681706,0.666355,0.652994,0.638473,0.676769,0.611056,0.644237,0.676519,0.537826,0.669741,0.675566,0.593512,0.728497,0.704755,0.643472,0.558083,0.635804,0.649948,0.613197,0.490885,0.689329,0.636332,0.603901,0.699134,0.64106,0.650344,0.705757,0.67277,0.736821,0.63862,0.634723,0.558992,0.473545,0.640832,0.690102,0.685825,0.670716,0.696692,0.648358,0.648315,0.694654,0.614738,0.631231,0.716292,0.662132,0.732402,0.653478,0.670948,0.693545,0.714313,0.726909,0.700799,0.713503,0.615639,0.699905,0.650159,0.735124,0.62589,0.65836,0.651252,0.647481,0.582105,0.587399,0.713719,0.650885,0.580838,0.584885,0.418786,0.634375,0.760956,0.550601,0.725185,0.684861,0.647059,0.651844,0.684407,0.488036,0.650582,0.751783,0.667153,0.582702,0.67515,0.7234,0.529142,0.585164,0.58308,0.65312,0.661792,0.669027,0.701812,0.67159,0.669738,0.601149,0.721801,0.596724,0.711816,0.542259,0.630177,0.621376,0.695864,0.696301,0.626673,0.5752,0.744962,0.646609,0.704173,0.644094,0.60334,0.7115,0.696844,0.691603,1.0,0.692616,0.628011,0.458166
Wishbone,0.524411,0.769629,0.603553,0.64227,0.761267,0.436021,0.529754,0.534926,0.673809,0.739466,0.660842,0.760506,0.54356,0.716914,0.591874,0.709901,0.65384,0.623968,0.689148,0.723589,0.751334,0.619579,0.73914,0.573831,0.718072,0.705054,0.583712,0.832087,0.697848,0.669291,0.531707,0.654855,0.665789,0.61911,0.490875,0.742007,0.715071,0.64838,0.676051,0.683687,0.700472,0.831888,0.747085,0.785053,0.614878,0.725949,0.593493,0.518501,0.730203,0.763332,0.751848,0.727472,0.693705,0.735453,0.665937,0.741335,0.694209,0.693713,0.743107,0.729663,0.76946,0.674322,0.767382,0.749902,0.756466,0.673863,0.753403,0.791719,0.660339,0.787802,0.671419,0.691318,0.619393,0.734793,0.697242,0.758328,0.57198,0.586556,0.89454,0.742105,0.588889,0.530357,0.364263,0.659289,0.836583,0.578269,0.804362,0.693222,0.715817,0.712489,0.640845,0.505955,0.65944,0.763677,0.683814,0.641672,0.753748,0.695237,0.567786,0.602072,0.584484,0.675114,0.706373,0.653139,0.845955,0.719359,0.689952,0.637302,0.688986,0.667233,0.711097,0.52861,0.72942,0.671051,0.795268,0.683072,0.673092,0.57122,0.753076,0.559768,0.777506,0.700894,0.661933,0.765534,0.670461,0.760866,0.692616,1.0,0.654505,0.517043
Wrap,0.527479,0.748303,0.677428,0.631897,0.613906,0.533548,0.562657,0.51882,0.647852,0.681617,0.632358,0.651103,0.559303,0.588706,0.611168,0.678722,0.613242,0.61464,0.624908,0.659432,0.673831,0.625991,0.607184,0.633411,0.629649,0.640965,0.570225,0.618922,0.622756,0.649634,0.581246,0.563068,0.634625,0.624853,0.524152,0.622037,0.55135,0.634098,0.64836,0.544589,0.668287,0.677649,0.606062,0.643272,0.613252,0.610621,0.657189,0.570106,0.676708,0.650318,0.675412,0.678214,0.628792,0.628772,0.63411,0.667309,0.654346,0.641242,0.653108,0.668898,0.647795,0.63271,0.539941,0.666297,0.61386,0.658019,0.676463,0.601442,0.613082,0.67081,0.648337,0.632627,0.696261,0.709279,0.629936,0.610365,0.587133,0.53888,0.613171,0.607203,0.536223,0.598874,0.639844,0.603176,0.627968,0.576486,0.653909,0.661123,0.568306,0.681823,0.662729,0.526837,0.629611,0.669399,0.611681,0.606345,0.648481,0.647834,0.618522,0.688359,0.592558,0.685473,0.58356,0.720964,0.656633,0.654428,0.681662,0.60169,0.648406,0.599294,0.614874,0.618543,0.626318,0.624059,0.646913,0.669446,0.593355,0.515028,0.682241,0.599091,0.658024,0.659206,0.594379,0.62705,0.659914,0.693354,0.628011,0.654505,1.0,0.577741
Yarn,0.522152,0.630158,0.607384,0.491231,0.483025,0.545668,0.619344,0.585875,0.491088,0.533487,0.519545,0.490497,0.506585,0.457012,0.512399,0.526113,0.485409,0.454307,0.494487,0.525178,0.571916,0.475172,0.474662,0.470106,0.5128,0.529086,0.483665,0.457874,0.485216,0.520598,0.520872,0.450161,0.495899,0.473561,0.487009,0.462667,0.427705,0.548606,0.49347,0.438126,0.546052,0.529184,0.529316,0.498429,0.462199,0.443407,0.624274,0.537209,0.57512,0.503625,0.542113,0.545186,0.490126,0.584914,0.48981,0.539558,0.579247,0.566188,0.503151,0.508459,0.494091,0.522031,0.411771,0.525708,0.496037,0.482077,0.572532,0.467029,0.533933,0.529088,0.556919,0.464368,0.544141,0.558617,0.528382,0.51974,0.525546,0.427527,0.460165,0.455986,0.427538,0.440418,0.450278,0.468266,0.470117,0.532229,0.513018,0.512322,0.437559,0.566819,0.502566,0.448669,0.494677,0.523659,0.480823,0.580767,0.522721,0.49521,0.575479,0.578264,0.499901,0.561442,0.46145,0.590806,0.514881,0.486516,0.523426,0.508261,0.504129,0.516762,0.48491,0.556978,0.584709,0.491096,0.495284,0.509073,0.506067,0.408789,0.527256,0.438833,0.513043,0.55798,0.486467,0.481821,0.482181,0.552494,0.458166,0.517043,0.577741,1.0
