,Accordion,Acorn,Apple,Backpack,Barstool,Baseball,Basket,Beanie,Bed,Bell,Belt,Bench,Bike,Binder,Binoculars,Birdfeeder,Boat,Bonzai,Book,Bookend,Boomerang,Car,Cellphone,Cheese,Cheesegrater,Christmasstreeornament,Clock,Coatrack,Coffeemaker,Coffeemug,Compass,Computertower,Controller,Couch,Cushion,Desk,Door,Doorknob,Drill,Dryingrack,Dumbbell,Dustpan,Fan,Faucet,Flower,Flute,Fossils,Frisbee,Fryingpan,Glasses,Glove,Goggles,Grill,Hairbrush,Hairclip,Handbag,Hat,Headphones,Hourglass,Kayak,Key,Kite,Ladder,Lamp,Lantern,Lawnmower,Lightbulb,Lipstick,Lock,Lollipop,Mask,Microscope,Minerals,Mushroom,Necklace,Necktie,Orifan,Oven,Paintbrush,Pen,Pictureframe,Pinecone,Pizza,Plug,Pogostick,Pot,Razor,Recordplayer,Remotecontrol,Ring,Rollerskates,Rug,Saltpeppershaker,Saxophone,Scale,Scarf,Scissors,Scooter,Scrunchie,Seashell,Shirt,Shoe,Skiis,Snowglobe,Spoon,Stapler,Stapleremover,Storagebin,Stroller,Suit,Suitcase,Teddy Bear,Tennisracket,Tent,Toothbrush,Train,Trashbin,Tree,Trophy,Truck,Umbrella,Vase,Wallet,Waterbottle,Watergun,Wateringcan,Windchime,Wishbone,Wrap,Yarn
Accordion,1.0,0.754208,0.804085,0.87064,0.788019,0.829635,0.781462,0.785566,0.798323,0.767153,0.722268,0.713455,0.836117,0.75174,0.810035,0.797376,0.775489,0.812469,0.795912,0.827257,0.724916,0.773521,0.764776,0.762207,0.754916,0.761628,0.844216,0.653346,0.812942,0.798523,0.856368,0.834066,0.830639,0.7329,0.798538,0.772107,0.832295,0.789737,0.786933,0.70894,0.782613,0.689367,0.756314,0.726322,0.787937,0.595767,0.836806,0.733647,0.714432,0.651404,0.803058,0.730839,0.793228,0.758269,0.748708,0.825539,0.728371,0.833777,0.824425,0.648406,0.709234,0.815292,0.739704,0.752306,0.841179,0.803522,0.75754,0.696543,0.855278,0.718344,0.810071,0.797799,0.839094,0.752242,0.738393,0.727444,0.839056,0.793298,0.613955,0.584617,0.822373,0.812868,0.787682,0.773379,0.651121,0.780534,0.694164,0.774264,0.716834,0.753004,0.808148,0.779205,0.805481,0.760288,0.739783,0.837302,0.705867,0.768655,0.821348,0.818155,0.791597,0.732202,0.773553,0.84645,0.626904,0.69117,0.751486,0.74303,0.842466,0.879308,0.800316,0.843036,0.741685,0.792523,0.631815,0.768933,0.773714,0.790835,0.777708,0.821798,0.721499,0.80035,0.777497,0.707768,0.769089,0.757097,0.788707,0.658673,0.817329,0.811797
Acorn,0.754208,1.0,0.827372,0.838358,0.939066,0.746569,0.757548,0.723962,0.909376,0.951129,0.918125,0.918036,0.901645,0.88971,0.869425,0.931719,0.916199,0.87299,0.877102,0.914416,0.945388,0.891362,0.9202,0.856332,0.932346,0.907925,0.84324,0.937198,0.929812,0.917472,0.810736,0.870495,0.913604,0.929734,0.760464,0.929164,0.895191,0.928274,0.92098,0.915041,0.934236,0.93141,0.8904,0.94764,0.898636,0.917681,0.848249,0.775863,0.923199,0.938304,0.913946,0.924353,0.903565,0.947353,0.887995,0.924975,0.892544,0.89957,0.941452,0.925028,0.949065,0.889739,0.937409,0.939321,0.91524,0.919493,0.944577,0.941399,0.878461,0.932905,0.883954,0.934485,0.867125,0.9398,0.919096,0.929742,0.887877,0.798422,0.922953,0.908072,0.875044,0.884229,0.67461,0.90455,0.932917,0.802578,0.940973,0.911867,0.931944,0.946806,0.89546,0.730027,0.917291,0.95789,0.876351,0.849629,0.929939,0.928997,0.794225,0.870495,0.820766,0.920883,0.933319,0.910666,0.92917,0.900745,0.91552,0.826656,0.906278,0.837956,0.918837,0.82155,0.900532,0.921898,0.926606,0.925764,0.846611,0.853772,0.958836,0.88596,0.941907,0.87934,0.884754,0.936256,0.911604,0.931827,0.93258,0.94473,0.91046,0.727974
Apple,0.804085,0.827372,1.0,0.858962,0.797523,0.835245,0.776032,0.772547,0.820682,0.810645,0.765882,0.745367,0.821216,0.782451,0.830909,0.828187,0.7909,0.851498,0.822972,0.831186,0.785601,0.789755,0.76533,0.850017,0.771464,0.805191,0.827025,0.696063,0.8014,0.828465,0.83215,0.800267,0.838356,0.804156,0.788664,0.784289,0.807144,0.821123,0.80107,0.745604,0.810641,0.755127,0.742713,0.744259,0.847167,0.670163,0.851264,0.814648,0.762795,0.708939,0.837766,0.792071,0.793577,0.781107,0.786807,0.843509,0.777395,0.825215,0.822306,0.72102,0.745255,0.836054,0.752869,0.799533,0.804078,0.821436,0.792597,0.727232,0.845879,0.78305,0.819705,0.79883,0.874569,0.812754,0.780071,0.76203,0.857103,0.774146,0.665573,0.650688,0.816647,0.838497,0.841166,0.80794,0.694428,0.797228,0.72378,0.801219,0.73805,0.794016,0.838828,0.780919,0.816624,0.776122,0.757445,0.831073,0.740957,0.789899,0.846472,0.880148,0.843998,0.805354,0.793224,0.868277,0.684167,0.739928,0.802207,0.756646,0.821398,0.84335,0.80194,0.860524,0.758632,0.840856,0.694781,0.801497,0.777389,0.805825,0.802782,0.83884,0.770504,0.820185,0.824947,0.752958,0.827383,0.811723,0.799534,0.716598,0.88869,0.797943
Backpack,0.87064,0.838358,0.858962,1.0,0.854841,0.849056,0.786546,0.77216,0.868421,0.85333,0.802101,0.794473,0.876199,0.825233,0.872557,0.859398,0.842011,0.860023,0.854276,0.884312,0.815327,0.84702,0.832186,0.840532,0.82204,0.831267,0.880794,0.746126,0.875897,0.867288,0.877695,0.868128,0.898804,0.827215,0.807974,0.845151,0.870456,0.853218,0.864103,0.789068,0.859357,0.79151,0.79555,0.806009,0.858245,0.702516,0.861847,0.807063,0.805808,0.753217,0.870057,0.829367,0.859628,0.82865,0.820243,0.892587,0.796162,0.888654,0.882811,0.755671,0.795044,0.876386,0.815448,0.833156,0.881219,0.875829,0.83559,0.783426,0.89512,0.804683,0.862522,0.870715,0.889964,0.832819,0.81243,0.801709,0.885963,0.846581,0.709084,0.689762,0.857016,0.875693,0.803031,0.853966,0.745126,0.817985,0.778153,0.850462,0.795598,0.833916,0.882711,0.788985,0.864351,0.827594,0.80625,0.865603,0.793144,0.838745,0.858999,0.87743,0.848046,0.826216,0.837378,0.895523,0.724829,0.785858,0.844985,0.783064,0.894374,0.903183,0.864856,0.873567,0.794781,0.876205,0.732936,0.849815,0.820235,0.821437,0.85875,0.884848,0.809935,0.853365,0.842599,0.799784,0.862696,0.843796,0.848463,0.753168,0.883988,0.804163
Barstool,0.788019,0.939066,0.797523,0.854841,1.0,0.738514,0.743792,0.716375,0.918063,0.94929,0.910815,0.922935,0.916493,0.905042,0.861653,0.921171,0.922362,0.853935,0.877577,0.921145,0.92439,0.900362,0.93495,0.833567,0.932892,0.896739,0.855272,0.934143,0.953416,0.921224,0.821673,0.902793,0.922784,0.931706,0.761722,0.945869,0.924228,0.930028,0.929622,0.922683,0.935323,0.923117,0.901124,0.953828,0.886829,0.903651,0.811406,0.764076,0.91385,0.931237,0.913948,0.921752,0.920779,0.936122,0.88436,0.929765,0.878527,0.912291,0.957745,0.915782,0.943088,0.891011,0.952276,0.935431,0.939762,0.925855,0.945014,0.945964,0.889174,0.922408,0.885589,0.948583,0.85268,0.921694,0.911857,0.91975,0.877599,0.831359,0.91566,0.899792,0.89159,0.864815,0.629974,0.909852,0.934383,0.795338,0.943055,0.917557,0.938204,0.939526,0.897819,0.712726,0.926681,0.951853,0.886188,0.850818,0.928493,0.939774,0.785214,0.841043,0.818295,0.913182,0.950835,0.903426,0.920412,0.906273,0.91424,0.829347,0.92089,0.862624,0.938307,0.808919,0.883966,0.917668,0.91755,0.925185,0.853941,0.833971,0.961647,0.899808,0.93696,0.874427,0.88234,0.938806,0.912918,0.926487,0.939088,0.933909,0.881137,0.701777
Baseball,0.829635,0.746569,0.835245,0.849056,0.738514,1.0,0.794573,0.76546,0.784853,0.749494,0.712502,0.688322,0.831243,0.718157,0.831341,0.792462,0.755429,0.837109,0.784447,0.794078,0.733018,0.764607,0.708053,0.786791,0.72609,0.759375,0.828916,0.610754,0.760291,0.776754,0.853167,0.766396,0.819807,0.728418,0.786247,0.734997,0.757333,0.770785,0.775036,0.692793,0.763424,0.675748,0.694843,0.682144,0.804915,0.577379,0.863468,0.778292,0.709367,0.632367,0.785516,0.733127,0.766238,0.736937,0.741814,0.806285,0.719957,0.814326,0.773894,0.640608,0.68448,0.823315,0.688461,0.730533,0.776278,0.800712,0.732652,0.640635,0.830762,0.704753,0.799242,0.770236,0.860313,0.746141,0.732447,0.70667,0.852627,0.766524,0.559835,0.556196,0.784523,0.83635,0.857215,0.758669,0.606144,0.78344,0.649466,0.762906,0.66999,0.743942,0.824818,0.802544,0.764801,0.723255,0.719377,0.814527,0.691778,0.746679,0.846234,0.849983,0.819256,0.751753,0.728025,0.855391,0.589662,0.681411,0.763344,0.715313,0.822832,0.822759,0.752306,0.861953,0.745528,0.800732,0.606288,0.766771,0.741421,0.799752,0.750173,0.820147,0.703396,0.786134,0.765746,0.671091,0.78209,0.749769,0.753241,0.617136,0.848264,0.84596
Basket,0.781462,0.757548,0.776032,0.786546,0.743792,0.794573,1.0,0.74977,0.801842,0.772529,0.755051,0.740087,0.842377,0.715541,0.806149,0.806513,0.790027,0.836199,0.779774,0.78825,0.740829,0.800284,0.715333,0.754891,0.746796,0.743282,0.798738,0.63981,0.767641,0.774875,0.833084,0.77161,0.792667,0.756045,0.763048,0.764073,0.750284,0.773479,0.783308,0.744768,0.762765,0.671206,0.715768,0.698862,0.772388,0.630903,0.874816,0.713904,0.72894,0.668229,0.757496,0.736672,0.797154,0.750107,0.735815,0.786375,0.747143,0.776432,0.766513,0.680775,0.70553,0.780345,0.698049,0.736406,0.768028,0.798444,0.744123,0.648509,0.819118,0.699067,0.791651,0.782316,0.829591,0.751832,0.729542,0.710531,0.824983,0.799443,0.584219,0.621,0.798681,0.832636,0.805481,0.74392,0.631852,0.787127,0.677326,0.788317,0.682046,0.761488,0.81659,0.791708,0.760034,0.735308,0.752099,0.77861,0.704316,0.760378,0.802729,0.819599,0.776224,0.770542,0.708301,0.862138,0.617627,0.744563,0.776272,0.746592,0.806491,0.753698,0.756316,0.819401,0.747344,0.783911,0.633825,0.792703,0.738617,0.80903,0.756673,0.830211,0.706696,0.763437,0.784865,0.674227,0.765775,0.737164,0.74187,0.624352,0.826596,0.806724
Beanie,0.785566,0.723962,0.772547,0.77216,0.716375,0.76546,0.74977,1.0,0.733694,0.714527,0.694871,0.665483,0.767565,0.694075,0.742117,0.760495,0.719331,0.786034,0.745832,0.752958,0.686089,0.71118,0.690471,0.727161,0.704342,0.714262,0.754096,0.610858,0.731051,0.735364,0.775125,0.756615,0.751105,0.701357,0.74499,0.70144,0.742756,0.734815,0.720925,0.660968,0.724151,0.644116,0.69349,0.665355,0.740472,0.57474,0.812495,0.690906,0.668032,0.615757,0.743835,0.678952,0.722194,0.710062,0.690204,0.75301,0.705789,0.745704,0.739044,0.618747,0.66243,0.744732,0.668585,0.69922,0.748528,0.738295,0.704751,0.637111,0.779292,0.679999,0.750446,0.724146,0.793776,0.7125,0.699296,0.694253,0.771504,0.706997,0.573507,0.564028,0.756537,0.751248,0.74881,0.706632,0.61216,0.730328,0.644907,0.716355,0.658909,0.707125,0.744624,0.753742,0.73576,0.70873,0.686133,0.778639,0.652971,0.717227,0.774753,0.767927,0.754944,0.703278,0.715692,0.808279,0.594718,0.648983,0.701481,0.703066,0.758985,0.782157,0.723818,0.794493,0.704734,0.730722,0.602288,0.719699,0.710107,0.773009,0.7102,0.760573,0.674429,0.736324,0.743286,0.656485,0.711553,0.70222,0.723938,0.614584,0.778539,0.763911
Bed,0.798323,0.909376,0.820682,0.868421,0.918063,0.784853,0.801842,0.733694,1.0,0.932643,0.903479,0.907448,0.926077,0.883314,0.890377,0.911874,0.923566,0.883337,0.881106,0.911639,0.905301,0.926686,0.900267,0.846106,0.905722,0.879135,0.873467,0.868407,0.929132,0.913507,0.857572,0.886709,0.927394,0.924807,0.785272,0.929056,0.889537,0.909689,0.929073,0.905582,0.920391,0.883428,0.860434,0.902101,0.885893,0.854924,0.854163,0.797394,0.900608,0.887006,0.892491,0.91823,0.930551,0.907227,0.875145,0.921054,0.870551,0.904379,0.924886,0.889772,0.899924,0.894349,0.897934,0.907125,0.90663,0.930648,0.911507,0.874566,0.897113,0.881496,0.892068,0.938649,0.882931,0.901551,0.879703,0.87719,0.900178,0.882943,0.830807,0.85139,0.887723,0.896448,0.714551,0.901542,0.865091,0.822961,0.889639,0.924658,0.885988,0.920543,0.923905,0.756804,0.8994,0.905715,0.882171,0.848999,0.896519,0.915053,0.825722,0.870146,0.837317,0.914918,0.883561,0.922712,0.851609,0.914368,0.928773,0.831411,0.923513,0.842267,0.918426,0.839207,0.864108,0.92576,0.860524,0.935962,0.846495,0.8463,0.933122,0.926389,0.898256,0.869327,0.891443,0.88554,0.920465,0.906839,0.901207,0.857211,0.899971,0.755175
Bell,0.767153,0.951129,0.810645,0.85333,0.94929,0.749494,0.772529,0.714527,0.932643,1.0,0.926426,0.935513,0.922866,0.903483,0.886213,0.930247,0.934537,0.875462,0.88604,0.925561,0.940426,0.92549,0.932388,0.851705,0.938904,0.901038,0.860112,0.93074,0.953588,0.929752,0.833978,0.892052,0.932767,0.943249,0.766123,0.949602,0.906271,0.934056,0.941409,0.933415,0.944589,0.928159,0.893729,0.951496,0.895967,0.914257,0.843251,0.782084,0.936045,0.939871,0.912416,0.938973,0.937173,0.94432,0.892867,0.933984,0.892949,0.914164,0.95223,0.931078,0.948358,0.89447,0.940668,0.940519,0.926316,0.937925,0.950492,0.936437,0.896792,0.921526,0.897296,0.957982,0.873263,0.93356,0.911805,0.918576,0.893988,0.854798,0.906127,0.91091,0.887896,0.892622,0.662842,0.916038,0.927707,0.816022,0.942676,0.936409,0.932533,0.952354,0.917948,0.729449,0.926736,0.950202,0.896756,0.848448,0.936778,0.93949,0.804036,0.864117,0.824444,0.9303,0.922776,0.91994,0.919855,0.93133,0.93817,0.836256,0.927503,0.84402,0.938219,0.821231,0.891348,0.934943,0.920047,0.943967,0.858778,0.848097,0.968294,0.912798,0.939504,0.880732,0.895772,0.93674,0.926385,0.936825,0.929823,0.928533,0.901939,0.725581
Belt,0.722268,0.918125,0.765882,0.802101,0.910815,0.712502,0.755051,0.694871,0.903479,0.926426,1.0,0.917834,0.899119,0.873852,0.851378,0.900981,0.915444,0.853756,0.856112,0.882801,0.919691,0.905764,0.899725,0.803739,0.910132,0.87521,0.822339,0.908519,0.908788,0.890997,0.79271,0.853092,0.89617,0.924762,0.732528,0.921547,0.860542,0.89421,0.915488,0.912119,0.912575,0.905072,0.863571,0.919436,0.864067,0.904389,0.811231,0.752349,0.907868,0.9238,0.874484,0.920311,0.907806,0.919515,0.863986,0.894316,0.875354,0.870375,0.904342,0.921097,0.923197,0.869345,0.906312,0.90683,0.879677,0.910913,0.912646,0.900603,0.850223,0.89902,0.864788,0.924731,0.839515,0.90101,0.888158,0.898841,0.864233,0.824082,0.881102,0.904116,0.855645,0.860513,0.62905,0.882334,0.907914,0.77696,0.91966,0.907815,0.905175,0.923483,0.893267,0.707004,0.875843,0.922205,0.871617,0.812456,0.914357,0.914405,0.77209,0.820885,0.797533,0.915735,0.889502,0.890003,0.898821,0.920503,0.916085,0.813577,0.892736,0.780923,0.90152,0.786797,0.876742,0.901534,0.903643,0.931958,0.820283,0.830318,0.931109,0.891096,0.912316,0.842595,0.873658,0.903761,0.90393,0.901977,0.896928,0.892949,0.862963,0.693614
Bench,0.713455,0.918036,0.745367,0.794473,0.922935,0.688322,0.740087,0.665483,0.907448,0.935513,0.917834,1.0,0.89683,0.88147,0.843246,0.896797,0.920398,0.839539,0.850158,0.884587,0.922253,0.9113,0.912006,0.795726,0.918111,0.872939,0.817977,0.926648,0.920348,0.894042,0.782701,0.856114,0.895747,0.926698,0.717357,0.935186,0.869277,0.897347,0.920048,0.928751,0.915546,0.914456,0.872327,0.935404,0.858503,0.921053,0.786307,0.739588,0.914652,0.938876,0.872587,0.925411,0.916546,0.922387,0.867054,0.895911,0.871572,0.871026,0.914666,0.933786,0.934865,0.8622,0.924557,0.915388,0.889714,0.913008,0.922217,0.919416,0.84714,0.903337,0.859034,0.933145,0.821229,0.902448,0.88827,0.900116,0.854243,0.830887,0.901815,0.922965,0.855917,0.84989,0.593144,0.887173,0.925946,0.767535,0.934448,0.913708,0.919308,0.930138,0.889051,0.678917,0.882628,0.929024,0.879969,0.798871,0.924652,0.919002,0.747411,0.805903,0.779398,0.9133,0.894863,0.877904,0.915826,0.93464,0.919231,0.81168,0.892515,0.775509,0.911364,0.762745,0.871603,0.903314,0.917818,0.932159,0.82202,0.814663,0.941695,0.887116,0.92162,0.838316,0.868316,0.916783,0.904802,0.907097,0.902123,0.910242,0.852442,0.664572
Bike,0.836117,0.901645,0.821216,0.876199,0.916493,0.831243,0.842377,0.767565,0.926077,0.922866,0.899119,0.89683,1.0,0.862251,0.927135,0.922793,0.925139,0.912769,0.88377,0.91343,0.917372,0.926263,0.881174,0.836682,0.912896,0.889329,0.899841,0.848989,0.923055,0.907038,0.901739,0.877555,0.942123,0.906426,0.813829,0.918956,0.873475,0.920868,0.937089,0.908526,0.923439,0.865423,0.865356,0.89642,0.902314,0.829485,0.897855,0.798193,0.905394,0.874104,0.895681,0.906762,0.92973,0.918436,0.880031,0.926833,0.871967,0.935471,0.923651,0.864868,0.902244,0.918724,0.886,0.895349,0.908443,0.946301,0.91008,0.848739,0.914714,0.871729,0.913985,0.944512,0.911499,0.897622,0.894174,0.880885,0.939245,0.864788,0.796334,0.821055,0.889787,0.930799,0.757358,0.888635,0.84012,0.838476,0.874119,0.922014,0.870733,0.930119,0.943678,0.803018,0.894354,0.909063,0.879673,0.871929,0.905566,0.930374,0.865954,0.889364,0.85854,0.91899,0.881879,0.945822,0.82812,0.893255,0.933885,0.827089,0.960398,0.854914,0.903893,0.880049,0.919446,0.928216,0.840192,0.931377,0.845349,0.886807,0.932103,0.933849,0.893497,0.878446,0.879181,0.860514,0.913012,0.903161,0.906436,0.83374,0.915396,0.821473
Binder,0.75174,0.88971,0.782451,0.825233,0.905042,0.718157,0.715541,0.694075,0.883314,0.903483,0.873852,0.88147,0.862251,1.0,0.830788,0.873511,0.881862,0.821767,0.852474,0.877699,0.87909,0.873188,0.896614,0.807451,0.885107,0.85436,0.820715,0.878134,0.906385,0.88482,0.789248,0.867812,0.890619,0.895587,0.73542,0.900943,0.880011,0.880455,0.890138,0.87494,0.896345,0.887696,0.85305,0.897674,0.85055,0.854407,0.776087,0.771482,0.874444,0.882414,0.874275,0.895634,0.886679,0.88371,0.84422,0.889712,0.846559,0.866892,0.903196,0.87992,0.887485,0.856984,0.892509,0.892006,0.885918,0.886066,0.89726,0.89017,0.852499,0.879829,0.848988,0.902964,0.82723,0.874753,0.859246,0.874724,0.842352,0.823502,0.859391,0.855898,0.848322,0.819294,0.609045,0.881788,0.884913,0.770551,0.894816,0.88499,0.891062,0.892442,0.867969,0.689245,0.879343,0.893309,0.848618,0.815148,0.87937,0.887708,0.761376,0.799837,0.800626,0.876652,0.887819,0.863727,0.869405,0.881123,0.887901,0.801158,0.875501,0.826001,0.905036,0.778197,0.831112,0.891995,0.869742,0.894157,0.826505,0.792599,0.910382,0.869146,0.890928,0.839352,0.862427,0.895437,0.887903,0.890005,0.885937,0.874738,0.842911,0.679742
Binoculars,0.810035,0.869425,0.830909,0.872557,0.861653,0.831341,0.806149,0.742117,0.890377,0.886213,0.851378,0.843246,0.927135,0.830788,1.0,0.881112,0.876548,0.887149,0.860541,0.884565,0.881793,0.890945,0.843224,0.836122,0.862526,0.859275,0.878933,0.793953,0.881954,0.87819,0.880681,0.838874,0.919701,0.865041,0.792967,0.87018,0.834649,0.880119,0.89939,0.847741,0.889611,0.833854,0.81282,0.844255,0.881212,0.774039,0.879415,0.810085,0.871082,0.820753,0.870796,0.877627,0.888254,0.873414,0.850133,0.898779,0.834587,0.907382,0.884943,0.819792,0.851295,0.896808,0.833268,0.858549,0.866352,0.909877,0.86817,0.804144,0.889541,0.835316,0.884896,0.901596,0.904184,0.864651,0.850494,0.838112,0.91914,0.841496,0.746658,0.762273,0.846346,0.910451,0.780239,0.864699,0.786828,0.820434,0.822801,0.88559,0.823314,0.886683,0.918405,0.784947,0.861314,0.859941,0.835753,0.850519,0.857514,0.876759,0.862936,0.885263,0.845956,0.880843,0.8315,0.912589,0.777613,0.845917,0.902461,0.786509,0.922339,0.843565,0.868376,0.869148,0.863871,0.907184,0.790976,0.894106,0.818897,0.84834,0.892304,0.899698,0.850866,0.858642,0.8511,0.823225,0.891093,0.876516,0.862523,0.790967,0.903486,0.82018
Birdfeeder,0.797376,0.931719,0.828187,0.859398,0.921171,0.792462,0.806513,0.760495,0.911874,0.930247,0.900981,0.896797,0.922793,0.873511,0.881112,1.0,0.912667,0.897553,0.879914,0.911196,0.912992,0.894726,0.89546,0.851414,0.914021,0.892746,0.86464,0.881465,0.921451,0.908878,0.851166,0.88015,0.915694,0.908696,0.794013,0.91543,0.891094,0.91559,0.916524,0.896187,0.918025,0.884509,0.873066,0.910931,0.894751,0.860131,0.883913,0.78353,0.89375,0.890382,0.90063,0.900292,0.907186,0.923107,0.874233,0.919812,0.875725,0.901524,0.92771,0.881381,0.910774,0.895015,0.904248,0.911665,0.913291,0.921623,0.920769,0.888893,0.895575,0.895147,0.890543,0.929254,0.888214,0.914176,0.899052,0.901116,0.900815,0.831034,0.852107,0.850004,0.888711,0.895132,0.727145,0.890699,0.878384,0.826747,0.896701,0.90844,0.893624,0.924593,0.907081,0.779494,0.907615,0.928826,0.873534,0.86416,0.8984,0.916409,0.826154,0.879966,0.841183,0.90743,0.908384,0.934944,0.867771,0.88284,0.905786,0.832014,0.916892,0.85239,0.908305,0.85267,0.891596,0.914156,0.870524,0.92092,0.84779,0.877473,0.934025,0.904528,0.906806,0.876048,0.882458,0.893686,0.903143,0.906955,0.916503,0.88057,0.913352,0.781359
Boat,0.775489,0.916199,0.7909,0.842011,0.922362,0.755429,0.790027,0.719331,0.923566,0.934537,0.915444,0.920398,0.925139,0.881862,0.876548,0.912667,1.0,0.87215,0.872342,0.903576,0.91745,0.924488,0.907072,0.822493,0.915419,0.882936,0.857701,0.894597,0.92686,0.907433,0.834606,0.877838,0.918466,0.925473,0.76439,0.934199,0.883398,0.907336,0.93027,0.918236,0.921429,0.897627,0.871929,0.918161,0.879012,0.883852,0.837163,0.77353,0.908392,0.910784,0.888632,0.922908,0.927969,0.920629,0.875432,0.914394,0.876562,0.895483,0.922849,0.909327,0.917834,0.889967,0.911255,0.91225,0.903958,0.928702,0.91811,0.893783,0.881362,0.894773,0.884901,0.939797,0.864065,0.904658,0.889967,0.893283,0.890141,0.862334,0.860579,0.882093,0.880429,0.886214,0.674826,0.896668,0.891779,0.804966,0.911006,0.92314,0.902822,0.928519,0.91619,0.737414,0.89349,0.921294,0.88524,0.837001,0.912091,0.922149,0.802211,0.848553,0.820246,0.918631,0.893463,0.912687,0.879439,0.9236,0.926546,0.828874,0.917991,0.818207,0.916294,0.81755,0.879533,0.918514,0.885652,0.940454,0.839344,0.844412,0.939532,0.91673,0.91071,0.861433,0.885301,0.898803,0.91629,0.908094,0.90664,0.879375,0.883574,0.731128
Bonzai,0.812469,0.87299,0.851498,0.860023,0.853935,0.837109,0.836199,0.786034,0.883337,0.875462,0.853756,0.839539,0.912769,0.821767,0.887149,0.897553,0.87215,1.0,0.857465,0.875171,0.863992,0.870805,0.82864,0.841831,0.856909,0.862237,0.867513,0.784597,0.864927,0.868267,0.872482,0.839114,0.892899,0.857689,0.812758,0.860011,0.836574,0.868461,0.881482,0.835788,0.872035,0.811281,0.809554,0.83144,0.891901,0.767613,0.908232,0.802426,0.83813,0.805588,0.863915,0.854443,0.872144,0.868199,0.843497,0.888071,0.834741,0.8779,0.874084,0.808719,0.839782,0.886545,0.827121,0.852959,0.865133,0.901897,0.857531,0.794432,0.879875,0.836178,0.872057,0.885249,0.909002,0.86558,0.851478,0.840235,0.908928,0.823536,0.739363,0.75269,0.863202,0.898511,0.825109,0.846403,0.784046,0.823385,0.808584,0.870499,0.812641,0.872901,0.902576,0.817989,0.856467,0.864928,0.832358,0.859389,0.83296,0.868029,0.864163,0.89173,0.850516,0.871649,0.841434,0.933181,0.768751,0.830948,0.873827,0.79975,0.898801,0.830067,0.856235,0.877625,0.861013,0.886695,0.780776,0.887113,0.813738,0.903551,0.873866,0.896915,0.840602,0.8503,0.855996,0.811639,0.879396,0.862204,0.865837,0.778864,0.923553,0.829659
Book,0.795912,0.877102,0.822972,0.854276,0.877577,0.784447,0.779774,0.745832,0.881106,0.88604,0.856112,0.850158,0.88377,0.852474,0.860541,0.879914,0.872342,0.857465,1.0,0.880905,0.862193,0.87011,0.859912,0.827026,0.861837,0.849324,0.847646,0.817798,0.88625,0.877295,0.839057,0.861865,0.892609,0.872988,0.776535,0.876525,0.864526,0.874978,0.881641,0.84617,0.881474,0.841713,0.82831,0.853972,0.858636,0.79382,0.845381,0.787134,0.851767,0.829492,0.870594,0.868103,0.877933,0.866618,0.836389,0.888895,0.838448,0.873994,0.887673,0.830512,0.850519,0.866893,0.850262,0.866332,0.874816,0.885961,0.871913,0.832424,0.874819,0.846021,0.862466,0.888933,0.868077,0.863141,0.845611,0.848436,0.87323,0.833387,0.786158,0.788638,0.857173,0.860207,0.717412,0.864407,0.818348,0.804421,0.842327,0.876093,0.843836,0.874857,0.882126,0.75792,0.869233,0.867373,0.836179,0.84037,0.84492,0.87206,0.816035,0.847291,0.829254,0.868468,0.8586,0.894991,0.8042,0.848271,0.876889,0.802147,0.886263,0.845961,0.880794,0.833375,0.831342,0.887588,0.810887,0.884206,0.822821,0.826109,0.887268,0.883788,0.855107,0.849062,0.863439,0.845871,0.875966,0.868683,0.867154,0.815188,0.874665,0.759634
Bookend,0.827257,0.914416,0.831186,0.884312,0.921145,0.794078,0.78825,0.752958,0.911639,0.925561,0.882801,0.884587,0.91343,0.877699,0.884565,0.911196,0.903576,0.875171,0.880905,1.0,0.895635,0.897561,0.901274,0.848328,0.900924,0.877191,0.87626,0.864321,0.93178,0.9107,0.860756,0.897068,0.924492,0.899564,0.792505,0.915401,0.90523,0.910246,0.915102,0.879533,0.917694,0.875378,0.866895,0.901762,0.881905,0.833671,0.862567,0.786268,0.889684,0.870084,0.902305,0.894095,0.913242,0.907816,0.866858,0.924216,0.862727,0.911732,0.93367,0.861659,0.895186,0.888813,0.8983,0.902896,0.921277,0.917764,0.910537,0.882875,0.906809,0.877635,0.891111,0.930946,0.88523,0.89904,0.877614,0.87908,0.895185,0.856077,0.834426,0.826233,0.885058,0.891425,0.719197,0.894841,0.861238,0.823975,0.884164,0.906666,0.885574,0.910185,0.905562,0.763116,0.910471,0.911782,0.867067,0.864443,0.884982,0.906629,0.830196,0.872921,0.834579,0.890189,0.897328,0.916339,0.847737,0.874162,0.901881,0.824072,0.923668,0.882733,0.917439,0.848248,0.86172,0.913965,0.849431,0.90889,0.852701,0.84753,0.930884,0.905049,0.892985,0.876425,0.882488,0.885659,0.897798,0.902008,0.905108,0.863997,0.897602,0.764384
Boomerang,0.724916,0.945388,0.785601,0.815327,0.92439,0.733018,0.740829,0.686089,0.905301,0.940426,0.919691,0.922253,0.917372,0.87909,0.881793,0.912992,0.91745,0.863992,0.862193,0.895635,1.0,0.90371,0.910805,0.824311,0.928229,0.903889,0.839502,0.935551,0.915272,0.902234,0.803657,0.841437,0.917444,0.925072,0.735853,0.928138,0.861211,0.915015,0.928865,0.923519,0.931147,0.937364,0.876737,0.944571,0.893672,0.925169,0.819054,0.775599,0.934606,0.949154,0.89797,0.938568,0.90577,0.945162,0.887305,0.914326,0.886642,0.902212,0.923164,0.937028,0.953285,0.898977,0.929102,0.928345,0.893497,0.927871,0.933502,0.927681,0.858518,0.92777,0.87958,0.936336,0.854107,0.925403,0.916522,0.923846,0.894243,0.795,0.912239,0.916584,0.850893,0.883899,0.645255,0.899006,0.930107,0.777782,0.939729,0.912511,0.925912,0.948301,0.907707,0.707377,0.889119,0.947647,0.874488,0.825374,0.946196,0.929317,0.784836,0.847932,0.808595,0.929279,0.911091,0.89197,0.927033,0.915596,0.93204,0.804865,0.913965,0.797735,0.906172,0.801619,0.915029,0.92626,0.929884,0.935244,0.827124,0.839516,0.955546,0.885627,0.941685,0.863196,0.867962,0.924675,0.920424,0.929777,0.920234,0.93156,0.891898,0.714323
Car,0.773521,0.891362,0.789755,0.84702,0.900362,0.764607,0.800284,0.71118,0.926686,0.92549,0.905764,0.9113,0.926263,0.873188,0.890945,0.894726,0.924488,0.870805,0.87011,0.897561,0.90371,1.0,0.893645,0.819748,0.899233,0.864702,0.863435,0.861008,0.919898,0.901676,0.84802,0.872525,0.923626,0.922073,0.764581,0.92584,0.864226,0.895154,0.930828,0.908531,0.915127,0.878151,0.848508,0.893157,0.869106,0.856886,0.837378,0.785073,0.906782,0.887721,0.87469,0.92116,0.936474,0.901157,0.866719,0.907972,0.866992,0.894663,0.906343,0.894833,0.894879,0.884354,0.883048,0.893385,0.884478,0.92912,0.899631,0.859977,0.884324,0.868507,0.885601,0.936839,0.872592,0.885823,0.86644,0.865485,0.89285,0.894335,0.817234,0.858323,0.868856,0.89288,0.690973,0.892079,0.857656,0.810067,0.885094,0.926566,0.8766,0.916275,0.926698,0.738806,0.877821,0.89198,0.881583,0.827915,0.896732,0.909864,0.818244,0.848401,0.821026,0.915556,0.856004,0.908719,0.845019,0.930214,0.935633,0.82018,0.921407,0.809963,0.90955,0.820587,0.859762,0.91971,0.85657,0.9403,0.834552,0.832949,0.925484,0.927041,0.887926,0.853509,0.886427,0.872837,0.91732,0.897167,0.880396,0.839634,0.877731,0.739276
Cellphone,0.764776,0.9202,0.76533,0.832186,0.93495,0.708053,0.715333,0.690471,0.900267,0.932388,0.899725,0.912006,0.881174,0.896614,0.843224,0.89546,0.907072,0.82864,0.859912,0.901274,0.910805,0.893645,1.0,0.807113,0.918769,0.876746,0.832962,0.926331,0.938612,0.904133,0.791706,0.885881,0.909167,0.913144,0.735176,0.929939,0.903202,0.902238,0.915544,0.903418,0.922304,0.918155,0.886515,0.941555,0.861677,0.898756,0.782833,0.750892,0.906352,0.923667,0.892723,0.915786,0.90992,0.922761,0.866974,0.910662,0.866567,0.890008,0.935553,0.912866,0.929907,0.87082,0.933563,0.919191,0.918492,0.907593,0.927165,0.93854,0.866336,0.908937,0.8658,0.933557,0.830196,0.901379,0.887897,0.90675,0.854461,0.82655,0.911997,0.899906,0.8624,0.839196,0.592665,0.898186,0.929698,0.773428,0.937315,0.904663,0.930293,0.922367,0.879539,0.682016,0.905284,0.936074,0.870888,0.827264,0.91665,0.915124,0.760672,0.808244,0.79024,0.892552,0.91968,0.874507,0.916227,0.903085,0.902468,0.812324,0.899861,0.836612,0.927849,0.778373,0.862777,0.903086,0.911973,0.915469,0.841705,0.808742,0.946009,0.87824,0.922704,0.855967,0.869419,0.930789,0.899729,0.913111,0.916226,0.922967,0.850897,0.675044
Cheese,0.762207,0.856332,0.850017,0.840532,0.833567,0.786791,0.754891,0.727161,0.846106,0.851705,0.803739,0.795726,0.836682,0.807451,0.836122,0.851414,0.822493,0.841831,0.827026,0.848328,0.824311,0.819748,0.807113,1.0,0.81722,0.821582,0.820545,0.764858,0.840699,0.84919,0.815509,0.815437,0.855208,0.8355,0.765954,0.825012,0.823795,0.846166,0.835308,0.796881,0.840965,0.799365,0.77636,0.80336,0.845327,0.740741,0.839447,0.787869,0.808355,0.775531,0.843888,0.824393,0.827061,0.822542,0.807661,0.859406,0.79923,0.840555,0.85348,0.7792,0.801861,0.834269,0.804818,0.834933,0.83311,0.8445,0.835843,0.785149,0.845839,0.811826,0.829326,0.840441,0.855596,0.843314,0.810846,0.802523,0.850341,0.786967,0.738253,0.727315,0.823301,0.842649,0.76041,0.831782,0.759873,0.791554,0.78459,0.833499,0.791357,0.837006,0.84612,0.749274,0.843557,0.822671,0.790108,0.819512,0.792437,0.824899,0.807898,0.862043,0.81577,0.830646,0.819102,0.873635,0.752076,0.790795,0.836922,0.76708,0.842433,0.829024,0.832643,0.828726,0.789375,0.858837,0.759785,0.833989,0.789557,0.803249,0.845964,0.845021,0.815906,0.825978,0.82716,0.803124,0.844083,0.838765,0.83139,0.781127,0.884099,0.757363
Cheesegrater,0.754916,0.932346,0.771464,0.82204,0.932892,0.72609,0.746796,0.704342,0.905722,0.938904,0.910132,0.918111,0.912896,0.885107,0.862526,0.914021,0.915419,0.856909,0.861837,0.900924,0.928229,0.899233,0.918769,0.81722,1.0,0.888012,0.83746,0.927107,0.933383,0.905813,0.8081,0.870618,0.912617,0.917421,0.749245,0.928165,0.885368,0.915766,0.922273,0.918166,0.927445,0.915731,0.888207,0.944865,0.877183,0.905931,0.821216,0.751864,0.919277,0.932096,0.892601,0.917561,0.912405,0.938066,0.875539,0.912988,0.877018,0.898687,0.933182,0.916686,0.941698,0.878146,0.929548,0.921801,0.911397,0.918675,0.935739,0.928734,0.87137,0.911989,0.878179,0.939474,0.848996,0.914726,0.903503,0.916052,0.875875,0.813275,0.904045,0.903678,0.863915,0.865682,0.623613,0.894181,0.924975,0.788739,0.936483,0.911712,0.926043,0.940472,0.892684,0.710611,0.905555,0.944848,0.876164,0.833688,0.929107,0.928147,0.778815,0.830946,0.801111,0.908433,0.914829,0.898493,0.916831,0.906789,0.916949,0.816878,0.914094,0.822001,0.91832,0.799752,0.900188,0.910312,0.915164,0.922095,0.840975,0.841903,0.95076,0.883672,0.929775,0.860601,0.868179,0.923875,0.900635,0.917879,0.921442,0.921669,0.874917,0.711901
Christmasstreeornament,0.761628,0.907925,0.805191,0.831267,0.896739,0.759375,0.743282,0.714262,0.879135,0.901038,0.87521,0.872939,0.889329,0.85436,0.859275,0.892746,0.882936,0.862237,0.849324,0.877191,0.903889,0.864702,0.876746,0.821582,0.888012,1.0,0.836808,0.875477,0.888734,0.880237,0.808152,0.83675,0.894291,0.883131,0.753399,0.889397,0.858018,0.885623,0.893975,0.872598,0.89524,0.886144,0.848008,0.895883,0.882877,0.852743,0.824523,0.777122,0.875094,0.882034,0.882014,0.893675,0.870501,0.90205,0.860578,0.895366,0.848254,0.881859,0.902515,0.874308,0.897379,0.887812,0.891562,0.893682,0.883111,0.898732,0.897501,0.882516,0.853498,0.892689,0.860484,0.899673,0.856077,0.891972,0.884665,0.889078,0.881892,0.781727,0.853475,0.842382,0.849319,0.862399,0.690855,0.87246,0.875048,0.77783,0.88564,0.876655,0.882689,0.904735,0.883828,0.727762,0.874151,0.909365,0.841654,0.836348,0.888095,0.893003,0.7941,0.84862,0.818204,0.887168,0.896551,0.88924,0.865079,0.858452,0.886299,0.791714,0.889407,0.817587,0.881202,0.816406,0.875177,0.894982,0.86844,0.898476,0.813704,0.837179,0.914949,0.870947,0.896822,0.852489,0.846375,0.884951,0.894574,0.895378,0.899974,0.879401,0.886373,0.739431
Clock,0.844216,0.84324,0.827025,0.880794,0.855272,0.828916,0.798738,0.754096,0.873467,0.860112,0.822339,0.817977,0.899841,0.820715,0.878933,0.86464,0.857701,0.867513,0.847646,0.87626,0.839502,0.863435,0.832962,0.820545,0.83746,0.836808,1.0,0.766752,0.87262,0.863798,0.872216,0.851805,0.896157,0.835492,0.793223,0.857662,0.851723,0.857593,0.874641,0.817124,0.862688,0.802072,0.802974,0.820226,0.858494,0.73438,0.859479,0.791106,0.826056,0.782032,0.859441,0.843201,0.869919,0.844561,0.826805,0.885948,0.808742,0.885862,0.87737,0.781955,0.817059,0.877966,0.823303,0.838431,0.872436,0.886039,0.842358,0.788664,0.883294,0.812841,0.863319,0.88003,0.880392,0.838555,0.824018,0.81244,0.892565,0.842636,0.723915,0.723571,0.852554,0.881962,0.780721,0.849523,0.762368,0.809109,0.795402,0.861348,0.805414,0.851515,0.891163,0.781203,0.853683,0.839644,0.819368,0.84789,0.817248,0.852375,0.843939,0.866023,0.83336,0.84356,0.831293,0.894684,0.745127,0.813426,0.861712,0.783123,0.901068,0.861166,0.859908,0.857321,0.825499,0.880331,0.755009,0.865893,0.813009,0.83199,0.867485,0.887607,0.823135,0.845178,0.83991,0.80198,0.865214,0.847424,0.850447,0.763366,0.880866,0.797136
Coatrack,0.653346,0.937198,0.696063,0.746126,0.934143,0.610754,0.63981,0.610858,0.868407,0.93074,0.908519,0.926648,0.848989,0.878134,0.793953,0.881465,0.894597,0.784597,0.817798,0.864321,0.935551,0.861008,0.926331,0.764858,0.927107,0.875477,0.766752,1.0,0.913278,0.877213,0.705251,0.828229,0.867926,0.913058,0.659302,0.924335,0.864177,0.890797,0.898118,0.922087,0.910903,0.950071,0.886271,0.971937,0.840911,0.969171,0.716312,0.690492,0.917552,0.978357,0.869547,0.918833,0.876526,0.93852,0.859296,0.879288,0.862314,0.852267,0.917943,0.956255,0.967633,0.83838,0.957495,0.926839,0.888446,0.884453,0.935187,0.979232,0.801476,0.934832,0.825881,0.917351,0.765226,0.909704,0.903695,0.930249,0.809735,0.738072,0.985484,0.969567,0.819142,0.798158,0.483648,0.876867,0.987002,0.707593,0.976471,0.882332,0.957165,0.93409,0.838631,0.599754,0.880395,0.959537,0.85629,0.770469,0.946483,0.916718,0.676605,0.757361,0.729706,0.894064,0.931546,0.826629,0.982122,0.908873,0.88986,0.779043,0.86035,0.753141,0.902541,0.702238,0.878311,0.878307,0.972566,0.904069,0.800803,0.775404,0.951634,0.826297,0.949426,0.820522,0.831039,0.957464,0.881375,0.912942,0.918043,0.984033,0.816964,0.584433
Coffeemaker,0.812942,0.929812,0.8014,0.875897,0.953416,0.760291,0.767641,0.731051,0.929132,0.953588,0.908788,0.920348,0.923055,0.906385,0.881954,0.921451,0.92686,0.864927,0.88625,0.93178,0.915272,0.919898,0.938612,0.840699,0.933383,0.888734,0.87262,0.913278,1.0,0.929975,0.846756,0.916803,0.937971,0.926682,0.778992,0.946146,0.927249,0.928066,0.93841,0.916273,0.940655,0.909804,0.897745,0.945259,0.884636,0.881632,0.836112,0.774349,0.919621,0.915133,0.912626,0.922565,0.939161,0.932824,0.883547,0.936386,0.878317,0.923726,0.960419,0.903426,0.931941,0.892269,0.937576,0.928474,0.94491,0.93383,0.9429,0.931815,0.910525,0.905825,0.898971,0.959644,0.872863,0.915801,0.897997,0.906639,0.888704,0.870646,0.88802,0.881302,0.894425,0.882203,0.656756,0.914945,0.913442,0.818661,0.931452,0.930015,0.926942,0.937716,0.911597,0.732019,0.935229,0.941591,0.891428,0.861554,0.920465,0.934175,0.81072,0.851821,0.824375,0.907644,0.925807,0.916455,0.898873,0.912145,0.92376,0.835772,0.936852,0.879545,0.946614,0.827399,0.877213,0.924363,0.896766,0.930491,0.868768,0.842184,0.961966,0.912965,0.9246,0.881943,0.890923,0.929568,0.91466,0.92616,0.929415,0.910578,0.885748,0.729154
Coffeemug,0.798523,0.917472,0.828465,0.867288,0.921224,0.776754,0.774875,0.735364,0.913507,0.929752,0.890997,0.894042,0.907038,0.88482,0.87819,0.908878,0.907433,0.868267,0.877295,0.9107,0.902234,0.901676,0.904133,0.84919,0.905813,0.880237,0.863798,0.877213,0.929975,1.0,0.842866,0.886635,0.920946,0.911589,0.779767,0.918389,0.896497,0.910354,0.916512,0.891563,0.918635,0.889383,0.866941,0.908103,0.883911,0.853395,0.844126,0.792409,0.896848,0.886071,0.899144,0.908487,0.913229,0.909134,0.870839,0.919643,0.866602,0.903362,0.930385,0.881578,0.901825,0.888241,0.902774,0.909516,0.910545,0.916794,0.917109,0.891566,0.894168,0.889752,0.886181,0.929717,0.876586,0.903708,0.882089,0.885265,0.889836,0.852141,0.850114,0.848675,0.879482,0.880627,0.698307,0.898766,0.875486,0.817108,0.896119,0.911048,0.893666,0.917299,0.905452,0.745848,0.908484,0.91237,0.870098,0.853316,0.893782,0.90977,0.818348,0.864254,0.833395,0.900456,0.898031,0.91203,0.86418,0.890405,0.911171,0.823807,0.914343,0.859658,0.91738,0.835469,0.863486,0.917146,0.86677,0.916601,0.849834,0.838545,0.934126,0.903904,0.902162,0.872415,0.883207,0.898157,0.907525,0.909741,0.906229,0.878102,0.894766,0.747442
Compass,0.856368,0.810736,0.83215,0.877695,0.821673,0.853167,0.833084,0.775125,0.857572,0.833978,0.79271,0.782701,0.901739,0.789248,0.880681,0.851166,0.834606,0.872482,0.839057,0.860756,0.803657,0.84802,0.791706,0.815509,0.8081,0.808152,0.872216,0.705251,0.846756,0.842866,1.0,0.838452,0.88089,0.807456,0.810137,0.8249,0.826073,0.842991,0.85006,0.787653,0.836906,0.748223,0.7742,0.773401,0.841968,0.674646,0.890168,0.786303,0.796968,0.728101,0.835072,0.804827,0.853994,0.810721,0.800376,0.865355,0.788193,0.873568,0.849667,0.729932,0.7728,0.858098,0.773277,0.802882,0.847348,0.867496,0.812588,0.726998,0.88633,0.763979,0.857363,0.855498,0.890347,0.80992,0.792579,0.772795,0.890214,0.84471,0.651194,0.66259,0.843948,0.88291,0.818369,0.819863,0.698119,0.824116,0.743165,0.843671,0.754849,0.823621,0.880758,0.812686,0.833653,0.799232,0.798684,0.845009,0.777273,0.827086,0.860651,0.87001,0.83576,0.820804,0.788101,0.901093,0.682033,0.781372,0.841532,0.774535,0.890796,0.859188,0.831906,0.873679,0.805145,0.861467,0.695771,0.839691,0.79969,0.835023,0.83246,0.880517,0.779352,0.832556,0.826754,0.749879,0.835674,0.81493,0.816712,0.701032,0.879155,0.839955
Computertower,0.834066,0.870495,0.800267,0.868128,0.902793,0.766396,0.77161,0.756615,0.886709,0.892052,0.853092,0.856114,0.877555,0.867812,0.838874,0.88015,0.877838,0.839114,0.861865,0.897068,0.841437,0.872525,0.885881,0.815437,0.870618,0.83675,0.851805,0.828229,0.916803,0.886635,0.838452,1.0,0.894157,0.874407,0.780781,0.891805,0.905096,0.880486,0.882871,0.847145,0.886164,0.83488,0.851851,0.868562,0.839213,0.791195,0.825362,0.757091,0.845996,0.827496,0.874097,0.854602,0.894221,0.866816,0.828459,0.895319,0.835996,0.876985,0.909582,0.822452,0.851648,0.850133,0.870335,0.870332,0.908172,0.882015,0.878889,0.853801,0.889058,0.840182,0.862906,0.901862,0.851754,0.857417,0.837627,0.845407,0.850198,0.860535,0.800751,0.791064,0.87546,0.838496,0.67268,0.869091,0.831269,0.804575,0.854431,0.880566,0.860169,0.869126,0.868003,0.743845,0.890938,0.875867,0.845916,0.847371,0.839309,0.878308,0.800422,0.823478,0.811905,0.851206,0.878489,0.889435,0.81066,0.848291,0.862785,0.816191,0.891241,0.882276,0.90487,0.818441,0.810559,0.876985,0.810395,0.876953,0.840165,0.816557,0.893702,0.885961,0.854461,0.847506,0.86987,0.857525,0.861042,0.862715,0.875928,0.82394,0.849925,0.728016
Controller,0.830639,0.913604,0.838356,0.898804,0.922784,0.819807,0.792667,0.751105,0.927394,0.932767,0.89617,0.895747,0.942123,0.890619,0.919701,0.915694,0.918466,0.892899,0.892609,0.924492,0.917444,0.923626,0.909167,0.855208,0.912617,0.894291,0.896157,0.867926,0.937971,0.920946,0.88089,0.894157,1.0,0.914397,0.802756,0.923577,0.896121,0.919521,0.937992,0.895082,0.935372,0.894537,0.868935,0.909292,0.905152,0.841561,0.866996,0.822649,0.910824,0.884036,0.913044,0.923075,0.930243,0.919531,0.885012,0.939415,0.872604,0.93786,0.936914,0.87955,0.906783,0.921288,0.901106,0.911141,0.919859,0.942775,0.920031,0.881579,0.915848,0.89054,0.910212,0.947494,0.908988,0.905376,0.892373,0.891355,0.924797,0.873397,0.83029,0.834632,0.883755,0.910566,0.730197,0.912365,0.865798,0.83252,0.892519,0.924403,0.892949,0.927817,0.938578,0.773901,0.910068,0.915214,0.878444,0.875453,0.908285,0.922971,0.857599,0.88385,0.86024,0.914206,0.896356,0.929308,0.852661,0.89529,0.934359,0.824627,0.950478,0.884713,0.926842,0.868001,0.88911,0.941118,0.860005,0.932462,0.859742,0.858594,0.942995,0.926673,0.9072,0.889286,0.890293,0.89286,0.929277,0.921453,0.913682,0.864629,0.910298,0.791012
Couch,0.7329,0.929734,0.804156,0.827215,0.931706,0.728418,0.756045,0.701357,0.924807,0.943249,0.924762,0.926698,0.906426,0.895587,0.865041,0.908696,0.925473,0.857689,0.872988,0.899564,0.925072,0.922073,0.913144,0.8355,0.917421,0.883131,0.835492,0.913058,0.926682,0.911589,0.807456,0.874407,0.914397,1.0,0.748713,0.934769,0.8799,0.916413,0.926974,0.925102,0.928555,0.91779,0.87009,0.926839,0.878419,0.910543,0.81006,0.780873,0.920113,0.929822,0.892435,0.935908,0.923467,0.920953,0.87704,0.911672,0.885436,0.886368,0.921288,0.931746,0.927873,0.879247,0.916936,0.922842,0.890039,0.921722,0.926505,0.908712,0.867789,0.909322,0.87839,0.935822,0.855885,0.915043,0.896025,0.900768,0.873126,0.848954,0.885503,0.909254,0.871888,0.867206,0.637908,0.903622,0.912677,0.792661,0.926284,0.9237,0.91342,0.933932,0.90723,0.708043,0.894526,0.923394,0.883725,0.824785,0.921802,0.928913,0.790803,0.841017,0.819277,0.934263,0.904995,0.902348,0.903804,0.935626,0.934783,0.827115,0.901477,0.80596,0.920233,0.802191,0.867819,0.921053,0.911026,0.941916,0.835932,0.824977,0.942644,0.911135,0.922648,0.857058,0.894603,0.917555,0.924389,0.918845,0.907616,0.903196,0.87994,0.698324
Cushion,0.798538,0.760464,0.788664,0.807974,0.761722,0.786247,0.763048,0.74499,0.785272,0.766123,0.732528,0.717357,0.813829,0.73542,0.792967,0.794013,0.76439,0.812758,0.776535,0.792505,0.735853,0.764581,0.735176,0.765954,0.749245,0.753399,0.793223,0.659302,0.778992,0.779767,0.810137,0.780781,0.802756,0.748713,1.0,0.753131,0.773999,0.778238,0.772777,0.718588,0.770994,0.694416,0.725352,0.716854,0.781345,0.627003,0.827456,0.727649,0.722542,0.670882,0.77755,0.735774,0.773958,0.751468,0.73802,0.797969,0.733224,0.795299,0.786764,0.673166,0.71338,0.787517,0.719144,0.747235,0.78704,0.788936,0.753967,0.683081,0.813841,0.71907,0.787028,0.77856,0.822995,0.755779,0.738887,0.727805,0.813894,0.756617,0.619083,0.615193,0.786431,0.795819,0.757103,0.755164,0.657429,0.761441,0.692278,0.767804,0.704413,0.757981,0.795876,0.757711,0.777751,0.747896,0.731289,0.794818,0.710319,0.761133,0.794644,0.805304,0.779113,0.75162,0.74635,0.838957,0.641232,0.707196,0.760839,0.72571,0.806584,0.803546,0.769591,0.813203,0.743975,0.785283,0.650957,0.76826,0.743533,0.786742,0.763891,0.802314,0.723685,0.771915,0.769479,0.703717,0.766506,0.753494,0.765909,0.663561,0.81748,0.781864
Desk,0.772107,0.929164,0.784289,0.845151,0.945869,0.734997,0.764073,0.70144,0.929056,0.949602,0.921547,0.935186,0.918956,0.900943,0.87018,0.91543,0.934199,0.860011,0.876525,0.915401,0.928138,0.92584,0.929939,0.825012,0.928165,0.889397,0.857662,0.924335,0.946146,0.918389,0.8249,0.891805,0.923577,0.934769,0.753131,1.0,0.906012,0.917926,0.93806,0.93122,0.932534,0.91994,0.88747,0.943237,0.880892,0.907642,0.814023,0.769687,0.921277,0.933758,0.90017,0.934644,0.936104,0.931415,0.884027,0.923986,0.882037,0.903002,0.942855,0.927734,0.937741,0.890047,0.939017,0.929389,0.923453,0.933731,0.934657,0.927803,0.884093,0.911814,0.884734,0.95271,0.851991,0.915397,0.899535,0.906476,0.882013,0.864201,0.897389,0.907259,0.886239,0.876636,0.640309,0.910389,0.92282,0.79713,0.935922,0.930336,0.927616,0.938477,0.912554,0.713295,0.909872,0.938798,0.894924,0.83373,0.928417,0.932472,0.783784,0.838834,0.811239,0.921463,0.917005,0.901749,0.909274,0.934835,0.930831,0.831118,0.921245,0.830515,0.934722,0.800021,0.878271,0.925607,0.911082,0.943059,0.848769,0.830848,0.957673,0.913405,0.929863,0.866516,0.889341,0.925137,0.922489,0.922359,0.921774,0.911513,0.879094,0.698331
Door,0.832295,0.895191,0.807144,0.870456,0.924228,0.757333,0.750284,0.742756,0.889537,0.906271,0.860542,0.869277,0.873475,0.880011,0.834649,0.891094,0.883398,0.836574,0.864526,0.90523,0.861211,0.864226,0.903202,0.823795,0.885368,0.858018,0.851723,0.864177,0.927249,0.896497,0.826073,0.905096,0.896121,0.8799,0.773999,0.906012,1.0,0.891611,0.889275,0.860565,0.895423,0.863926,0.869419,0.896645,0.855324,0.821241,0.815432,0.759148,0.854334,0.854315,0.8907,0.869772,0.890216,0.885297,0.845784,0.906069,0.840424,0.884683,0.930824,0.845193,0.877148,0.863903,0.902842,0.892645,0.927428,0.888156,0.898906,0.892742,0.886858,0.871018,0.862386,0.909024,0.844881,0.878344,0.860012,0.870485,0.854468,0.836822,0.847358,0.818569,0.884101,0.83874,0.664818,0.882094,0.868103,0.797331,0.882336,0.88186,0.887817,0.884603,0.865584,0.728404,0.907517,0.903001,0.851329,0.851644,0.860292,0.888658,0.786203,0.830415,0.811246,0.856885,0.911964,0.887351,0.847723,0.850722,0.863445,0.817605,0.891177,0.88624,0.915581,0.812703,0.825885,0.883851,0.843461,0.882592,0.845096,0.815149,0.914474,0.878678,0.88026,0.859563,0.866202,0.889432,0.874051,0.882693,0.902473,0.867866,0.861081,0.717943
Doorknob,0.789737,0.928274,0.821123,0.853218,0.930028,0.770785,0.773479,0.734815,0.909689,0.934056,0.89421,0.897347,0.920868,0.880455,0.880119,0.91559,0.907336,0.868461,0.874978,0.910246,0.915015,0.895154,0.902238,0.846166,0.915766,0.885623,0.857593,0.890797,0.928066,0.910354,0.842991,0.880486,0.919521,0.916413,0.778238,0.917926,0.891611,1.0,0.915094,0.902589,0.922198,0.893974,0.876457,0.919115,0.887061,0.867084,0.848871,0.780939,0.905909,0.899055,0.900356,0.904681,0.908396,0.919813,0.87273,0.919204,0.872917,0.909213,0.932851,0.886711,0.916466,0.887001,0.909929,0.915244,0.910681,0.91721,0.926286,0.897951,0.891465,0.894903,0.888161,0.929777,0.874585,0.91173,0.89531,0.896432,0.892135,0.827546,0.863038,0.860164,0.877713,0.881109,0.681453,0.894155,0.88579,0.812912,0.905602,0.909064,0.900819,0.928969,0.899935,0.74379,0.909019,0.92443,0.870171,0.852289,0.907213,0.922013,0.810837,0.863378,0.828358,0.906982,0.909506,0.913332,0.878438,0.887425,0.912453,0.821825,0.917652,0.855326,0.913081,0.833078,0.884309,0.918221,0.880242,0.912268,0.845601,0.843794,0.939687,0.89597,0.912297,0.873303,0.87692,0.901211,0.900335,0.912551,0.913998,0.894214,0.898201,0.753394
Drill,0.786933,0.92098,0.80107,0.864103,0.929622,0.775036,0.783308,0.720925,0.929073,0.941409,0.915488,0.920048,0.937089,0.890138,0.89939,0.916524,0.93027,0.881482,0.881641,0.915102,0.928865,0.930828,0.915544,0.835308,0.922273,0.893975,0.874641,0.898118,0.93841,0.916512,0.85006,0.882871,0.937992,0.926974,0.772777,0.93806,0.889275,0.915094,1.0,0.918185,0.934072,0.908789,0.874049,0.926952,0.894483,0.881084,0.84431,0.793296,0.920599,0.914197,0.902609,0.933751,0.93423,0.929399,0.887081,0.928632,0.878222,0.918518,0.934669,0.910778,0.926175,0.908297,0.917914,0.917857,0.914594,0.942582,0.926488,0.902162,0.894606,0.903031,0.897826,0.952178,0.881928,0.911359,0.899486,0.901685,0.907221,0.865782,0.863017,0.877812,0.880483,0.902082,0.690676,0.909434,0.896012,0.811197,0.915623,0.929249,0.909187,0.937297,0.930809,0.743366,0.903722,0.928842,0.887489,0.851199,0.922866,0.930324,0.82261,0.862297,0.834531,0.924252,0.902516,0.91889,0.883099,0.922069,0.938885,0.824763,0.93796,0.839687,0.925419,0.834771,0.891382,0.931619,0.889945,0.945338,0.848084,0.850655,0.950917,0.923607,0.919286,0.874455,0.886133,0.907981,0.930357,0.921784,0.916482,0.885897,0.896793,0.746154
Dryingrack,0.70894,0.915041,0.745604,0.789068,0.922683,0.692793,0.744768,0.660968,0.905582,0.933415,0.912119,0.928751,0.908526,0.87494,0.847741,0.896187,0.918236,0.835788,0.84617,0.879533,0.923519,0.908531,0.903418,0.796881,0.918166,0.872598,0.817124,0.922087,0.916273,0.891563,0.787653,0.847145,0.895082,0.925102,0.718588,0.93122,0.860565,0.902589,0.918185,1.0,0.912785,0.9102,0.870099,0.933186,0.861068,0.917025,0.787466,0.740622,0.915059,0.937342,0.86952,0.922451,0.912733,0.919068,0.867061,0.893182,0.868893,0.874639,0.912494,0.92962,0.933547,0.863861,0.921529,0.913563,0.884639,0.912381,0.923429,0.91199,0.846201,0.900367,0.859523,0.929882,0.821813,0.901579,0.890466,0.896458,0.859101,0.822672,0.894388,0.91764,0.853565,0.851106,0.593745,0.883538,0.918358,0.768718,0.929585,0.912208,0.913611,0.933796,0.889298,0.678837,0.880638,0.924218,0.877932,0.796914,0.926287,0.921264,0.747166,0.809378,0.782141,0.9155,0.892373,0.879215,0.91071,0.931631,0.921803,0.808423,0.893946,0.771633,0.90405,0.764715,0.879608,0.904455,0.914181,0.927255,0.817339,0.810807,0.940293,0.884862,0.921085,0.83722,0.860512,0.910914,0.903003,0.90604,0.901316,0.908401,0.856941,0.674597
Dumbbell,0.782613,0.934236,0.810641,0.859357,0.935323,0.763424,0.762765,0.724151,0.920391,0.944589,0.912575,0.915546,0.923439,0.896345,0.889611,0.918025,0.921429,0.872035,0.881474,0.917694,0.931147,0.915127,0.922304,0.840965,0.927445,0.89524,0.862688,0.910903,0.940655,0.918635,0.836906,0.886164,0.935372,0.928555,0.770994,0.932534,0.895423,0.922198,0.934072,0.912785,1.0,0.91795,0.883853,0.936038,0.892045,0.889941,0.839183,0.788379,0.924974,0.920832,0.909404,0.929198,0.925499,0.935509,0.884726,0.930118,0.88352,0.918012,0.939941,0.911033,0.934231,0.898006,0.923597,0.925061,0.917512,0.932315,0.934902,0.917652,0.893606,0.91063,0.896135,0.948193,0.877652,0.918497,0.90326,0.910889,0.897053,0.843402,0.883314,0.884948,0.874497,0.888018,0.665592,0.909298,0.909255,0.809026,0.926314,0.922721,0.919122,0.939501,0.916558,0.734943,0.91239,0.937526,0.88163,0.853206,0.92742,0.930378,0.816476,0.85793,0.830202,0.919244,0.912185,0.912162,0.899701,0.909994,0.931139,0.825208,0.930804,0.852726,0.929417,0.829688,0.892964,0.929321,0.901605,0.933042,0.853052,0.847076,0.953964,0.906224,0.927444,0.876477,0.887884,0.92009,0.920468,0.927506,0.921541,0.907136,0.891964,0.737946
Dustpan,0.689367,0.93141,0.755127,0.79151,0.923117,0.675748,0.671206,0.644116,0.883428,0.928159,0.905072,0.914456,0.865423,0.887696,0.833854,0.884509,0.897627,0.811281,0.841713,0.875378,0.937364,0.878151,0.918155,0.799365,0.915731,0.886144,0.802072,0.950071,0.909804,0.889383,0.748223,0.83488,0.894537,0.91779,0.694416,0.91994,0.863926,0.893974,0.908789,0.9102,0.91795,1.0,0.872076,0.947661,0.867344,0.934956,0.748334,0.757219,0.917548,0.953154,0.886788,0.934333,0.885396,0.928187,0.870243,0.896238,0.867511,0.874172,0.915168,0.942697,0.946791,0.872518,0.936148,0.924171,0.884086,0.90071,0.92735,0.94858,0.826378,0.931296,0.848213,0.918965,0.808512,0.909694,0.900834,0.920185,0.847364,0.772305,0.941199,0.932268,0.82938,0.828516,0.561386,0.894777,0.952371,0.738397,0.950748,0.893115,0.936972,0.930418,0.872838,0.644807,0.880358,0.939665,0.857856,0.797679,0.936781,0.912565,0.733616,0.796844,0.779718,0.906817,0.917652,0.849246,0.94631,0.90775,0.910103,0.788278,0.878931,0.78262,0.906387,0.750817,0.876807,0.905156,0.943802,0.916749,0.814432,0.78867,0.946083,0.855299,0.940422,0.841608,0.851472,0.942348,0.90983,0.922519,0.912916,0.950143,0.846691,0.640703
Fan,0.756314,0.8904,0.742713,0.79555,0.901124,0.694843,0.715768,0.69349,0.860434,0.893729,0.863571,0.872327,0.865356,0.85305,0.81282,0.873066,0.871929,0.809554,0.82831,0.866895,0.876737,0.848508,0.886515,0.77636,0.888207,0.848008,0.802974,0.886271,0.897745,0.866941,0.7742,0.851851,0.868935,0.87009,0.725352,0.88747,0.869419,0.876457,0.874049,0.870099,0.883853,0.872076,1.0,0.903514,0.832746,0.857028,0.780738,0.713645,0.866019,0.881917,0.859581,0.86688,0.867878,0.892116,0.832026,0.874025,0.838282,0.858824,0.900649,0.865399,0.894643,0.838786,0.895311,0.882742,0.887352,0.869774,0.894804,0.894649,0.839031,0.872064,0.83887,0.892571,0.805514,0.870663,0.861603,0.877989,0.831289,0.775924,0.870905,0.855481,0.839096,0.81243,0.586638,0.853583,0.887148,0.755096,0.897556,0.864791,0.890218,0.890271,0.84097,0.682582,0.874038,0.905932,0.836069,0.808807,0.880035,0.884522,0.740186,0.786337,0.76621,0.855531,0.890019,0.85583,0.876039,0.853781,0.858677,0.789576,0.868441,0.810547,0.88491,0.764938,0.849849,0.862457,0.870441,0.873584,0.811427,0.800444,0.906728,0.840223,0.885545,0.82769,0.833008,0.887152,0.852447,0.873429,0.887212,0.88661,0.827258,0.682732
Faucet,0.726322,0.94764,0.744259,0.806009,0.953828,0.682144,0.698862,0.665355,0.902101,0.951496,0.919436,0.935404,0.89642,0.897674,0.844255,0.910931,0.918161,0.83144,0.853972,0.901762,0.944571,0.893157,0.941555,0.80336,0.944865,0.895883,0.820226,0.971937,0.945259,0.908103,0.773401,0.868562,0.909292,0.926839,0.716854,0.943237,0.896645,0.919115,0.926952,0.933186,0.936038,0.947661,0.903514,1.0,0.873835,0.947963,0.777557,0.732516,0.932771,0.968325,0.898675,0.932246,0.910738,0.952901,0.882748,0.914453,0.879091,0.897014,0.947625,0.94729,0.970555,0.875116,0.963156,0.939895,0.923212,0.91839,0.952567,0.973846,0.855291,0.937283,0.867549,0.9476,0.820636,0.925743,0.91787,0.936435,0.857289,0.790928,0.960532,0.946437,0.857226,0.845862,0.561007,0.902297,0.971847,0.760495,0.972483,0.911433,0.958478,0.951347,0.880336,0.662383,0.913388,0.969106,0.880094,0.818423,0.953797,0.937941,0.740963,0.807304,0.777494,0.911632,0.942744,0.874947,0.963806,0.91821,0.916202,0.808707,0.90663,0.8122,0.929895,0.764312,0.899891,0.90934,0.95713,0.925466,0.83677,0.818261,0.970083,0.8687,0.954864,0.856794,0.860159,0.958718,0.906246,0.932226,0.938108,0.969928,0.858519,0.658432
Flower,0.787937,0.898636,0.847167,0.858245,0.886829,0.804915,0.772388,0.740472,0.885893,0.895967,0.864067,0.858503,0.902314,0.85055,0.881212,0.894751,0.879012,0.891901,0.858636,0.881905,0.893672,0.869106,0.861677,0.845327,0.877183,0.882877,0.858494,0.840911,0.884636,0.883911,0.841968,0.839213,0.905152,0.878419,0.781345,0.880892,0.855324,0.887061,0.894483,0.861068,0.892045,0.867344,0.832746,0.873835,1.0,0.817543,0.852999,0.811874,0.865419,0.853697,0.886587,0.889217,0.872449,0.888599,0.863194,0.90131,0.843374,0.892923,0.899474,0.851689,0.876459,0.901969,0.871541,0.885003,0.879825,0.907264,0.888484,0.853249,0.87079,0.880251,0.871005,0.897579,0.886681,0.888166,0.877312,0.871548,0.902795,0.800858,0.810674,0.804327,0.857787,0.882629,0.756836,0.874562,0.840621,0.800515,0.856842,0.878558,0.858756,0.897323,0.900526,0.761724,0.874782,0.891497,0.839083,0.853101,0.87097,0.887442,0.831636,0.877336,0.846692,0.886985,0.884149,0.907674,0.829238,0.848397,0.890129,0.794502,0.899464,0.836602,0.876964,0.850407,0.870668,0.904271,0.836826,0.8961,0.818825,0.856153,0.905364,0.886788,0.882121,0.86183,0.852157,0.864122,0.903205,0.893973,0.893021,0.846631,0.913579,0.779652
Flute,0.595767,0.917681,0.670163,0.702516,0.903651,0.577379,0.630903,0.57474,0.854924,0.914257,0.904389,0.921053,0.829485,0.854407,0.774039,0.860131,0.883852,0.767613,0.79382,0.833671,0.925169,0.856886,0.898756,0.740741,0.905931,0.852743,0.73438,0.969171,0.881632,0.853395,0.674646,0.791195,0.841561,0.910543,0.627003,0.907642,0.821241,0.867084,0.881084,0.917025,0.889941,0.934956,0.857028,0.947963,0.817543,1.0,0.692427,0.6724,0.90891,0.972997,0.837789,0.912564,0.863285,0.918205,0.840315,0.849758,0.850834,0.817463,0.881732,0.95787,0.951345,0.813301,0.929359,0.906786,0.844476,0.866726,0.911983,0.949724,0.767681,0.914688,0.802165,0.896408,0.7401,0.891775,0.88272,0.906196,0.786939,0.727584,0.964226,0.972474,0.791932,0.781168,0.460462,0.854664,0.968773,0.685689,0.958636,0.870945,0.93272,0.917767,0.826092,0.574762,0.845002,0.932983,0.843754,0.730488,0.935007,0.896999,0.651679,0.735094,0.705047,0.892366,0.892861,0.805821,0.967629,0.915638,0.884239,0.761891,0.830533,0.692195,0.874774,0.670653,0.858043,0.861888,0.962232,0.89944,0.771723,0.753581,0.928551,0.813363,0.93029,0.790115,0.81728,0.933463,0.870182,0.893043,0.885776,0.959431,0.794308,0.556894
Fossils,0.836806,0.848249,0.851264,0.861847,0.811406,0.863468,0.874816,0.812495,0.854163,0.843251,0.811231,0.786307,0.897855,0.776087,0.879415,0.883913,0.837163,0.908232,0.845381,0.862567,0.819054,0.837378,0.782833,0.839447,0.821216,0.824523,0.859479,0.716312,0.836112,0.844126,0.890168,0.825362,0.866996,0.81006,0.827456,0.814023,0.815432,0.848871,0.84431,0.787466,0.839183,0.748334,0.780738,0.777557,0.852999,0.692427,1.0,0.776992,0.799887,0.736404,0.838246,0.796863,0.841924,0.833809,0.805301,0.86381,0.808435,0.85932,0.844986,0.73667,0.785691,0.852109,0.769755,0.81057,0.842269,0.862513,0.822873,0.732157,0.887985,0.777948,0.861962,0.84871,0.911171,0.835364,0.811496,0.798794,0.898102,0.811797,0.667157,0.676053,0.849835,0.90458,0.869875,0.810244,0.707218,0.847552,0.749605,0.84052,0.756629,0.837126,0.873479,0.855623,0.840549,0.822933,0.798481,0.861544,0.777513,0.82748,0.874827,0.904146,0.84337,0.828306,0.792161,0.934102,0.697591,0.773415,0.834467,0.791266,0.880429,0.843954,0.82025,0.899327,0.834794,0.852674,0.709243,0.843894,0.803243,0.886169,0.833849,0.872257,0.786287,0.842025,0.835401,0.754788,0.826364,0.816818,0.825032,0.718012,0.911962,0.885764
Frisbee,0.733647,0.775863,0.814648,0.807063,0.764076,0.778292,0.713904,0.690906,0.797394,0.782084,0.752349,0.739588,0.798193,0.771482,0.810085,0.78353,0.77353,0.802426,0.787134,0.786268,0.775599,0.785073,0.750892,0.787869,0.751864,0.777122,0.791106,0.690492,0.774349,0.792409,0.786303,0.757091,0.822649,0.780873,0.727649,0.769687,0.759148,0.780939,0.793296,0.740622,0.788379,0.757219,0.713645,0.732516,0.811874,0.6724,0.776992,1.0,0.754297,0.713979,0.796109,0.797455,0.779784,0.757003,0.76326,0.808873,0.747293,0.800596,0.783292,0.73093,0.734671,0.821882,0.735169,0.773047,0.766821,0.808482,0.768144,0.709052,0.794795,0.76225,0.786099,0.785143,0.821787,0.772951,0.755671,0.746524,0.824913,0.76185,0.656075,0.661493,0.768245,0.793758,0.738676,0.79294,0.69433,0.74262,0.719704,0.786121,0.728959,0.776142,0.823579,0.716553,0.768688,0.749383,0.740125,0.776404,0.743259,0.767934,0.78688,0.804338,0.802104,0.789429,0.753798,0.818608,0.681128,0.75074,0.803565,0.716124,0.801638,0.774353,0.781286,0.794773,0.742615,0.827166,0.696094,0.799546,0.741385,0.752072,0.782232,0.81376,0.758404,0.779837,0.78264,0.740899,0.824588,0.792343,0.770811,0.697453,0.827624,0.740056
Fryingpan,0.714432,0.923199,0.762795,0.805808,0.91385,0.709367,0.72894,0.668032,0.900608,0.936045,0.907868,0.914652,0.905394,0.874444,0.871082,0.89375,0.908392,0.83813,0.851767,0.889684,0.934606,0.906782,0.906352,0.808355,0.919277,0.875094,0.826056,0.917552,0.919621,0.896848,0.796968,0.845996,0.910824,0.920113,0.722542,0.921277,0.854334,0.905909,0.920599,0.915059,0.924974,0.917548,0.866019,0.932771,0.865419,0.90891,0.799887,0.754297,1.0,0.934728,0.880007,0.926366,0.912432,0.928387,0.869085,0.902458,0.874232,0.892653,0.914773,0.922029,0.937155,0.869632,0.910798,0.91232,0.881678,0.914697,0.924457,0.912352,0.857457,0.899869,0.87266,0.934624,0.841286,0.906456,0.889698,0.897647,0.871252,0.816039,0.890025,0.906326,0.836822,0.868282,0.608127,0.888851,0.911909,0.776041,0.92777,0.91226,0.911182,0.935516,0.89672,0.685653,0.884974,0.925501,0.869147,0.807236,0.932824,0.917819,0.775575,0.82386,0.787839,0.914287,0.882461,0.877221,0.909743,0.916951,0.928831,0.798296,0.908005,0.792675,0.905583,0.782283,0.88723,0.913997,0.911112,0.92227,0.825509,0.813322,0.945124,0.878267,0.922401,0.847023,0.863302,0.911807,0.901979,0.916242,0.896519,0.909577,0.862693,0.692752
Glasses,0.651404,0.938304,0.708939,0.753217,0.931237,0.632367,0.668229,0.615757,0.887006,0.939871,0.9238,0.938876,0.874104,0.882414,0.820753,0.890382,0.910784,0.805588,0.829492,0.870084,0.949154,0.887721,0.923667,0.775531,0.932096,0.882034,0.782032,0.978357,0.915133,0.886071,0.728101,0.827496,0.884036,0.929822,0.670882,0.933758,0.854315,0.899055,0.914197,0.937342,0.920832,0.953154,0.881917,0.968325,0.853697,0.972997,0.736404,0.713979,0.934728,1.0,0.871819,0.937724,0.895967,0.943043,0.869378,0.88686,0.874526,0.863283,0.915187,0.967575,0.970415,0.854346,0.950081,0.930348,0.880676,0.902941,0.938318,0.963854,0.812207,0.933832,0.841828,0.929995,0.786475,0.915797,0.908275,0.927862,0.831651,0.767299,0.966963,0.973045,0.825092,0.822531,0.510661,0.886167,0.977156,0.725507,0.973164,0.901798,0.951107,0.944767,0.866328,0.620419,0.877996,0.954879,0.870136,0.773296,0.957628,0.925755,0.700673,0.775365,0.747897,0.917075,0.917017,0.844224,0.974098,0.933117,0.916789,0.788437,0.876637,0.744731,0.905787,0.71931,0.891233,0.898633,0.970069,0.925661,0.806093,0.788406,0.956457,0.850272,0.952394,0.826764,0.845737,0.950922,0.900905,0.921662,0.914849,0.969653,0.832548,0.609337
Glove,0.803058,0.913946,0.837766,0.870057,0.913948,0.785516,0.757496,0.743835,0.892491,0.912416,0.874484,0.872587,0.895681,0.874275,0.870796,0.90063,0.888632,0.863915,0.870594,0.902305,0.89797,0.87469,0.892723,0.843888,0.892601,0.882014,0.859441,0.869547,0.912626,0.899144,0.835072,0.874097,0.913044,0.892435,0.77755,0.90017,0.8907,0.900356,0.902609,0.86952,0.909404,0.886788,0.859581,0.898675,0.886587,0.837789,0.838246,0.796109,0.880007,0.871819,1.0,0.89435,0.888006,0.903126,0.864778,0.915264,0.8569,0.901348,0.922304,0.864236,0.893478,0.89221,0.896756,0.900377,0.906308,0.906096,0.905536,0.887894,0.884995,0.891131,0.877814,0.912638,0.874235,0.896371,0.882569,0.886749,0.888049,0.815351,0.846954,0.828199,0.868367,0.872704,0.707466,0.889932,0.869873,0.802218,0.88535,0.888699,0.886721,0.904824,0.893398,0.746623,0.89751,0.910279,0.851001,0.858681,0.883689,0.899619,0.820774,0.862717,0.837863,0.886578,0.906709,0.901024,0.857358,0.8583,0.891138,0.809748,0.9061,0.868545,0.904066,0.839928,0.863491,0.906771,0.858674,0.898129,0.838828,0.838347,0.922984,0.886915,0.896567,0.870253,0.870057,0.891333,0.899135,0.902961,0.905481,0.875455,0.892454,0.750397
Goggles,0.730839,0.924353,0.792071,0.829367,0.921752,0.733127,0.736672,0.678952,0.91823,0.938973,0.920311,0.925411,0.906762,0.895634,0.877627,0.900292,0.922908,0.854443,0.868103,0.894095,0.938568,0.92116,0.915786,0.824393,0.917561,0.893675,0.843201,0.918833,0.922565,0.908487,0.804827,0.854602,0.923075,0.935908,0.735774,0.934644,0.869772,0.904681,0.933751,0.922451,0.929198,0.934333,0.86688,0.932246,0.889217,0.912564,0.796863,0.797455,0.926366,0.937724,0.89435,1.0,0.919662,0.925799,0.885178,0.913944,0.878685,0.89655,0.920403,0.938968,0.934141,0.901259,0.921043,0.923564,0.889568,0.930453,0.926516,0.916833,0.861242,0.92007,0.878192,0.93908,0.853809,0.91228,0.899561,0.907067,0.887389,0.839517,0.892913,0.911073,0.857729,0.872173,0.63987,0.909777,0.920001,0.782139,0.931579,0.922622,0.919028,0.936979,0.917999,0.69803,0.888367,0.926176,0.879893,0.821929,0.934237,0.922721,0.788166,0.836588,0.819946,0.93099,0.899963,0.889952,0.910955,0.934736,0.941348,0.811777,0.909761,0.797907,0.917838,0.797482,0.882325,0.930914,0.917434,0.947125,0.832749,0.818613,0.949224,0.90451,0.930744,0.86046,0.879124,0.92448,0.938477,0.929367,0.910278,0.909499,0.878357,0.700317
Grill,0.793228,0.903565,0.793577,0.859628,0.920779,0.766238,0.797154,0.722194,0.930551,0.937173,0.907806,0.916546,0.92973,0.886679,0.888254,0.907186,0.927969,0.872144,0.877933,0.913242,0.90577,0.936474,0.90992,0.827061,0.912405,0.870501,0.869919,0.876526,0.939161,0.913229,0.853994,0.894221,0.930243,0.923467,0.773958,0.936104,0.890216,0.908396,0.93423,0.912733,0.925499,0.885396,0.867878,0.910738,0.872449,0.863285,0.841924,0.779784,0.912432,0.895967,0.888006,0.919662,1.0,0.912422,0.871037,0.920009,0.872966,0.90611,0.926596,0.894917,0.90712,0.884895,0.901526,0.90569,0.908699,0.932511,0.915067,0.881663,0.898864,0.876671,0.893033,0.948375,0.873497,0.89578,0.875309,0.876655,0.891135,0.895565,0.836833,0.86391,0.881907,0.890254,0.678073,0.899931,0.873852,0.819284,0.89951,0.931338,0.892741,0.922911,0.923499,0.743338,0.899889,0.908647,0.88905,0.839678,0.905033,0.918861,0.817474,0.849071,0.822413,0.912278,0.877277,0.914537,0.860019,0.925875,0.932043,0.83082,0.930302,0.838985,0.925804,0.824027,0.865841,0.923493,0.866071,0.936995,0.850417,0.839894,0.938202,0.924815,0.899415,0.863168,0.892436,0.889363,0.914137,0.906166,0.896066,0.859042,0.878974,0.738604
Hairbrush,0.758269,0.947353,0.781107,0.82865,0.936122,0.736937,0.750107,0.710062,0.907227,0.94432,0.919515,0.922387,0.918436,0.88371,0.873414,0.923107,0.920629,0.868199,0.866618,0.907816,0.945162,0.901157,0.922761,0.822542,0.938066,0.90205,0.844561,0.93852,0.932824,0.909134,0.810721,0.866816,0.919531,0.920953,0.751468,0.931415,0.885297,0.919813,0.929399,0.919068,0.935509,0.928187,0.892116,0.952901,0.888599,0.918205,0.833809,0.757003,0.928387,0.943043,0.903126,0.925799,0.912422,1.0,0.885401,0.920754,0.884763,0.906607,0.937819,0.925675,0.954345,0.892177,0.937274,0.929451,0.915027,0.927009,0.940565,0.938635,0.873959,0.925376,0.885024,0.944668,0.859471,0.926367,0.917232,0.929297,0.888873,0.802562,0.916783,0.911798,0.865166,0.882984,0.643181,0.898542,0.935165,0.790179,0.944713,0.913364,0.933693,0.947824,0.901748,0.718581,0.90678,0.959449,0.878339,0.842245,0.940915,0.933869,0.790883,0.846915,0.807605,0.917298,0.925331,0.904737,0.928549,0.905742,0.920242,0.81701,0.921935,0.824121,0.919233,0.811347,0.916058,0.916437,0.926684,0.930627,0.841886,0.855054,0.959667,0.886869,0.939851,0.869101,0.871963,0.931258,0.90924,0.926809,0.930516,0.934315,0.886513,0.724214
Hairclip,0.748708,0.887995,0.786807,0.820243,0.88436,0.741814,0.735815,0.690204,0.875145,0.892867,0.863986,0.867054,0.880031,0.84422,0.850133,0.874233,0.875432,0.843497,0.836389,0.866858,0.887305,0.866719,0.866974,0.807661,0.875539,0.860578,0.826805,0.859296,0.883547,0.870839,0.800376,0.828459,0.885012,0.87704,0.73802,0.884027,0.845784,0.87273,0.887081,0.867061,0.884726,0.870243,0.832026,0.882748,0.863194,0.840315,0.805301,0.76326,0.869085,0.869378,0.864778,0.885178,0.871037,0.885401,1.0,0.882996,0.834125,0.870513,0.891206,0.864714,0.882629,0.868174,0.87686,0.878681,0.869502,0.889493,0.883882,0.866214,0.845269,0.871654,0.849296,0.894042,0.840915,0.875257,0.863393,0.865014,0.866154,0.793545,0.833549,0.832861,0.836742,0.853998,0.674677,0.863052,0.857478,0.769231,0.87171,0.872825,0.866746,0.892107,0.876378,0.707621,0.862208,0.889395,0.835272,0.815569,0.875742,0.880722,0.782571,0.833045,0.799619,0.876001,0.871404,0.873515,0.847578,0.860639,0.88288,0.78145,0.880779,0.800286,0.87389,0.798586,0.852149,0.884128,0.852165,0.889706,0.80395,0.814744,0.903889,0.865855,0.879724,0.83693,0.83758,0.86953,0.884269,0.881993,0.879878,0.857998,0.867527,0.718339
Handbag,0.825539,0.924975,0.843509,0.892587,0.929765,0.806285,0.786375,0.75301,0.921054,0.933984,0.894316,0.895911,0.926833,0.889712,0.898779,0.919812,0.914394,0.888071,0.888895,0.924216,0.914326,0.907972,0.910662,0.859406,0.912988,0.895366,0.885948,0.879288,0.936386,0.919643,0.865355,0.895319,0.939415,0.911672,0.797969,0.923986,0.906069,0.919204,0.928632,0.893182,0.930118,0.896238,0.874025,0.914453,0.90131,0.849758,0.86381,0.808873,0.902458,0.88686,0.915264,0.913944,0.920009,0.920754,0.882996,1.0,0.872483,0.925471,0.941212,0.879978,0.909651,0.909891,0.911326,0.916163,0.926236,0.932352,0.922338,0.89556,0.909925,0.897669,0.90094,0.940198,0.895992,0.911273,0.895081,0.896411,0.912097,0.856142,0.849348,0.841247,0.888299,0.901753,0.727816,0.908831,0.87693,0.826906,0.897728,0.916244,0.899245,0.925568,0.921969,0.768503,0.915377,0.923943,0.875337,0.873691,0.9026,0.919832,0.842357,0.883462,0.851429,0.906954,0.910476,0.925132,0.863842,0.88684,0.919299,0.827906,0.935679,0.884467,0.92513,0.858971,0.882696,0.931255,0.867134,0.922975,0.858219,0.859111,0.943223,0.915582,0.910379,0.887217,0.889034,0.900231,0.91935,0.919124,0.919193,0.879887,0.910982,0.773422
Hat,0.728371,0.892544,0.777395,0.796162,0.878527,0.719957,0.747143,0.705789,0.870551,0.892949,0.875354,0.871572,0.871967,0.846559,0.834587,0.875725,0.876562,0.834741,0.838448,0.862727,0.886642,0.866992,0.866567,0.79923,0.877018,0.848254,0.808742,0.862314,0.878317,0.866602,0.788193,0.835996,0.872604,0.885436,0.733224,0.882037,0.840424,0.872917,0.878222,0.868893,0.88352,0.867511,0.838282,0.879091,0.843374,0.850834,0.808435,0.747293,0.874232,0.874526,0.8569,0.878685,0.872966,0.884763,0.834125,0.872483,1.0,0.852342,0.878177,0.8697,0.882165,0.844595,0.866952,0.876193,0.857035,0.877208,0.8813,0.861047,0.839624,0.864636,0.846064,0.887702,0.829811,0.872958,0.856313,0.865436,0.847658,0.796041,0.836428,0.847175,0.832872,0.837652,0.640334,0.855033,0.859877,0.769464,0.87601,0.874107,0.866337,0.889487,0.863335,0.711007,0.855627,0.886269,0.837879,0.805381,0.873052,0.879478,0.769777,0.812944,0.788993,0.878501,0.859131,0.869007,0.852923,0.870176,0.880369,0.793518,0.867656,0.789633,0.871894,0.78512,0.848697,0.877696,0.856052,0.887861,0.80485,0.81291,0.895812,0.85974,0.876819,0.827176,0.853541,0.864863,0.866795,0.872617,0.866509,0.855398,0.850888,0.701728
Headphones,0.833777,0.89957,0.825215,0.888654,0.912291,0.814326,0.776432,0.745704,0.904379,0.914164,0.870375,0.871026,0.935471,0.866892,0.907382,0.901524,0.895483,0.8779,0.873994,0.911732,0.902212,0.894663,0.890008,0.840555,0.898687,0.881859,0.885862,0.852267,0.923726,0.903362,0.873568,0.876985,0.93786,0.886368,0.795299,0.903002,0.884683,0.909213,0.918518,0.874639,0.918012,0.874172,0.858824,0.897014,0.892923,0.817463,0.85932,0.800596,0.892653,0.863283,0.901348,0.89655,0.90611,0.906607,0.870513,0.925471,0.852342,1.0,0.928544,0.851088,0.893545,0.908371,0.889431,0.893885,0.913376,0.925465,0.906316,0.868857,0.905226,0.874135,0.897474,0.930078,0.895222,0.89089,0.881861,0.877382,0.914996,0.838692,0.815932,0.807722,0.869419,0.900306,0.726179,0.891581,0.847804,0.817665,0.874572,0.90044,0.876381,0.913021,0.916646,0.765204,0.900197,0.905066,0.856512,0.868971,0.893173,0.909294,0.84721,0.874953,0.844028,0.889636,0.890098,0.913847,0.835615,0.860468,0.909741,0.804727,0.941376,0.88304,0.906471,0.861251,0.884565,0.919805,0.840715,0.904044,0.843937,0.849078,0.929049,0.902023,0.891494,0.878174,0.86304,0.875155,0.903777,0.90515,0.90497,0.854302,0.900037,0.790084
Hourglass,0.824425,0.941452,0.822306,0.882811,0.957745,0.773894,0.766513,0.739044,0.924886,0.95223,0.904342,0.914666,0.923651,0.903196,0.884943,0.92771,0.922849,0.874084,0.887673,0.93367,0.923164,0.906343,0.935553,0.85348,0.933182,0.902515,0.87737,0.917943,0.960419,0.930385,0.849667,0.909582,0.936914,0.921288,0.786764,0.942855,0.930824,0.932851,0.934669,0.912494,0.939941,0.915168,0.900649,0.947625,0.899474,0.881732,0.844986,0.783292,0.914773,0.915187,0.922304,0.920403,0.926596,0.937819,0.891206,0.941212,0.878177,0.928544,1.0,0.900689,0.93593,0.903677,0.944657,0.934832,0.950762,0.933553,0.945911,0.937445,0.910375,0.917248,0.900037,0.953905,0.878938,0.925498,0.909397,0.915397,0.899664,0.846449,0.897257,0.876099,0.899035,0.888657,0.681802,0.91519,0.916358,0.818708,0.931768,0.922366,0.929888,0.94042,0.910204,0.740937,0.938136,0.950489,0.886265,0.872252,0.921864,0.934663,0.815882,0.869403,0.833163,0.907484,0.941301,0.920574,0.903172,0.896913,0.917249,0.834206,0.935635,0.887858,0.942347,0.838561,0.887567,0.926521,0.900295,0.926026,0.866335,0.851487,0.964449,0.907629,0.931246,0.890433,0.886224,0.932604,0.917193,0.931409,0.941389,0.922894,0.9038,0.74419
Kayak,0.648406,0.925028,0.72102,0.755671,0.915782,0.640608,0.680775,0.618747,0.889772,0.931078,0.921097,0.933786,0.864868,0.87992,0.819792,0.881381,0.909327,0.808719,0.830512,0.861659,0.937028,0.894833,0.912866,0.7792,0.916686,0.874308,0.781955,0.956255,0.903426,0.881578,0.729932,0.822452,0.87955,0.931746,0.673166,0.927734,0.845193,0.886711,0.910778,0.92962,0.911033,0.942697,0.865399,0.94729,0.851689,0.95787,0.73667,0.73093,0.922029,0.967575,0.864236,0.938968,0.894917,0.925675,0.864714,0.879978,0.8697,0.851088,0.900689,1.0,0.95001,0.854311,0.932034,0.920167,0.865572,0.899982,0.923289,0.941663,0.808123,0.923919,0.836693,0.919654,0.789788,0.905439,0.894572,0.912977,0.831286,0.785317,0.942175,0.959991,0.825327,0.821365,0.534193,0.884714,0.957395,0.72812,0.955421,0.900925,0.934386,0.932543,0.870453,0.62618,0.865407,0.934834,0.867244,0.769462,0.940266,0.914338,0.707424,0.777634,0.756457,0.917754,0.899867,0.845453,0.952224,0.938955,0.91752,0.789501,0.865823,0.732406,0.899258,0.722917,0.870949,0.897195,0.95322,0.930385,0.800808,0.783357,0.942355,0.860508,0.936997,0.822554,0.851175,0.936723,0.908009,0.91323,0.900256,0.943884,0.833851,0.613669
Key,0.709234,0.949065,0.745255,0.795044,0.943088,0.68448,0.70553,0.66243,0.899924,0.948358,0.923197,0.934865,0.902244,0.887485,0.851295,0.910774,0.917834,0.839782,0.850519,0.895186,0.953285,0.894879,0.929907,0.801861,0.941698,0.897379,0.817059,0.967633,0.931941,0.901825,0.7728,0.851648,0.906783,0.927873,0.71338,0.937741,0.877148,0.916466,0.926175,0.933547,0.934231,0.946791,0.894643,0.970555,0.876459,0.951345,0.785691,0.734671,0.937155,0.970415,0.893478,0.934141,0.90712,0.954345,0.882629,0.909651,0.882165,0.893545,0.93593,0.95001,1.0,0.876535,0.953848,0.936349,0.908001,0.919689,0.947108,0.961884,0.84803,0.935251,0.867412,0.943683,0.824392,0.926762,0.919276,0.934957,0.863533,0.781914,0.952245,0.947291,0.848651,0.855357,0.572982,0.896307,0.965192,0.758099,0.966752,0.909999,0.950442,0.952713,0.885172,0.667968,0.900559,0.965859,0.877453,0.81207,0.956997,0.936403,0.745904,0.813508,0.777619,0.91873,0.930776,0.875821,0.960119,0.919827,0.92105,0.803561,0.905795,0.792898,0.918388,0.766574,0.909626,0.910806,0.955946,0.928586,0.827612,0.825001,0.965911,0.86832,0.9535,0.852439,0.858471,0.948916,0.907106,0.930506,0.931182,0.963219,0.863762,0.666338
Kite,0.815292,0.889739,0.836054,0.876386,0.891011,0.823315,0.780345,0.744732,0.894349,0.89447,0.869345,0.8622,0.918724,0.856984,0.896808,0.895015,0.889967,0.886545,0.866893,0.888813,0.898977,0.884354,0.87082,0.834269,0.878146,0.887812,0.877966,0.83838,0.892269,0.888241,0.858098,0.850133,0.921288,0.879247,0.787517,0.890047,0.863903,0.887001,0.908297,0.863861,0.898006,0.872518,0.838786,0.875116,0.901969,0.813301,0.852109,0.821882,0.869632,0.854346,0.89221,0.901259,0.884895,0.892177,0.868174,0.909891,0.844595,0.908371,0.903677,0.854311,0.876535,1.0,0.874854,0.884934,0.889528,0.91967,0.887093,0.851418,0.880711,0.880904,0.881656,0.907136,0.892084,0.882536,0.88073,0.874597,0.918023,0.822511,0.804487,0.801059,0.865627,0.892342,0.758749,0.884341,0.839345,0.804892,0.859454,0.887047,0.86267,0.898032,0.917221,0.769419,0.873995,0.892168,0.846846,0.86225,0.879474,0.89281,0.843295,0.876511,0.857341,0.893242,0.887646,0.911559,0.824272,0.855983,0.899234,0.798204,0.916471,0.847872,0.88534,0.860046,0.879088,0.914306,0.834254,0.911217,0.825832,0.85142,0.910379,0.903211,0.882651,0.870181,0.856422,0.864774,0.916946,0.896868,0.897291,0.839097,0.905456,0.797707
Ladder,0.739704,0.937409,0.752869,0.815448,0.952276,0.688461,0.698049,0.668585,0.897934,0.940668,0.906312,0.924557,0.886,0.892509,0.833268,0.904248,0.911255,0.827121,0.850262,0.8983,0.929102,0.883048,0.933563,0.804818,0.929548,0.891562,0.823303,0.957495,0.937576,0.902774,0.773277,0.870335,0.901106,0.916936,0.719144,0.939017,0.902842,0.909929,0.917914,0.921529,0.923597,0.936148,0.895311,0.963156,0.871541,0.929359,0.769755,0.735169,0.910798,0.950081,0.896756,0.921043,0.901526,0.937274,0.87686,0.911326,0.866952,0.889431,0.944657,0.932034,0.953848,0.874854,1.0,0.933722,0.925256,0.911054,0.940315,0.964195,0.852121,0.930245,0.859044,0.936521,0.814321,0.916947,0.909193,0.924844,0.852144,0.792787,0.948171,0.926353,0.863535,0.838757,0.576877,0.897769,0.958167,0.756139,0.956846,0.901337,0.948302,0.936379,0.87391,0.664545,0.908259,0.957768,0.873787,0.819164,0.935496,0.927193,0.7374,0.808962,0.779535,0.899999,0.945366,0.869602,0.946336,0.904884,0.900774,0.80621,0.896904,0.819521,0.924026,0.763623,0.881377,0.902014,0.93982,0.916918,0.831301,0.810625,0.95961,0.868717,0.943568,0.853659,0.856026,0.94824,0.903381,0.921869,0.934564,0.958326,0.857615,0.653026
Lamp,0.752306,0.939321,0.799533,0.833156,0.935431,0.730533,0.736406,0.69922,0.907125,0.940519,0.90683,0.915388,0.895349,0.892006,0.858549,0.911665,0.91225,0.852959,0.866332,0.902896,0.928345,0.893385,0.919191,0.834933,0.921801,0.893682,0.838431,0.926839,0.928474,0.909516,0.802882,0.870332,0.911141,0.922842,0.747235,0.929389,0.892645,0.915244,0.917857,0.913563,0.925061,0.924171,0.882742,0.939895,0.885003,0.906786,0.81057,0.773047,0.91232,0.930348,0.900377,0.923564,0.90569,0.929451,0.878681,0.916163,0.876193,0.893885,0.934832,0.920167,0.936349,0.884934,0.933722,1.0,0.911041,0.915622,0.934497,0.932265,0.868324,0.919626,0.87323,0.931954,0.847912,0.919824,0.903468,0.913661,0.874893,0.813878,0.910238,0.901447,0.868776,0.861228,0.637317,0.901303,0.92574,0.787219,0.933819,0.909159,0.926368,0.934579,0.89193,0.705513,0.906858,0.940524,0.874178,0.833859,0.9235,0.921363,0.77551,0.841943,0.809979,0.910919,0.922672,0.892762,0.917426,0.905061,0.912921,0.817294,0.901396,0.829357,0.919527,0.798413,0.881446,0.91771,0.916062,0.922789,0.83952,0.827995,0.950346,0.885097,0.932297,0.865408,0.874064,0.929419,0.911737,0.92325,0.923045,0.929714,0.884573,0.702861
Lantern,0.841179,0.91524,0.804078,0.881219,0.939762,0.776278,0.768028,0.748528,0.90663,0.926316,0.879677,0.889714,0.908443,0.885918,0.866352,0.913291,0.903958,0.865133,0.874816,0.921277,0.893497,0.884478,0.918492,0.83311,0.911397,0.883111,0.872436,0.888446,0.94491,0.910545,0.847348,0.908172,0.919859,0.890039,0.78704,0.923453,0.927428,0.910681,0.914594,0.884639,0.917512,0.884086,0.887352,0.923212,0.879825,0.844476,0.842269,0.766821,0.881678,0.880676,0.906308,0.889568,0.908699,0.915027,0.869502,0.926236,0.857035,0.913376,0.950762,0.865572,0.908001,0.889528,0.925256,0.911041,1.0,0.915499,0.920823,0.91367,0.903083,0.891009,0.884663,0.934695,0.865491,0.899502,0.887119,0.895105,0.8847,0.839462,0.867258,0.838407,0.893068,0.87108,0.684725,0.895945,0.888828,0.809023,0.904332,0.900267,0.90771,0.913282,0.890809,0.746226,0.923038,0.93156,0.868493,0.868848,0.891625,0.91193,0.80521,0.853223,0.821794,0.877326,0.927006,0.90906,0.870388,0.866462,0.887593,0.824701,0.922063,0.89189,0.927468,0.832017,0.866032,0.904152,0.866522,0.903771,0.855844,0.846964,0.94031,0.893314,0.904554,0.876364,0.869967,0.905996,0.892853,0.904456,0.925692,0.890955,0.885731,0.745041
Lawnmower,0.803522,0.919493,0.821436,0.875829,0.925855,0.800712,0.798444,0.738295,0.930648,0.937925,0.910913,0.913008,0.946301,0.886066,0.909877,0.921623,0.928702,0.901897,0.885961,0.917764,0.927871,0.92912,0.907593,0.8445,0.918675,0.898732,0.886039,0.884453,0.93383,0.916794,0.867496,0.882015,0.942775,0.921722,0.788936,0.933731,0.888156,0.91721,0.942582,0.912381,0.932315,0.90071,0.869774,0.91839,0.907264,0.866726,0.862513,0.808482,0.914697,0.902941,0.906096,0.930453,0.932511,0.927009,0.889493,0.932352,0.877208,0.925465,0.933553,0.899982,0.919689,0.91967,0.911054,0.915622,0.915499,1.0,0.922592,0.889792,0.902402,0.899691,0.903305,0.950513,0.897447,0.911253,0.900837,0.897743,0.920792,0.866799,0.845627,0.859944,0.886203,0.912604,0.72555,0.908592,0.882287,0.821375,0.902988,0.928114,0.899562,0.934862,0.938656,0.765022,0.903333,0.925545,0.886307,0.861696,0.918001,0.929107,0.839924,0.878125,0.848887,0.924851,0.901314,0.929888,0.868576,0.912981,0.937698,0.826064,0.943883,0.849129,0.921886,0.852534,0.897416,0.937063,0.876837,0.94407,0.84956,0.867424,0.947279,0.929467,0.915028,0.880382,0.887579,0.897575,0.93353,0.921806,0.917127,0.873353,0.912501,0.772223
Lightbulb,0.75754,0.944577,0.792597,0.83559,0.945014,0.732652,0.744123,0.704751,0.911507,0.950492,0.912646,0.922217,0.91008,0.89726,0.86817,0.920769,0.91811,0.857531,0.871913,0.910537,0.933502,0.899631,0.927165,0.835843,0.935739,0.897501,0.842358,0.935187,0.9429,0.917109,0.812588,0.878889,0.920031,0.926505,0.753967,0.934657,0.898906,0.926286,0.926488,0.923429,0.934902,0.92735,0.894804,0.952567,0.888484,0.911983,0.822873,0.768144,0.924457,0.938318,0.905536,0.926516,0.915067,0.940565,0.883882,0.922338,0.8813,0.906316,0.945911,0.923289,0.947108,0.887093,0.940315,0.934497,0.920823,0.922592,1.0,0.941409,0.879876,0.923122,0.883729,0.944082,0.856601,0.925746,0.911797,0.923281,0.88015,0.816771,0.917047,0.908445,0.873193,0.868433,0.62989,0.905006,0.93434,0.797954,0.944761,0.91766,0.934744,0.946349,0.896914,0.711373,0.920214,0.950949,0.881341,0.842052,0.934425,0.932953,0.783632,0.842864,0.813242,0.914911,0.929506,0.904162,0.926746,0.909474,0.92078,0.822702,0.91482,0.838661,0.928114,0.806873,0.895954,0.920204,0.923847,0.926099,0.849428,0.838217,0.960614,0.887985,0.939062,0.872223,0.875231,0.939054,0.912084,0.930538,0.931512,0.938532,0.886707,0.715838
Lipstick,0.696543,0.941399,0.727232,0.783426,0.945964,0.640635,0.648509,0.637111,0.874566,0.936437,0.900603,0.919416,0.848739,0.89017,0.804144,0.888893,0.893783,0.794432,0.832424,0.882875,0.927681,0.859977,0.93854,0.785149,0.928734,0.882516,0.788664,0.979232,0.931815,0.891566,0.726998,0.853801,0.881579,0.908712,0.683081,0.927803,0.892742,0.897951,0.902162,0.91199,0.917652,0.94858,0.894649,0.973846,0.853249,0.949724,0.732157,0.709052,0.912352,0.963854,0.887894,0.916833,0.881663,0.938635,0.866214,0.89556,0.861047,0.868857,0.937445,0.941663,0.961884,0.851418,0.964195,0.932265,0.91367,0.889792,0.941409,1.0,0.826688,0.93894,0.837493,0.92415,0.784306,0.91297,0.904922,0.931811,0.82139,0.754136,0.982512,0.948992,0.836354,0.806909,0.518196,0.889033,0.983148,0.727439,0.973528,0.885348,0.960196,0.932044,0.84477,0.619074,0.903645,0.963439,0.859097,0.796962,0.938002,0.916732,0.701696,0.777082,0.750418,0.886538,0.948337,0.839479,0.974609,0.895597,0.884601,0.788435,0.871364,0.798282,0.917881,0.72709,0.87217,0.883753,0.962097,0.900503,0.821672,0.785448,0.958345,0.834898,0.948316,0.839084,0.840433,0.965892,0.886674,0.920624,0.929066,0.9848,0.830554,0.606802
Lock,0.855278,0.878461,0.845879,0.89512,0.889174,0.830762,0.819118,0.779292,0.897113,0.896792,0.850223,0.84714,0.914714,0.852499,0.889541,0.895575,0.881362,0.879875,0.874819,0.906809,0.858518,0.884324,0.866336,0.845839,0.87137,0.853498,0.883294,0.801476,0.910525,0.894168,0.88633,0.889058,0.915848,0.867789,0.813841,0.884093,0.886858,0.891465,0.894606,0.846201,0.893606,0.826378,0.839031,0.855291,0.87079,0.767681,0.887985,0.794795,0.857457,0.812207,0.884995,0.861242,0.898864,0.873959,0.845269,0.909925,0.839624,0.905226,0.910375,0.808123,0.84803,0.880711,0.852121,0.868324,0.903083,0.902402,0.879876,0.826688,1.0,0.835943,0.887791,0.907872,0.8993,0.868148,0.84705,0.841715,0.89946,0.865057,0.762141,0.759637,0.879115,0.893027,0.769232,0.872164,0.798093,0.840643,0.83209,0.889264,0.838092,0.880721,0.901532,0.796264,0.894044,0.871172,0.847158,0.870518,0.843198,0.880128,0.857631,0.880521,0.847869,0.864785,0.860352,0.922726,0.782907,0.839971,0.881733,0.816212,0.918721,0.892218,0.894602,0.872535,0.842394,0.897705,0.788118,0.884312,0.846126,0.851406,0.897724,0.902963,0.850113,0.869114,0.871929,0.838623,0.876665,0.873651,0.87545,0.801294,0.895598,0.810468
Lollipop,0.718344,0.932905,0.78305,0.804683,0.922408,0.704753,0.699067,0.679999,0.881496,0.921526,0.89902,0.903337,0.871729,0.879829,0.835316,0.895147,0.894773,0.836178,0.846021,0.877635,0.92777,0.868507,0.908937,0.811826,0.911989,0.892689,0.812841,0.934832,0.905825,0.889752,0.763979,0.840182,0.89054,0.909322,0.71907,0.911814,0.871018,0.894903,0.903031,0.900367,0.91063,0.931296,0.872064,0.937283,0.880251,0.914688,0.777948,0.76225,0.899869,0.933832,0.891131,0.92007,0.876671,0.925376,0.871654,0.897669,0.864636,0.874135,0.917248,0.923919,0.935251,0.880904,0.930245,0.919626,0.891009,0.899691,0.923122,0.93894,0.835943,1.0,0.851854,0.911371,0.826382,0.910795,0.904389,0.919692,0.858979,0.765515,0.925936,0.909072,0.844764,0.837852,0.614233,0.888312,0.938079,0.752901,0.936264,0.885734,0.926535,0.925212,0.872817,0.675715,0.885688,0.939697,0.854352,0.818998,0.920669,0.910675,0.754852,0.819234,0.797637,0.901639,0.928609,0.869058,0.929619,0.888796,0.896078,0.795361,0.878644,0.797396,0.899834,0.77736,0.881882,0.897596,0.927467,0.910671,0.818042,0.816707,0.938968,0.860462,0.931597,0.849525,0.852383,0.93273,0.905855,0.916851,0.918738,0.939099,0.868033,0.675126
Mask,0.810071,0.883954,0.819705,0.862522,0.885589,0.799242,0.791651,0.750446,0.892068,0.897296,0.864788,0.859034,0.913985,0.848988,0.884896,0.890543,0.884901,0.872057,0.862466,0.891111,0.87958,0.885601,0.8658,0.829326,0.878179,0.860484,0.863319,0.825881,0.898971,0.886181,0.857363,0.862906,0.910212,0.87839,0.787028,0.884734,0.862386,0.888161,0.897826,0.859523,0.896135,0.848213,0.83887,0.867549,0.871005,0.802165,0.861962,0.786099,0.87266,0.841828,0.877814,0.878192,0.893033,0.885024,0.849296,0.90094,0.846064,0.897474,0.900037,0.836693,0.867412,0.881656,0.859044,0.87323,0.884663,0.903305,0.883729,0.837493,0.887791,0.851854,1.0,0.907259,0.883593,0.874438,0.858994,0.855868,0.89482,0.837595,0.787625,0.794432,0.860124,0.885274,0.730438,0.869658,0.821815,0.814103,0.850999,0.888282,0.849971,0.891994,0.90063,0.769146,0.877909,0.880388,0.845113,0.851736,0.86568,0.887212,0.838074,0.863579,0.833314,0.87934,0.860011,0.909255,0.810788,0.855174,0.89338,0.804438,0.912419,0.850308,0.885361,0.849931,0.859056,0.898294,0.817615,0.895026,0.828681,0.844678,0.902311,0.893865,0.86586,0.857539,0.861837,0.849522,0.884568,0.880718,0.877485,0.822828,0.886072,0.783324
Microscope,0.797799,0.934485,0.79883,0.870715,0.948583,0.770236,0.782316,0.724146,0.938649,0.957982,0.924731,0.933145,0.944512,0.902964,0.901596,0.929254,0.939797,0.885249,0.888933,0.930946,0.936336,0.936839,0.933557,0.840441,0.939474,0.899673,0.88003,0.917351,0.959644,0.929717,0.855498,0.901862,0.947494,0.935822,0.77856,0.95271,0.909024,0.929777,0.952178,0.929882,0.948193,0.918965,0.892571,0.9476,0.897579,0.896408,0.84871,0.785143,0.934624,0.929995,0.912638,0.93908,0.948375,0.944668,0.894042,0.940198,0.887702,0.930078,0.953905,0.919654,0.943683,0.907136,0.936521,0.931954,0.934695,0.950513,0.944082,0.92415,0.907872,0.911371,0.907259,1.0,0.884102,0.923503,0.908717,0.912773,0.907127,0.874616,0.883885,0.893281,0.89099,0.904684,0.673302,0.918722,0.914702,0.820152,0.934033,0.940701,0.926774,0.949269,0.933574,0.743947,0.923964,0.946495,0.899666,0.85766,0.937593,0.942905,0.821876,0.863184,0.831623,0.928081,0.916607,0.925552,0.902056,0.930001,0.944587,0.835439,0.949881,0.857745,0.943059,0.834678,0.899693,0.938768,0.904645,0.949606,0.862907,0.858253,0.96715,0.925995,0.933385,0.882256,0.894469,0.92505,0.930643,0.933051,0.930435,0.906208,0.897872,0.741131
Minerals,0.839094,0.867125,0.874569,0.889964,0.85268,0.860313,0.829591,0.793776,0.882931,0.873263,0.839515,0.821229,0.911499,0.82723,0.904184,0.888214,0.864065,0.909002,0.868077,0.88523,0.854107,0.872592,0.830196,0.855596,0.848996,0.856077,0.880392,0.765226,0.872863,0.876586,0.890347,0.851754,0.908988,0.855885,0.822995,0.851991,0.844881,0.874585,0.881928,0.821813,0.877652,0.808512,0.805514,0.820636,0.886681,0.7401,0.911171,0.821787,0.841286,0.786475,0.874235,0.853809,0.873497,0.859471,0.840915,0.895992,0.829811,0.895222,0.878938,0.789788,0.824392,0.892084,0.814321,0.847912,0.865491,0.897447,0.856601,0.784306,0.8993,0.826382,0.883593,0.884102,1.0,0.860164,0.8422,0.830359,0.916362,0.839167,0.719761,0.726866,0.86008,0.904988,0.832083,0.855823,0.763037,0.83866,0.797485,0.871889,0.804049,0.868627,0.908057,0.82025,0.864589,0.849292,0.825198,0.874591,0.824132,0.863814,0.887065,0.903404,0.868913,0.866801,0.835581,0.931508,0.750028,0.817917,0.878871,0.798497,0.909246,0.868291,0.862785,0.897486,0.847577,0.893989,0.762786,0.879224,0.824823,0.872967,0.872628,0.900599,0.831776,0.863373,0.861092,0.808312,0.880535,0.863634,0.858946,0.767734,0.919344,0.852965
Mushroom,0.752242,0.9398,0.812754,0.832819,0.921694,0.746141,0.751832,0.7125,0.901551,0.93356,0.90101,0.902448,0.897622,0.874753,0.864651,0.914176,0.904658,0.86558,0.863141,0.89904,0.925403,0.885823,0.901379,0.843314,0.914726,0.891972,0.838555,0.909704,0.915801,0.903708,0.80992,0.857417,0.905376,0.915043,0.755779,0.915397,0.878344,0.91173,0.911359,0.901579,0.918497,0.909694,0.870663,0.925743,0.888166,0.891775,0.835364,0.772951,0.906456,0.915797,0.896371,0.91228,0.89578,0.926367,0.875257,0.911273,0.872958,0.89089,0.925498,0.905439,0.926762,0.882536,0.916947,0.919824,0.899502,0.911253,0.925746,0.91297,0.868148,0.910795,0.874438,0.923503,0.860164,1.0,0.900539,0.906324,0.881829,0.801248,0.889697,0.8828,0.864437,0.875457,0.674859,0.891398,0.905474,0.793965,0.916793,0.901622,0.909039,0.929943,0.891345,0.724285,0.900078,0.933892,0.864466,0.838299,0.912826,0.914333,0.791668,0.860051,0.814281,0.907833,0.910462,0.901972,0.900026,0.890086,0.907801,0.813317,0.899768,0.824521,0.904535,0.815193,0.884142,0.911302,0.900496,0.916084,0.832411,0.841694,0.940827,0.882062,0.921621,0.864394,0.868911,0.912951,0.904322,0.915874,0.915645,0.914345,0.898911,0.726889
Necklace,0.738393,0.919096,0.780071,0.81243,0.911857,0.732447,0.729542,0.699296,0.879703,0.911805,0.888158,0.88827,0.894174,0.859246,0.850494,0.899052,0.889967,0.851478,0.845611,0.877614,0.916522,0.86644,0.887897,0.810846,0.903503,0.884665,0.824018,0.903695,0.897997,0.882089,0.792579,0.837627,0.892373,0.896025,0.738887,0.899535,0.860012,0.89531,0.899486,0.890466,0.90326,0.900834,0.861603,0.91787,0.877312,0.88272,0.811496,0.755671,0.889698,0.908275,0.882569,0.899561,0.875309,0.917232,0.863393,0.895081,0.856313,0.881861,0.909397,0.894572,0.919276,0.88073,0.909193,0.903468,0.887119,0.900837,0.911797,0.904922,0.84705,0.904389,0.858994,0.908717,0.8422,0.900539,1.0,0.904619,0.870799,0.76963,0.883756,0.873806,0.847525,0.854955,0.647138,0.873803,0.902723,0.767997,0.909519,0.881506,0.901407,0.917913,0.877899,0.708595,0.879422,0.927374,0.849345,0.826957,0.90802,0.907743,0.775422,0.833008,0.804061,0.89574,0.911681,0.885403,0.894501,0.871206,0.890947,0.792722,0.890578,0.805795,0.886961,0.799949,0.889223,0.893088,0.895518,0.902717,0.813438,0.834033,0.927188,0.865538,0.912309,0.848821,0.845006,0.90279,0.892592,0.901629,0.909527,0.905577,0.875431,0.717432
Necktie,0.727444,0.929742,0.76203,0.801709,0.91975,0.70667,0.710531,0.694253,0.87719,0.918576,0.898841,0.900116,0.880885,0.874724,0.838112,0.901116,0.893283,0.840235,0.848436,0.87908,0.923846,0.865485,0.90675,0.802523,0.916052,0.889078,0.81244,0.930249,0.906639,0.885265,0.772795,0.845407,0.891355,0.900768,0.727805,0.906476,0.870485,0.896432,0.901685,0.896458,0.910889,0.920185,0.877989,0.936435,0.871548,0.906196,0.798794,0.746524,0.897647,0.927862,0.886749,0.907067,0.876655,0.929297,0.865014,0.896411,0.865436,0.877382,0.915397,0.912977,0.934957,0.874597,0.924844,0.913661,0.895105,0.897743,0.923281,0.931811,0.841715,0.919692,0.855868,0.912773,0.830359,0.906324,0.904619,1.0,0.858627,0.76211,0.918322,0.901981,0.845415,0.838474,0.605232,0.8799,0.933078,0.75934,0.934441,0.883453,0.924481,0.925736,0.868497,0.693219,0.886164,0.943545,0.853689,0.82528,0.919003,0.913006,0.756508,0.812907,0.794202,0.895366,0.92514,0.877823,0.92434,0.880414,0.891451,0.797244,0.886149,0.805139,0.899068,0.783481,0.894264,0.891434,0.92142,0.906896,0.820424,0.829987,0.936005,0.856645,0.926605,0.849961,0.849661,0.925606,0.891882,0.908494,0.918772,0.931899,0.861439,0.694905
Orifan,0.839056,0.887877,0.857103,0.885963,0.877599,0.852627,0.824983,0.771504,0.900178,0.893988,0.864233,0.854243,0.939245,0.842352,0.91914,0.900815,0.890141,0.908928,0.87323,0.895185,0.894243,0.89285,0.854461,0.850341,0.875875,0.881892,0.892565,0.809735,0.888704,0.889836,0.890214,0.850198,0.924797,0.873126,0.813894,0.882013,0.854468,0.892135,0.907221,0.859101,0.897053,0.847364,0.831289,0.857289,0.902795,0.786939,0.898102,0.824913,0.871252,0.831651,0.888049,0.887389,0.891135,0.888873,0.866154,0.912097,0.847658,0.914996,0.899664,0.831286,0.863533,0.918023,0.852144,0.874893,0.8847,0.920792,0.88015,0.82139,0.89946,0.858979,0.89482,0.907127,0.916362,0.881829,0.870799,0.858627,1.0,0.837969,0.765786,0.772853,0.869539,0.920869,0.811627,0.876004,0.803513,0.83185,0.835765,0.891128,0.838896,0.898183,0.926371,0.80668,0.874811,0.880254,0.84595,0.873077,0.866116,0.888726,0.874918,0.905136,0.865704,0.891305,0.859915,0.931391,0.792661,0.849392,0.904091,0.804974,0.928647,0.856279,0.877725,0.88828,0.883518,0.916061,0.80517,0.906231,0.830767,0.873992,0.90329,0.911275,0.866324,0.875263,0.862798,0.83788,0.904584,0.88875,0.885363,0.808862,0.925421,0.842703
Oven,0.793298,0.798422,0.774146,0.846581,0.831359,0.766524,0.799443,0.706997,0.882943,0.854798,0.824082,0.830887,0.864788,0.823502,0.841496,0.831034,0.862334,0.823536,0.833387,0.856077,0.795,0.894335,0.82655,0.786967,0.813275,0.781727,0.842636,0.738072,0.870646,0.852141,0.84471,0.860535,0.873397,0.848954,0.756617,0.864201,0.836822,0.827546,0.865782,0.822672,0.843402,0.772305,0.775924,0.790928,0.800858,0.727584,0.811797,0.76185,0.816039,0.767299,0.815351,0.839517,0.895565,0.802562,0.793545,0.856142,0.796041,0.838692,0.846449,0.785317,0.781914,0.822511,0.792787,0.813878,0.839462,0.866799,0.816771,0.754136,0.865057,0.765515,0.837595,0.874616,0.839167,0.801248,0.76963,0.76211,0.837969,1.0,0.686553,0.732851,0.841253,0.841757,0.707157,0.837614,0.737256,0.80017,0.776903,0.874715,0.780201,0.823643,0.878547,0.738092,0.829272,0.790245,0.828595,0.792978,0.788017,0.82839,0.800062,0.809134,0.793894,0.834899,0.769634,0.867298,0.715947,0.861127,0.865987,0.78788,0.868389,0.811527,0.861915,0.798043,0.751563,0.863777,0.729606,0.871596,0.802718,0.775397,0.84214,0.897275,0.787575,0.804729,0.852612,0.777474,0.852374,0.816498,0.798554,0.713472,0.822964,0.724723
Paintbrush,0.613955,0.922953,0.665573,0.709084,0.91566,0.559835,0.584219,0.573507,0.830807,0.906127,0.881102,0.901815,0.796334,0.859391,0.746658,0.852107,0.860579,0.739363,0.786158,0.834426,0.912239,0.817234,0.911997,0.738253,0.904045,0.853475,0.723915,0.985484,0.88802,0.850114,0.651194,0.800751,0.83029,0.885503,0.619083,0.897389,0.847358,0.863038,0.863017,0.894388,0.883314,0.941199,0.870905,0.960532,0.810674,0.964226,0.667157,0.656075,0.890025,0.966963,0.846954,0.892913,0.836833,0.916783,0.833549,0.849348,0.836428,0.815932,0.897257,0.942175,0.952245,0.804487,0.948171,0.910238,0.867258,0.845627,0.917047,0.982512,0.762141,0.925936,0.787625,0.883885,0.719761,0.889697,0.883756,0.918322,0.765786,0.686553,1.0,0.965243,0.788268,0.749801,0.428324,0.852027,0.989153,0.667777,0.969668,0.846725,0.949849,0.908188,0.792078,0.550591,0.860687,0.946223,0.825815,0.739277,0.925146,0.88788,0.626161,0.71779,0.691431,0.860741,0.925679,0.783783,0.985384,0.87685,0.850393,0.750518,0.81616,0.726851,0.879116,0.656669,0.847642,0.843591,0.970404,0.869513,0.775064,0.735793,0.929954,0.780387,0.934905,0.793858,0.799021,0.953977,0.850416,0.891851,0.901082,0.992235,0.78178,0.532856
Pen,0.584617,0.908072,0.650688,0.689762,0.899792,0.556196,0.621,0.564028,0.85139,0.91091,0.904116,0.922965,0.821055,0.855898,0.762273,0.850004,0.882093,0.75269,0.788638,0.826233,0.916584,0.858323,0.899906,0.727315,0.903678,0.842382,0.723571,0.969567,0.881302,0.848675,0.66259,0.791064,0.834632,0.909254,0.615193,0.907259,0.818569,0.860164,0.877812,0.91764,0.884948,0.932268,0.855481,0.946437,0.804327,0.972474,0.676053,0.661493,0.906326,0.973045,0.828199,0.911073,0.86391,0.911798,0.832861,0.841247,0.847175,0.807722,0.876099,0.959991,0.947291,0.801059,0.926353,0.901447,0.838407,0.859944,0.908445,0.948992,0.759637,0.909072,0.794432,0.893281,0.726866,0.8828,0.873806,0.901981,0.772853,0.732851,0.965243,1.0,0.786468,0.766031,0.431859,0.850106,0.97105,0.676933,0.960437,0.869926,0.932794,0.913918,0.817732,0.5585,0.839523,0.926625,0.842588,0.719625,0.930561,0.893969,0.635749,0.714138,0.693283,0.886848,0.885799,0.795049,0.968769,0.922605,0.882622,0.759485,0.823505,0.68101,0.874758,0.653622,0.849039,0.854295,0.963206,0.897246,0.768125,0.739406,0.92404,0.809053,0.925706,0.78131,0.814895,0.933119,0.864086,0.886686,0.878201,0.956158,0.777167,0.536397
Pictureframe,0.822373,0.875044,0.816647,0.857016,0.89159,0.784523,0.798681,0.756537,0.887723,0.887896,0.855645,0.855917,0.889787,0.848322,0.846346,0.888711,0.880429,0.863202,0.857173,0.885058,0.850893,0.868856,0.8624,0.823301,0.863915,0.849319,0.852554,0.819142,0.894425,0.879482,0.843948,0.87546,0.883755,0.871888,0.786431,0.886239,0.884101,0.877713,0.880483,0.853565,0.874497,0.82938,0.839096,0.857226,0.857787,0.791932,0.849835,0.768245,0.836822,0.825092,0.868367,0.857729,0.881907,0.865166,0.836742,0.888299,0.832872,0.869419,0.899035,0.825327,0.848651,0.865627,0.863535,0.868776,0.893068,0.886203,0.873193,0.836354,0.879115,0.844764,0.860124,0.89099,0.86008,0.864437,0.847525,0.845415,0.869539,0.841253,0.788268,0.786468,1.0,0.857524,0.727478,0.859782,0.81938,0.808603,0.841869,0.875954,0.845661,0.871699,0.876167,0.76415,0.878306,0.873725,0.843871,0.8458,0.838292,0.875051,0.808045,0.849803,0.82338,0.861758,0.874697,0.90509,0.801017,0.847228,0.862797,0.813895,0.883723,0.848704,0.883261,0.832855,0.827236,0.876711,0.805909,0.884853,0.824856,0.835798,0.888174,0.890448,0.851869,0.848413,0.860259,0.84515,0.871303,0.861624,0.877346,0.816614,0.877129,0.762356
Pinecone,0.812868,0.884229,0.838497,0.875693,0.864815,0.83635,0.832636,0.751248,0.896448,0.892622,0.860513,0.84989,0.930799,0.819294,0.910451,0.895132,0.886214,0.898511,0.860207,0.891425,0.883899,0.89288,0.839196,0.842649,0.865682,0.862399,0.881962,0.798158,0.882203,0.880627,0.88291,0.838496,0.910566,0.867206,0.795819,0.876636,0.83874,0.881109,0.902082,0.851106,0.888018,0.828516,0.81243,0.845862,0.882629,0.781168,0.90458,0.793758,0.868282,0.822531,0.872704,0.872173,0.890254,0.882984,0.853998,0.901753,0.837652,0.900306,0.888657,0.821365,0.855357,0.892342,0.838757,0.861228,0.87108,0.912604,0.868433,0.806909,0.893027,0.837852,0.885274,0.904684,0.904988,0.875457,0.854955,0.838474,0.920869,0.841757,0.749801,0.766031,0.857524,1.0,0.819892,0.863287,0.785833,0.829539,0.821181,0.887779,0.8223,0.88924,0.919687,0.799993,0.865042,0.86982,0.839611,0.852659,0.853182,0.878289,0.867044,0.906797,0.841406,0.883225,0.835318,0.92439,0.777799,0.846742,0.898027,0.795832,0.921505,0.83544,0.864044,0.878678,0.867345,0.900677,0.790306,0.898304,0.817581,0.864355,0.896255,0.907039,0.85048,0.860885,0.854895,0.820356,0.887276,0.872608,0.865358,0.791396,0.917238,0.818628
Pizza,0.787682,0.67461,0.841166,0.803031,0.629974,0.857215,0.805481,0.74881,0.714551,0.662842,0.62905,0.593144,0.757358,0.609045,0.780239,0.727145,0.674826,0.825109,0.717412,0.719197,0.645255,0.690973,0.592665,0.76041,0.623613,0.690855,0.780721,0.483648,0.656756,0.698307,0.818369,0.67268,0.730197,0.637908,0.757103,0.640309,0.664818,0.681453,0.690676,0.593745,0.665592,0.561386,0.586638,0.561007,0.756836,0.460462,0.869875,0.738676,0.608127,0.510661,0.707466,0.63987,0.678073,0.643181,0.674677,0.727816,0.640334,0.726179,0.681802,0.534193,0.572982,0.758749,0.576877,0.637317,0.684725,0.72555,0.62989,0.518196,0.769232,0.614233,0.730438,0.673302,0.832083,0.674859,0.647138,0.605232,0.811627,0.707157,0.428324,0.431859,0.727478,0.819892,1.0,0.669495,0.473787,0.749752,0.521447,0.680194,0.546334,0.652361,0.765211,0.806371,0.679778,0.624743,0.636702,0.765574,0.572768,0.647343,0.835169,0.855963,0.778529,0.674656,0.625291,0.815271,0.45996,0.587676,0.677516,0.651755,0.738957,0.743141,0.646935,0.847112,0.662015,0.717129,0.483103,0.689458,0.662317,0.778354,0.651879,0.765518,0.595134,0.723159,0.698408,0.55385,0.709185,0.659328,0.659777,0.493681,0.837991,0.847934
Plug,0.773379,0.90455,0.80794,0.853966,0.909852,0.758669,0.74392,0.706632,0.901542,0.916038,0.882334,0.887173,0.888635,0.881788,0.864699,0.890699,0.896668,0.846403,0.864407,0.894841,0.899006,0.892079,0.898186,0.831782,0.894181,0.87246,0.849523,0.876867,0.914945,0.898766,0.819863,0.869091,0.912365,0.903622,0.755164,0.910389,0.882094,0.894155,0.909434,0.883538,0.909298,0.894777,0.853583,0.902297,0.874562,0.854664,0.810244,0.79294,0.888851,0.886167,0.889932,0.909777,0.899931,0.898542,0.863052,0.908831,0.855033,0.891581,0.91519,0.884714,0.896307,0.884341,0.897769,0.901303,0.895945,0.908592,0.905006,0.889033,0.872164,0.888312,0.869658,0.918722,0.855823,0.891398,0.873803,0.8799,0.876004,0.837614,0.852027,0.850106,0.859782,0.863287,0.669495,1.0,0.877436,0.791384,0.89319,0.899627,0.891271,0.907034,0.896394,0.717665,0.889311,0.902715,0.858378,0.834238,0.891089,0.898776,0.795739,0.8417,0.821117,0.893953,0.89059,0.887385,0.864816,0.887385,0.907134,0.806963,0.900434,0.84001,0.908433,0.81221,0.850622,0.912519,0.868649,0.911267,0.834536,0.813354,0.924679,0.891371,0.899362,0.858861,0.86912,0.895421,0.908117,0.903347,0.896766,0.874646,0.876091,0.71717
Pogostick,0.651121,0.932917,0.694428,0.745126,0.934383,0.606144,0.631852,0.61216,0.865091,0.927707,0.907914,0.925946,0.84012,0.884913,0.786828,0.878384,0.891779,0.784046,0.818348,0.861238,0.930107,0.857656,0.929698,0.759873,0.924975,0.875048,0.762368,0.987002,0.913442,0.875486,0.698119,0.831269,0.865798,0.912677,0.657429,0.92282,0.868103,0.88579,0.896012,0.918358,0.909255,0.952371,0.887148,0.971847,0.840621,0.968773,0.707218,0.69433,0.911909,0.977156,0.869873,0.920001,0.873852,0.935165,0.857478,0.87693,0.859877,0.847804,0.916358,0.957395,0.965192,0.839345,0.958167,0.92574,0.888828,0.882287,0.93434,0.983148,0.798093,0.938079,0.821815,0.914702,0.763037,0.905474,0.902723,0.933078,0.803513,0.737256,0.989153,0.97105,0.81938,0.785833,0.473787,0.877436,1.0,0.703007,0.97874,0.879528,0.959998,0.929944,0.835057,0.594529,0.87983,0.959067,0.855238,0.770971,0.943885,0.914621,0.67363,0.747145,0.732431,0.891084,0.937525,0.823993,0.98522,0.907921,0.885514,0.778997,0.854711,0.753152,0.905516,0.698151,0.873074,0.874617,0.974955,0.903742,0.802092,0.774908,0.948774,0.824684,0.948672,0.818707,0.831782,0.962878,0.884014,0.91323,0.919138,0.984835,0.810114,0.579461
Pot,0.780534,0.802578,0.797228,0.817985,0.795338,0.78344,0.787127,0.730328,0.822961,0.816022,0.77696,0.767535,0.838476,0.770551,0.820434,0.826747,0.804966,0.823385,0.804421,0.823975,0.777782,0.810067,0.773428,0.791554,0.788739,0.77783,0.809109,0.707593,0.818661,0.817108,0.824116,0.804575,0.83252,0.792661,0.761441,0.79713,0.797331,0.812912,0.811197,0.768718,0.809026,0.738397,0.755096,0.760495,0.800515,0.685689,0.847552,0.74262,0.776041,0.725507,0.802218,0.782139,0.819284,0.790179,0.769231,0.826906,0.769464,0.817665,0.818708,0.72812,0.758099,0.804892,0.756139,0.787219,0.809023,0.821375,0.797954,0.727439,0.840643,0.752901,0.814103,0.820152,0.83866,0.793965,0.767997,0.75934,0.83185,0.80017,0.667777,0.676933,0.808603,0.829539,0.749752,0.791384,0.703007,1.0,0.74023,0.814752,0.745395,0.800595,0.8298,0.761235,0.8128,0.781985,0.773499,0.79935,0.755839,0.794893,0.80254,0.826378,0.791298,0.794389,0.766281,0.863497,0.692049,0.76602,0.806688,0.755737,0.832326,0.806989,0.806513,0.818563,0.771525,0.822293,0.700015,0.810521,0.775342,0.79531,0.808007,0.832644,0.763688,0.797402,0.804063,0.748656,0.800981,0.792142,0.788754,0.709338,0.837135,0.780348
Razor,0.694164,0.940973,0.72378,0.778153,0.943055,0.649466,0.677326,0.644907,0.889639,0.942676,0.91966,0.934448,0.874119,0.894816,0.822801,0.896701,0.911006,0.808584,0.842327,0.884164,0.939729,0.885094,0.937315,0.78459,0.936483,0.88564,0.795402,0.976471,0.931452,0.896119,0.743165,0.854431,0.892519,0.926284,0.692278,0.935922,0.882336,0.905602,0.915623,0.929585,0.926314,0.950748,0.897556,0.972483,0.856842,0.958636,0.749605,0.719704,0.92777,0.973164,0.88535,0.931579,0.89951,0.944713,0.87171,0.897728,0.87601,0.874572,0.931768,0.955421,0.966752,0.859454,0.956846,0.933819,0.904332,0.902988,0.944761,0.973528,0.83209,0.936264,0.850999,0.934033,0.797485,0.916793,0.909519,0.934441,0.835765,0.776903,0.969668,0.960437,0.841869,0.821181,0.521447,0.89319,0.97874,0.74023,1.0,0.902466,0.958257,0.943125,0.864548,0.636547,0.897482,0.961416,0.872284,0.797392,0.950402,0.928497,0.714977,0.780581,0.760535,0.907682,0.934233,0.855222,0.971765,0.921789,0.908555,0.800743,0.884284,0.783074,0.920836,0.737301,0.887043,0.897037,0.964775,0.921998,0.823844,0.796823,0.960293,0.854531,0.951057,0.841387,0.854248,0.959524,0.89902,0.92426,0.926424,0.972695,0.835196,0.627575
Recordplayer,0.774264,0.911867,0.801219,0.850462,0.917557,0.762906,0.788317,0.716355,0.924658,0.936409,0.907815,0.913708,0.922014,0.88499,0.88559,0.90844,0.92314,0.870499,0.876093,0.906666,0.912511,0.926566,0.904663,0.833499,0.911712,0.876655,0.861348,0.882332,0.930015,0.911048,0.843671,0.880566,0.924403,0.9237,0.767804,0.930336,0.88186,0.909064,0.929249,0.912208,0.922721,0.893115,0.864791,0.911433,0.878558,0.870945,0.84052,0.786121,0.91226,0.901798,0.888699,0.922622,0.931338,0.913364,0.872825,0.916244,0.874107,0.90044,0.922366,0.900925,0.909999,0.887047,0.901337,0.909159,0.900267,0.928114,0.91766,0.885348,0.889264,0.885734,0.888282,0.940701,0.871889,0.901622,0.881506,0.883453,0.891128,0.874715,0.846725,0.869926,0.875954,0.887779,0.680194,0.899627,0.879528,0.814752,0.902466,1.0,0.894758,0.926059,0.919251,0.739553,0.89737,0.910703,0.883643,0.836714,0.90703,0.917365,0.811059,0.852854,0.825203,0.916367,0.881593,0.91242,0.868533,0.921835,0.9315,0.826281,0.920726,0.82913,0.918624,0.822175,0.870358,0.924654,0.87481,0.935276,0.84476,0.837344,0.937766,0.916845,0.905052,0.86369,0.887798,0.894455,0.91602,0.909804,0.898393,0.870014,0.886509,0.737333
Remotecontrol,0.716834,0.931944,0.73805,0.795598,0.938204,0.66999,0.682046,0.658909,0.885988,0.932533,0.905175,0.919308,0.870733,0.891062,0.823314,0.893624,0.902822,0.812641,0.843836,0.885574,0.925912,0.8766,0.930293,0.791357,0.926043,0.882689,0.805414,0.957165,0.926942,0.893666,0.754849,0.860169,0.892949,0.91342,0.704413,0.927616,0.887817,0.900819,0.909187,0.913611,0.919122,0.936972,0.890218,0.958478,0.858756,0.93272,0.756629,0.728959,0.911182,0.951107,0.886721,0.919028,0.892741,0.933693,0.866746,0.899245,0.866337,0.876381,0.929888,0.934386,0.950442,0.86267,0.948302,0.926368,0.90771,0.899562,0.934744,0.960196,0.838092,0.926535,0.849971,0.926774,0.804049,0.909039,0.901407,0.924481,0.838896,0.780201,0.949849,0.932794,0.845661,0.8223,0.546334,0.891271,0.959998,0.745395,0.958257,0.894758,1.0,0.931547,0.863383,0.650228,0.896588,0.951258,0.865055,0.806763,0.933267,0.919875,0.723904,0.788363,0.769538,0.896212,0.93305,0.857098,0.950129,0.903579,0.897976,0.798943,0.884525,0.802685,0.917587,0.748951,0.877706,0.895011,0.943539,0.912031,0.824699,0.798559,0.950799,0.855747,0.939808,0.844115,0.851998,0.946875,0.894703,0.916323,0.923316,0.955832,0.840297,0.639656
Ring,0.753004,0.946806,0.794016,0.833916,0.939526,0.743942,0.761488,0.707125,0.920543,0.952354,0.923483,0.930138,0.930119,0.892442,0.886683,0.924593,0.928519,0.872901,0.874857,0.910185,0.948301,0.916275,0.922367,0.837006,0.940472,0.904735,0.851515,0.93409,0.937716,0.917299,0.823621,0.869126,0.927817,0.933932,0.757981,0.938477,0.884603,0.928969,0.937297,0.933796,0.939501,0.930418,0.890271,0.951347,0.897323,0.917767,0.837126,0.776142,0.935516,0.944767,0.904824,0.936979,0.922911,0.947824,0.892107,0.925568,0.889487,0.913021,0.94042,0.932543,0.952713,0.898032,0.936379,0.934579,0.913282,0.934862,0.946349,0.932044,0.880721,0.925212,0.891994,0.949269,0.868627,0.929943,0.917913,0.925736,0.898183,0.823643,0.908188,0.913918,0.871699,0.88924,0.652361,0.907034,0.929944,0.800595,0.943125,0.926059,0.931547,1.0,0.913866,0.722504,0.911219,0.951629,0.886656,0.843302,0.942799,0.940679,0.796872,0.855651,0.82017,0.930178,0.920048,0.912373,0.923964,0.923316,0.93893,0.82328,0.927153,0.824107,0.92382,0.816412,0.913902,0.930398,0.925946,0.939229,0.845291,0.850761,0.963286,0.90074,0.942562,0.874015,0.879585,0.931217,0.92201,0.933652,0.930234,0.930348,0.899274,0.730432
Rollerskates,0.808148,0.89546,0.838828,0.882711,0.897819,0.824818,0.81659,0.744624,0.923905,0.917948,0.893267,0.889051,0.943678,0.867969,0.918405,0.907081,0.91619,0.902576,0.882126,0.905562,0.907707,0.926698,0.879539,0.84612,0.892684,0.883828,0.891163,0.838631,0.911597,0.905452,0.880758,0.868003,0.938578,0.90723,0.795876,0.912554,0.865584,0.899935,0.930809,0.889298,0.916558,0.872838,0.84097,0.880336,0.900526,0.826092,0.873479,0.823579,0.89672,0.866328,0.893398,0.917999,0.923499,0.901748,0.876378,0.921969,0.863335,0.916646,0.910204,0.870453,0.885172,0.917221,0.87391,0.89193,0.890809,0.938656,0.896914,0.84477,0.901532,0.872817,0.90063,0.933574,0.908057,0.891345,0.877899,0.868497,0.926371,0.878547,0.792078,0.817732,0.876167,0.919687,0.765211,0.896394,0.835057,0.8298,0.864548,0.919251,0.863383,0.913866,1.0,0.784491,0.88322,0.890663,0.872342,0.858864,0.8907,0.908173,0.862133,0.888781,0.861538,0.916913,0.866407,0.930651,0.821823,0.897491,0.932908,0.817721,0.937657,0.844131,0.902615,0.86775,0.878957,0.932087,0.835263,0.935059,0.839813,0.862079,0.922749,0.933441,0.886052,0.872659,0.884567,0.862686,0.928164,0.904198,0.890498,0.825885,0.911179,0.795045
Rug,0.779205,0.730027,0.780919,0.788985,0.712726,0.802544,0.791708,0.753742,0.756804,0.729449,0.707004,0.678917,0.803018,0.689245,0.784947,0.779494,0.737414,0.817989,0.75792,0.763116,0.707377,0.738806,0.682016,0.749274,0.710611,0.727762,0.781203,0.599754,0.732019,0.745848,0.812686,0.743845,0.773901,0.708043,0.757711,0.713295,0.728404,0.74379,0.743366,0.678837,0.734943,0.644807,0.682582,0.662383,0.761724,0.574762,0.855623,0.716553,0.685653,0.620419,0.746623,0.69803,0.743338,0.718581,0.707621,0.768503,0.711007,0.765204,0.740937,0.62618,0.667968,0.769419,0.664545,0.705513,0.746226,0.765022,0.711373,0.619074,0.796264,0.675715,0.769146,0.743947,0.82025,0.724285,0.708595,0.693219,0.80668,0.738092,0.550591,0.5585,0.76415,0.799993,0.806371,0.717665,0.594529,0.761235,0.636547,0.739553,0.650228,0.722504,0.784491,1.0,0.737484,0.707292,0.703142,0.778971,0.667276,0.724632,0.802689,0.806687,0.775439,0.72822,0.696861,0.836389,0.580229,0.669766,0.732198,0.7066,0.784232,0.772214,0.723694,0.820681,0.73003,0.758005,0.593992,0.74449,0.714854,0.794732,0.721374,0.787372,0.678797,0.749377,0.748432,0.646488,0.736336,0.713275,0.724144,0.59894,0.808972,0.805754
Saltpeppershaker,0.805481,0.917291,0.816624,0.864351,0.926681,0.764801,0.760034,0.73576,0.8994,0.926736,0.875843,0.882628,0.894354,0.879343,0.861314,0.907615,0.89349,0.856467,0.869233,0.910471,0.889119,0.877821,0.905284,0.843557,0.905555,0.874151,0.853683,0.880395,0.935229,0.908484,0.833653,0.890938,0.910068,0.894526,0.777751,0.909872,0.907517,0.909019,0.903722,0.880638,0.91239,0.880358,0.874038,0.913388,0.874782,0.845002,0.840549,0.768688,0.884974,0.877996,0.89751,0.888367,0.899889,0.90678,0.862208,0.915377,0.855627,0.900197,0.938136,0.865407,0.900559,0.873995,0.908259,0.906858,0.923038,0.903333,0.920214,0.903645,0.894044,0.885688,0.877909,0.923964,0.864589,0.900078,0.879422,0.886164,0.874811,0.829272,0.860687,0.839523,0.878306,0.865042,0.679778,0.889311,0.87983,0.8128,0.897482,0.89737,0.896588,0.911219,0.88322,0.737484,1.0,0.918249,0.860719,0.855385,0.885643,0.904248,0.803589,0.854066,0.819852,0.879726,0.909973,0.905975,0.867746,0.8659,0.888247,0.818052,0.906205,0.875081,0.916168,0.828181,0.857758,0.900508,0.864437,0.895645,0.850756,0.835535,0.932972,0.883352,0.898519,0.870266,0.868534,0.903223,0.886783,0.903741,0.910929,0.889105,0.886135,0.740866
Saxophone,0.760288,0.95789,0.776122,0.827594,0.951853,0.723255,0.735308,0.70873,0.905715,0.950202,0.922205,0.929024,0.909063,0.893309,0.859941,0.928826,0.921294,0.864928,0.867373,0.911782,0.947647,0.89198,0.936074,0.822671,0.944848,0.909365,0.839644,0.959537,0.941591,0.91237,0.799232,0.875867,0.915214,0.923394,0.747896,0.938798,0.903001,0.92443,0.928842,0.924218,0.937526,0.939665,0.905932,0.969106,0.891497,0.932983,0.822933,0.749383,0.925501,0.954879,0.910279,0.926176,0.908647,0.959449,0.889395,0.923943,0.886269,0.905066,0.950489,0.934834,0.965859,0.892168,0.957768,0.940524,0.93156,0.925545,0.950949,0.963439,0.871172,0.939697,0.880388,0.946495,0.849292,0.933892,0.927374,0.943545,0.880254,0.790245,0.946223,0.926625,0.873725,0.86982,0.624743,0.902715,0.959067,0.781985,0.961416,0.910703,0.951258,0.951629,0.890663,0.707292,0.918249,1.0,0.881095,0.84581,0.946145,0.939396,0.773645,0.839332,0.802009,0.914543,0.950913,0.901622,0.950181,0.904439,0.911901,0.820409,0.915905,0.831668,0.927783,0.801572,0.914249,0.913322,0.944564,0.929222,0.844781,0.855259,0.967932,0.880586,0.951494,0.872084,0.870078,0.950234,0.909514,0.93233,0.946234,0.959799,0.886679,0.708629
Scale,0.739783,0.876351,0.757445,0.80625,0.886188,0.719377,0.752099,0.686133,0.882171,0.896756,0.871617,0.879969,0.879673,0.848618,0.835753,0.873534,0.88524,0.832358,0.836179,0.867067,0.874488,0.881583,0.870888,0.790108,0.876164,0.841654,0.819368,0.85629,0.891428,0.870098,0.798684,0.845916,0.878444,0.883725,0.731289,0.894924,0.851329,0.870171,0.887489,0.877932,0.88163,0.857856,0.836069,0.880094,0.839083,0.843754,0.798481,0.740125,0.869147,0.870136,0.851001,0.879893,0.88905,0.878339,0.835272,0.875337,0.837879,0.856512,0.886265,0.867244,0.877453,0.846846,0.873787,0.874178,0.868493,0.886307,0.881341,0.859097,0.847158,0.854352,0.845113,0.899666,0.825198,0.864466,0.849345,0.853689,0.84595,0.828595,0.825815,0.842588,0.843871,0.839611,0.636702,0.858378,0.855238,0.773499,0.872284,0.883643,0.865055,0.886656,0.872342,0.703142,0.860719,0.881095,1.0,0.799227,0.871006,0.880763,0.764108,0.807957,0.78382,0.8751,0.857558,0.871439,0.842776,0.882274,0.882909,0.793357,0.876127,0.791061,0.881128,0.778054,0.837487,0.878826,0.846586,0.894405,0.808759,0.805404,0.899629,0.873383,0.871064,0.824483,0.849046,0.863003,0.873333,0.869501,0.86684,0.844219,0.843369,0.696669
Scarf,0.837302,0.849629,0.831073,0.865603,0.850818,0.814527,0.77861,0.778639,0.848999,0.848448,0.812456,0.798871,0.871929,0.815148,0.850519,0.86416,0.837001,0.859389,0.84037,0.864443,0.825374,0.827915,0.827264,0.819512,0.833688,0.836348,0.84789,0.770469,0.861554,0.853316,0.845009,0.847371,0.875453,0.824785,0.794818,0.83373,0.851644,0.852289,0.851199,0.796914,0.853206,0.797679,0.808807,0.818423,0.853101,0.730488,0.861544,0.776404,0.807236,0.773296,0.858681,0.821929,0.839678,0.842245,0.815569,0.873691,0.805381,0.868971,0.872252,0.769462,0.81207,0.86225,0.819164,0.833859,0.868848,0.861696,0.842052,0.796962,0.870518,0.818998,0.851736,0.85766,0.874591,0.838299,0.826957,0.82528,0.873077,0.792978,0.739277,0.719625,0.8458,0.852659,0.765574,0.834238,0.770971,0.79935,0.797392,0.836714,0.806763,0.843302,0.858864,0.778971,0.855385,0.84581,0.799227,1.0,0.803531,0.843916,0.83505,0.856016,0.831079,0.826194,0.848468,0.893264,0.754949,0.781038,0.832919,0.781168,0.876435,0.865991,0.849891,0.856363,0.820884,0.855429,0.760084,0.844277,0.806864,0.838279,0.855803,0.859563,0.819831,0.841841,0.829731,0.809103,0.844836,0.839934,0.85485,0.77913,0.874874,0.800712
Scissors,0.705867,0.929939,0.740957,0.793144,0.928493,0.691778,0.704316,0.652971,0.896519,0.936778,0.914357,0.924652,0.905566,0.87937,0.857514,0.8984,0.912091,0.83296,0.84492,0.884982,0.946196,0.896732,0.91665,0.792437,0.929107,0.888095,0.817248,0.946483,0.920465,0.893782,0.777273,0.839309,0.908285,0.921802,0.710319,0.928417,0.860292,0.907213,0.922866,0.926287,0.92742,0.936781,0.880035,0.953797,0.87097,0.935007,0.777513,0.743259,0.932824,0.957628,0.883689,0.934237,0.905033,0.940915,0.875742,0.9026,0.873052,0.893173,0.921864,0.940266,0.956997,0.879474,0.935496,0.9235,0.891625,0.918001,0.934425,0.938002,0.843198,0.920669,0.86568,0.937593,0.824132,0.912826,0.90802,0.919003,0.866116,0.788017,0.925146,0.930561,0.838292,0.853182,0.572768,0.891089,0.943885,0.755839,0.950402,0.90703,0.933267,0.942799,0.8907,0.667276,0.885643,0.946145,0.871006,0.803531,1.0,0.927618,0.751926,0.808064,0.780332,0.917271,0.909903,0.870259,0.939102,0.91747,0.923543,0.794401,0.905409,0.78284,0.908566,0.766931,0.903394,0.911593,0.938497,0.927287,0.819423,0.813127,0.954572,0.869523,0.940711,0.845397,0.851665,0.931995,0.909042,0.923737,0.916577,0.939709,0.854255,0.675705
Scooter,0.768655,0.928997,0.789899,0.838745,0.939774,0.746679,0.760378,0.717227,0.915053,0.93949,0.914405,0.919002,0.930374,0.887708,0.876759,0.916409,0.922149,0.868029,0.87206,0.906629,0.929317,0.909864,0.915124,0.824899,0.928147,0.893003,0.852375,0.916718,0.934175,0.90977,0.827086,0.878308,0.922971,0.928913,0.761133,0.932472,0.888658,0.922013,0.930324,0.921264,0.930378,0.912565,0.884522,0.937941,0.887442,0.896999,0.82748,0.767934,0.917819,0.925755,0.899619,0.922721,0.918861,0.933869,0.880722,0.919832,0.879478,0.909294,0.934663,0.914338,0.936403,0.89281,0.927193,0.921363,0.91193,0.929107,0.932953,0.916732,0.880128,0.910675,0.887212,0.942905,0.863814,0.914333,0.907743,0.913006,0.888726,0.82839,0.88788,0.893969,0.875051,0.878289,0.647343,0.898776,0.914621,0.794893,0.928497,0.917365,0.919875,0.940679,0.908173,0.724632,0.904248,0.939396,0.880763,0.843916,0.927618,1.0,0.797705,0.843423,0.820482,0.92126,0.921261,0.9084,0.904007,0.911723,0.925838,0.820301,0.925028,0.833037,0.920162,0.81692,0.899118,0.91884,0.90731,0.930409,0.840352,0.846195,0.950465,0.903577,0.92739,0.866702,0.877496,0.916869,0.912905,0.919178,0.923108,0.90894,0.885387,0.723587
Scrunchie,0.821348,0.794225,0.846472,0.858999,0.785214,0.846234,0.802729,0.774753,0.825722,0.804036,0.77209,0.747411,0.865954,0.761376,0.862936,0.826154,0.802211,0.864163,0.816035,0.830196,0.784836,0.818244,0.760672,0.807898,0.778815,0.7941,0.843939,0.676605,0.81072,0.818348,0.860651,0.800422,0.857599,0.790803,0.794644,0.783784,0.786203,0.810837,0.82261,0.747166,0.816476,0.733616,0.740186,0.740963,0.831636,0.651679,0.874827,0.78688,0.775575,0.700673,0.820774,0.788166,0.817474,0.790883,0.782571,0.842357,0.769777,0.84721,0.815882,0.707424,0.745904,0.843295,0.7374,0.77551,0.80521,0.839924,0.783632,0.701696,0.857631,0.754852,0.838074,0.821876,0.887065,0.791668,0.775422,0.756508,0.874918,0.800062,0.626161,0.635749,0.808045,0.867044,0.835169,0.795739,0.67363,0.80254,0.714977,0.811059,0.723904,0.796872,0.862133,0.802689,0.803589,0.773645,0.764108,0.83505,0.751926,0.797705,1.0,0.866811,0.834894,0.80318,0.764535,0.884494,0.660259,0.745616,0.817259,0.747936,0.861339,0.831336,0.798731,0.874858,0.787764,0.832702,0.674851,0.815854,0.775113,0.831713,0.802409,0.854632,0.7543,0.812291,0.809986,0.729931,0.822419,0.798883,0.790199,0.678718,0.864393,0.836977
Seashell,0.818155,0.870495,0.880148,0.87743,0.841043,0.849983,0.819599,0.767927,0.870146,0.864117,0.820885,0.805903,0.889364,0.799837,0.885263,0.879966,0.848553,0.89173,0.847291,0.872921,0.847932,0.848401,0.808244,0.862043,0.830946,0.84862,0.866023,0.757361,0.851821,0.864254,0.87001,0.823478,0.88385,0.841017,0.805304,0.838834,0.830415,0.863378,0.862297,0.809378,0.85793,0.796844,0.786337,0.807304,0.877336,0.735094,0.904146,0.804338,0.82386,0.775365,0.862717,0.836588,0.849071,0.846915,0.833045,0.883462,0.812944,0.874953,0.869403,0.777634,0.813508,0.876511,0.808962,0.841943,0.853223,0.878125,0.842864,0.777082,0.880521,0.819234,0.863579,0.863184,0.903404,0.860051,0.833008,0.812907,0.905136,0.809134,0.71779,0.714138,0.849803,0.906797,0.855963,0.8417,0.747145,0.826378,0.780581,0.852854,0.788363,0.855651,0.888781,0.806687,0.854066,0.839332,0.807957,0.856016,0.808064,0.843423,0.866811,1.0,0.848605,0.852811,0.825982,0.916204,0.739537,0.796321,0.85707,0.783407,0.883636,0.847337,0.838446,0.884134,0.829804,0.878797,0.75124,0.860601,0.803976,0.854176,0.86273,0.880565,0.821216,0.852194,0.840196,0.794872,0.865408,0.85098,0.848339,0.768654,0.924838,0.835441
Shirt,0.791597,0.820766,0.843998,0.848046,0.818295,0.819256,0.776224,0.754944,0.837317,0.824444,0.797533,0.779398,0.85854,0.800626,0.845956,0.841183,0.820246,0.850516,0.829254,0.834579,0.808595,0.821026,0.79024,0.81577,0.801111,0.818204,0.83336,0.729706,0.824375,0.833395,0.83576,0.811905,0.86024,0.819277,0.779113,0.811239,0.811246,0.828358,0.834531,0.782141,0.830202,0.779718,0.76621,0.777494,0.846692,0.705047,0.84337,0.802104,0.787839,0.747897,0.837863,0.819946,0.822413,0.807605,0.799619,0.851429,0.788993,0.844028,0.833163,0.756457,0.777619,0.857341,0.779535,0.809979,0.821794,0.848887,0.813242,0.750418,0.847869,0.797637,0.833314,0.831623,0.868913,0.814281,0.804061,0.794202,0.865704,0.793894,0.691431,0.693283,0.82338,0.841406,0.778529,0.821117,0.732431,0.791298,0.760535,0.825203,0.769538,0.82017,0.861538,0.775439,0.819852,0.802009,0.78382,0.831079,0.780332,0.820482,0.834894,0.848605,1.0,0.828298,0.811302,0.8796,0.716507,0.777947,0.832537,0.763957,0.852213,0.828086,0.822511,0.84881,0.799094,0.852278,0.729804,0.837219,0.784203,0.815095,0.825347,0.858551,0.794596,0.820987,0.823676,0.777107,0.848264,0.823313,0.820619,0.733029,0.865933,0.795255
Shoe,0.732202,0.920883,0.805354,0.826216,0.913182,0.751753,0.770542,0.703278,0.914918,0.9303,0.915735,0.9133,0.91899,0.876652,0.880843,0.90743,0.918631,0.871649,0.868468,0.890189,0.929279,0.915556,0.892552,0.830646,0.908433,0.887168,0.84356,0.894064,0.907644,0.900456,0.820804,0.851206,0.914206,0.934263,0.75162,0.921463,0.856885,0.906982,0.924252,0.9155,0.919244,0.906817,0.855531,0.911632,0.886985,0.892366,0.828306,0.789429,0.914287,0.917075,0.886578,0.93099,0.912278,0.917298,0.876001,0.906954,0.878501,0.889636,0.907484,0.917754,0.91873,0.893242,0.899999,0.910919,0.877326,0.924851,0.914911,0.886538,0.864785,0.901639,0.87934,0.928081,0.866801,0.907833,0.89574,0.895366,0.891305,0.834899,0.860741,0.886848,0.861758,0.883225,0.674656,0.893953,0.891084,0.794389,0.907682,0.916367,0.896212,0.930178,0.916913,0.72822,0.879726,0.914543,0.8751,0.826194,0.917271,0.92126,0.80318,0.852811,0.828298,1.0,0.890385,0.90619,0.883759,0.921131,0.933666,0.814162,0.906825,0.796389,0.901419,0.815419,0.884352,0.923003,0.893898,0.938691,0.825078,0.837398,0.934046,0.909151,0.914362,0.856421,0.881027,0.897387,0.923185,0.912883,0.89981,0.882842,0.89119,0.727328
Skiis,0.773553,0.933319,0.793224,0.837378,0.950835,0.728025,0.708301,0.715692,0.883561,0.922776,0.889502,0.894863,0.881879,0.887819,0.8315,0.908384,0.893463,0.841434,0.8586,0.897328,0.911091,0.856004,0.91968,0.819102,0.914829,0.896551,0.831293,0.931546,0.925807,0.898031,0.788101,0.878489,0.896356,0.904995,0.74635,0.917005,0.911964,0.909506,0.902516,0.892373,0.912185,0.917652,0.890019,0.942744,0.884149,0.892861,0.792161,0.753798,0.882461,0.917017,0.906709,0.899963,0.877277,0.925331,0.871404,0.910476,0.859131,0.890098,0.941301,0.899867,0.930776,0.887646,0.945366,0.922672,0.927006,0.901314,0.929506,0.948337,0.860352,0.928609,0.860011,0.916607,0.835581,0.910462,0.911681,0.92514,0.859915,0.769634,0.925679,0.885799,0.874697,0.835318,0.625291,0.89059,0.937525,0.766281,0.934233,0.881593,0.93305,0.920048,0.866407,0.696861,0.909973,0.950913,0.857558,0.848468,0.909903,0.921261,0.764535,0.825982,0.811302,0.890385,1.0,0.885003,0.921811,0.864437,0.876656,0.807002,0.890306,0.851304,0.914219,0.797875,0.878033,0.890864,0.916146,0.899777,0.833171,0.82882,0.942587,0.867818,0.928566,0.863992,0.855252,0.936772,0.896657,0.912599,0.938557,0.941035,0.872667,0.694285
Snowglobe,0.84645,0.910666,0.868277,0.895523,0.903426,0.855391,0.862138,0.808279,0.922712,0.91994,0.890003,0.877904,0.945822,0.863727,0.912589,0.934944,0.912687,0.933181,0.894991,0.916339,0.89197,0.908719,0.874507,0.873635,0.898493,0.88924,0.894684,0.826629,0.916455,0.91203,0.901093,0.889435,0.929308,0.902348,0.838957,0.901749,0.887351,0.913332,0.91889,0.879215,0.912162,0.849246,0.85583,0.874947,0.907674,0.805821,0.934102,0.818608,0.877221,0.844224,0.901024,0.889952,0.914537,0.904737,0.873515,0.925132,0.869007,0.913847,0.920574,0.845453,0.875821,0.911559,0.869602,0.892762,0.90906,0.929888,0.904162,0.839479,0.922726,0.869058,0.909255,0.925552,0.931508,0.901972,0.885403,0.877823,0.931391,0.867298,0.783783,0.795049,0.90509,0.92439,0.815271,0.887385,0.823993,0.863497,0.855222,0.91242,0.857098,0.912373,0.930651,0.836389,0.905975,0.901622,0.871439,0.893264,0.870259,0.9084,0.884494,0.916204,0.8796,0.90619,0.885003,1.0,0.810284,0.870826,0.909587,0.842116,0.932769,0.875365,0.902309,0.904969,0.884728,0.918313,0.820517,0.923729,0.855482,0.906209,0.916659,0.932621,0.877044,0.888448,0.892981,0.859281,0.909793,0.896753,0.903856,0.824276,0.938491,0.854297
Spoon,0.626904,0.92917,0.684167,0.724829,0.920412,0.589662,0.617627,0.594718,0.851609,0.919855,0.898821,0.915826,0.82812,0.869405,0.777613,0.867771,0.879439,0.768751,0.8042,0.847737,0.927033,0.845019,0.916227,0.752076,0.916831,0.865079,0.745127,0.982122,0.898873,0.86418,0.682033,0.81066,0.852661,0.903804,0.641232,0.909274,0.847723,0.878438,0.883099,0.91071,0.899701,0.94631,0.876039,0.963806,0.829238,0.967629,0.697591,0.681128,0.909743,0.974098,0.857358,0.910955,0.860019,0.928549,0.847578,0.863842,0.852923,0.835615,0.903172,0.952224,0.960119,0.824272,0.946336,0.917426,0.870388,0.868576,0.926746,0.974609,0.782907,0.929619,0.810788,0.902056,0.750028,0.900026,0.894501,0.92434,0.792661,0.715947,0.985384,0.968769,0.801017,0.777799,0.45996,0.864816,0.98522,0.692049,0.971765,0.868533,0.950129,0.923964,0.821823,0.580229,0.867746,0.950181,0.842776,0.754949,0.939102,0.904007,0.660259,0.739537,0.716507,0.883759,0.921811,0.810284,1.0,0.898513,0.877585,0.765679,0.841083,0.733517,0.889744,0.684366,0.868193,0.865162,0.971229,0.891413,0.788707,0.76114,0.940134,0.807157,0.941893,0.807357,0.818207,0.953773,0.870251,0.905004,0.906082,0.982824,0.801293,0.568596
Stapler,0.69117,0.900745,0.739928,0.785858,0.906273,0.681411,0.744563,0.648983,0.914368,0.93133,0.920503,0.93464,0.893255,0.881123,0.845917,0.88284,0.9236,0.830948,0.848271,0.874162,0.915596,0.930214,0.903085,0.790795,0.906789,0.858452,0.813426,0.908873,0.912145,0.890405,0.781372,0.848291,0.89529,0.935626,0.707196,0.934835,0.850722,0.887425,0.922069,0.931631,0.909994,0.90775,0.853781,0.91821,0.848397,0.915638,0.773415,0.75074,0.916951,0.933117,0.8583,0.934736,0.925875,0.905742,0.860639,0.88684,0.870176,0.860468,0.896913,0.938955,0.919827,0.855983,0.904884,0.905061,0.866462,0.912981,0.909474,0.895597,0.839971,0.888796,0.855174,0.930001,0.817917,0.890086,0.871206,0.880414,0.849392,0.861127,0.87685,0.922605,0.847228,0.846742,0.587676,0.887385,0.907921,0.76602,0.921789,0.921835,0.903579,0.923316,0.897491,0.669766,0.8659,0.904439,0.882274,0.781038,0.91747,0.911723,0.745616,0.796321,0.777947,0.921131,0.864437,0.870826,0.898513,1.0,0.933895,0.8094,0.886315,0.751232,0.906446,0.752387,0.852201,0.90848,0.906358,0.941381,0.814919,0.794893,0.931199,0.898557,0.909436,0.827604,0.874499,0.902073,0.912605,0.900541,0.879998,0.884565,0.843468,0.65281
Stapleremover,0.751486,0.91552,0.802207,0.844985,0.91424,0.763344,0.776272,0.701481,0.928773,0.93817,0.916085,0.919231,0.933885,0.887901,0.902461,0.905786,0.926546,0.873827,0.876889,0.901881,0.93204,0.935633,0.902468,0.836922,0.916949,0.886299,0.861712,0.88986,0.92376,0.911171,0.841532,0.862785,0.934359,0.934783,0.760839,0.930831,0.863445,0.912453,0.938885,0.921803,0.931139,0.910103,0.858677,0.916202,0.890129,0.884239,0.834467,0.803565,0.928831,0.916789,0.891138,0.941348,0.932043,0.920242,0.88288,0.919299,0.880369,0.909741,0.917249,0.91752,0.92105,0.899234,0.900774,0.912921,0.887593,0.937698,0.92078,0.884601,0.881733,0.896078,0.89338,0.944587,0.878871,0.907801,0.890947,0.891451,0.904091,0.865987,0.850393,0.882622,0.862797,0.898027,0.677516,0.907134,0.885514,0.806688,0.908555,0.9315,0.897976,0.93893,0.932908,0.732198,0.888247,0.911901,0.882909,0.832919,0.923543,0.925838,0.817259,0.85707,0.832537,0.933666,0.876656,0.909587,0.877585,0.933895,1.0,0.818451,0.929586,0.813267,0.91581,0.823777,0.887559,0.938305,0.888538,0.945561,0.837825,0.835477,0.942824,0.920188,0.916866,0.864317,0.886452,0.897745,0.931974,0.92103,0.90019,0.875085,0.894015,0.73645
Storagebin,0.74303,0.826656,0.756646,0.783064,0.829347,0.715313,0.746592,0.703066,0.831411,0.836256,0.813577,0.81168,0.827089,0.801158,0.786509,0.832014,0.828874,0.79975,0.802147,0.824072,0.804865,0.82018,0.812324,0.76708,0.816878,0.791714,0.783123,0.779043,0.835772,0.823807,0.774535,0.816191,0.824627,0.827115,0.72571,0.831118,0.817605,0.821825,0.824763,0.808423,0.825208,0.788278,0.789576,0.808707,0.794502,0.761891,0.791266,0.716124,0.798296,0.788437,0.809748,0.811777,0.83082,0.81701,0.78145,0.827906,0.793518,0.804727,0.834206,0.789501,0.803561,0.798204,0.80621,0.817294,0.824701,0.826064,0.822702,0.788435,0.816212,0.795361,0.804438,0.835439,0.798497,0.813317,0.792722,0.797244,0.804974,0.78788,0.750518,0.759485,0.813895,0.795832,0.651755,0.806963,0.778997,0.755737,0.800743,0.826281,0.798943,0.82328,0.817721,0.7066,0.818052,0.820409,0.793357,0.781168,0.794401,0.820301,0.747936,0.783407,0.763957,0.814162,0.807002,0.842116,0.765679,0.8094,0.818451,1.0,0.821291,0.777035,0.829783,0.767338,0.777978,0.823363,0.769519,0.833905,0.773693,0.778486,0.832948,0.828641,0.804776,0.788511,0.814801,0.798104,0.81458,0.810186,0.815218,0.772041,0.810547,0.698753
Stroller,0.842466,0.906278,0.821398,0.894374,0.92089,0.822832,0.806491,0.758985,0.923513,0.927503,0.892736,0.892515,0.960398,0.875501,0.922339,0.916892,0.917991,0.898801,0.886263,0.923668,0.913965,0.921407,0.899861,0.842433,0.914094,0.889407,0.901068,0.86035,0.936852,0.914343,0.890796,0.891241,0.950478,0.901477,0.806584,0.921245,0.891177,0.917652,0.93796,0.893946,0.930804,0.878931,0.868441,0.90663,0.899464,0.830533,0.880429,0.801638,0.908005,0.876637,0.9061,0.909761,0.930302,0.921935,0.880779,0.935679,0.867656,0.941376,0.935635,0.865823,0.905795,0.916471,0.896904,0.901396,0.922063,0.943883,0.91482,0.871364,0.918721,0.878644,0.912419,0.949881,0.909246,0.899768,0.890578,0.886149,0.928647,0.868389,0.81616,0.823505,0.883723,0.921505,0.738957,0.900434,0.854711,0.832326,0.884284,0.920726,0.884525,0.927153,0.937657,0.784232,0.906205,0.915905,0.876127,0.876435,0.905409,0.925028,0.861339,0.883636,0.852213,0.906825,0.890306,0.932769,0.841083,0.886315,0.929586,0.821291,1.0,0.881681,0.919014,0.872565,0.902051,0.93125,0.848223,0.925953,0.85479,0.871253,0.940156,0.925134,0.8998,0.884064,0.880583,0.87854,0.914925,0.91127,0.91144,0.851082,0.907961,0.799541
Suit,0.879308,0.837956,0.84335,0.903183,0.862624,0.822759,0.753698,0.782157,0.842267,0.84402,0.780923,0.775509,0.854914,0.826001,0.843565,0.85239,0.818207,0.830067,0.845961,0.882733,0.797735,0.809963,0.836612,0.829024,0.822001,0.817587,0.861166,0.753141,0.879545,0.859658,0.859188,0.882276,0.884713,0.80596,0.803546,0.830515,0.88624,0.855326,0.839687,0.771633,0.852726,0.78262,0.810547,0.8122,0.836602,0.692195,0.843954,0.774353,0.792675,0.744731,0.868545,0.797907,0.838985,0.824121,0.800286,0.884467,0.789633,0.88304,0.887858,0.732406,0.792898,0.847872,0.819521,0.829357,0.89189,0.849129,0.838661,0.798282,0.892218,0.797396,0.850308,0.857745,0.868291,0.824521,0.805795,0.805139,0.856279,0.811527,0.726851,0.68101,0.848704,0.83544,0.743141,0.84001,0.753152,0.806989,0.783074,0.82913,0.802685,0.824107,0.844131,0.772214,0.875081,0.831668,0.791061,0.865991,0.78284,0.833037,0.831336,0.847337,0.828086,0.796389,0.851304,0.875365,0.733517,0.751232,0.813267,0.777035,0.881681,1.0,0.865841,0.855031,0.788374,0.856186,0.732438,0.813232,0.823663,0.805901,0.852595,0.848638,0.80758,0.847478,0.831187,0.804836,0.824246,0.832644,0.850264,0.771068,0.859324,0.782823
Suitcase,0.800316,0.918837,0.80194,0.864856,0.938307,0.752306,0.756316,0.723818,0.918426,0.938219,0.90152,0.911364,0.903893,0.905036,0.868376,0.908305,0.916294,0.856235,0.880794,0.917439,0.906172,0.90955,0.927849,0.832643,0.91832,0.881202,0.859908,0.902541,0.946614,0.91738,0.831906,0.90487,0.926842,0.920233,0.769591,0.934722,0.915581,0.913081,0.925419,0.90405,0.929417,0.906387,0.88491,0.929895,0.876964,0.874774,0.82025,0.781286,0.905583,0.905787,0.904066,0.917838,0.925804,0.919233,0.87389,0.92513,0.871894,0.906471,0.942347,0.899258,0.918388,0.88534,0.924026,0.919527,0.927468,0.921886,0.928114,0.917881,0.894602,0.899834,0.885361,0.943059,0.862785,0.904535,0.886961,0.899068,0.877725,0.861915,0.879116,0.874758,0.883261,0.864044,0.646935,0.908433,0.905516,0.806513,0.920836,0.918624,0.917587,0.92382,0.902615,0.723694,0.916168,0.927783,0.881128,0.849891,0.908566,0.920162,0.798731,0.838446,0.822511,0.901419,0.914219,0.902309,0.889744,0.906446,0.91581,0.829783,0.919014,0.865841,1.0,0.814863,0.863251,0.919397,0.889259,0.924197,0.857957,0.82976,0.945891,0.903908,0.915947,0.871122,0.889163,0.918985,0.911504,0.916424,0.917424,0.89707,0.874835,0.717897
Teddy Bear,0.843036,0.82155,0.860524,0.873567,0.808919,0.861953,0.819401,0.794493,0.839207,0.821231,0.786797,0.762745,0.880049,0.778197,0.869148,0.85267,0.81755,0.877625,0.833375,0.848248,0.801619,0.820587,0.778373,0.828726,0.799752,0.816406,0.857321,0.702238,0.827399,0.835469,0.873679,0.818441,0.868001,0.802191,0.813203,0.800021,0.812703,0.833078,0.834771,0.764715,0.829688,0.750817,0.764938,0.764312,0.850407,0.670653,0.899327,0.794773,0.782283,0.71931,0.839928,0.797482,0.824027,0.811347,0.798586,0.858971,0.78512,0.861251,0.838561,0.722917,0.766574,0.860046,0.763623,0.798413,0.832017,0.852534,0.806873,0.72709,0.872535,0.77736,0.849931,0.834678,0.897486,0.815193,0.799949,0.783481,0.88828,0.798043,0.656669,0.653622,0.832855,0.878678,0.847112,0.81221,0.698151,0.818563,0.737301,0.822175,0.748951,0.816412,0.86775,0.820681,0.828181,0.801572,0.778054,0.856363,0.766931,0.81692,0.874858,0.884134,0.84881,0.815419,0.797875,0.904969,0.684366,0.752387,0.823777,0.767338,0.872565,0.855031,0.814863,1.0,0.809036,0.846871,0.697567,0.828449,0.791147,0.848675,0.821391,0.86415,0.776833,0.833647,0.820481,0.753023,0.833311,0.814173,0.818914,0.709004,0.88923,0.854887
Tennisracket,0.741685,0.900532,0.758632,0.794781,0.883966,0.745528,0.747344,0.704734,0.864108,0.891348,0.876742,0.871603,0.919446,0.831112,0.863871,0.891596,0.879533,0.861013,0.831342,0.86172,0.915029,0.859762,0.862777,0.789375,0.900188,0.875177,0.825499,0.878311,0.877213,0.863486,0.805145,0.810559,0.88911,0.867819,0.743975,0.878271,0.825885,0.884309,0.891382,0.879608,0.892964,0.876807,0.849849,0.899891,0.870668,0.858043,0.834794,0.742615,0.88723,0.891233,0.863491,0.882325,0.865841,0.916058,0.852149,0.882696,0.848697,0.884565,0.887567,0.870949,0.909626,0.879088,0.881377,0.881446,0.866032,0.897416,0.895954,0.87217,0.842394,0.881882,0.859056,0.899693,0.847577,0.884142,0.889223,0.894264,0.883518,0.751563,0.847642,0.849039,0.827236,0.867345,0.662015,0.850622,0.873074,0.771525,0.887043,0.870358,0.877706,0.913902,0.878957,0.73003,0.857758,0.914249,0.837487,0.820884,0.903394,0.899118,0.787764,0.829804,0.799094,0.884352,0.878033,0.884728,0.868193,0.852201,0.887559,0.777978,0.902051,0.788374,0.863251,0.809036,1.0,0.8839,0.870803,0.889332,0.805331,0.852816,0.911604,0.853382,0.896397,0.839157,0.826754,0.870403,0.871889,0.885469,0.892572,0.873732,0.869421,0.752162
Tent,0.792523,0.921898,0.840856,0.876205,0.917668,0.800732,0.783911,0.730722,0.92576,0.934943,0.901534,0.903314,0.928216,0.891995,0.907184,0.914156,0.918514,0.886695,0.887588,0.913965,0.92626,0.91971,0.903086,0.858837,0.910312,0.894982,0.880331,0.878307,0.924363,0.917146,0.861467,0.876985,0.941118,0.921053,0.785283,0.925607,0.883851,0.918221,0.931619,0.904455,0.929321,0.905156,0.862457,0.90934,0.904271,0.861888,0.852674,0.827166,0.913997,0.898633,0.906771,0.930914,0.923493,0.916437,0.884128,0.931255,0.877696,0.919805,0.926521,0.897195,0.910806,0.914306,0.902014,0.91771,0.904152,0.937063,0.920204,0.883753,0.897705,0.897596,0.898294,0.938768,0.893989,0.911302,0.893088,0.891434,0.916061,0.863777,0.843591,0.854295,0.876711,0.900677,0.717129,0.912519,0.874617,0.822293,0.897037,0.924654,0.895011,0.930398,0.932087,0.758005,0.900508,0.913322,0.878826,0.855429,0.911593,0.91884,0.832702,0.878797,0.852278,0.923003,0.890864,0.918313,0.865162,0.90848,0.938305,0.823363,0.93125,0.856186,0.919397,0.846871,0.8839,1.0,0.873064,0.934694,0.850129,0.845956,0.941221,0.919672,0.914701,0.881122,0.891046,0.895886,0.931817,0.923581,0.908719,0.874972,0.913478,0.767541
Toothbrush,0.631815,0.926606,0.694781,0.732936,0.91755,0.606288,0.633825,0.602288,0.860524,0.920047,0.903643,0.917818,0.840192,0.869742,0.790976,0.870524,0.885652,0.780776,0.810887,0.849431,0.929884,0.85657,0.911973,0.759785,0.915164,0.86844,0.755009,0.972566,0.896766,0.86677,0.695771,0.810395,0.860005,0.911026,0.650957,0.911082,0.843461,0.880242,0.889945,0.914181,0.901605,0.943802,0.870441,0.95713,0.836826,0.962232,0.709243,0.696094,0.911112,0.970069,0.858674,0.917434,0.866071,0.926684,0.852165,0.867134,0.856052,0.840715,0.900295,0.95322,0.955946,0.834254,0.93982,0.916062,0.866522,0.876837,0.923847,0.962097,0.788118,0.927467,0.817615,0.904645,0.762786,0.900496,0.895518,0.92142,0.80517,0.729606,0.970404,0.963206,0.805909,0.790306,0.483103,0.868649,0.974955,0.700015,0.964775,0.87481,0.943539,0.925946,0.835263,0.593992,0.864437,0.944564,0.846586,0.760084,0.938497,0.90731,0.674851,0.75124,0.729804,0.893898,0.916146,0.820517,0.971229,0.906358,0.888538,0.769519,0.848223,0.732438,0.889259,0.697567,0.870803,0.873064,1.0,0.901106,0.788728,0.767782,0.938689,0.821377,0.939464,0.811333,0.824794,0.946518,0.880713,0.906064,0.904603,0.969729,0.812136,0.584348
Train,0.768933,0.925764,0.801497,0.849815,0.925185,0.766771,0.792703,0.719699,0.935962,0.943967,0.931958,0.932159,0.931377,0.894157,0.894106,0.92092,0.940454,0.887113,0.884206,0.90889,0.935244,0.9403,0.915469,0.833989,0.922095,0.898476,0.865893,0.904069,0.930491,0.916601,0.839691,0.876953,0.932462,0.941916,0.76826,0.943059,0.882592,0.912268,0.945338,0.927255,0.933042,0.916749,0.873584,0.925466,0.8961,0.89944,0.843894,0.799546,0.92227,0.925661,0.898129,0.947125,0.936995,0.930627,0.889706,0.922975,0.887861,0.904044,0.926026,0.930385,0.928586,0.911217,0.916918,0.922789,0.903771,0.94407,0.926099,0.900503,0.884312,0.910671,0.895026,0.949606,0.879224,0.916084,0.902717,0.906896,0.906231,0.871596,0.869513,0.897246,0.884853,0.898304,0.689458,0.911267,0.903742,0.810521,0.921998,0.935276,0.912031,0.939229,0.935059,0.74449,0.895645,0.929222,0.894405,0.844277,0.927287,0.930409,0.815854,0.860601,0.837219,0.938691,0.899777,0.923729,0.891413,0.941381,0.945561,0.833905,0.925953,0.813232,0.924197,0.828449,0.889332,0.934694,0.901106,1.0,0.844306,0.8531,0.94918,0.931652,0.923064,0.871669,0.895804,0.911512,0.941876,0.923494,0.915295,0.887962,0.89751,0.743984
Trashbin,0.773714,0.846611,0.777389,0.820235,0.853941,0.741421,0.738617,0.710107,0.846495,0.858778,0.820283,0.82202,0.845349,0.826505,0.818897,0.84779,0.839344,0.813738,0.822821,0.852701,0.827124,0.834552,0.841705,0.789557,0.840975,0.813704,0.813009,0.800803,0.868768,0.849834,0.79969,0.840165,0.859742,0.835932,0.743533,0.848769,0.845096,0.845601,0.848084,0.817339,0.853052,0.814432,0.811427,0.83677,0.818825,0.771723,0.803243,0.741385,0.825509,0.806093,0.838828,0.832749,0.850417,0.841886,0.80395,0.858219,0.80485,0.843937,0.866335,0.800808,0.827612,0.825832,0.831301,0.83952,0.855844,0.84956,0.849428,0.821672,0.846126,0.818042,0.828681,0.862907,0.824823,0.832411,0.813438,0.820424,0.830767,0.802718,0.775064,0.768125,0.824856,0.817581,0.662317,0.834536,0.802092,0.775342,0.823844,0.84476,0.824699,0.845291,0.839813,0.714854,0.850756,0.844781,0.808759,0.806864,0.819423,0.840352,0.775113,0.803976,0.784203,0.825078,0.833171,0.855482,0.788707,0.814919,0.837825,0.773693,0.85479,0.823663,0.857957,0.791147,0.805331,0.850129,0.788728,0.844306,1.0,0.792185,0.862389,0.840665,0.828927,0.816948,0.82701,0.828086,0.834669,0.840062,0.840506,0.801632,0.829444,0.721457
Tree,0.790835,0.853772,0.805825,0.821437,0.833971,0.799752,0.80903,0.773009,0.8463,0.848097,0.830318,0.814663,0.886807,0.792599,0.84834,0.877473,0.844412,0.903551,0.826109,0.84753,0.839516,0.832949,0.808742,0.803249,0.841903,0.837179,0.83199,0.775404,0.842184,0.838545,0.835023,0.816557,0.858594,0.824977,0.786742,0.830848,0.815149,0.843794,0.850655,0.810807,0.847076,0.78867,0.800444,0.818261,0.856153,0.753581,0.886169,0.752072,0.813322,0.788406,0.838347,0.818613,0.839894,0.855054,0.814744,0.859111,0.81291,0.849078,0.851487,0.783357,0.825001,0.85142,0.810625,0.827995,0.846964,0.867424,0.838217,0.785448,0.851406,0.816707,0.844678,0.858253,0.872967,0.841694,0.834033,0.829987,0.873992,0.775397,0.735793,0.739406,0.835798,0.864355,0.778354,0.813354,0.774908,0.79531,0.796823,0.837344,0.798559,0.850761,0.862079,0.794732,0.835535,0.855259,0.805404,0.838279,0.813127,0.846195,0.831713,0.854176,0.815095,0.837398,0.82882,0.906209,0.76114,0.794893,0.835477,0.778486,0.871253,0.805901,0.82976,0.848675,0.852816,0.845956,0.767782,0.8531,0.792185,1.0,0.850379,0.856512,0.820017,0.823078,0.824187,0.79538,0.837242,0.832908,0.847639,0.770558,0.882873,0.80691
Trophy,0.777708,0.958836,0.802782,0.85875,0.961647,0.750173,0.756673,0.7102,0.933122,0.968294,0.931109,0.941695,0.932103,0.910382,0.892304,0.934025,0.939532,0.873866,0.887268,0.930884,0.955546,0.925484,0.946009,0.845964,0.95076,0.914949,0.867485,0.951634,0.961966,0.934126,0.83246,0.893702,0.942995,0.942644,0.763891,0.957673,0.914474,0.939687,0.950917,0.940293,0.953964,0.946083,0.906728,0.970083,0.905364,0.928551,0.833849,0.782232,0.945124,0.956457,0.922984,0.949224,0.938202,0.959667,0.903889,0.943223,0.895812,0.929049,0.964449,0.942355,0.965911,0.910379,0.95961,0.950346,0.94031,0.947279,0.960614,0.958345,0.897724,0.938968,0.902311,0.96715,0.872628,0.940827,0.927188,0.936005,0.90329,0.84214,0.929954,0.92404,0.888174,0.896255,0.651879,0.924679,0.948774,0.808007,0.960293,0.937766,0.950799,0.963286,0.922749,0.721374,0.932972,0.967932,0.899629,0.855803,0.954572,0.950465,0.802409,0.86273,0.825347,0.934046,0.942587,0.916659,0.940134,0.931199,0.942824,0.832948,0.940156,0.852595,0.945891,0.821391,0.911604,0.941221,0.938689,0.94918,0.862389,0.850379,1.0,0.911535,0.955746,0.888433,0.891124,0.952746,0.934703,0.948342,0.9468,0.950451,0.902788,0.723676
Truck,0.821798,0.88596,0.83884,0.884848,0.899808,0.820147,0.830211,0.760573,0.926389,0.912798,0.891096,0.887116,0.933849,0.869146,0.899698,0.904528,0.91673,0.896915,0.883788,0.905049,0.885627,0.927041,0.87824,0.845021,0.883672,0.870947,0.887607,0.826297,0.912965,0.903904,0.880517,0.885961,0.926673,0.911135,0.802314,0.913405,0.878678,0.89597,0.923607,0.884862,0.906224,0.855299,0.840223,0.8687,0.886788,0.813363,0.872257,0.81376,0.878267,0.850272,0.886915,0.90451,0.924815,0.886869,0.865855,0.915582,0.85974,0.902023,0.907629,0.860508,0.86832,0.903211,0.868717,0.885097,0.893314,0.929467,0.887985,0.834898,0.902963,0.860462,0.893865,0.925995,0.900599,0.882062,0.865538,0.856645,0.911275,0.897275,0.780387,0.809053,0.890448,0.907039,0.765518,0.891371,0.824684,0.832644,0.854531,0.916845,0.855747,0.90074,0.933441,0.787372,0.883352,0.880586,0.873383,0.859563,0.869523,0.903577,0.854632,0.880565,0.858551,0.909151,0.867818,0.932621,0.807157,0.898557,0.920188,0.828641,0.925134,0.848638,0.903908,0.86415,0.853382,0.919672,0.821377,0.931652,0.840665,0.856512,0.911535,1.0,0.871348,0.867893,0.892343,0.853971,0.918884,0.889383,0.884083,0.810724,0.903966,0.786402
Umbrella,0.721499,0.941907,0.770504,0.809935,0.93696,0.703396,0.706696,0.674429,0.898256,0.939504,0.912316,0.92162,0.893497,0.890928,0.850866,0.906806,0.91071,0.840602,0.855107,0.892985,0.941685,0.887926,0.922704,0.815906,0.929775,0.896822,0.823135,0.949426,0.9246,0.902162,0.779352,0.854461,0.9072,0.922648,0.723685,0.929863,0.88026,0.912297,0.919286,0.921085,0.927444,0.940422,0.885545,0.954864,0.882121,0.93029,0.786287,0.758404,0.922401,0.952394,0.896567,0.930744,0.899415,0.939851,0.879724,0.910379,0.876819,0.891494,0.931246,0.936997,0.9535,0.882651,0.943568,0.932297,0.904554,0.915028,0.939062,0.948316,0.850113,0.931597,0.86586,0.933385,0.831776,0.921621,0.912309,0.926605,0.866324,0.787575,0.934905,0.925706,0.851869,0.85048,0.595134,0.899362,0.948672,0.763688,0.951057,0.905052,0.939808,0.942562,0.886052,0.678797,0.898519,0.951494,0.871064,0.819831,0.940711,0.92739,0.7543,0.821216,0.794596,0.914362,0.928566,0.877044,0.941893,0.909436,0.916866,0.804776,0.8998,0.80758,0.915947,0.776833,0.896397,0.914701,0.939464,0.923064,0.828927,0.820017,0.955746,0.871348,1.0,0.855928,0.861681,0.940917,0.91111,0.927399,0.927311,0.949412,0.871163,0.674973
Vase,0.80035,0.87934,0.820185,0.853365,0.874427,0.786134,0.763437,0.736324,0.869327,0.880732,0.842595,0.838316,0.878446,0.839352,0.858642,0.876048,0.861433,0.8503,0.849062,0.876425,0.863196,0.853509,0.855967,0.825978,0.860601,0.852489,0.845178,0.820522,0.881943,0.872415,0.832556,0.847506,0.889286,0.857058,0.771915,0.866516,0.859563,0.873303,0.874455,0.83722,0.876477,0.841608,0.82769,0.856794,0.86183,0.790115,0.842025,0.779837,0.847023,0.826764,0.870253,0.86046,0.863168,0.869101,0.83693,0.887217,0.827176,0.878174,0.890433,0.822554,0.852439,0.870181,0.853659,0.865408,0.876364,0.880382,0.872223,0.839084,0.869114,0.849525,0.857539,0.882256,0.863373,0.864394,0.848821,0.849961,0.875263,0.804729,0.793858,0.78131,0.848413,0.860885,0.723159,0.858861,0.818707,0.797402,0.841387,0.86369,0.844115,0.874015,0.872659,0.749377,0.870266,0.872084,0.824483,0.841841,0.845397,0.866702,0.812291,0.852194,0.820987,0.856421,0.863992,0.888448,0.807357,0.827604,0.864317,0.788511,0.884064,0.847478,0.871122,0.833647,0.839157,0.881122,0.811333,0.871669,0.816948,0.823078,0.888433,0.867893,0.855928,1.0,0.843347,0.847697,0.869667,0.869281,0.87162,0.82759,0.877713,0.76723
Wallet,0.777497,0.884754,0.824947,0.842599,0.88234,0.765746,0.784865,0.743286,0.891443,0.895772,0.873658,0.868316,0.879181,0.862427,0.8511,0.882458,0.885301,0.855996,0.863439,0.882488,0.867962,0.886427,0.869419,0.82716,0.868179,0.846375,0.83991,0.831039,0.890923,0.883207,0.826754,0.86987,0.890293,0.894603,0.769479,0.889341,0.866202,0.87692,0.886133,0.860512,0.887884,0.851472,0.833008,0.860159,0.852157,0.81728,0.835401,0.78264,0.863302,0.845737,0.870057,0.879124,0.892436,0.871963,0.83758,0.889034,0.853541,0.86304,0.886224,0.851175,0.858471,0.856422,0.856026,0.874064,0.869967,0.887579,0.875231,0.840433,0.871929,0.852383,0.861837,0.894469,0.861092,0.868911,0.845006,0.849661,0.862798,0.852612,0.799021,0.814895,0.860259,0.854895,0.698408,0.86912,0.831782,0.804063,0.854248,0.887798,0.851998,0.879585,0.884567,0.748432,0.868534,0.870078,0.849046,0.829731,0.851665,0.877496,0.809986,0.840196,0.823676,0.881027,0.855252,0.892981,0.818207,0.874499,0.886452,0.814801,0.880583,0.831187,0.889163,0.820481,0.826754,0.891046,0.824794,0.895804,0.82701,0.824187,0.891124,0.892343,0.861681,0.843347,1.0,0.853081,0.880536,0.872107,0.863166,0.821622,0.867578,0.733717
Waterbottle,0.707768,0.936256,0.752958,0.799784,0.938806,0.671091,0.674227,0.656485,0.88554,0.93674,0.903761,0.916783,0.860514,0.895437,0.823225,0.893686,0.898803,0.811639,0.845871,0.885659,0.924675,0.872837,0.930789,0.803124,0.923875,0.884951,0.80198,0.957464,0.929568,0.898157,0.749879,0.857525,0.89286,0.917555,0.703717,0.925137,0.889432,0.901211,0.907981,0.910914,0.92009,0.942348,0.887152,0.958718,0.864122,0.933463,0.754788,0.740899,0.911807,0.950922,0.891333,0.92448,0.889363,0.931258,0.86953,0.900231,0.864863,0.875155,0.932604,0.936723,0.948916,0.864774,0.94824,0.929419,0.905996,0.897575,0.939054,0.965892,0.838623,0.93273,0.849522,0.92505,0.808312,0.912951,0.90279,0.925606,0.83788,0.777474,0.953977,0.933119,0.84515,0.820356,0.55385,0.895421,0.962878,0.748656,0.959524,0.894455,0.946875,0.931217,0.862686,0.646488,0.903223,0.950234,0.863003,0.809103,0.931995,0.916869,0.729931,0.794872,0.777107,0.897387,0.936772,0.859281,0.953773,0.902073,0.897745,0.798104,0.87854,0.804836,0.918985,0.753023,0.870403,0.895886,0.946518,0.911512,0.828086,0.79538,0.952746,0.853971,0.940917,0.847697,0.853081,1.0,0.901435,0.923227,0.92446,0.962619,0.845385,0.641918
Watergun,0.769089,0.911604,0.827383,0.862696,0.912918,0.78209,0.765775,0.711553,0.920465,0.926385,0.90393,0.904802,0.913012,0.887903,0.891093,0.903143,0.91629,0.879396,0.875966,0.897798,0.920424,0.91732,0.899729,0.844083,0.900635,0.894574,0.865214,0.881375,0.91466,0.907525,0.835674,0.861042,0.929277,0.924389,0.766506,0.922489,0.874051,0.900335,0.930357,0.903003,0.920468,0.90983,0.852447,0.906246,0.903205,0.870182,0.826364,0.824588,0.901979,0.900905,0.899135,0.938477,0.914137,0.90924,0.884269,0.91935,0.866795,0.903777,0.917193,0.908009,0.907106,0.916946,0.903381,0.911737,0.892853,0.93353,0.912084,0.886674,0.876665,0.905855,0.884568,0.930643,0.880535,0.904322,0.892592,0.891882,0.904584,0.852374,0.850416,0.864086,0.871303,0.887276,0.709185,0.908117,0.884014,0.800981,0.89902,0.91602,0.894703,0.92201,0.928164,0.736336,0.886783,0.909514,0.873333,0.844836,0.909042,0.912905,0.822419,0.865408,0.848264,0.923185,0.896657,0.909793,0.870251,0.912605,0.931974,0.81458,0.914925,0.824246,0.911504,0.833311,0.871889,0.931817,0.880713,0.941876,0.834669,0.837242,0.934703,0.918884,0.91111,0.869667,0.880536,0.901435,1.0,0.920393,0.907185,0.875705,0.901258,0.745721
Wateringcan,0.757097,0.931827,0.811723,0.843796,0.926487,0.749769,0.737164,0.70222,0.906839,0.936825,0.901977,0.907097,0.903161,0.890005,0.876516,0.906955,0.908094,0.862204,0.868683,0.902008,0.929777,0.897167,0.913111,0.838765,0.917879,0.895378,0.847424,0.912942,0.92616,0.909741,0.81493,0.862715,0.921453,0.918845,0.753494,0.922359,0.882693,0.912551,0.921784,0.90604,0.927506,0.922519,0.873429,0.932226,0.893973,0.893043,0.816818,0.792343,0.916242,0.921662,0.902961,0.929367,0.906166,0.926809,0.881993,0.919124,0.872617,0.90515,0.931409,0.91323,0.930506,0.896868,0.921869,0.92325,0.904456,0.921806,0.930538,0.920624,0.873651,0.916851,0.880718,0.933051,0.863634,0.915874,0.901629,0.908494,0.88875,0.816498,0.891851,0.886686,0.861624,0.872608,0.659328,0.903347,0.91323,0.792142,0.92426,0.909804,0.916323,0.933652,0.904198,0.713275,0.903741,0.93233,0.869501,0.839934,0.923737,0.919178,0.798883,0.85098,0.823313,0.912883,0.912599,0.896753,0.905004,0.900541,0.92103,0.810186,0.91127,0.832644,0.916424,0.814173,0.885469,0.923581,0.906064,0.923494,0.840062,0.832908,0.948342,0.889383,0.927399,0.869281,0.872107,0.923227,0.920393,1.0,0.918315,0.916198,0.891027,0.723193
Windchime,0.788707,0.93258,0.799534,0.848463,0.939088,0.753241,0.74187,0.723938,0.901207,0.929823,0.896928,0.902123,0.906436,0.885937,0.862523,0.916503,0.90664,0.865837,0.867154,0.905108,0.920234,0.880396,0.916226,0.83139,0.921442,0.899974,0.850447,0.918043,0.929415,0.906229,0.816712,0.875928,0.913682,0.907616,0.765909,0.921774,0.902473,0.913998,0.916482,0.901316,0.921541,0.912916,0.887212,0.938108,0.893021,0.885776,0.825032,0.770811,0.896519,0.914849,0.905481,0.910278,0.896066,0.930516,0.879878,0.919193,0.866509,0.90497,0.941389,0.900256,0.931182,0.897291,0.934564,0.923045,0.925692,0.917127,0.931512,0.929066,0.87545,0.918738,0.877485,0.930435,0.858946,0.915645,0.909527,0.918772,0.885363,0.798554,0.901082,0.878201,0.877346,0.865358,0.659777,0.896766,0.919138,0.788754,0.926424,0.898393,0.923316,0.930234,0.890498,0.724144,0.910929,0.946234,0.86684,0.85485,0.916577,0.923108,0.790199,0.848339,0.820619,0.89981,0.938557,0.903856,0.906082,0.879998,0.90019,0.815218,0.91144,0.850264,0.917424,0.818914,0.892572,0.908719,0.904603,0.915295,0.840506,0.847639,0.9468,0.884083,0.927311,0.87162,0.863166,0.92446,0.907185,0.918315,1.0,0.922819,0.891231,0.731183
Wishbone,0.658673,0.94473,0.716598,0.753168,0.933909,0.617136,0.624352,0.614584,0.857211,0.928533,0.892949,0.910242,0.83374,0.874738,0.790967,0.88057,0.879375,0.778864,0.815188,0.863997,0.93156,0.839634,0.922967,0.781127,0.921669,0.879401,0.763366,0.984033,0.910578,0.878102,0.701032,0.82394,0.864629,0.903196,0.663561,0.911513,0.867866,0.894214,0.885897,0.908401,0.907136,0.950143,0.88661,0.969928,0.846631,0.959431,0.718012,0.697453,0.909577,0.969653,0.875455,0.909499,0.859042,0.934315,0.857998,0.879887,0.855398,0.854302,0.922894,0.943884,0.963219,0.839097,0.958326,0.929714,0.890955,0.873353,0.938532,0.9848,0.801294,0.939099,0.822828,0.906208,0.767734,0.914345,0.905577,0.931899,0.808862,0.713472,0.992235,0.956158,0.816614,0.791396,0.493681,0.874646,0.984835,0.709338,0.972695,0.870014,0.955832,0.930348,0.825885,0.59894,0.889105,0.959799,0.844219,0.77913,0.939709,0.90894,0.678718,0.768654,0.733029,0.882842,0.941035,0.824276,0.982824,0.884565,0.875085,0.772041,0.851082,0.771068,0.89707,0.709004,0.873732,0.874972,0.969729,0.887962,0.801632,0.770558,0.950451,0.810724,0.949412,0.82759,0.821622,0.962619,0.875705,0.916198,0.922819,1.0,0.826813,0.596102
Wrap,0.817329,0.91046,0.88869,0.883988,0.881137,0.848264,0.826596,0.778539,0.899971,0.901939,0.862963,0.852442,0.915396,0.842911,0.903486,0.913352,0.883574,0.923553,0.874665,0.897602,0.891898,0.877731,0.850897,0.884099,0.874917,0.886373,0.880866,0.816964,0.885748,0.894766,0.879155,0.849925,0.910298,0.87994,0.81748,0.879094,0.861081,0.898201,0.896793,0.856941,0.891964,0.846691,0.827258,0.858519,0.913579,0.794308,0.911962,0.827624,0.862693,0.832548,0.892454,0.878357,0.878974,0.886513,0.867527,0.910982,0.850888,0.900037,0.9038,0.833851,0.863762,0.905456,0.857615,0.884573,0.885731,0.912501,0.886707,0.830554,0.895598,0.868033,0.886072,0.897872,0.919344,0.898911,0.875431,0.861439,0.925421,0.822964,0.78178,0.777167,0.877129,0.917238,0.837991,0.876091,0.810114,0.837135,0.835196,0.886509,0.840297,0.899274,0.911179,0.808972,0.886135,0.886679,0.843369,0.874874,0.854255,0.885387,0.864393,0.924838,0.865933,0.89119,0.872667,0.938491,0.801293,0.843468,0.894015,0.810547,0.907961,0.859324,0.874835,0.88923,0.869421,0.913478,0.812136,0.89751,0.829444,0.882873,0.902788,0.903966,0.871163,0.877713,0.867578,0.845385,0.901258,0.891027,0.891231,0.826813,1.0,0.832465
Yarn,0.811797,0.727974,0.797943,0.804163,0.701777,0.84596,0.806724,0.763911,0.755175,0.725581,0.693614,0.664572,0.821473,0.679742,0.82018,0.781359,0.731128,0.829659,0.759634,0.764384,0.714323,0.739276,0.675044,0.757363,0.711901,0.739431,0.797136,0.584433,0.729154,0.747442,0.839955,0.728016,0.791012,0.698324,0.781864,0.698331,0.717943,0.753394,0.746154,0.674597,0.737946,0.640703,0.682732,0.658432,0.779652,0.556894,0.885764,0.740056,0.692752,0.609337,0.750397,0.700317,0.738604,0.724214,0.718339,0.773422,0.701728,0.790084,0.74419,0.613669,0.666338,0.797707,0.653026,0.702861,0.745041,0.772223,0.715838,0.606802,0.810468,0.675126,0.783324,0.741131,0.852965,0.726889,0.717432,0.694905,0.842703,0.724723,0.532856,0.536397,0.762356,0.818628,0.847934,0.71717,0.579461,0.780348,0.627575,0.737333,0.639656,0.730432,0.795045,0.805754,0.740866,0.708629,0.696669,0.800712,0.675705,0.723587,0.836977,0.835441,0.795255,0.727328,0.694285,0.854297,0.568596,0.65281,0.73645,0.698753,0.799541,0.782823,0.717897,0.854887,0.752162,0.767541,0.584348,0.743984,0.721457,0.80691,0.723676,0.786402,0.674973,0.76723,0.733717,0.641918,0.745721,0.723193,0.731183,0.596102,0.832465,1.0
