,Accordion,Acorn,Apple,Backpack,Barstool,Baseball,Basket,Beanie,Bed,Bell,Belt,Bench,Bike,Binder,Binoculars,Birdfeeder,Boat,Bonzai,Book,Bookend,Boomerang,Car,Cellphone,Cheese,Cheesegrater,Christmasstreeornament,Clock,Coatrack,Coffeemaker,Coffeemug,Compass,Computertower,Controller,Couch,Cushion,Desk,Door,Doorknob,Drill,Dryingrack,Dumbbell,Dustpan,Fan,Faucet,Flower,Flute,Fossils,Frisbee,Fryingpan,Glasses,Glove,Goggles,Grill,Hairbrush,Hairclip,Handbag,Hat,Headphones,Hourglass,Kayak,Key,Kite,Ladder,Lamp,Lantern,Lawnmower,Lightbulb,Lipstick,Lock,Lollipop,Mask,Microscope,Minerals,Mushroom,Necklace,Necktie,Orifan,Oven,Paintbrush,Pen,Pictureframe,Pinecone,Pizza,Plug,Pogostick,Pot,Razor,Recordplayer,Remotecontrol,Ring,Rollerskates,Rug,Saltpeppershaker,Saxophone,Scale,Scarf,Scissors,Scooter,Scrunchie,Seashell,Shirt,Shoe,Skiis,Snowglobe,Spoon,Stapler,Stapleremover,Storagebin,Stroller,Suit,Suitcase,Teddy Bear,Tennisracket,Tent,Toothbrush,Train,Trashbin,Tree,Trophy,Truck,Umbrella,Vase,Wallet,Waterbottle,Watergun,Wateringcan,Windchime,Wishbone,Wrap,Yarn
Accordion,1.0,0.25264,0.169152,0.320532,0.295833,0.317195,0.348477,0.283148,0.319501,0.240679,0.383971,0.363037,0.207549,0.377859,0.300145,0.320494,0.302382,0.230561,0.374106,0.370677,0.273715,0.283556,0.358611,0.255453,0.480504,0.311818,0.255781,0.278753,0.330152,0.294627,0.272697,0.392931,0.357272,0.290485,0.297079,0.296453,0.257874,0.316798,0.302982,0.30375,0.307091,0.303899,0.376767,0.268996,0.225569,0.252743,0.302883,0.218664,0.279515,0.232858,0.33498,0.283854,0.348101,0.487094,0.348292,0.355593,0.309057,0.298632,0.210873,0.286839,0.321017,0.305746,0.278505,0.294994,0.378898,0.289011,0.355258,0.28292,0.304331,0.299205,0.315041,0.320059,0.282166,0.290109,0.253076,0.359405,0.40405,0.302495,0.255241,0.286716,0.284444,0.238731,0.159268,0.347457,0.310551,0.30255,0.329265,0.338741,0.361316,0.268893,0.328939,0.247726,0.31888,0.315006,0.346806,0.30964,0.28513,0.288066,0.223625,0.286757,0.263318,0.33523,0.319883,0.297767,0.283732,0.34699,0.342183,0.377537,0.292612,0.238295,0.467237,0.255165,0.360146,0.273,0.317853,0.319423,0.368093,0.192028,0.290805,0.296322,0.292012,0.300176,0.375218,0.307774,0.299995,0.286357,0.323367,0.248292,0.250652,0.226827
Acorn,0.25264,1.0,0.486283,0.262936,0.283366,0.308488,0.339387,0.34988,0.261779,0.327153,0.330089,0.300766,0.148825,0.251599,0.282963,0.327888,0.235046,0.302661,0.269415,0.319428,0.324635,0.232605,0.263477,0.315145,0.317529,0.354379,0.189115,0.30747,0.298509,0.315435,0.226066,0.251633,0.266967,0.279339,0.277362,0.240721,0.25055,0.369629,0.275971,0.234117,0.347148,0.317717,0.296288,0.272157,0.281972,0.26387,0.413435,0.298294,0.333602,0.267034,0.342511,0.327138,0.257429,0.381565,0.308474,0.278006,0.393661,0.321574,0.277072,0.306306,0.326767,0.286785,0.240626,0.377077,0.301864,0.23356,0.363206,0.295154,0.249237,0.356701,0.304996,0.276904,0.339767,0.456822,0.299669,0.350957,0.323336,0.206932,0.336975,0.290191,0.216399,0.343046,0.216023,0.271746,0.29568,0.323972,0.326674,0.290395,0.264565,0.329555,0.283531,0.291394,0.343274,0.260773,0.271744,0.312211,0.269979,0.258687,0.279497,0.396042,0.239771,0.311102,0.249426,0.365054,0.389378,0.27517,0.300305,0.276356,0.231344,0.202839,0.281108,0.348475,0.248929,0.254048,0.3418,0.258552,0.281085,0.253771,0.360244,0.222417,0.305861,0.372935,0.256202,0.339408,0.281144,0.348016,0.342461,0.377254,0.361162,0.387599
Apple,0.169152,0.486283,1.0,0.205882,0.2118,0.316272,0.236035,0.325575,0.208264,0.23886,0.232982,0.188466,0.13294,0.212618,0.193548,0.224228,0.175192,0.208963,0.206844,0.224351,0.261432,0.171584,0.2185,0.288801,0.224058,0.273009,0.178402,0.204964,0.225731,0.275617,0.190209,0.212402,0.202003,0.214796,0.225931,0.164462,0.199765,0.305758,0.171517,0.154886,0.275993,0.25541,0.223914,0.205283,0.208801,0.167964,0.25349,0.325602,0.275721,0.195023,0.259681,0.268498,0.196967,0.241017,0.235729,0.220663,0.312252,0.247469,0.259427,0.227371,0.215884,0.230286,0.168885,0.287934,0.228912,0.165063,0.275594,0.324082,0.218428,0.329478,0.24403,0.178742,0.257726,0.300566,0.219176,0.246152,0.243487,0.178521,0.257596,0.198947,0.176019,0.197922,0.233952,0.215187,0.194984,0.25361,0.213501,0.220426,0.189034,0.266297,0.192028,0.237625,0.271139,0.159113,0.20966,0.253498,0.193183,0.180069,0.296744,0.301095,0.204843,0.207708,0.172491,0.322658,0.302719,0.205985,0.213059,0.200771,0.165865,0.160811,0.202743,0.265949,0.205414,0.189356,0.234724,0.198368,0.211845,0.163488,0.269767,0.166539,0.236947,0.3095,0.216365,0.254608,0.202556,0.283615,0.240559,0.259449,0.298348,0.365339
Backpack,0.320532,0.262936,0.205882,1.0,0.342658,0.17648,0.313687,0.290585,0.381342,0.311342,0.392804,0.316624,0.210988,0.350851,0.314504,0.30166,0.274988,0.271254,0.349682,0.368565,0.292407,0.288089,0.321667,0.270042,0.347419,0.354797,0.231924,0.296386,0.359809,0.313362,0.258774,0.323598,0.343486,0.395266,0.342689,0.287073,0.263964,0.331087,0.344959,0.253946,0.342164,0.404103,0.298987,0.34692,0.237603,0.251631,0.276583,0.245485,0.279645,0.288454,0.471308,0.369119,0.341582,0.297944,0.323614,0.539118,0.367052,0.382921,0.277799,0.33516,0.333503,0.337855,0.289021,0.335911,0.381829,0.368317,0.320215,0.296979,0.368953,0.322601,0.382801,0.349085,0.364756,0.28785,0.297145,0.375441,0.304997,0.271217,0.28835,0.296743,0.247298,0.252916,0.1508,0.344814,0.340912,0.318436,0.360313,0.327481,0.279335,0.300709,0.412764,0.23508,0.306571,0.298298,0.318685,0.390978,0.338618,0.32371,0.330206,0.24861,0.358187,0.403135,0.288755,0.328625,0.308619,0.352246,0.404694,0.35885,0.398879,0.37075,0.484263,0.318402,0.248903,0.359013,0.326224,0.293225,0.352103,0.223353,0.355812,0.309401,0.36726,0.322413,0.406952,0.353846,0.365565,0.371444,0.322416,0.334509,0.285889,0.191051
Barstool,0.295833,0.283366,0.2118,0.342658,1.0,0.186942,0.303156,0.254335,0.430714,0.373244,0.369025,0.494794,0.273347,0.383804,0.270829,0.420137,0.324167,0.349858,0.346471,0.401731,0.319303,0.285733,0.338217,0.249679,0.400148,0.405741,0.264774,0.473212,0.45223,0.343038,0.282835,0.357397,0.313603,0.398999,0.275655,0.544833,0.353741,0.370408,0.356264,0.479399,0.32322,0.421519,0.417661,0.47715,0.284837,0.314934,0.248479,0.249986,0.323543,0.329723,0.37664,0.345243,0.448352,0.359356,0.356305,0.364318,0.375192,0.351256,0.453845,0.342444,0.439487,0.336197,0.498041,0.463116,0.493349,0.356234,0.407066,0.365842,0.351963,0.431984,0.324598,0.461972,0.269587,0.359257,0.31759,0.386822,0.338088,0.303589,0.426705,0.389259,0.32693,0.280777,0.138818,0.339304,0.546524,0.337161,0.447785,0.377517,0.304936,0.333785,0.342556,0.243217,0.34444,0.319879,0.43926,0.311519,0.363598,0.389335,0.250668,0.244768,0.293246,0.344561,0.348353,0.332038,0.411031,0.402244,0.411542,0.373367,0.399802,0.243403,0.425427,0.251301,0.293974,0.351163,0.400766,0.296635,0.38467,0.277332,0.442333,0.291398,0.408331,0.362247,0.343359,0.409265,0.358326,0.389685,0.459465,0.436769,0.281454,0.181114
Baseball,0.317195,0.308488,0.316272,0.17648,0.186942,1.0,0.296323,0.293235,0.181718,0.225875,0.239621,0.178854,0.12884,0.189665,0.205828,0.227554,0.218759,0.183346,0.191342,0.213699,0.211516,0.159092,0.188073,0.224017,0.255406,0.272094,0.206244,0.185781,0.221633,0.257198,0.261933,0.182926,0.218428,0.177189,0.219729,0.141803,0.131774,0.260936,0.193492,0.180889,0.246851,0.210911,0.270196,0.167729,0.190363,0.15892,0.275669,0.335243,0.270725,0.163988,0.233982,0.226463,0.206419,0.358666,0.234169,0.199641,0.298974,0.245113,0.217458,0.239366,0.199205,0.239069,0.149062,0.254606,0.214332,0.152727,0.326626,0.217928,0.203345,0.265234,0.242299,0.181472,0.198423,0.278499,0.211115,0.220945,0.340199,0.161703,0.197429,0.197264,0.151856,0.209389,0.255112,0.215897,0.179368,0.270353,0.199505,0.222119,0.196062,0.232752,0.216916,0.250083,0.240799,0.158893,0.230274,0.224043,0.169043,0.172219,0.208846,0.310353,0.195382,0.242068,0.172067,0.356064,0.252002,0.201021,0.202784,0.200839,0.158749,0.123333,0.214081,0.232771,0.242537,0.189348,0.227487,0.201712,0.214121,0.153068,0.245489,0.148714,0.232043,0.307564,0.174221,0.23407,0.200825,0.233201,0.231463,0.186636,0.247272,0.256029
Basket,0.348477,0.339387,0.236035,0.313687,0.303156,0.296323,1.0,0.357115,0.331476,0.270171,0.365464,0.318892,0.196877,0.292021,0.230377,0.316651,0.26662,0.281832,0.313135,0.318992,0.29968,0.257331,0.248442,0.249615,0.360975,0.331266,0.208471,0.25305,0.323736,0.398431,0.244374,0.264968,0.241256,0.30468,0.316552,0.275799,0.249427,0.30091,0.232111,0.29007,0.244307,0.306715,0.3496,0.283459,0.204947,0.21328,0.332577,0.268565,0.326031,0.261043,0.310171,0.311842,0.307924,0.360579,0.28332,0.366852,0.367033,0.338318,0.237677,0.279598,0.274935,0.275267,0.290394,0.322473,0.384972,0.250694,0.324561,0.218389,0.330672,0.292481,0.318687,0.247983,0.280393,0.321067,0.278151,0.337408,0.315742,0.246096,0.252827,0.240447,0.249028,0.238728,0.209167,0.285544,0.248373,0.425706,0.285056,0.2971,0.225465,0.314082,0.267979,0.270073,0.291157,0.245511,0.296011,0.329551,0.287597,0.225778,0.241654,0.295063,0.25526,0.30882,0.217133,0.36619,0.280343,0.265574,0.287822,0.423334,0.257673,0.181909,0.342067,0.284688,0.388712,0.281184,0.277352,0.249236,0.414825,0.196679,0.336687,0.220066,0.287988,0.363527,0.3369,0.299597,0.237432,0.381139,0.285361,0.301035,0.296028,0.411004
Beanie,0.283148,0.34988,0.325575,0.290585,0.254335,0.293235,0.357115,1.0,0.272464,0.253128,0.338275,0.267195,0.134737,0.30784,0.205474,0.265741,0.208039,0.233716,0.330317,0.309844,0.262884,0.193724,0.254713,0.316899,0.293329,0.330564,0.187427,0.237328,0.244136,0.250518,0.202206,0.280363,0.252741,0.309649,0.399132,0.219975,0.248561,0.302687,0.198786,0.219489,0.292093,0.315601,0.264238,0.220395,0.258196,0.195506,0.36897,0.325874,0.251364,0.222429,0.347468,0.282465,0.240676,0.328694,0.286091,0.320854,0.470218,0.253917,0.200799,0.251401,0.257865,0.320772,0.208754,0.329657,0.293005,0.185931,0.291138,0.2559,0.253701,0.307952,0.312727,0.220391,0.29514,0.367932,0.249884,0.383192,0.373174,0.246203,0.258885,0.234063,0.254835,0.251439,0.181063,0.262495,0.242769,0.321639,0.249394,0.258369,0.253346,0.275773,0.249507,0.352519,0.275631,0.180835,0.268974,0.403993,0.227521,0.177692,0.428518,0.314998,0.373158,0.298507,0.209353,0.330802,0.272772,0.267488,0.26583,0.345979,0.211368,0.287005,0.280506,0.317513,0.248878,0.288125,0.266657,0.218887,0.292969,0.226711,0.240608,0.169477,0.330323,0.302967,0.360119,0.266479,0.211953,0.26201,0.246863,0.264366,0.272285,0.490446
Bed,0.319501,0.261779,0.208264,0.381342,0.430714,0.181718,0.331476,0.272464,1.0,0.308499,0.4414,0.455397,0.205763,0.39438,0.289292,0.370861,0.348695,0.351171,0.380636,0.40626,0.319977,0.342466,0.298843,0.265881,0.365203,0.359556,0.22461,0.382281,0.346875,0.305401,0.235973,0.351199,0.32782,0.560188,0.350319,0.421051,0.32691,0.334656,0.327181,0.370734,0.305982,0.394487,0.304318,0.370428,0.276061,0.320179,0.274579,0.235389,0.289659,0.29984,0.374613,0.34758,0.403968,0.314202,0.346521,0.403503,0.385356,0.311667,0.302893,0.385194,0.365288,0.34516,0.357761,0.375639,0.40016,0.349422,0.31946,0.266769,0.300882,0.333407,0.326526,0.38585,0.306139,0.331865,0.286024,0.352735,0.37074,0.328183,0.309154,0.382466,0.329088,0.289147,0.151237,0.352198,0.401724,0.318267,0.365564,0.380216,0.270858,0.303618,0.355366,0.246098,0.278705,0.278394,0.387719,0.3161,0.329859,0.344795,0.253993,0.254246,0.321438,0.395971,0.281898,0.30905,0.303266,0.446356,0.435625,0.416199,0.362466,0.231676,0.420516,0.257779,0.241499,0.367929,0.370262,0.361482,0.35688,0.268748,0.367586,0.318967,0.381105,0.313652,0.398754,0.326545,0.372544,0.350137,0.360252,0.321748,0.337917,0.220491
Bell,0.240679,0.327153,0.23886,0.311342,0.373244,0.225875,0.270171,0.253128,0.308499,1.0,0.32822,0.306849,0.187678,0.282364,0.332366,0.36626,0.292389,0.330724,0.279587,0.379551,0.321962,0.280468,0.284245,0.238029,0.370766,0.391278,0.233197,0.307499,0.492985,0.370315,0.295862,0.262648,0.318684,0.274001,0.246604,0.26992,0.234541,0.352988,0.370062,0.241943,0.316873,0.408793,0.33621,0.425795,0.22678,0.252199,0.261598,0.26356,0.390883,0.271263,0.351506,0.332297,0.357407,0.33738,0.307045,0.347204,0.399967,0.356524,0.381763,0.333131,0.401939,0.284499,0.283432,0.463119,0.402316,0.336891,0.442629,0.359315,0.370413,0.320903,0.337664,0.480981,0.262046,0.317502,0.305604,0.33901,0.295156,0.250081,0.323135,0.309845,0.231099,0.241147,0.154217,0.293104,0.39752,0.32383,0.401089,0.384622,0.269112,0.345352,0.355619,0.225925,0.398531,0.33095,0.375186,0.294662,0.350499,0.334422,0.236509,0.262058,0.258507,0.350806,0.272394,0.450438,0.38504,0.345145,0.378146,0.270557,0.311652,0.208265,0.368411,0.251359,0.237165,0.261854,0.363293,0.282843,0.322684,0.238828,0.513036,0.264603,0.340128,0.430752,0.263718,0.501123,0.319442,0.446488,0.380763,0.333791,0.25786,0.183001
Belt,0.383971,0.330089,0.232982,0.392804,0.369025,0.239621,0.365464,0.338275,0.4414,0.32822,1.0,0.457543,0.248463,0.411389,0.362133,0.358356,0.359116,0.340621,0.401232,0.41526,0.397153,0.396888,0.364569,0.286678,0.432655,0.409147,0.257854,0.413958,0.357126,0.365583,0.288118,0.369591,0.406907,0.486148,0.384021,0.372171,0.310649,0.426717,0.391814,0.365518,0.387021,0.420754,0.365267,0.40242,0.302593,0.403371,0.343582,0.296689,0.382209,0.414572,0.432844,0.461291,0.371434,0.408319,0.421972,0.446483,0.428084,0.386959,0.252791,0.455699,0.457916,0.385552,0.338494,0.393268,0.378246,0.384678,0.37504,0.29301,0.362822,0.39688,0.387949,0.390674,0.345576,0.374071,0.355924,0.43011,0.429091,0.292662,0.326527,0.452566,0.314661,0.30286,0.181388,0.390391,0.443789,0.344767,0.434165,0.410225,0.349399,0.411185,0.408751,0.29304,0.320633,0.336098,0.403748,0.373126,0.436138,0.388967,0.336283,0.315774,0.354773,0.472295,0.320996,0.344675,0.392282,0.477822,0.465253,0.420716,0.371169,0.249899,0.426835,0.297727,0.342898,0.344645,0.443716,0.424514,0.358018,0.31438,0.395132,0.358323,0.399012,0.352042,0.449846,0.356619,0.414284,0.402889,0.394593,0.364659,0.341094,0.26899
Bench,0.363037,0.300766,0.188466,0.316624,0.494794,0.178854,0.318892,0.267195,0.455397,0.306849,0.457543,1.0,0.2606,0.449315,0.286524,0.404544,0.32683,0.364076,0.433878,0.440126,0.373468,0.347784,0.335349,0.268934,0.407173,0.406521,0.25397,0.487924,0.352187,0.298295,0.246323,0.407914,0.363645,0.427584,0.30895,0.5693,0.408574,0.372287,0.382583,0.438015,0.326723,0.412395,0.362231,0.435631,0.306359,0.382166,0.289375,0.232842,0.317179,0.369063,0.387085,0.389377,0.434677,0.393665,0.400352,0.374119,0.360031,0.323814,0.294226,0.380531,0.482428,0.363429,0.419491,0.405065,0.445398,0.358653,0.358522,0.283917,0.316014,0.407906,0.33113,0.4145,0.298414,0.38062,0.3267,0.429628,0.396116,0.333558,0.373931,0.431465,0.387133,0.299331,0.139883,0.378024,0.525621,0.315774,0.44319,0.399261,0.329869,0.341538,0.365537,0.277705,0.302038,0.334438,0.427343,0.325795,0.400318,0.390555,0.267357,0.283119,0.341098,0.366737,0.329235,0.278422,0.381149,0.457336,0.450812,0.448112,0.384806,0.244822,0.438337,0.231014,0.303016,0.348304,0.426463,0.383381,0.388967,0.339621,0.378521,0.32877,0.415808,0.315076,0.442293,0.345661,0.409036,0.361113,0.429261,0.462497,0.317425,0.200976
Bike,0.207549,0.148825,0.13294,0.210988,0.273347,0.12884,0.196877,0.134737,0.205763,0.187678,0.248463,0.2606,1.0,0.182429,0.219925,0.220508,0.226855,0.2195,0.16626,0.20563,0.22718,0.292237,0.182677,0.133555,0.226158,0.258128,0.254913,0.273543,0.214758,0.213039,0.364804,0.166393,0.221085,0.190231,0.163664,0.239481,0.156258,0.249783,0.276239,0.265638,0.186654,0.237325,0.318688,0.276095,0.215203,0.206188,0.154392,0.216272,0.238984,0.320564,0.21061,0.261634,0.267179,0.220611,0.256101,0.229611,0.208247,0.334628,0.181085,0.234594,0.283863,0.231785,0.26628,0.231718,0.23201,0.376649,0.231589,0.158962,0.220576,0.25727,0.234641,0.258756,0.166379,0.195846,0.264188,0.219618,0.276726,0.145067,0.240666,0.228454,0.16024,0.19899,0.146872,0.178541,0.281699,0.16192,0.266251,0.259237,0.172325,0.282201,0.381888,0.16028,0.169659,0.255593,0.246497,0.201631,0.32984,0.46381,0.169317,0.16978,0.180576,0.21229,0.214802,0.212718,0.239623,0.228428,0.248803,0.169888,0.595274,0.130218,0.221074,0.201203,0.313584,0.222711,0.243089,0.239115,0.166663,0.19832,0.25962,0.266095,0.284121,0.181134,0.151781,0.206858,0.276148,0.235846,0.289694,0.24245,0.180118,0.142307
Binder,0.377859,0.251599,0.212618,0.350851,0.383804,0.189665,0.292021,0.30784,0.39438,0.282364,0.411389,0.449315,0.182429,1.0,0.277706,0.392636,0.316967,0.318152,0.540257,0.470487,0.304833,0.289425,0.487425,0.301527,0.436216,0.375162,0.282513,0.424553,0.385594,0.335344,0.268556,0.600884,0.352412,0.370202,0.343668,0.43474,0.529873,0.380959,0.320871,0.361199,0.325933,0.441565,0.379945,0.384778,0.302785,0.35831,0.273721,0.283934,0.305446,0.320465,0.386562,0.362491,0.40277,0.347279,0.354413,0.426907,0.341433,0.306946,0.257578,0.360652,0.409061,0.377841,0.397123,0.379555,0.459545,0.303722,0.341859,0.359495,0.381919,0.408499,0.32919,0.388801,0.277051,0.315948,0.302843,0.461139,0.358908,0.459041,0.353475,0.404143,0.487364,0.28845,0.139172,0.46064,0.485435,0.362652,0.423177,0.435957,0.445859,0.330452,0.319013,0.316987,0.35748,0.33602,0.432446,0.345561,0.387562,0.327421,0.267739,0.237412,0.396201,0.331795,0.423246,0.290574,0.363923,0.433786,0.402299,0.504251,0.304131,0.291785,0.499826,0.222349,0.312158,0.366682,0.410357,0.357727,0.454499,0.302603,0.328321,0.316102,0.383382,0.344785,0.537723,0.399131,0.333625,0.351184,0.379502,0.375802,0.314241,0.177305
Binoculars,0.300145,0.282963,0.193548,0.314504,0.270829,0.205828,0.230377,0.205474,0.289292,0.332366,0.362133,0.286524,0.219925,0.277706,1.0,0.264334,0.247501,0.272126,0.257819,0.327189,0.301679,0.389725,0.318331,0.211605,0.396904,0.305731,0.223704,0.269775,0.374752,0.313338,0.297898,0.280954,0.463286,0.301578,0.213357,0.23487,0.201066,0.434554,0.473296,0.213512,0.44277,0.356978,0.325482,0.358198,0.233683,0.28285,0.264974,0.27901,0.371327,0.35708,0.333678,0.438719,0.329959,0.335474,0.318305,0.315478,0.314703,0.463099,0.229437,0.341554,0.378695,0.276754,0.235604,0.306677,0.295515,0.401873,0.38141,0.358333,0.344342,0.315359,0.381996,0.439625,0.290159,0.272643,0.288894,0.291259,0.300788,0.245864,0.282156,0.340978,0.191478,0.251146,0.145231,0.33208,0.341418,0.235413,0.41252,0.401973,0.320555,0.366962,0.412879,0.184121,0.324783,0.285274,0.316016,0.270535,0.369321,0.412642,0.238408,0.250188,0.219757,0.358091,0.257746,0.302174,0.332827,0.346642,0.416814,0.25453,0.363052,0.182638,0.381361,0.261459,0.26537,0.246513,0.342062,0.341546,0.285799,0.229518,0.371558,0.358947,0.285536,0.281847,0.256845,0.377632,0.460297,0.357977,0.331957,0.276342,0.266185,0.186962
Birdfeeder,0.320494,0.327888,0.224228,0.30166,0.420137,0.227554,0.316651,0.265741,0.370861,0.36626,0.358356,0.404544,0.220508,0.392636,0.264334,1.0,0.352742,0.356289,0.383929,0.41223,0.320794,0.245869,0.330845,0.275559,0.379386,0.401013,0.262011,0.414779,0.373578,0.317726,0.279164,0.379028,0.297472,0.317626,0.290232,0.387415,0.352052,0.344289,0.31563,0.367317,0.2966,0.403207,0.358497,0.390959,0.285389,0.310563,0.312647,0.252149,0.31281,0.300253,0.3408,0.310905,0.361473,0.362019,0.331505,0.369692,0.339096,0.312244,0.358953,0.33749,0.40452,0.336922,0.381632,0.401833,0.441899,0.320107,0.382425,0.318958,0.339489,0.373219,0.311884,0.399529,0.286514,0.346331,0.368587,0.37743,0.322054,0.312548,0.340784,0.336839,0.363922,0.289285,0.216349,0.330402,0.446135,0.338206,0.374562,0.376531,0.307401,0.325628,0.311219,0.289015,0.333973,0.372957,0.408616,0.310156,0.341142,0.328299,0.23632,0.297588,0.299748,0.333401,0.350337,0.358261,0.379252,0.342801,0.361627,0.37829,0.320892,0.226199,0.363171,0.249844,0.273718,0.31814,0.37769,0.291577,0.353001,0.302933,0.389449,0.258494,0.376412,0.350747,0.347956,0.369719,0.295026,0.353744,0.419412,0.39478,0.332355,0.201754
Boat,0.302382,0.235046,0.175192,0.274988,0.324167,0.218759,0.26662,0.208039,0.348695,0.292389,0.359116,0.32683,0.226855,0.316967,0.247501,0.352742,1.0,0.311898,0.292807,0.323253,0.280497,0.343716,0.292832,0.199964,0.334731,0.330244,0.252806,0.347956,0.335276,0.272795,0.297769,0.304536,0.290694,0.310747,0.244757,0.298319,0.247013,0.291908,0.290639,0.358692,0.24514,0.349513,0.321134,0.306964,0.247148,0.280607,0.243372,0.234987,0.307817,0.281541,0.302501,0.310111,0.356063,0.300826,0.301853,0.316963,0.318071,0.282167,0.288946,0.402429,0.320798,0.335365,0.325312,0.339173,0.325214,0.346622,0.335372,0.23837,0.243586,0.30464,0.281379,0.363774,0.246693,0.265647,0.29689,0.305806,0.330997,0.282846,0.263043,0.347516,0.239988,0.233259,0.165167,0.303772,0.35553,0.276909,0.33149,0.3872,0.250072,0.302489,0.309131,0.213619,0.253697,0.289881,0.363713,0.254576,0.304439,0.339582,0.20206,0.237549,0.260706,0.358418,0.272295,0.326013,0.307272,0.394236,0.374105,0.307678,0.344937,0.228598,0.346228,0.20561,0.25815,0.361497,0.342493,0.39556,0.303091,0.252805,0.350294,0.332093,0.353249,0.287895,0.270503,0.295421,0.312349,0.301994,0.343938,0.283509,0.265946,0.163987
Bonzai,0.230561,0.302661,0.208963,0.271254,0.349858,0.183346,0.281832,0.233716,0.351171,0.330724,0.340621,0.364076,0.2195,0.318152,0.272126,0.356289,0.311898,1.0,0.328876,0.382982,0.28854,0.285815,0.300754,0.2577,0.337592,0.379063,0.226708,0.389043,0.35625,0.354447,0.258568,0.31407,0.281314,0.331447,0.28629,0.311558,0.315793,0.311769,0.311331,0.288129,0.245472,0.359763,0.290333,0.340931,0.43166,0.285211,0.273958,0.237802,0.319098,0.312124,0.338029,0.338802,0.333309,0.315775,0.338388,0.314058,0.330822,0.288227,0.268813,0.344802,0.383975,0.309216,0.314307,0.356271,0.356938,0.322288,0.361355,0.251489,0.274801,0.339459,0.314051,0.38386,0.307039,0.339476,0.322692,0.370181,0.321081,0.289316,0.301943,0.316935,0.303202,0.362345,0.201881,0.282887,0.385449,0.347351,0.357896,0.349771,0.283811,0.333514,0.355665,0.277093,0.294578,0.303138,0.334689,0.299725,0.328124,0.315687,0.25878,0.278377,0.304952,0.330441,0.283237,0.388917,0.333094,0.342737,0.35137,0.31564,0.334318,0.198163,0.323856,0.232043,0.216447,0.227107,0.360295,0.293314,0.338519,0.492568,0.410086,0.270382,0.325548,0.366955,0.292666,0.353636,0.3231,0.374282,0.390832,0.3351,0.33752,0.194969
Book,0.374106,0.269415,0.206844,0.349682,0.346471,0.191342,0.313135,0.330317,0.380636,0.279587,0.401232,0.433878,0.16626,0.540257,0.257819,0.383929,0.292807,0.328876,1.0,0.460146,0.304447,0.257026,0.39518,0.319559,0.397647,0.371608,0.259004,0.373584,0.335728,0.321193,0.259892,0.486739,0.316255,0.363147,0.369557,0.40274,0.460725,0.355651,0.275632,0.325705,0.317914,0.404644,0.319998,0.317695,0.298996,0.299712,0.307386,0.279924,0.284678,0.29762,0.399443,0.337776,0.361679,0.338116,0.342412,0.430076,0.34856,0.27469,0.231764,0.33248,0.368498,0.379966,0.344191,0.357525,0.422516,0.26597,0.331245,0.311237,0.336901,0.37277,0.327704,0.323209,0.306302,0.318825,0.293481,0.452717,0.364762,0.387375,0.303493,0.344838,0.436729,0.285958,0.166813,0.393185,0.39012,0.375519,0.372253,0.386453,0.373291,0.318868,0.317855,0.336934,0.324007,0.300591,0.377744,0.360829,0.338284,0.268037,0.293068,0.260348,0.403725,0.346666,0.353739,0.308624,0.332815,0.38088,0.364736,0.490627,0.277711,0.280444,0.435189,0.220876,0.271054,0.337863,0.363076,0.306079,0.429872,0.301279,0.318397,0.256462,0.354401,0.352058,0.538229,0.358305,0.296558,0.337298,0.338417,0.355112,0.327029,0.196031
Bookend,0.370677,0.319428,0.224351,0.368565,0.401731,0.213699,0.318992,0.309844,0.40626,0.379551,0.41526,0.440126,0.20563,0.470487,0.327189,0.41223,0.323253,0.382982,0.460146,1.0,0.339151,0.303915,0.411822,0.299949,0.438817,0.405248,0.290179,0.386413,0.406147,0.35833,0.310437,0.476399,0.377496,0.391619,0.32992,0.392641,0.410534,0.408026,0.356967,0.326721,0.375043,0.428882,0.355949,0.400426,0.299365,0.290794,0.343354,0.275029,0.335134,0.313349,0.428213,0.368221,0.393048,0.381721,0.378812,0.418408,0.391962,0.353656,0.305356,0.362988,0.442766,0.35172,0.347472,0.401883,0.464919,0.342703,0.39393,0.317185,0.398598,0.381897,0.374712,0.442563,0.333559,0.37062,0.327203,0.442623,0.350467,0.393538,0.317065,0.339166,0.406234,0.319883,0.183229,0.403291,0.43066,0.37182,0.424411,0.435852,0.383302,0.377906,0.390099,0.303652,0.374573,0.338926,0.410893,0.364652,0.381835,0.33185,0.303264,0.308106,0.353102,0.392942,0.335543,0.38317,0.376361,0.417171,0.430243,0.435506,0.338074,0.281003,0.440859,0.276663,0.269056,0.313665,0.391208,0.324403,0.410816,0.308624,0.420488,0.300524,0.358053,0.391416,0.454572,0.401751,0.348445,0.401967,0.391674,0.38653,0.334549,0.218395
Boomerang,0.273715,0.324635,0.261432,0.292407,0.319303,0.211516,0.29968,0.262884,0.319977,0.321962,0.397153,0.373468,0.22718,0.304833,0.301679,0.320794,0.280497,0.28854,0.304447,0.339151,1.0,0.31821,0.288242,0.258751,0.343023,0.364122,0.22287,0.350995,0.290718,0.338295,0.248594,0.267646,0.37917,0.319583,0.287432,0.303171,0.255936,0.373886,0.351062,0.276634,0.310662,0.455616,0.341197,0.391786,0.261152,0.352326,0.27496,0.295108,0.401255,0.387089,0.38211,0.431418,0.277661,0.420967,0.377105,0.350196,0.372898,0.434708,0.275143,0.415682,0.417659,0.374256,0.291807,0.345717,0.308742,0.307047,0.346397,0.285483,0.357207,0.354349,0.344201,0.311922,0.274987,0.34267,0.357082,0.390906,0.370031,0.220031,0.357562,0.421092,0.262202,0.232259,0.190737,0.283897,0.388226,0.278326,0.417001,0.326687,0.286908,0.414944,0.360028,0.262938,0.284085,0.313205,0.318697,0.343302,0.505435,0.334709,0.296015,0.297741,0.295829,0.43213,0.314924,0.294286,0.450993,0.421091,0.473243,0.296317,0.310862,0.21908,0.294352,0.248499,0.347825,0.324808,0.43869,0.326662,0.261222,0.266021,0.368757,0.250344,0.379853,0.312244,0.29655,0.310046,0.367836,0.416728,0.331876,0.550175,0.331394,0.238768
Car,0.283556,0.232605,0.171584,0.288089,0.285733,0.159092,0.257331,0.193724,0.342466,0.280468,0.396888,0.347784,0.292237,0.289425,0.389725,0.245869,0.343716,0.285815,0.257026,0.303915,0.31821,1.0,0.330078,0.188819,0.381348,0.301381,0.214115,0.303778,0.325713,0.307272,0.269091,0.284643,0.425368,0.342875,0.222445,0.292005,0.228052,0.332977,0.402374,0.273524,0.301973,0.345191,0.312714,0.359701,0.245531,0.294262,0.216633,0.235812,0.340544,0.350872,0.31156,0.418834,0.373254,0.293006,0.342023,0.317737,0.319748,0.385656,0.186399,0.420879,0.354639,0.292948,0.259063,0.306128,0.297033,0.473383,0.315254,0.22882,0.299423,0.309516,0.319856,0.380113,0.266506,0.28214,0.27305,0.300709,0.324217,0.280119,0.268265,0.378056,0.200763,0.229415,0.158038,0.34708,0.371536,0.242168,0.397021,0.383602,0.272621,0.342028,0.390075,0.18133,0.251791,0.255922,0.337932,0.244861,0.363672,0.441203,0.22472,0.220612,0.234178,0.36284,0.222328,0.27727,0.300039,0.492403,0.463647,0.287957,0.407379,0.168349,0.399151,0.221608,0.273745,0.335137,0.345583,0.519399,0.304069,0.245412,0.355291,0.552907,0.32537,0.2634,0.27103,0.294072,0.414979,0.353697,0.3122,0.289961,0.270575,0.177538
Cellphone,0.358611,0.263477,0.2185,0.321667,0.338217,0.188073,0.248442,0.254713,0.298843,0.284245,0.364569,0.335349,0.182677,0.487425,0.318331,0.330845,0.292832,0.300754,0.39518,0.411822,0.288242,0.330078,1.0,0.253713,0.490786,0.344039,0.292282,0.355106,0.426796,0.356949,0.313726,0.539739,0.455178,0.295149,0.25707,0.309939,0.388447,0.37054,0.338525,0.279975,0.348208,0.408005,0.386287,0.360681,0.271681,0.286122,0.247712,0.284938,0.318178,0.308466,0.360961,0.357208,0.364245,0.347292,0.343862,0.370199,0.315677,0.34238,0.277635,0.356177,0.374462,0.321225,0.339508,0.350255,0.402993,0.327027,0.359571,0.345915,0.382796,0.390531,0.330545,0.387033,0.259234,0.293658,0.301125,0.414728,0.310462,0.447989,0.33739,0.364808,0.362291,0.266282,0.153394,0.432619,0.418725,0.334904,0.442255,0.429601,0.539565,0.358074,0.338736,0.257448,0.364109,0.29875,0.413243,0.315173,0.355383,0.322598,0.248656,0.226441,0.300502,0.327167,0.362909,0.322829,0.385357,0.423515,0.377892,0.371563,0.302202,0.240308,0.459216,0.228875,0.311619,0.289801,0.395094,0.350751,0.404131,0.27757,0.346253,0.32811,0.328932,0.350242,0.389631,0.411804,0.331423,0.353081,0.354693,0.357012,0.276702,0.166167
Cheese,0.255453,0.315145,0.288801,0.270042,0.249679,0.224017,0.249615,0.316899,0.265881,0.238029,0.286678,0.268934,0.133555,0.301527,0.211605,0.275559,0.199964,0.2577,0.319559,0.299949,0.258751,0.188819,0.253713,1.0,0.283542,0.293901,0.175296,0.247187,0.244931,0.285704,0.179632,0.263193,0.286044,0.269066,0.322712,0.223031,0.248063,0.287766,0.204224,0.212815,0.261121,0.31925,0.224117,0.211218,0.255647,0.218584,0.29964,0.284797,0.245096,0.220554,0.338201,0.286015,0.220671,0.277655,0.284992,0.307612,0.318863,0.226906,0.223637,0.265616,0.246051,0.286081,0.22397,0.311468,0.269973,0.192764,0.267268,0.281236,0.238563,0.301938,0.271366,0.20897,0.322753,0.325046,0.232328,0.352121,0.306375,0.211195,0.22541,0.237016,0.245637,0.250991,0.22871,0.273577,0.233346,0.301419,0.250558,0.257308,0.27926,0.255766,0.26538,0.301289,0.295666,0.189036,0.235774,0.318063,0.231912,0.185307,0.287441,0.295034,0.329595,0.293532,0.233788,0.306905,0.287503,0.252535,0.271735,0.302019,0.207893,0.224028,0.26263,0.237278,0.194491,0.25208,0.273051,0.219757,0.278437,0.229469,0.239049,0.179437,0.292846,0.318168,0.308861,0.295614,0.245248,0.294406,0.255369,0.291171,0.350063,0.215675
Cheesegrater,0.480504,0.317529,0.224058,0.347419,0.400148,0.255406,0.360975,0.293329,0.365203,0.370766,0.432655,0.407173,0.226158,0.436216,0.396904,0.379386,0.334731,0.337592,0.397647,0.438817,0.343023,0.381348,0.490786,0.283542,1.0,0.393445,0.286127,0.375803,0.484983,0.415557,0.336296,0.447264,0.441789,0.35482,0.288316,0.358067,0.332619,0.415525,0.409464,0.341084,0.398727,0.450374,0.443197,0.425084,0.279765,0.32514,0.302129,0.285989,0.403727,0.354392,0.396704,0.412511,0.430149,0.475909,0.391273,0.399732,0.383382,0.410034,0.307789,0.393786,0.438985,0.334291,0.36712,0.406907,0.455304,0.394947,0.449031,0.390482,0.408536,0.399238,0.38409,0.458968,0.297618,0.350444,0.324727,0.444681,0.365276,0.372621,0.378979,0.408417,0.316153,0.282102,0.177216,0.426505,0.459939,0.375175,0.486783,0.449218,0.467997,0.388957,0.400104,0.270543,0.403681,0.336869,0.443113,0.340907,0.412668,0.391001,0.260264,0.288705,0.301584,0.383761,0.346226,0.396103,0.426172,0.460091,0.457783,0.419011,0.368019,0.234242,0.493545,0.282042,0.406156,0.313384,0.426982,0.374529,0.447144,0.274539,0.434631,0.350989,0.359835,0.394454,0.393892,0.458142,0.401342,0.433424,0.396363,0.389096,0.313825,0.212356
Christmasstreeornament,0.311818,0.354379,0.273009,0.354797,0.405741,0.272094,0.331266,0.330564,0.359556,0.391278,0.409147,0.406521,0.258128,0.375162,0.305731,0.401013,0.330244,0.379063,0.371608,0.405248,0.364122,0.301381,0.344039,0.293901,0.393445,1.0,0.268213,0.435132,0.365062,0.334292,0.291911,0.332539,0.357483,0.337372,0.332508,0.350387,0.321087,0.384693,0.365579,0.361763,0.333006,0.455919,0.38152,0.411885,0.366591,0.325874,0.327902,0.304378,0.353988,0.366509,0.42349,0.396808,0.353149,0.405394,0.406445,0.417255,0.405147,0.376034,0.35202,0.386521,0.470353,0.416099,0.388848,0.441324,0.419072,0.359913,0.441626,0.33957,0.340883,0.43637,0.382242,0.409726,0.3511,0.392162,0.42428,0.469714,0.417812,0.260847,0.40069,0.371357,0.306991,0.342015,0.198931,0.33833,0.477138,0.344978,0.430023,0.380186,0.344282,0.390906,0.400559,0.314819,0.340898,0.365369,0.400435,0.389714,0.420769,0.363293,0.327989,0.334021,0.371626,0.394204,0.352791,0.393681,0.440007,0.377292,0.405595,0.357429,0.379522,0.264354,0.382386,0.32558,0.318978,0.330609,0.439713,0.319314,0.339311,0.361433,0.448114,0.28031,0.439985,0.393784,0.347055,0.410066,0.366954,0.395916,0.456628,0.457678,0.340338,0.28053
Clock,0.255781,0.189115,0.178402,0.231924,0.264774,0.206244,0.208471,0.187427,0.22461,0.233197,0.257854,0.25397,0.254913,0.282513,0.223704,0.262011,0.252806,0.226708,0.259004,0.290179,0.22287,0.214115,0.292282,0.175296,0.286127,0.268213,1.0,0.267102,0.263645,0.215377,0.418307,0.296623,0.255337,0.19204,0.182542,0.252138,0.251741,0.274151,0.239249,0.236913,0.232127,0.248216,0.287862,0.268666,0.196084,0.203893,0.190566,0.262525,0.250169,0.235552,0.23418,0.25021,0.257535,0.241603,0.248531,0.247725,0.214706,0.268867,0.235875,0.239849,0.298887,0.247483,0.257129,0.255788,0.31887,0.245276,0.280975,0.195715,0.277141,0.286916,0.246471,0.290452,0.185584,0.21385,0.245125,0.251203,0.272469,0.262746,0.204019,0.220328,0.242395,0.186886,0.174253,0.282531,0.286617,0.206876,0.257402,0.303803,0.261881,0.283551,0.270334,0.207665,0.224534,0.234477,0.329155,0.214427,0.272018,0.263525,0.176064,0.19687,0.212332,0.217065,0.237727,0.289054,0.247414,0.244048,0.253052,0.230376,0.289016,0.157245,0.276064,0.205146,0.292287,0.251663,0.237342,0.242196,0.232327,0.212393,0.266069,0.218325,0.262235,0.225351,0.229419,0.23341,0.233464,0.2333,0.290658,0.241794,0.197534,0.137236
Coatrack,0.278753,0.30747,0.204964,0.296386,0.473212,0.185781,0.25305,0.237328,0.382281,0.307499,0.413958,0.487924,0.273543,0.424553,0.269775,0.414779,0.347956,0.389043,0.373584,0.386413,0.350995,0.303778,0.355106,0.247187,0.375803,0.435132,0.267102,1.0,0.337007,0.275449,0.246016,0.374135,0.306775,0.364417,0.26974,0.459434,0.408,0.351882,0.367441,0.461679,0.29968,0.454206,0.393886,0.455048,0.376173,0.449973,0.273367,0.225979,0.319923,0.381991,0.378066,0.360879,0.373368,0.385039,0.389496,0.351342,0.332162,0.322084,0.334694,0.39157,0.507305,0.367623,0.494902,0.405071,0.426779,0.372626,0.372974,0.317784,0.289761,0.439839,0.308789,0.406504,0.273253,0.376291,0.376758,0.439585,0.364813,0.274507,0.502002,0.471376,0.34595,0.333127,0.147399,0.357916,0.597488,0.283622,0.448864,0.367136,0.34202,0.334028,0.332046,0.268395,0.289636,0.3762,0.420754,0.305119,0.424868,0.420415,0.248773,0.266175,0.30708,0.334374,0.412844,0.272092,0.447625,0.402592,0.381422,0.347726,0.387051,0.215527,0.390039,0.232497,0.309704,0.31962,0.491138,0.340404,0.324603,0.415923,0.383331,0.300299,0.444112,0.309236,0.340674,0.370689,0.353574,0.339421,0.487232,0.544098,0.304304,0.172249
Coffeemaker,0.330152,0.298509,0.225731,0.359809,0.45223,0.221633,0.323736,0.244136,0.346875,0.492985,0.357126,0.352187,0.214758,0.385594,0.374752,0.373578,0.335276,0.35625,0.335728,0.406147,0.290718,0.325713,0.426796,0.244931,0.484983,0.365062,0.263645,0.337007,1.0,0.534042,0.329997,0.403501,0.376611,0.305984,0.253612,0.357695,0.311975,0.392555,0.407093,0.312422,0.365601,0.407771,0.420546,0.455422,0.234305,0.253397,0.240359,0.271717,0.434178,0.323729,0.355032,0.388703,0.463804,0.356803,0.320686,0.365696,0.373183,0.40731,0.439789,0.341336,0.393192,0.296057,0.357058,0.455774,0.493251,0.38089,0.482121,0.433291,0.421558,0.376413,0.371872,0.531831,0.259709,0.311862,0.291571,0.373275,0.295638,0.380626,0.372732,0.360839,0.28127,0.235253,0.144603,0.38573,0.449667,0.44666,0.477184,0.449301,0.379901,0.370572,0.362834,0.227334,0.478028,0.322198,0.42701,0.305501,0.368267,0.381289,0.21397,0.231931,0.264566,0.321159,0.318984,0.462677,0.405481,0.406851,0.411079,0.374685,0.361598,0.239331,0.492147,0.248584,0.278884,0.295915,0.376182,0.319943,0.502452,0.230761,0.534029,0.34185,0.334587,0.467585,0.321745,0.571253,0.374636,0.516004,0.411321,0.337372,0.263345,0.178786
Coffeemug,0.294627,0.315435,0.275617,0.313362,0.343038,0.257198,0.398431,0.250518,0.305401,0.370315,0.365583,0.298295,0.213039,0.335344,0.313338,0.317726,0.272795,0.354447,0.321193,0.35833,0.338295,0.307272,0.356949,0.285704,0.415557,0.334292,0.215377,0.275449,0.534042,1.0,0.274779,0.32166,0.318937,0.303582,0.288989,0.272945,0.261868,0.383625,0.302761,0.251814,0.329711,0.373514,0.356783,0.374875,0.239671,0.237481,0.256307,0.325408,0.44703,0.358983,0.344866,0.444057,0.339714,0.326845,0.320612,0.351143,0.365631,0.41432,0.317006,0.326467,0.338363,0.290607,0.279556,0.384288,0.395583,0.295674,0.404101,0.338902,0.425387,0.346765,0.355026,0.340381,0.27041,0.307899,0.299379,0.349686,0.288615,0.271002,0.269702,0.306904,0.255755,0.238937,0.193171,0.330943,0.322335,0.514194,0.380738,0.365995,0.311683,0.414684,0.310752,0.259074,0.430574,0.264922,0.32107,0.32669,0.398256,0.295239,0.23015,0.25599,0.274043,0.320767,0.251113,0.447896,0.368202,0.336002,0.365657,0.370774,0.288855,0.217451,0.374526,0.241174,0.269255,0.251043,0.329448,0.269493,0.473698,0.220744,0.481478,0.281251,0.298278,0.493451,0.311316,0.457288,0.317233,0.586604,0.33598,0.319017,0.300293,0.21768
Compass,0.272697,0.226066,0.190209,0.258774,0.282835,0.261933,0.244374,0.202206,0.235973,0.295862,0.288118,0.246323,0.364804,0.268556,0.297898,0.279164,0.297769,0.258568,0.259892,0.310437,0.248594,0.269091,0.313726,0.179632,0.336296,0.291911,0.418307,0.246016,0.329997,0.274779,1.0,0.285701,0.290953,0.216704,0.196735,0.230675,0.20792,0.337649,0.287743,0.238768,0.288682,0.285533,0.332106,0.279704,0.192436,0.192902,0.231431,0.334089,0.339088,0.263154,0.250383,0.303354,0.298826,0.260911,0.254417,0.275707,0.26798,0.341112,0.273518,0.280792,0.292017,0.256911,0.236929,0.292416,0.311986,0.319619,0.356898,0.227591,0.316259,0.300246,0.291122,0.344132,0.211651,0.218356,0.272568,0.253303,0.280076,0.258555,0.218231,0.244414,0.219447,0.181716,0.193285,0.273285,0.293616,0.251436,0.303123,0.375908,0.272368,0.345548,0.329052,0.210437,0.254281,0.256209,0.362477,0.235173,0.295596,0.352189,0.207866,0.223269,0.215649,0.266791,0.248873,0.359843,0.286672,0.278478,0.299797,0.238582,0.370403,0.160798,0.30856,0.226575,0.31534,0.258493,0.256612,0.271566,0.259532,0.19128,0.332233,0.265406,0.269428,0.277463,0.23631,0.277909,0.283358,0.28434,0.294768,0.232929,0.224303,0.176845
Computertower,0.392931,0.251633,0.212402,0.323598,0.357397,0.182926,0.264968,0.280363,0.351199,0.262648,0.369591,0.407914,0.166393,0.600884,0.280954,0.379028,0.304536,0.31407,0.486739,0.476399,0.267646,0.284643,0.539739,0.263193,0.447264,0.332539,0.296623,0.374135,0.403501,0.32166,0.285701,1.0,0.389654,0.330407,0.289777,0.406893,0.545896,0.377111,0.307628,0.318529,0.330827,0.383398,0.359905,0.346494,0.269006,0.276376,0.26415,0.261746,0.278544,0.278311,0.344523,0.318069,0.402783,0.334141,0.333768,0.377284,0.306913,0.295244,0.250381,0.323253,0.365229,0.322048,0.334556,0.345313,0.459767,0.304661,0.313641,0.291749,0.36178,0.379117,0.314689,0.387837,0.255612,0.300638,0.269579,0.412455,0.320067,0.548023,0.269231,0.347356,0.512578,0.289436,0.151554,0.440074,0.417802,0.34165,0.394543,0.434091,0.47357,0.316807,0.303726,0.285144,0.344011,0.288659,0.414998,0.312757,0.317038,0.311939,0.254182,0.224051,0.338526,0.310903,0.371827,0.285796,0.330408,0.417139,0.374202,0.46094,0.287195,0.262471,0.453182,0.215612,0.279992,0.319431,0.354032,0.338197,0.438762,0.275554,0.309222,0.31646,0.326502,0.326698,0.500961,0.360067,0.315466,0.321257,0.348154,0.328632,0.286044,0.166603
Controller,0.357272,0.266967,0.202003,0.343486,0.313603,0.218428,0.241256,0.252741,0.32782,0.318684,0.406907,0.363645,0.221085,0.352412,0.463286,0.297472,0.290694,0.281314,0.316255,0.377496,0.37917,0.425368,0.455178,0.286044,0.441789,0.357483,0.255337,0.306775,0.376611,0.318937,0.290953,0.389654,1.0,0.322187,0.290331,0.314456,0.241347,0.404987,0.491953,0.264558,0.411524,0.396355,0.323022,0.364392,0.254436,0.29745,0.25549,0.297997,0.350906,0.35873,0.378258,0.428117,0.369688,0.373642,0.397845,0.386821,0.348714,0.405206,0.250555,0.409867,0.419196,0.344866,0.258638,0.340528,0.315934,0.421634,0.361188,0.269672,0.357774,0.364214,0.395274,0.454314,0.295509,0.309857,0.326645,0.381823,0.355206,0.33897,0.264258,0.358967,0.25348,0.24349,0.187051,0.406341,0.390629,0.278885,0.450843,0.436855,0.507082,0.3722,0.508277,0.244909,0.327832,0.295437,0.373051,0.325953,0.433023,0.435506,0.285027,0.25809,0.328827,0.425094,0.275958,0.31511,0.389823,0.452665,0.514307,0.319973,0.375109,0.250284,0.410185,0.294068,0.282308,0.297643,0.382896,0.410672,0.314092,0.246645,0.366791,0.385022,0.35206,0.315431,0.321414,0.33666,0.486165,0.373262,0.360769,0.362397,0.289891,0.19413
Couch,0.290485,0.279339,0.214796,0.395266,0.398999,0.177189,0.30468,0.309649,0.560188,0.274001,0.486148,0.427584,0.190231,0.370202,0.301578,0.317626,0.310747,0.331447,0.363147,0.391619,0.319583,0.342875,0.295149,0.269066,0.35482,0.337372,0.19204,0.364417,0.305984,0.303582,0.216704,0.330407,0.322187,1.0,0.372934,0.363407,0.28009,0.361449,0.316,0.339142,0.347597,0.379166,0.277924,0.348561,0.288303,0.331027,0.293356,0.236503,0.282174,0.300342,0.403123,0.363341,0.3628,0.319091,0.348582,0.403982,0.415809,0.314001,0.230961,0.383199,0.356549,0.318148,0.30455,0.347818,0.333947,0.321225,0.295424,0.262165,0.295985,0.318827,0.32644,0.34309,0.312072,0.345064,0.274571,0.351348,0.363428,0.289131,0.272727,0.384583,0.291924,0.32757,0.132753,0.342236,0.361712,0.300497,0.35501,0.339987,0.279529,0.308784,0.341559,0.248116,0.269517,0.245473,0.34846,0.320945,0.31632,0.338853,0.301264,0.257831,0.326484,0.418599,0.250355,0.270759,0.296426,0.456724,0.430534,0.394462,0.336432,0.244427,0.397354,0.272502,0.228504,0.333505,0.368465,0.337238,0.321226,0.264525,0.331212,0.308507,0.358508,0.294546,0.417786,0.296107,0.375091,0.34999,0.322987,0.290476,0.335208,0.20694
Cushion,0.297079,0.277362,0.225931,0.342689,0.275655,0.219729,0.316552,0.399132,0.350319,0.246604,0.384021,0.30895,0.163664,0.343668,0.213357,0.290232,0.244757,0.28629,0.369557,0.32992,0.287432,0.222445,0.25707,0.322712,0.288316,0.332508,0.182542,0.26974,0.253612,0.288989,0.196735,0.289777,0.290331,0.372934,1.0,0.257546,0.26806,0.290197,0.21991,0.253977,0.253989,0.316328,0.246409,0.239807,0.296373,0.244739,0.316524,0.248061,0.23641,0.241599,0.394838,0.284444,0.251618,0.314152,0.305727,0.394352,0.365735,0.246573,0.200968,0.29183,0.275142,0.3545,0.239135,0.319587,0.290504,0.201998,0.282736,0.229559,0.249052,0.296478,0.309885,0.223684,0.329016,0.329669,0.260256,0.409771,0.363792,0.237543,0.230114,0.273953,0.296439,0.271456,0.194515,0.262692,0.264841,0.34838,0.282636,0.268151,0.26939,0.266939,0.299109,0.326823,0.263624,0.22426,0.269236,0.392834,0.264863,0.212244,0.35433,0.277615,0.436927,0.355857,0.244698,0.291386,0.28165,0.291775,0.304834,0.370357,0.234588,0.310464,0.304745,0.269804,0.223607,0.287734,0.299614,0.238752,0.310059,0.262262,0.265609,0.200901,0.338714,0.325903,0.395538,0.285904,0.249603,0.302254,0.276425,0.28925,0.316004,0.288938
Desk,0.296453,0.240721,0.164462,0.287073,0.544833,0.141803,0.275799,0.219975,0.421051,0.26992,0.372171,0.5693,0.239481,0.43474,0.23487,0.387415,0.298319,0.311558,0.40274,0.392641,0.303171,0.292005,0.309939,0.223031,0.358067,0.350387,0.252138,0.459434,0.357695,0.272945,0.230675,0.406893,0.314456,0.363407,0.257546,1.0,0.418896,0.31538,0.327553,0.468175,0.27537,0.353695,0.341771,0.413688,0.25392,0.319377,0.229808,0.199322,0.274447,0.334347,0.321819,0.324279,0.445481,0.315315,0.333883,0.331941,0.302827,0.276124,0.321186,0.314718,0.411758,0.320358,0.443165,0.377185,0.452006,0.320753,0.309627,0.247676,0.295679,0.381779,0.278157,0.386867,0.233469,0.321614,0.27017,0.358981,0.327632,0.358467,0.345273,0.363568,0.378798,0.24922,0.120004,0.357057,0.504696,0.293133,0.38769,0.369418,0.299147,0.281668,0.299854,0.233047,0.276542,0.280504,0.407636,0.26927,0.347442,0.344158,0.214072,0.215358,0.29667,0.293146,0.298165,0.243167,0.33462,0.386983,0.383669,0.421806,0.359891,0.214486,0.402409,0.188683,0.268002,0.35818,0.354557,0.32786,0.381518,0.269268,0.345993,0.298645,0.3738,0.281454,0.406219,0.308247,0.335097,0.323136,0.390324,0.404553,0.25952,0.15723
Door,0.257874,0.25055,0.199765,0.263964,0.353741,0.131774,0.249427,0.248561,0.32691,0.234541,0.310649,0.408574,0.156258,0.529873,0.201066,0.352052,0.247013,0.315793,0.460725,0.410534,0.255936,0.228052,0.388447,0.248063,0.332619,0.321087,0.251741,0.408,0.311975,0.261868,0.20792,0.545896,0.241347,0.28009,0.26806,0.418896,1.0,0.307825,0.244905,0.32734,0.240287,0.346537,0.31239,0.329668,0.278356,0.285817,0.253706,0.220766,0.244034,0.270936,0.305994,0.278954,0.33482,0.277524,0.295917,0.315149,0.25748,0.235659,0.258977,0.27088,0.363953,0.310705,0.388173,0.31855,0.457774,0.23285,0.29177,0.25097,0.2825,0.370044,0.261648,0.291183,0.230874,0.298561,0.253232,0.397823,0.2845,0.433938,0.309707,0.316456,0.522095,0.30265,0.148986,0.353444,0.417713,0.298799,0.33906,0.337835,0.336663,0.280526,0.241951,0.28215,0.282706,0.270836,0.340554,0.291954,0.300921,0.252311,0.243312,0.212516,0.328016,0.237529,0.339257,0.248376,0.316032,0.311812,0.278216,0.406626,0.242112,0.196598,0.372881,0.167511,0.234643,0.284147,0.330877,0.26461,0.374032,0.315371,0.279059,0.235703,0.313518,0.28856,0.444846,0.325435,0.246374,0.275707,0.341906,0.358787,0.267068,0.158157
Doorknob,0.316798,0.369629,0.305758,0.331087,0.370408,0.260936,0.30091,0.302687,0.334656,0.352988,0.426717,0.372287,0.249783,0.380959,0.434554,0.344289,0.291908,0.311769,0.355651,0.408026,0.373886,0.332977,0.37054,0.287766,0.415525,0.384693,0.274151,0.351882,0.392555,0.383625,0.337649,0.377111,0.404987,0.361449,0.290197,0.31538,0.307825,1.0,0.384758,0.29404,0.460502,0.416034,0.399381,0.408487,0.290966,0.315779,0.332215,0.397479,0.445306,0.385013,0.382519,0.445058,0.357262,0.378416,0.385574,0.363968,0.403063,0.474889,0.300437,0.377557,0.436616,0.34169,0.302849,0.38283,0.37074,0.349182,0.435266,0.344803,0.393126,0.425393,0.394144,0.400246,0.329369,0.353206,0.358671,0.380072,0.36972,0.300745,0.304183,0.384208,0.305467,0.288369,0.18926,0.37159,0.397357,0.330147,0.422777,0.437323,0.349652,0.460444,0.37749,0.285385,0.362711,0.310471,0.374076,0.34797,0.413855,0.393379,0.327145,0.326445,0.31075,0.382115,0.305228,0.3859,0.424843,0.40655,0.429665,0.348187,0.351094,0.239973,0.384409,0.30465,0.328263,0.288055,0.395083,0.320248,0.338597,0.275153,0.410252,0.309402,0.355755,0.366953,0.356119,0.373798,0.392421,0.418692,0.38063,0.366069,0.341108,0.24737
Drill,0.302982,0.275971,0.171517,0.344959,0.356264,0.193492,0.232111,0.198786,0.327181,0.370062,0.391814,0.382583,0.276239,0.320871,0.473296,0.31563,0.290639,0.311331,0.275632,0.356967,0.351062,0.402374,0.338525,0.204224,0.409464,0.365579,0.239249,0.367441,0.407093,0.302761,0.287743,0.307628,0.491953,0.316,0.21991,0.327553,0.244905,0.384758,1.0,0.274724,0.429121,0.42843,0.356372,0.453622,0.25865,0.358264,0.257632,0.245164,0.34878,0.341214,0.358367,0.422359,0.385429,0.393398,0.357345,0.331811,0.318073,0.439156,0.27591,0.39012,0.486885,0.3105,0.310871,0.374352,0.342485,0.501437,0.426674,0.333435,0.345906,0.348239,0.359493,0.53491,0.282004,0.32041,0.338044,0.359546,0.307752,0.252832,0.388802,0.422128,0.225842,0.267237,0.135991,0.38003,0.508991,0.238386,0.49834,0.39694,0.342109,0.330901,0.454842,0.19383,0.321404,0.359536,0.404999,0.272881,0.44426,0.491739,0.240777,0.247242,0.255751,0.362532,0.315516,0.302039,0.391185,0.434923,0.497038,0.275918,0.431334,0.189466,0.441084,0.282153,0.296859,0.265588,0.427986,0.406478,0.303086,0.273366,0.423873,0.418036,0.351434,0.287729,0.265347,0.409713,0.57522,0.373508,0.401228,0.373586,0.25745,0.176325
Dryingrack,0.30375,0.234117,0.154886,0.253946,0.479399,0.180889,0.29007,0.219489,0.370734,0.241943,0.365518,0.438015,0.265638,0.361199,0.213512,0.367317,0.358692,0.288129,0.325705,0.326721,0.276634,0.273524,0.279975,0.212815,0.341084,0.361763,0.236913,0.461679,0.312422,0.251814,0.238768,0.318529,0.264558,0.339142,0.253977,0.468175,0.32734,0.29404,0.274724,1.0,0.243736,0.334486,0.378157,0.345916,0.279475,0.329155,0.248084,0.208544,0.273803,0.325608,0.302662,0.295455,0.388515,0.320774,0.323025,0.316472,0.306563,0.267455,0.281556,0.337313,0.353254,0.331656,0.536988,0.367732,0.400655,0.327717,0.311456,0.232492,0.242278,0.347106,0.269871,0.324659,0.237601,0.298111,0.282579,0.340668,0.343143,0.270628,0.325285,0.364138,0.294884,0.273028,0.116634,0.297536,0.424352,0.266967,0.341208,0.337068,0.268535,0.279761,0.281774,0.225607,0.23523,0.295719,0.366243,0.261866,0.319206,0.323925,0.204753,0.227256,0.283902,0.293642,0.286781,0.243569,0.320225,0.357645,0.334477,0.358521,0.3749,0.191284,0.358249,0.188143,0.317943,0.372138,0.351812,0.312177,0.312222,0.27754,0.315077,0.267647,0.388625,0.268999,0.309835,0.283405,0.291412,0.288022,0.380933,0.38511,0.246696,0.171861
Dumbbell,0.307091,0.347148,0.275993,0.342164,0.32322,0.246851,0.244307,0.292093,0.305982,0.316873,0.387021,0.326723,0.186654,0.325933,0.44277,0.2966,0.24514,0.245472,0.317914,0.375043,0.310662,0.301973,0.348208,0.261121,0.398727,0.333006,0.232127,0.29968,0.365601,0.329711,0.288682,0.330827,0.411524,0.347597,0.253989,0.27537,0.240287,0.460502,0.429121,0.243736,1.0,0.406028,0.320977,0.360595,0.239842,0.269056,0.322869,0.32617,0.359959,0.312054,0.379684,0.399243,0.333754,0.366824,0.330869,0.329266,0.373292,0.426091,0.253743,0.331575,0.384219,0.294834,0.248906,0.339618,0.329119,0.364284,0.389085,0.357316,0.354708,0.361659,0.349876,0.39635,0.303585,0.320142,0.291159,0.350978,0.316885,0.2529,0.29775,0.342472,0.218852,0.238326,0.141319,0.371375,0.371182,0.276174,0.402601,0.369173,0.340916,0.349382,0.353229,0.240509,0.3404,0.257221,0.346457,0.299179,0.324348,0.365549,0.282649,0.282346,0.272616,0.343541,0.258003,0.317911,0.373021,0.37688,0.409949,0.307061,0.329871,0.242932,0.384075,0.302673,0.253472,0.257125,0.361845,0.304029,0.310012,0.209278,0.355475,0.311054,0.315085,0.315839,0.317162,0.366186,0.434125,0.366542,0.327747,0.326067,0.289877,0.219795
Dustpan,0.303899,0.317717,0.25541,0.404103,0.421519,0.210911,0.306715,0.315601,0.394487,0.408793,0.420754,0.412395,0.237325,0.441565,0.356978,0.403207,0.349513,0.359763,0.404644,0.428882,0.455616,0.345191,0.408005,0.31925,0.450374,0.455919,0.248216,0.454206,0.407771,0.373514,0.285533,0.383398,0.396355,0.379166,0.316328,0.353695,0.346537,0.416034,0.42843,0.334486,0.406028,1.0,0.408178,0.447281,0.333156,0.355923,0.277101,0.34491,0.449495,0.418868,0.464595,0.515187,0.395898,0.436973,0.410125,0.451846,0.432149,0.4517,0.381009,0.465832,0.471788,0.420608,0.382918,0.461531,0.423218,0.45703,0.4446,0.426738,0.376868,0.44335,0.401329,0.44119,0.336051,0.363388,0.404659,0.484104,0.377162,0.300815,0.505281,0.476205,0.323338,0.290103,0.16138,0.395093,0.532776,0.352551,0.513121,0.425518,0.357767,0.391962,0.424642,0.283191,0.344542,0.333069,0.432344,0.369922,0.516771,0.439284,0.307393,0.288732,0.357873,0.451329,0.385883,0.36698,0.521827,0.493475,0.552422,0.407039,0.426504,0.266734,0.443902,0.268627,0.361498,0.40736,0.529102,0.380381,0.387768,0.320502,0.453089,0.324636,0.469115,0.402353,0.40074,0.457135,0.493611,0.462311,0.424835,0.563284,0.351522,0.202864
Fan,0.376767,0.296288,0.223914,0.298987,0.417661,0.270196,0.3496,0.264238,0.304318,0.33621,0.365267,0.362231,0.318688,0.379945,0.325482,0.358497,0.321134,0.290333,0.319998,0.355949,0.341197,0.312714,0.386287,0.224117,0.443197,0.38152,0.287862,0.393886,0.420546,0.356783,0.332106,0.359905,0.323022,0.277924,0.246409,0.341771,0.31239,0.399381,0.356372,0.378157,0.320977,0.408178,1.0,0.427558,0.282203,0.311661,0.262679,0.311768,0.403228,0.371973,0.334605,0.384389,0.380407,0.41913,0.346702,0.349084,0.355462,0.433152,0.359417,0.350815,0.420891,0.337477,0.402507,0.405795,0.438534,0.355249,0.448406,0.347759,0.35741,0.427214,0.354218,0.403154,0.251095,0.324828,0.353823,0.397086,0.37374,0.294851,0.403564,0.379134,0.289332,0.255296,0.161812,0.326606,0.477319,0.331951,0.437612,0.401855,0.351882,0.395371,0.329105,0.254307,0.335182,0.334271,0.414201,0.318237,0.406496,0.383276,0.246248,0.265478,0.270181,0.312447,0.344255,0.349799,0.441258,0.364258,0.359878,0.336421,0.381951,0.206372,0.411828,0.263413,0.524004,0.329292,0.405506,0.310693,0.371083,0.276957,0.41777,0.28555,0.391308,0.350442,0.302457,0.397055,0.333572,0.37434,0.415097,0.4273,0.261822,0.209827
Faucet,0.268996,0.272157,0.205283,0.34692,0.47715,0.167729,0.283459,0.220395,0.370428,0.425795,0.40242,0.435631,0.276095,0.384778,0.358198,0.390959,0.306964,0.340931,0.317695,0.400426,0.391786,0.359701,0.360681,0.211218,0.425084,0.411885,0.268666,0.455048,0.455422,0.374875,0.279704,0.346494,0.364392,0.348561,0.239807,0.413688,0.329668,0.408487,0.453622,0.345916,0.360595,0.447281,0.427558,1.0,0.280731,0.362014,0.233034,0.230941,0.376465,0.379515,0.366118,0.404803,0.407642,0.364249,0.390212,0.395018,0.341041,0.471932,0.357378,0.359677,0.557577,0.316744,0.403066,0.419381,0.463158,0.420966,0.410218,0.395531,0.496099,0.399708,0.343792,0.534659,0.248634,0.336674,0.37684,0.382526,0.310657,0.29173,0.433587,0.434873,0.300941,0.259915,0.142044,0.358574,0.59306,0.278123,0.492378,0.408688,0.321165,0.40113,0.36983,0.222628,0.355691,0.404904,0.442144,0.31762,0.507495,0.463456,0.237373,0.240469,0.270635,0.338103,0.34125,0.307973,0.429571,0.436727,0.450032,0.329036,0.416187,0.214217,0.452248,0.26033,0.298552,0.297373,0.446082,0.324795,0.336393,0.315287,0.475312,0.348137,0.404681,0.321478,0.325589,0.435997,0.405652,0.466855,0.458323,0.456889,0.267445,0.178247
Flower,0.225569,0.281972,0.208801,0.237603,0.284837,0.190363,0.204947,0.258196,0.276061,0.22678,0.302593,0.306359,0.215203,0.302785,0.233683,0.285389,0.247148,0.43166,0.298996,0.299365,0.261152,0.245531,0.271681,0.255647,0.279765,0.366591,0.196084,0.376173,0.234305,0.239671,0.192436,0.269006,0.254436,0.288303,0.296373,0.25392,0.278356,0.290966,0.25865,0.279475,0.239842,0.333156,0.282203,0.280731,1.0,0.272925,0.264525,0.239995,0.242829,0.298283,0.340776,0.319153,0.24383,0.31791,0.34288,0.265456,0.291586,0.2722,0.234116,0.303388,0.359094,0.342164,0.283914,0.313533,0.284328,0.247326,0.331095,0.245642,0.20157,0.37126,0.302905,0.268085,0.317207,0.360603,0.317189,0.383828,0.402206,0.208821,0.32289,0.306644,0.263838,0.391579,0.176796,0.252833,0.359796,0.256413,0.309056,0.265098,0.279317,0.300128,0.30393,0.28244,0.238062,0.253189,0.273573,0.307326,0.309994,0.27202,0.28566,0.297603,0.33583,0.286464,0.284355,0.267371,0.332648,0.291084,0.302011,0.273448,0.284792,0.204712,0.261922,0.255309,0.228813,0.239694,0.350645,0.247787,0.249092,0.440817,0.302137,0.218097,0.354144,0.284474,0.256602,0.299251,0.296582,0.28284,0.361387,0.322676,0.320545,0.196774
Flute,0.252743,0.26387,0.167964,0.251631,0.314934,0.15892,0.21328,0.195506,0.320179,0.252199,0.403371,0.382166,0.206188,0.35831,0.28285,0.310563,0.280607,0.285211,0.299712,0.290794,0.352326,0.294262,0.286122,0.218584,0.32514,0.325874,0.203893,0.449973,0.253397,0.237481,0.192902,0.276376,0.29745,0.331027,0.244739,0.319377,0.285817,0.315779,0.358264,0.329155,0.269056,0.355923,0.311661,0.362014,0.272925,1.0,0.237261,0.195912,0.287936,0.327858,0.306298,0.321207,0.278463,0.34054,0.347132,0.289213,0.26985,0.280491,0.194249,0.377437,0.451482,0.296681,0.375432,0.312515,0.278442,0.316213,0.289469,0.288625,0.25359,0.328734,0.256997,0.349266,0.231362,0.293316,0.298032,0.335515,0.301745,0.214066,0.411983,0.513381,0.286127,0.266157,0.146067,0.340467,0.445252,0.216256,0.382862,0.331516,0.294049,0.298639,0.304742,0.225735,0.270693,0.527393,0.331564,0.243305,0.387415,0.374254,0.205058,0.239495,0.247996,0.312613,0.379644,0.226668,0.356782,0.388555,0.357365,0.281909,0.284915,0.149425,0.321136,0.207822,0.272471,0.246123,0.433657,0.335661,0.243318,0.309141,0.276743,0.287568,0.337487,0.230727,0.288753,0.306662,0.348569,0.294777,0.363732,0.428482,0.26885,0.139838
Fossils,0.302883,0.413435,0.25349,0.276583,0.248479,0.275669,0.332577,0.36897,0.274579,0.261598,0.343582,0.289375,0.154392,0.273721,0.264974,0.312647,0.243372,0.273958,0.307386,0.343354,0.27496,0.216633,0.247712,0.29964,0.302129,0.327902,0.190566,0.273367,0.240359,0.256307,0.231431,0.26415,0.25549,0.293356,0.316524,0.229808,0.253706,0.332215,0.257632,0.248084,0.322869,0.277101,0.262679,0.233034,0.264525,0.237261,1.0,0.263295,0.250122,0.24434,0.344258,0.270976,0.237146,0.35095,0.29751,0.280164,0.346746,0.270762,0.194652,0.276314,0.302386,0.292892,0.237101,0.304315,0.289382,0.213532,0.329635,0.206448,0.241099,0.294584,0.304188,0.238859,0.409431,0.371915,0.264639,0.353955,0.33523,0.218579,0.243625,0.254208,0.253952,0.33764,0.218884,0.266023,0.26155,0.289487,0.275495,0.271787,0.270524,0.290649,0.271734,0.296414,0.276308,0.267298,0.256442,0.334227,0.254028,0.217108,0.3219,0.401376,0.300304,0.301372,0.232537,0.32003,0.289903,0.261547,0.274544,0.303173,0.221349,0.230763,0.284966,0.284846,0.217126,0.238769,0.294714,0.250206,0.262624,0.26485,0.269963,0.205805,0.29652,0.309993,0.283925,0.27684,0.251306,0.272198,0.28484,0.278641,0.333812,0.399502
Frisbee,0.218664,0.298294,0.325602,0.245485,0.249986,0.335243,0.268565,0.325874,0.235389,0.26356,0.296689,0.232842,0.216272,0.283934,0.27901,0.252149,0.234987,0.237802,0.279924,0.275029,0.295108,0.235812,0.284938,0.284797,0.285989,0.304378,0.262525,0.225979,0.271717,0.325408,0.334089,0.261746,0.297997,0.236503,0.248061,0.199322,0.220766,0.397479,0.245164,0.208544,0.32617,0.34491,0.311768,0.230941,0.239995,0.195912,0.263295,1.0,0.390968,0.269978,0.28391,0.378299,0.253212,0.278118,0.282235,0.260051,0.367161,0.360778,0.250372,0.323594,0.256364,0.322165,0.199384,0.313507,0.247831,0.228897,0.362155,0.268384,0.273778,0.391161,0.311866,0.23647,0.267202,0.270987,0.288213,0.27933,0.339516,0.226412,0.206061,0.266916,0.22977,0.21241,0.239161,0.289752,0.244606,0.305844,0.270088,0.359713,0.248935,0.391268,0.270768,0.302398,0.274571,0.173881,0.279152,0.2924,0.269577,0.234347,0.311467,0.280196,0.288702,0.294762,0.228952,0.411245,0.322443,0.291041,0.305551,0.257428,0.230657,0.172438,0.248995,0.244063,0.330338,0.266961,0.279335,0.254997,0.271364,0.203712,0.288511,0.201714,0.295626,0.333441,0.252968,0.292661,0.302219,0.31065,0.269305,0.244834,0.30453,0.231683
Fryingpan,0.279515,0.333602,0.275721,0.279645,0.323543,0.270725,0.326031,0.251364,0.289659,0.390883,0.382209,0.317179,0.238984,0.305446,0.371327,0.31281,0.307817,0.319098,0.284678,0.335134,0.401255,0.340544,0.318178,0.245096,0.403727,0.353988,0.250169,0.319923,0.434178,0.44703,0.339088,0.278544,0.350906,0.282174,0.23641,0.274447,0.244034,0.445306,0.34878,0.273803,0.359959,0.449495,0.403228,0.376465,0.242829,0.287936,0.250122,0.390968,1.0,0.457189,0.333068,0.48634,0.359694,0.38,0.339598,0.329894,0.402018,0.463924,0.346972,0.390368,0.399007,0.293343,0.274983,0.366221,0.34577,0.350087,0.423845,0.310441,0.359322,0.369612,0.376054,0.369721,0.259798,0.305899,0.349876,0.33408,0.3195,0.245096,0.31094,0.381617,0.218271,0.232261,0.200597,0.306155,0.370891,0.37017,0.400634,0.446773,0.273585,0.452363,0.346882,0.251354,0.335017,0.271399,0.352643,0.282769,0.472428,0.369729,0.257261,0.284181,0.237149,0.365646,0.243719,0.41909,0.450359,0.393603,0.439213,0.308114,0.34391,0.175536,0.336536,0.250355,0.395769,0.270793,0.384507,0.314649,0.3448,0.236413,0.475404,0.284291,0.323452,0.379615,0.282845,0.362772,0.356883,0.470434,0.344993,0.393778,0.292313,0.207996
Glasses,0.232858,0.267034,0.195023,0.288454,0.329723,0.163988,0.261043,0.222429,0.29984,0.271263,0.414572,0.369063,0.320564,0.320465,0.35708,0.300253,0.281541,0.312124,0.29762,0.313349,0.387089,0.350872,0.308466,0.220554,0.354392,0.366509,0.235552,0.381991,0.323729,0.358983,0.263154,0.278311,0.35873,0.300342,0.241599,0.334347,0.270936,0.385013,0.341214,0.325608,0.312054,0.418868,0.371973,0.379515,0.298283,0.327858,0.24434,0.269978,0.457189,1.0,0.341179,0.561816,0.318402,0.335914,0.372119,0.356889,0.353502,0.433413,0.281919,0.379153,0.432691,0.347999,0.325628,0.334969,0.356563,0.399069,0.336674,0.242841,0.315525,0.378108,0.397916,0.330316,0.275823,0.30683,0.397318,0.362795,0.337054,0.211613,0.320882,0.377115,0.236138,0.250898,0.143662,0.291441,0.409224,0.267482,0.392496,0.363304,0.27808,0.434125,0.377596,0.241207,0.258795,0.278063,0.325077,0.305798,0.565657,0.378577,0.264554,0.265171,0.292127,0.363486,0.25082,0.273811,0.429992,0.375644,0.429028,0.299165,0.414021,0.196141,0.312392,0.229846,0.351773,0.308572,0.39068,0.326982,0.275126,0.332022,0.428199,0.293898,0.368784,0.297457,0.294319,0.301193,0.37143,0.410593,0.353227,0.431631,0.273662,0.210134
Glove,0.33498,0.342511,0.259681,0.471308,0.37664,0.233982,0.310171,0.347468,0.374613,0.351506,0.432844,0.387085,0.21061,0.386562,0.333678,0.3408,0.302501,0.338029,0.399443,0.428213,0.38211,0.31156,0.360961,0.338201,0.396704,0.42349,0.23418,0.378066,0.355032,0.344866,0.250383,0.344523,0.378258,0.403123,0.394838,0.321819,0.305994,0.382519,0.358367,0.302662,0.379684,0.464595,0.334605,0.366118,0.340776,0.306298,0.344258,0.28391,0.333068,0.341179,1.0,0.411213,0.332056,0.421441,0.397529,0.478382,0.431727,0.38394,0.290479,0.396636,0.411629,0.397181,0.329584,0.396293,0.382147,0.338241,0.396411,0.377587,0.352716,0.390961,0.412291,0.360435,0.393082,0.394406,0.340633,0.489829,0.376135,0.2647,0.364277,0.364224,0.276664,0.326967,0.17452,0.361427,0.417424,0.358609,0.440832,0.352587,0.36559,0.365665,0.442296,0.304277,0.357583,0.321437,0.343446,0.429007,0.398717,0.324724,0.384431,0.322521,0.409728,0.471108,0.355665,0.361461,0.418873,0.40061,0.444229,0.371147,0.363158,0.367707,0.427436,0.315286,0.273015,0.328355,0.424385,0.322951,0.366186,0.303461,0.39851,0.290676,0.405194,0.394842,0.418404,0.422341,0.392269,0.413988,0.384963,0.44492,0.350931,0.244003
Goggles,0.283854,0.327138,0.268498,0.369119,0.345243,0.226463,0.311842,0.282465,0.34758,0.332297,0.461291,0.389377,0.261634,0.362491,0.438719,0.310905,0.310111,0.338802,0.337776,0.368221,0.431418,0.418834,0.357208,0.286015,0.412511,0.396808,0.25021,0.360879,0.388703,0.444057,0.303354,0.318069,0.428117,0.363341,0.284444,0.324279,0.278954,0.445058,0.422359,0.295455,0.399243,0.515187,0.384389,0.404803,0.319153,0.321207,0.270976,0.378299,0.48634,0.561816,0.411213,1.0,0.35706,0.372909,0.410588,0.395595,0.423772,0.492844,0.30071,0.456728,0.443585,0.398063,0.306742,0.39313,0.362977,0.437185,0.422046,0.330985,0.374735,0.430723,0.453511,0.38666,0.347126,0.355942,0.394215,0.406784,0.381098,0.253434,0.337399,0.408909,0.25579,0.274722,0.172145,0.367966,0.443068,0.34434,0.458126,0.413573,0.31526,0.475889,0.432078,0.262347,0.32119,0.297739,0.369935,0.374688,0.527704,0.41853,0.324345,0.295534,0.331986,0.442009,0.296676,0.355651,0.448904,0.454072,0.523683,0.355011,0.415374,0.240206,0.385495,0.287419,0.36615,0.358558,0.433659,0.415067,0.353474,0.312452,0.457878,0.363034,0.392945,0.374146,0.343084,0.386571,0.503214,0.490911,0.381778,0.401876,0.33888,0.24549
Grill,0.348101,0.257429,0.196967,0.341582,0.448352,0.206419,0.307924,0.240676,0.403968,0.357407,0.371434,0.434677,0.267179,0.40277,0.329959,0.361473,0.356063,0.333309,0.361679,0.393048,0.277661,0.373254,0.364245,0.220671,0.430149,0.353149,0.257535,0.373368,0.463804,0.339714,0.298826,0.402783,0.369688,0.3628,0.251618,0.445481,0.33482,0.357262,0.385429,0.388515,0.333754,0.395898,0.380407,0.407642,0.24383,0.278463,0.237146,0.253212,0.359694,0.318402,0.332056,0.35706,1.0,0.340985,0.330694,0.369552,0.351823,0.360416,0.328946,0.362565,0.382996,0.301495,0.377819,0.39062,0.436519,0.403968,0.38721,0.309406,0.342233,0.360309,0.329982,0.468236,0.252618,0.296743,0.278879,0.340664,0.321513,0.414743,0.327139,0.376093,0.303456,0.244165,0.140074,0.390855,0.446282,0.326999,0.420879,0.450405,0.322623,0.315599,0.370057,0.219892,0.321284,0.288024,0.427801,0.274915,0.350129,0.401223,0.213073,0.229028,0.269886,0.329862,0.275094,0.34458,0.336809,0.454439,0.44153,0.39869,0.416326,0.202,0.479765,0.235548,0.300413,0.335846,0.353995,0.36769,0.422653,0.238886,0.430243,0.355845,0.348519,0.328384,0.366968,0.379643,0.389132,0.369088,0.370723,0.31739,0.264503,0.171952
Hairbrush,0.487094,0.381565,0.241017,0.297944,0.359356,0.358666,0.360579,0.328694,0.314202,0.33738,0.408319,0.393665,0.220611,0.347279,0.335474,0.362019,0.300826,0.315775,0.338116,0.381721,0.420967,0.293006,0.347292,0.277655,0.475909,0.405394,0.241603,0.385039,0.356803,0.326845,0.260911,0.334141,0.373642,0.319091,0.314152,0.315315,0.277524,0.378416,0.393398,0.320774,0.366824,0.436973,0.41913,0.364249,0.31791,0.34054,0.35095,0.278118,0.38,0.335914,0.421441,0.372909,0.340985,1.0,0.396023,0.341112,0.385575,0.382275,0.304141,0.369932,0.445165,0.344804,0.331265,0.387432,0.374504,0.31782,0.472169,0.369821,0.310345,0.390589,0.366372,0.370882,0.30678,0.409307,0.345447,0.457368,0.406142,0.257179,0.455652,0.40703,0.271243,0.320387,0.202705,0.329339,0.439445,0.323561,0.464281,0.344261,0.369421,0.352882,0.374348,0.295759,0.363322,0.333198,0.368006,0.335721,0.417722,0.341613,0.292477,0.357843,0.298072,0.400369,0.34747,0.34541,0.492872,0.392924,0.42266,0.338786,0.317933,0.231522,0.385699,0.296004,0.42799,0.261584,0.459624,0.309942,0.34256,0.302514,0.399106,0.268099,0.369695,0.359234,0.326905,0.40391,0.379381,0.360237,0.392716,0.496453,0.321205,0.286333
Hairclip,0.348292,0.308474,0.235729,0.323614,0.356305,0.234169,0.28332,0.286091,0.346521,0.307045,0.421972,0.400352,0.256101,0.354413,0.318305,0.331505,0.301853,0.338388,0.342412,0.378812,0.377105,0.342023,0.343862,0.284992,0.391273,0.406445,0.248531,0.389496,0.320686,0.320612,0.254417,0.333768,0.397845,0.348582,0.305727,0.333883,0.295917,0.385574,0.357345,0.323025,0.330869,0.410125,0.346702,0.390212,0.34288,0.347132,0.29751,0.282235,0.339598,0.372119,0.397529,0.410588,0.330694,0.396023,1.0,0.366565,0.363941,0.366288,0.270726,0.394585,0.455693,0.372437,0.330576,0.362782,0.354183,0.348271,0.378949,0.299948,0.331775,0.40184,0.364079,0.360938,0.344914,0.365949,0.359168,0.409962,0.403201,0.277588,0.356171,0.400456,0.292925,0.327171,0.199554,0.346371,0.413642,0.293384,0.407559,0.364742,0.342247,0.393165,0.404736,0.278535,0.311293,0.324512,0.355058,0.353017,0.42801,0.356479,0.315501,0.316032,0.3356,0.398602,0.311058,0.327864,0.396836,0.428176,0.430237,0.341894,0.355517,0.23904,0.367479,0.282004,0.288494,0.297831,0.417848,0.350704,0.306851,0.31776,0.375895,0.304945,0.379404,0.331155,0.340085,0.343861,0.386432,0.375931,0.406017,0.400257,0.337834,0.235698
Handbag,0.355593,0.278006,0.220663,0.539118,0.364318,0.199641,0.366852,0.320854,0.403503,0.347204,0.446483,0.374119,0.229611,0.426907,0.315478,0.369692,0.316963,0.314058,0.430076,0.418408,0.350196,0.317737,0.370199,0.307612,0.399732,0.417255,0.247725,0.351342,0.365696,0.351143,0.275707,0.377284,0.386821,0.403982,0.394352,0.331941,0.315149,0.363968,0.331811,0.316472,0.329266,0.451846,0.349084,0.395018,0.265456,0.289213,0.280164,0.260051,0.329894,0.356889,0.478382,0.395595,0.369552,0.341112,0.366565,1.0,0.400235,0.403588,0.300831,0.372894,0.38546,0.373791,0.332732,0.382622,0.432322,0.375312,0.336843,0.308251,0.426045,0.355969,0.399747,0.358847,0.338406,0.305826,0.378645,0.424344,0.352571,0.305081,0.292471,0.334701,0.311161,0.26185,0.158533,0.364337,0.3735,0.36513,0.388769,0.383757,0.334626,0.358445,0.414309,0.280626,0.323665,0.330262,0.372815,0.416466,0.405336,0.330492,0.340846,0.267842,0.378513,0.450821,0.287713,0.342431,0.356538,0.387947,0.430821,0.431063,0.386395,0.335265,0.49438,0.289958,0.297978,0.391896,0.379132,0.315434,0.387295,0.261644,0.394154,0.304488,0.411607,0.357019,0.503727,0.369545,0.340782,0.415114,0.353045,0.42061,0.30688,0.219163
Hat,0.309057,0.393661,0.312252,0.367052,0.375192,0.298974,0.367033,0.470218,0.385356,0.399967,0.428084,0.360031,0.208247,0.341433,0.314703,0.339096,0.318071,0.330822,0.34856,0.391962,0.372898,0.319748,0.315677,0.318863,0.383382,0.405147,0.214706,0.332162,0.373183,0.365631,0.26798,0.306913,0.348714,0.415809,0.365735,0.302827,0.25748,0.403063,0.318073,0.306563,0.373292,0.432149,0.355462,0.341041,0.291586,0.26985,0.346746,0.367161,0.402018,0.353502,0.431727,0.423772,0.351823,0.385575,0.363941,0.400235,1.0,0.373769,0.30023,0.412071,0.361815,0.373978,0.283497,0.435412,0.362884,0.333312,0.380191,0.336075,0.325764,0.379582,0.39334,0.374529,0.327836,0.405133,0.330077,0.409517,0.406159,0.264672,0.323375,0.359203,0.248101,0.281545,0.170618,0.332733,0.3756,0.370989,0.381685,0.386097,0.294071,0.389414,0.380649,0.318596,0.351994,0.258967,0.357795,0.397649,0.354937,0.315114,0.386869,0.333537,0.366991,0.465219,0.262106,0.428378,0.383532,0.42195,0.436534,0.357732,0.346636,0.287186,0.372458,0.337833,0.295852,0.36039,0.388181,0.327385,0.35098,0.259776,0.401105,0.276808,0.400577,0.40011,0.361669,0.382832,0.339882,0.409383,0.34698,0.358254,0.330966,0.349508
Headphones,0.298632,0.321574,0.247469,0.382921,0.351256,0.245113,0.338318,0.253917,0.311667,0.356524,0.386959,0.323814,0.334628,0.306946,0.463099,0.312244,0.282167,0.288227,0.27469,0.353656,0.434708,0.385656,0.34238,0.226906,0.410034,0.376034,0.268867,0.322084,0.40731,0.41432,0.341112,0.295244,0.405206,0.314001,0.246573,0.276124,0.235659,0.474889,0.439156,0.267455,0.426091,0.4517,0.433152,0.471932,0.2722,0.280491,0.270762,0.360778,0.463924,0.433413,0.38394,0.492844,0.360416,0.382275,0.366288,0.403588,0.373769,1.0,0.306846,0.3648,0.426128,0.343322,0.295783,0.364124,0.379022,0.421548,0.424742,0.327915,0.466713,0.380244,0.420624,0.411273,0.298673,0.318019,0.395804,0.358335,0.360738,0.249049,0.350461,0.360071,0.224887,0.253495,0.17155,0.333174,0.394138,0.299053,0.441247,0.408035,0.304349,0.472469,0.41368,0.240698,0.313893,0.314317,0.358886,0.35393,0.514209,0.432157,0.284523,0.2911,0.257391,0.374496,0.284977,0.346838,0.417693,0.398107,0.467374,0.295897,0.441727,0.222455,0.396619,0.307719,0.39471,0.330129,0.388149,0.328162,0.315687,0.255479,0.469231,0.334547,0.374356,0.332158,0.279434,0.367978,0.431497,0.478966,0.359788,0.419877,0.291654,0.253866
Hourglass,0.210873,0.277072,0.259427,0.277799,0.453845,0.217458,0.237677,0.200799,0.302893,0.381763,0.252791,0.294226,0.181085,0.257578,0.229437,0.358953,0.288946,0.268813,0.231764,0.305356,0.275143,0.186399,0.277635,0.223637,0.307789,0.35202,0.235875,0.334694,0.439789,0.317006,0.273518,0.250381,0.250555,0.230961,0.200968,0.321186,0.258977,0.300437,0.27591,0.281556,0.253743,0.381009,0.359417,0.357378,0.234116,0.194249,0.194652,0.250372,0.346972,0.281919,0.290479,0.30071,0.328946,0.304141,0.270726,0.300831,0.30023,0.306846,1.0,0.266346,0.337657,0.288257,0.318633,0.404637,0.428031,0.281707,0.446973,0.308723,0.286536,0.377065,0.298163,0.372614,0.230934,0.288207,0.315828,0.306733,0.298103,0.236367,0.336078,0.254364,0.241093,0.188036,0.155972,0.227918,0.396106,0.307469,0.338643,0.320075,0.223077,0.283511,0.264009,0.205951,0.331446,0.286563,0.360115,0.243482,0.322792,0.299031,0.204795,0.210442,0.203097,0.271365,0.281851,0.379879,0.461179,0.264257,0.318709,0.241549,0.31674,0.167218,0.298477,0.248427,0.253243,0.277116,0.328387,0.21651,0.27488,0.21777,0.485744,0.213165,0.344792,0.340733,0.21896,0.38199,0.273286,0.332131,0.402524,0.330239,0.229663,0.148394
Kayak,0.286839,0.306306,0.227371,0.33516,0.342444,0.239366,0.279598,0.251401,0.385194,0.333131,0.455699,0.380531,0.234594,0.360652,0.341554,0.33749,0.402429,0.344802,0.33248,0.362988,0.415682,0.420879,0.356177,0.265616,0.393786,0.386521,0.239849,0.39157,0.341336,0.326467,0.280792,0.323253,0.409867,0.383199,0.29183,0.314718,0.27088,0.377557,0.39012,0.337313,0.331575,0.465832,0.350815,0.359677,0.303388,0.377437,0.276314,0.323594,0.390368,0.379153,0.396636,0.456728,0.362565,0.369932,0.394585,0.372894,0.412071,0.3648,0.266346,1.0,0.40026,0.405313,0.326503,0.385739,0.32197,0.423398,0.381163,0.303964,0.295829,0.390134,0.357309,0.389098,0.317557,0.332094,0.339042,0.399152,0.384216,0.274269,0.346625,0.491825,0.256155,0.274256,0.184258,0.364834,0.435367,0.310026,0.441144,0.42286,0.329442,0.392444,0.418986,0.250813,0.296409,0.317627,0.378719,0.318473,0.413455,0.391311,0.273862,0.277928,0.314189,0.493227,0.344556,0.353638,0.414036,0.511213,0.492335,0.338954,0.381476,0.218555,0.379737,0.249777,0.313549,0.375358,0.463323,0.453696,0.326109,0.291577,0.390651,0.345815,0.402585,0.344159,0.320724,0.356067,0.439505,0.385165,0.37602,0.383808,0.347483,0.191725
Key,0.321017,0.326767,0.215884,0.333503,0.439487,0.199205,0.274935,0.257865,0.365288,0.401939,0.457916,0.482428,0.283863,0.409061,0.378695,0.40452,0.320798,0.383975,0.368498,0.442766,0.417659,0.354639,0.374462,0.246051,0.438985,0.470353,0.298887,0.507305,0.393192,0.338363,0.292017,0.365229,0.419196,0.356549,0.275142,0.411758,0.363953,0.436616,0.486885,0.353254,0.384219,0.471788,0.420891,0.557577,0.359094,0.451482,0.302386,0.256364,0.399007,0.432691,0.411629,0.443585,0.382996,0.445165,0.455693,0.38546,0.361815,0.426128,0.337657,0.40026,1.0,0.366621,0.411632,0.437882,0.450136,0.410631,0.467325,0.343445,0.407329,0.446106,0.387325,0.52057,0.321768,0.397774,0.43445,0.460774,0.377149,0.279671,0.444631,0.474275,0.342357,0.34906,0.182933,0.374582,0.612509,0.294104,0.523196,0.416127,0.376311,0.435489,0.43181,0.279954,0.348251,0.469837,0.454325,0.346932,0.56476,0.465217,0.307062,0.313973,0.322296,0.380906,0.38999,0.328715,0.481609,0.450434,0.480667,0.345074,0.412631,0.229578,0.433056,0.287355,0.336781,0.286344,0.500147,0.362202,0.334271,0.396194,0.47461,0.33819,0.429758,0.345513,0.34852,0.425706,0.448081,0.42473,0.511087,0.502387,0.31834,0.202972
Kite,0.305746,0.286785,0.230286,0.337855,0.336197,0.239069,0.275267,0.320772,0.34516,0.284499,0.385552,0.363429,0.231785,0.377841,0.276754,0.336922,0.335365,0.309216,0.379966,0.35172,0.374256,0.292948,0.321225,0.286081,0.334291,0.416099,0.247483,0.367623,0.296057,0.290607,0.256911,0.322048,0.344866,0.318148,0.3545,0.320358,0.310705,0.34169,0.3105,0.331656,0.294834,0.420608,0.337477,0.316744,0.342164,0.296681,0.292892,0.322165,0.293343,0.347999,0.397181,0.398063,0.301495,0.344804,0.372437,0.373791,0.373978,0.343322,0.288257,0.405313,0.366621,1.0,0.330817,0.378516,0.351321,0.308252,0.3544,0.292997,0.271319,0.413381,0.365382,0.304667,0.342443,0.33156,0.357541,0.461548,0.494246,0.258255,0.320477,0.373278,0.313039,0.275071,0.176974,0.311896,0.398946,0.311877,0.37241,0.32951,0.308081,0.348032,0.366425,0.314611,0.267578,0.295205,0.334977,0.403727,0.375943,0.30941,0.320514,0.292794,0.450989,0.395524,0.372526,0.314674,0.366795,0.380099,0.382194,0.337845,0.34847,0.294465,0.327852,0.280878,0.304935,0.452468,0.398347,0.341764,0.304123,0.324506,0.345447,0.258304,0.49477,0.346715,0.333324,0.332336,0.349442,0.334867,0.384872,0.397277,0.32399,0.237606
Ladder,0.278505,0.240626,0.168885,0.289021,0.498041,0.149062,0.290394,0.208754,0.357761,0.283432,0.338494,0.419491,0.26628,0.397123,0.235604,0.381632,0.325312,0.314307,0.344191,0.347472,0.291807,0.259063,0.339508,0.22397,0.36712,0.388848,0.257129,0.494902,0.357058,0.279556,0.236929,0.334556,0.258638,0.30455,0.239135,0.443165,0.388173,0.302849,0.310871,0.536988,0.248906,0.382918,0.402507,0.403066,0.283914,0.375432,0.237101,0.199384,0.274983,0.325628,0.329584,0.306742,0.377819,0.331265,0.330576,0.332732,0.283497,0.295783,0.318633,0.326503,0.411632,0.330817,1.0,0.379801,0.455693,0.332814,0.350988,0.339884,0.28678,0.375814,0.282568,0.37582,0.238618,0.303119,0.31186,0.3971,0.308454,0.273201,0.444378,0.39665,0.321397,0.286785,0.127508,0.314175,0.495074,0.274911,0.408106,0.332949,0.325682,0.299945,0.301901,0.232247,0.27935,0.395604,0.378941,0.287829,0.365289,0.338578,0.206916,0.21984,0.274115,0.274754,0.387003,0.260893,0.360582,0.345379,0.319448,0.34423,0.376885,0.185553,0.411926,0.196306,0.317063,0.321739,0.397009,0.290526,0.340967,0.322971,0.357716,0.272016,0.380118,0.303033,0.302759,0.375935,0.303499,0.311314,0.427533,0.443616,0.256192,0.155878
Lamp,0.294994,0.377077,0.287934,0.335911,0.463116,0.254606,0.322473,0.329657,0.375639,0.463119,0.393268,0.405065,0.231718,0.379555,0.306677,0.401833,0.339173,0.356271,0.357525,0.401883,0.345717,0.306128,0.350255,0.311468,0.406907,0.441324,0.255788,0.405071,0.455774,0.384288,0.292416,0.345313,0.340528,0.347818,0.319587,0.377185,0.31855,0.38283,0.374352,0.367732,0.339618,0.461531,0.405795,0.419381,0.313533,0.312515,0.304315,0.313507,0.366221,0.334969,0.396293,0.39313,0.39062,0.387432,0.362782,0.382622,0.435412,0.364124,0.404637,0.385739,0.437882,0.378516,0.379801,1.0,0.439227,0.353578,0.48102,0.385099,0.336009,0.421364,0.359727,0.455443,0.325501,0.401978,0.349377,0.431476,0.398059,0.285758,0.419128,0.387172,0.301355,0.29717,0.178945,0.341689,0.484413,0.388854,0.448934,0.398296,0.32857,0.362629,0.361482,0.291739,0.392075,0.327116,0.430638,0.351739,0.374888,0.364473,0.288244,0.304669,0.340449,0.368145,0.33406,0.42524,0.444153,0.397662,0.407146,0.361432,0.367696,0.255416,0.40718,0.282986,0.309289,0.37515,0.430293,0.327565,0.39157,0.297254,0.485858,0.292957,0.443723,0.435923,0.339537,0.479355,0.373326,0.42507,0.439159,0.419064,0.329514,0.240089
Lantern,0.378898,0.301864,0.228912,0.381829,0.493349,0.214332,0.384972,0.293005,0.40016,0.402316,0.378246,0.445398,0.23201,0.459545,0.295515,0.441899,0.325214,0.356938,0.422516,0.464919,0.308742,0.297033,0.402993,0.269973,0.455304,0.419072,0.31887,0.426779,0.493251,0.395583,0.311986,0.459767,0.315934,0.333947,0.290504,0.452006,0.457774,0.37074,0.342485,0.400655,0.329119,0.423218,0.438534,0.463158,0.284328,0.278442,0.289382,0.247831,0.34577,0.356563,0.382147,0.362977,0.436519,0.374504,0.354183,0.432322,0.362884,0.379022,0.428031,0.32197,0.450136,0.351321,0.455693,0.439227,1.0,0.368566,0.428107,0.354504,0.421586,0.420471,0.362184,0.446497,0.291247,0.346613,0.342765,0.435811,0.342571,0.389835,0.374208,0.326474,0.397242,0.272941,0.171347,0.396804,0.488399,0.394691,0.428458,0.408164,0.347142,0.362103,0.341727,0.275633,0.384511,0.373593,0.440945,0.347829,0.387775,0.331249,0.235033,0.263568,0.307998,0.315791,0.357263,0.399441,0.399847,0.362455,0.363437,0.437973,0.377277,0.248612,0.486412,0.260068,0.350757,0.360439,0.383812,0.309161,0.463771,0.301431,0.467743,0.306219,0.394217,0.415384,0.410794,0.451466,0.322538,0.424412,0.448589,0.429258,0.289095,0.222044
Lawnmower,0.289011,0.23356,0.165063,0.368317,0.356234,0.152727,0.250694,0.185931,0.349422,0.336891,0.384678,0.358653,0.376649,0.303722,0.401873,0.320107,0.346622,0.322288,0.26597,0.342703,0.307047,0.473383,0.327027,0.192764,0.394947,0.359913,0.245276,0.372626,0.38089,0.295674,0.319619,0.304661,0.421634,0.321225,0.201998,0.320753,0.23285,0.349182,0.501437,0.327717,0.364284,0.45703,0.355249,0.420966,0.247326,0.316213,0.213532,0.228897,0.350087,0.399069,0.338241,0.437185,0.403968,0.31782,0.348271,0.375312,0.333312,0.421548,0.281707,0.423398,0.410631,0.308252,0.332814,0.353578,0.368566,1.0,0.335444,0.270774,0.337335,0.333074,0.35138,0.509573,0.274201,0.276395,0.330966,0.309462,0.279579,0.242833,0.352147,0.387257,0.207626,0.228961,0.135463,0.347299,0.466466,0.232425,0.428892,0.422949,0.278034,0.323817,0.495379,0.178633,0.273255,0.34384,0.385979,0.251847,0.42327,0.570213,0.207052,0.214456,0.230808,0.373486,0.278269,0.307355,0.354906,0.44498,0.489836,0.28745,0.582708,0.171988,0.43971,0.261247,0.312941,0.332707,0.392927,0.448593,0.292917,0.249441,0.413948,0.504049,0.356691,0.273565,0.266807,0.354362,0.521168,0.378211,0.382772,0.354236,0.262954,0.155093
Lightbulb,0.355258,0.363206,0.275594,0.320215,0.407066,0.326626,0.324561,0.291138,0.31946,0.442629,0.37504,0.358522,0.231589,0.341859,0.38141,0.382425,0.335372,0.361355,0.331245,0.39393,0.346397,0.315254,0.359571,0.267268,0.449031,0.441626,0.280975,0.372974,0.482121,0.404101,0.356898,0.313641,0.361188,0.295424,0.282736,0.309627,0.29177,0.435266,0.426674,0.311456,0.389085,0.4446,0.448406,0.410218,0.331095,0.289469,0.329635,0.362155,0.423845,0.336674,0.396411,0.422046,0.38721,0.472169,0.378949,0.336843,0.380191,0.424742,0.446973,0.381163,0.467325,0.3544,0.350988,0.48102,0.428107,0.335444,1.0,0.415393,0.335834,0.445651,0.38977,0.458741,0.347814,0.394023,0.376008,0.437983,0.393872,0.27617,0.457888,0.370701,0.268652,0.314711,0.196936,0.336401,0.474429,0.388838,0.488798,0.416146,0.352659,0.407838,0.369212,0.277662,0.404575,0.363014,0.427401,0.333851,0.384112,0.360295,0.299326,0.329063,0.300683,0.337879,0.351983,0.471596,0.514993,0.373269,0.388711,0.32709,0.348888,0.216305,0.416856,0.281152,0.364113,0.2954,0.442183,0.326678,0.393669,0.308814,0.555467,0.295626,0.389187,0.434878,0.284546,0.494501,0.408897,0.421439,0.449292,0.398951,0.317456,0.245369
Lipstick,0.28292,0.295154,0.324082,0.296979,0.365842,0.217928,0.218389,0.2559,0.266769,0.359315,0.29301,0.283917,0.158962,0.359495,0.358333,0.318958,0.23837,0.251489,0.311237,0.317185,0.285483,0.22882,0.345915,0.281236,0.390482,0.33957,0.195715,0.317784,0.433291,0.338902,0.227591,0.291749,0.269672,0.262165,0.229559,0.247676,0.25097,0.344803,0.333435,0.232492,0.357316,0.426738,0.347759,0.395531,0.245642,0.288625,0.206448,0.268384,0.310441,0.242841,0.377587,0.330985,0.309406,0.369821,0.299948,0.308251,0.336075,0.327915,0.308723,0.303964,0.343445,0.292997,0.339884,0.385099,0.354504,0.270774,0.415393,1.0,0.338933,0.381419,0.285804,0.405313,0.227584,0.286532,0.263308,0.381103,0.277778,0.219014,0.539871,0.406817,0.223708,0.209192,0.123962,0.314594,0.416632,0.291758,0.44172,0.305196,0.334279,0.292547,0.298323,0.214837,0.414399,0.313995,0.330971,0.278921,0.306271,0.285176,0.213555,0.212713,0.237559,0.285316,0.405996,0.324421,0.403118,0.342609,0.326821,0.269269,0.261802,0.2109,0.383001,0.22713,0.245593,0.224982,0.417476,0.252545,0.336777,0.22182,0.361747,0.245227,0.303477,0.342515,0.288668,0.539671,0.36144,0.357275,0.346845,0.355482,0.263876,0.178409
Lock,0.304331,0.249237,0.218428,0.368953,0.351963,0.203345,0.330672,0.253701,0.300882,0.370413,0.362822,0.316014,0.220576,0.381919,0.344342,0.339489,0.243586,0.274801,0.336901,0.398598,0.357207,0.299423,0.382796,0.238563,0.408536,0.340883,0.277141,0.289761,0.421558,0.425387,0.316259,0.36178,0.357774,0.295985,0.249052,0.295679,0.2825,0.393126,0.345906,0.242278,0.354708,0.376868,0.35741,0.496099,0.20157,0.25359,0.241099,0.273778,0.359322,0.315525,0.352716,0.374735,0.342233,0.310345,0.331775,0.426045,0.325764,0.466713,0.286536,0.295829,0.407329,0.271319,0.28678,0.336009,0.421586,0.337335,0.335834,0.338933,1.0,0.334623,0.346916,0.410104,0.235297,0.272882,0.317365,0.330654,0.272134,0.315436,0.279004,0.295463,0.267004,0.207795,0.16122,0.380562,0.36918,0.319486,0.386437,0.391039,0.334369,0.405843,0.342832,0.235279,0.368944,0.306609,0.368244,0.340292,0.440036,0.323238,0.227778,0.234915,0.248199,0.322836,0.278289,0.339887,0.337017,0.355025,0.397636,0.34875,0.32188,0.228589,0.421869,0.265187,0.261839,0.262506,0.325407,0.263007,0.350948,0.205809,0.415583,0.292202,0.306613,0.33261,0.365042,0.374861,0.306874,0.471994,0.322893,0.335113,0.25928,0.210264
Lollipop,0.299205,0.356701,0.329478,0.322601,0.431984,0.265234,0.292481,0.307952,0.333407,0.320903,0.39688,0.407906,0.25727,0.408499,0.315359,0.373219,0.30464,0.339459,0.37277,0.381897,0.354349,0.309516,0.390531,0.301938,0.399238,0.43637,0.286916,0.439839,0.376413,0.346765,0.300246,0.379117,0.364214,0.318827,0.296478,0.381779,0.370044,0.425393,0.348239,0.347106,0.361659,0.44335,0.427214,0.399708,0.37126,0.328734,0.294584,0.391161,0.369612,0.378108,0.390961,0.430723,0.360309,0.390589,0.40184,0.355969,0.379582,0.380244,0.377065,0.390134,0.446106,0.413381,0.375814,0.421364,0.420471,0.333074,0.445651,0.381419,0.334623,1.0,0.367981,0.369231,0.33346,0.383554,0.386395,0.451858,0.43889,0.304601,0.430795,0.38563,0.329765,0.304371,0.231512,0.368443,0.516166,0.338566,0.433335,0.396594,0.369783,0.40833,0.361082,0.310352,0.349548,0.300527,0.406186,0.363508,0.384939,0.356474,0.329026,0.309537,0.359761,0.351054,0.372313,0.397522,0.484525,0.378835,0.375112,0.352269,0.342795,0.237004,0.378245,0.301039,0.366723,0.332598,0.429831,0.328638,0.361263,0.342385,0.4035,0.28814,0.431101,0.384067,0.347581,0.405144,0.378879,0.372516,0.465999,0.435795,0.352824,0.236587
Mask,0.315041,0.304996,0.24403,0.382801,0.324598,0.242299,0.318687,0.312727,0.326526,0.337664,0.387949,0.33113,0.234641,0.32919,0.381996,0.311884,0.281379,0.314051,0.327704,0.374712,0.344201,0.319856,0.330545,0.271366,0.38409,0.382242,0.246471,0.308789,0.371872,0.355026,0.291122,0.314689,0.395274,0.32644,0.309885,0.278157,0.261648,0.394144,0.359493,0.269871,0.349876,0.401329,0.354218,0.343792,0.302905,0.256997,0.304188,0.311866,0.376054,0.397916,0.412291,0.453511,0.329982,0.366372,0.364079,0.399747,0.39334,0.420624,0.298163,0.357309,0.387325,0.365382,0.282568,0.359727,0.362184,0.35138,0.38977,0.285804,0.346916,0.367981,1.0,0.373582,0.351696,0.334937,0.344243,0.39386,0.368572,0.262811,0.289214,0.316915,0.259139,0.292434,0.190445,0.319988,0.358532,0.329578,0.393615,0.368397,0.316874,0.39409,0.429509,0.272023,0.312129,0.290046,0.331272,0.385057,0.414909,0.348873,0.334615,0.307251,0.341826,0.395067,0.275792,0.361009,0.373182,0.365089,0.427972,0.331335,0.372526,0.265376,0.374587,0.3132,0.314175,0.30637,0.357657,0.311443,0.328703,0.2817,0.40712,0.29106,0.360015,0.361003,0.333467,0.356697,0.374804,0.397734,0.357592,0.349642,0.309214,0.261465
Microscope,0.320059,0.276904,0.178742,0.349085,0.461972,0.181472,0.247983,0.220391,0.38585,0.480981,0.390674,0.4145,0.258756,0.388801,0.439625,0.399529,0.363774,0.38386,0.323209,0.442563,0.311922,0.380113,0.387033,0.20897,0.458968,0.409726,0.290452,0.406504,0.531831,0.340381,0.344132,0.387837,0.454314,0.34309,0.223684,0.386867,0.291183,0.400246,0.53491,0.324659,0.39635,0.44119,0.403154,0.534659,0.268085,0.349266,0.238859,0.23647,0.369721,0.330316,0.360435,0.38666,0.468236,0.370882,0.360938,0.358847,0.374529,0.411273,0.372614,0.389098,0.52057,0.304667,0.37582,0.455443,0.446497,0.509573,0.458741,0.405313,0.410104,0.369231,0.373582,1.0,0.264161,0.333615,0.336447,0.371317,0.303753,0.330362,0.403917,0.413846,0.272714,0.276642,0.137093,0.387672,0.578481,0.291677,0.515382,0.497229,0.369561,0.362797,0.465525,0.210675,0.384088,0.439946,0.489747,0.288076,0.426245,0.510038,0.224868,0.240842,0.264253,0.37365,0.352189,0.380373,0.389753,0.471695,0.505828,0.317728,0.463902,0.213378,0.503591,0.275263,0.272209,0.294413,0.43028,0.385244,0.366163,0.284483,0.523803,0.403635,0.368296,0.347086,0.302743,0.479596,0.472851,0.408387,0.463568,0.35056,0.272664,0.159684
Minerals,0.282166,0.339767,0.257726,0.364756,0.269587,0.198423,0.280393,0.29514,0.306139,0.262046,0.345576,0.298414,0.166379,0.277051,0.290159,0.286514,0.246693,0.307039,0.306302,0.333559,0.274987,0.266506,0.259234,0.322753,0.297618,0.3511,0.185584,0.273253,0.259709,0.27041,0.211651,0.255612,0.295509,0.312072,0.329016,0.233469,0.230874,0.329369,0.282004,0.237601,0.303585,0.336051,0.251095,0.248634,0.317207,0.231362,0.409431,0.267202,0.259798,0.275823,0.393082,0.347126,0.252618,0.30678,0.344914,0.338406,0.327836,0.298673,0.230934,0.317557,0.321768,0.342443,0.238618,0.325501,0.291247,0.274201,0.347814,0.227584,0.235297,0.33346,0.351696,0.264161,1.0,0.357551,0.29462,0.369767,0.342703,0.215553,0.238647,0.266156,0.231611,0.360742,0.242459,0.272876,0.27867,0.301018,0.301034,0.283174,0.253944,0.308907,0.339733,0.268634,0.267668,0.268748,0.258632,0.368308,0.281075,0.259717,0.372256,0.367952,0.344769,0.35007,0.250034,0.32285,0.298312,0.299868,0.32703,0.311569,0.285034,0.248129,0.321604,0.264512,0.203353,0.296426,0.313495,0.296092,0.283006,0.280843,0.300161,0.25368,0.328657,0.340479,0.294528,0.304896,0.319587,0.303746,0.316475,0.277359,0.387099,0.308167
Mushroom,0.290109,0.456822,0.300566,0.28785,0.359257,0.278499,0.321067,0.367932,0.331865,0.317502,0.374071,0.38062,0.195846,0.315948,0.272643,0.346331,0.265647,0.339476,0.318825,0.37062,0.34267,0.28214,0.293658,0.325046,0.350444,0.392162,0.21385,0.376291,0.311862,0.307899,0.218356,0.300638,0.309857,0.345064,0.329669,0.321614,0.298561,0.353206,0.32041,0.298111,0.320142,0.363388,0.324828,0.336674,0.360603,0.293316,0.371915,0.270987,0.305899,0.30683,0.394406,0.355942,0.296743,0.409307,0.365949,0.305826,0.405133,0.318019,0.288207,0.332094,0.397774,0.33156,0.303119,0.401978,0.346613,0.276395,0.394023,0.286532,0.272882,0.383554,0.334937,0.333615,0.357551,1.0,0.32128,0.426633,0.382097,0.24806,0.389624,0.33004,0.277614,0.384479,0.216958,0.30465,0.400255,0.325596,0.383911,0.310291,0.304103,0.338039,0.323764,0.314416,0.338832,0.284138,0.334426,0.356694,0.328849,0.297341,0.326353,0.368671,0.323863,0.347489,0.2955,0.347902,0.408067,0.338588,0.358702,0.329075,0.287242,0.245044,0.319108,0.32528,0.270206,0.279427,0.390524,0.288174,0.317135,0.322729,0.366016,0.258487,0.36989,0.34677,0.305867,0.355088,0.32228,0.347662,0.386075,0.424741,0.379387,0.320994
Necklace,0.253076,0.299669,0.219176,0.297145,0.31759,0.211115,0.278151,0.249884,0.286024,0.305604,0.355924,0.3267,0.264188,0.302843,0.288894,0.368587,0.29689,0.322692,0.293481,0.327203,0.357082,0.27305,0.301125,0.232328,0.324727,0.42428,0.245125,0.376758,0.291571,0.299379,0.272568,0.269579,0.326645,0.274571,0.260256,0.27017,0.253232,0.358671,0.338044,0.282579,0.291159,0.404659,0.353823,0.37684,0.317189,0.298032,0.264639,0.288213,0.349876,0.397318,0.340633,0.394215,0.278879,0.345447,0.359168,0.378645,0.330077,0.395804,0.315828,0.339042,0.43445,0.357541,0.31186,0.349377,0.342765,0.330966,0.376008,0.263308,0.317365,0.386395,0.344243,0.336447,0.29462,0.32128,1.0,0.382561,0.337858,0.204386,0.326612,0.32571,0.254642,0.285314,0.174222,0.271606,0.41541,0.273545,0.368437,0.338638,0.295945,0.393019,0.345256,0.266783,0.271012,0.335418,0.347803,0.328313,0.439494,0.340711,0.291468,0.292035,0.297902,0.347893,0.308474,0.316611,0.399229,0.320559,0.36303,0.283257,0.338078,0.216284,0.297347,0.280306,0.32497,0.284197,0.391203,0.272717,0.260628,0.335561,0.385106,0.247038,0.380538,0.302975,0.270743,0.320449,0.333724,0.350537,0.408008,0.40954,0.287283,0.234233
Necktie,0.359405,0.350957,0.246152,0.375441,0.386822,0.220945,0.337408,0.383192,0.352735,0.33901,0.43011,0.429628,0.219618,0.461139,0.291259,0.37743,0.305806,0.370181,0.452717,0.442623,0.390906,0.300709,0.414728,0.352121,0.444681,0.469714,0.251203,0.439585,0.373275,0.349686,0.253303,0.412455,0.381823,0.351348,0.409771,0.358981,0.397823,0.380072,0.359546,0.340668,0.350978,0.484104,0.397086,0.382526,0.383828,0.335515,0.353955,0.27933,0.33408,0.362795,0.489829,0.406784,0.340664,0.457368,0.409962,0.424344,0.409517,0.358335,0.306733,0.399152,0.460774,0.461548,0.3971,0.431476,0.435811,0.309462,0.437983,0.381103,0.330654,0.451858,0.39386,0.371317,0.369767,0.426633,0.382561,1.0,0.422257,0.304839,0.433462,0.400722,0.364777,0.356376,0.183002,0.371217,0.506885,0.390622,0.493415,0.365957,0.447599,0.381709,0.38217,0.363355,0.35467,0.366502,0.391863,0.478992,0.429595,0.322681,0.363639,0.319126,0.474464,0.390694,0.437265,0.349902,0.492643,0.400833,0.406336,0.425006,0.341747,0.35794,0.410683,0.313543,0.356209,0.339352,0.479019,0.316831,0.414505,0.390076,0.406423,0.264078,0.456056,0.414595,0.420255,0.455966,0.363631,0.391593,0.431055,0.510516,0.353073,0.286778
Orifan,0.40405,0.323336,0.243487,0.304997,0.338088,0.340199,0.315742,0.373174,0.37074,0.295156,0.429091,0.396116,0.276726,0.358908,0.300788,0.322054,0.330997,0.321081,0.364762,0.350467,0.370031,0.324217,0.310462,0.306375,0.365276,0.417812,0.272469,0.364813,0.295638,0.288615,0.280076,0.320067,0.355206,0.363428,0.363792,0.327632,0.2845,0.36972,0.307752,0.343143,0.316885,0.377162,0.37374,0.310657,0.402206,0.301745,0.33523,0.339516,0.3195,0.337054,0.376135,0.381098,0.321513,0.406142,0.403201,0.352571,0.406159,0.360738,0.298103,0.384216,0.377149,0.494246,0.308454,0.398059,0.342571,0.279579,0.393872,0.277778,0.272134,0.43889,0.368572,0.303753,0.342703,0.382097,0.337858,0.422257,1.0,0.267811,0.312968,0.364742,0.292164,0.335306,0.225277,0.315026,0.376129,0.310473,0.347191,0.347275,0.32126,0.358753,0.360664,0.328606,0.275501,0.263687,0.357346,0.380738,0.348484,0.316275,0.338709,0.345116,0.411571,0.381854,0.301353,0.348418,0.36324,0.400878,0.372358,0.344238,0.354115,0.261712,0.337747,0.315122,0.335844,0.431662,0.381499,0.349767,0.294766,0.329878,0.363787,0.277666,0.484533,0.336509,0.342464,0.300842,0.342343,0.316452,0.392508,0.348622,0.337194,0.289177
Oven,0.302495,0.206932,0.178521,0.271217,0.303589,0.161703,0.246096,0.246203,0.328183,0.250081,0.292662,0.333558,0.145067,0.459041,0.245864,0.312548,0.282846,0.289316,0.387375,0.393538,0.220031,0.280119,0.447989,0.211195,0.372621,0.260847,0.262746,0.274507,0.380626,0.271002,0.258555,0.548023,0.33897,0.289131,0.237543,0.358467,0.433938,0.300745,0.252832,0.270628,0.2529,0.300815,0.294851,0.29173,0.208821,0.214066,0.218579,0.226412,0.245096,0.211613,0.2647,0.253434,0.414743,0.257179,0.277588,0.305081,0.264672,0.249049,0.236367,0.274269,0.279671,0.258255,0.273201,0.285758,0.389835,0.242833,0.27617,0.219014,0.315436,0.304601,0.262811,0.330362,0.215553,0.24806,0.204386,0.304839,0.267811,1.0,0.213746,0.285684,0.408422,0.229191,0.150404,0.397208,0.300902,0.289884,0.314982,0.406067,0.369888,0.262562,0.252432,0.22686,0.276829,0.210185,0.371221,0.259264,0.244724,0.240817,0.20636,0.193739,0.280441,0.25284,0.243687,0.279052,0.248604,0.388582,0.338175,0.40632,0.238752,0.20316,0.395961,0.189284,0.226657,0.286457,0.260161,0.303439,0.401916,0.207771,0.28948,0.287738,0.2607,0.272627,0.404228,0.290386,0.258988,0.267127,0.269929,0.224972,0.232455,0.152675
Paintbrush,0.255241,0.336975,0.257596,0.28835,0.426705,0.197429,0.252827,0.258885,0.309154,0.323135,0.326527,0.373931,0.240666,0.353475,0.282156,0.340784,0.263043,0.301943,0.303493,0.317065,0.357562,0.268265,0.33739,0.22541,0.378979,0.40069,0.204019,0.502002,0.372732,0.269702,0.218231,0.269231,0.264258,0.272727,0.230114,0.345273,0.309707,0.304183,0.388802,0.325285,0.29775,0.505281,0.403564,0.433587,0.32289,0.411983,0.243625,0.206061,0.31094,0.320882,0.364277,0.337399,0.327139,0.455652,0.356171,0.292471,0.323375,0.350461,0.336078,0.346625,0.444631,0.320477,0.444378,0.419128,0.374208,0.352147,0.457888,0.539871,0.279004,0.430795,0.289214,0.403917,0.238647,0.389624,0.326612,0.433462,0.312968,0.213746,1.0,0.511526,0.249818,0.27176,0.134837,0.303548,0.585551,0.268012,0.518095,0.311528,0.338704,0.296502,0.305459,0.230083,0.325216,0.317272,0.381556,0.285594,0.408595,0.380462,0.225939,0.243652,0.244659,0.284426,0.466255,0.290558,0.531886,0.364908,0.349398,0.28262,0.340996,0.198248,0.377854,0.228858,0.341307,0.259764,0.533855,0.275827,0.308436,0.322607,0.419295,0.259894,0.399047,0.302906,0.259278,0.448429,0.368033,0.330848,0.444395,0.607394,0.27823,0.258093
Pen,0.286716,0.290191,0.198947,0.296743,0.389259,0.197264,0.240447,0.234063,0.382466,0.309845,0.452566,0.431465,0.228454,0.404143,0.340978,0.336839,0.347516,0.316935,0.344838,0.339166,0.421092,0.378056,0.364808,0.237016,0.408417,0.371357,0.220328,0.471376,0.360839,0.306904,0.244414,0.347356,0.358967,0.384583,0.273953,0.363568,0.316456,0.384208,0.422128,0.364138,0.342472,0.476205,0.379134,0.434873,0.306644,0.513381,0.254208,0.266916,0.381617,0.377115,0.364224,0.408909,0.376093,0.40703,0.400456,0.334701,0.359203,0.360071,0.254364,0.491825,0.474275,0.373278,0.39665,0.387172,0.326474,0.387257,0.370701,0.406817,0.295463,0.38563,0.316915,0.413846,0.266156,0.33004,0.32571,0.400722,0.364742,0.285684,0.511526,1.0,0.295263,0.277877,0.132751,0.359129,0.5258,0.273114,0.499665,0.393796,0.340256,0.357223,0.354065,0.24167,0.297276,0.342315,0.401281,0.292092,0.456656,0.432722,0.237642,0.262462,0.29567,0.386327,0.385109,0.266707,0.432089,0.552538,0.471938,0.335201,0.352123,0.193525,0.405829,0.220604,0.330801,0.324415,0.526525,0.407165,0.318505,0.316528,0.358931,0.334545,0.403069,0.294971,0.335816,0.400365,0.451434,0.35956,0.39868,0.48109,0.311209,0.167119
Pictureframe,0.284444,0.216399,0.176019,0.247298,0.32693,0.151856,0.249028,0.254835,0.329088,0.231099,0.314661,0.387133,0.16024,0.487364,0.191478,0.363922,0.239988,0.303202,0.436729,0.406234,0.262202,0.200763,0.362291,0.245637,0.316153,0.306991,0.242395,0.34595,0.28127,0.255755,0.219447,0.512578,0.25348,0.291924,0.296439,0.378798,0.522095,0.305467,0.225842,0.294884,0.218852,0.323338,0.289332,0.300941,0.263838,0.286127,0.253952,0.22977,0.218271,0.236138,0.276664,0.25579,0.303456,0.271243,0.292925,0.311161,0.248101,0.224887,0.241093,0.256155,0.342357,0.313039,0.321397,0.301355,0.397242,0.207626,0.268652,0.223708,0.267004,0.329765,0.259139,0.272714,0.231611,0.277614,0.254642,0.364777,0.292164,0.408422,0.249818,0.295263,1.0,0.293008,0.165314,0.304397,0.366643,0.301057,0.306545,0.31867,0.314645,0.270374,0.243673,0.290823,0.258344,0.308008,0.327925,0.289676,0.287079,0.240933,0.24833,0.215226,0.337177,0.2524,0.335021,0.248847,0.283729,0.299456,0.279423,0.393031,0.22118,0.188548,0.319658,0.174525,0.225645,0.260626,0.306586,0.232646,0.335141,0.290766,0.252498,0.209329,0.294252,0.28137,0.429647,0.286988,0.236938,0.264759,0.314344,0.298349,0.260053,0.163026
Pinecone,0.238731,0.343046,0.197922,0.252916,0.280777,0.209389,0.238728,0.251439,0.289147,0.241147,0.30286,0.299331,0.19899,0.28845,0.251146,0.289285,0.233259,0.362345,0.285958,0.319883,0.232259,0.229415,0.266282,0.250991,0.282102,0.342015,0.186886,0.333127,0.235253,0.238937,0.181716,0.289436,0.24349,0.32757,0.271456,0.24922,0.30265,0.288369,0.267237,0.273028,0.238326,0.290103,0.255296,0.259915,0.391579,0.266157,0.33764,0.21241,0.232261,0.250898,0.326967,0.274722,0.244165,0.320387,0.327171,0.26185,0.281545,0.253495,0.188036,0.274256,0.34906,0.275071,0.286785,0.29717,0.272941,0.228961,0.314711,0.209192,0.207795,0.304371,0.292434,0.276642,0.360742,0.384479,0.285314,0.356376,0.335306,0.229191,0.27176,0.277877,0.293008,1.0,0.223162,0.25286,0.306034,0.260268,0.298885,0.259169,0.290033,0.28303,0.291115,0.276929,0.256692,0.276203,0.262792,0.298517,0.269916,0.25091,0.273064,0.31397,0.28953,0.272842,0.251748,0.262894,0.284269,0.285188,0.275848,0.275617,0.261899,0.184366,0.267042,0.233633,0.199015,0.217351,0.315609,0.237542,0.248849,0.345805,0.294693,0.215726,0.29252,0.280446,0.276081,0.292014,0.278708,0.267611,0.328341,0.277427,0.321277,0.209562
Pizza,0.159268,0.216023,0.233952,0.1508,0.138818,0.255112,0.209167,0.181063,0.151237,0.154217,0.181388,0.139883,0.146872,0.139172,0.145231,0.216349,0.165167,0.201881,0.166813,0.183229,0.190737,0.158038,0.153394,0.22871,0.177216,0.198931,0.174253,0.147399,0.144603,0.193171,0.193285,0.151554,0.187051,0.132753,0.194515,0.120004,0.148986,0.18926,0.135991,0.116634,0.141319,0.16138,0.161812,0.142044,0.176796,0.146067,0.218884,0.239161,0.200597,0.143662,0.17452,0.172145,0.140074,0.202705,0.199554,0.158533,0.170618,0.17155,0.155972,0.184258,0.182933,0.176974,0.127508,0.178945,0.171347,0.135463,0.196936,0.123962,0.16122,0.231512,0.190445,0.137093,0.242459,0.216958,0.174222,0.183002,0.225277,0.150404,0.134837,0.132751,0.165314,0.223162,1.0,0.166569,0.127087,0.19802,0.145036,0.1769,0.164363,0.202382,0.193134,0.22706,0.173458,0.150418,0.159188,0.192434,0.167467,0.13739,0.201577,0.28793,0.177148,0.170165,0.136328,0.264806,0.195182,0.146483,0.155038,0.163764,0.149103,0.100838,0.137112,0.182364,0.165068,0.132121,0.159581,0.154509,0.147316,0.150342,0.184895,0.141148,0.162873,0.212442,0.1445,0.147056,0.133832,0.176641,0.18814,0.174612,0.455295,0.167269
Plug,0.347457,0.271746,0.215187,0.344814,0.339304,0.215897,0.285544,0.262495,0.352198,0.293104,0.390391,0.378024,0.178541,0.46064,0.33208,0.330402,0.303772,0.282887,0.393185,0.403291,0.283897,0.34708,0.432619,0.273577,0.426505,0.33833,0.282531,0.357916,0.38573,0.330943,0.273285,0.440074,0.406341,0.342236,0.262692,0.357057,0.353444,0.37159,0.38003,0.297536,0.371375,0.395093,0.326606,0.358574,0.252833,0.340467,0.266023,0.289752,0.306155,0.291441,0.361427,0.367966,0.390855,0.329339,0.346371,0.364337,0.332733,0.333174,0.227918,0.364834,0.374582,0.311896,0.314175,0.341689,0.396804,0.347299,0.336401,0.314594,0.380562,0.368443,0.319988,0.387672,0.272876,0.30465,0.271606,0.371217,0.315026,0.397208,0.303548,0.359129,0.304397,0.25286,0.166569,1.0,0.398223,0.315817,0.401611,0.42267,0.401646,0.33019,0.337822,0.251602,0.362914,0.261719,0.394105,0.293819,0.329304,0.323846,0.224524,0.245354,0.290035,0.331527,0.314609,0.333703,0.335373,0.430179,0.417386,0.411126,0.304233,0.228682,0.454242,0.266218,0.257917,0.310109,0.37161,0.382595,0.405478,0.240366,0.337323,0.34855,0.327318,0.325253,0.39159,0.374583,0.381039,0.360409,0.343298,0.317295,0.307386,0.17785
Pogostick,0.310551,0.29568,0.194984,0.340912,0.546524,0.179368,0.248373,0.242769,0.401724,0.39752,0.443789,0.525621,0.281699,0.485435,0.341418,0.446135,0.35553,0.385449,0.39012,0.43066,0.388226,0.371536,0.418725,0.233346,0.459939,0.477138,0.286617,0.597488,0.449667,0.322335,0.293616,0.417802,0.390629,0.361712,0.264841,0.504696,0.417713,0.397357,0.508991,0.424352,0.371182,0.532776,0.477319,0.59306,0.359796,0.445252,0.26155,0.244606,0.370891,0.409224,0.417424,0.443068,0.446282,0.439445,0.413642,0.3735,0.3756,0.394138,0.396106,0.435367,0.612509,0.398946,0.495074,0.484413,0.488399,0.466466,0.474429,0.416632,0.36918,0.516166,0.358532,0.578481,0.27867,0.400255,0.41541,0.506885,0.376129,0.300902,0.585551,0.5258,0.366643,0.306034,0.127087,0.398223,1.0,0.306496,0.585448,0.430114,0.41166,0.36582,0.400691,0.259733,0.346032,0.452144,0.531145,0.338642,0.501093,0.53203,0.270937,0.262607,0.342135,0.374401,0.510633,0.31837,0.524941,0.480585,0.47947,0.352009,0.453291,0.23629,0.495564,0.269136,0.364792,0.331329,0.557101,0.391964,0.386468,0.406863,0.47221,0.371451,0.486892,0.353806,0.348388,0.481378,0.471743,0.399851,0.566665,0.52413,0.285727,0.170505
Pot,0.30255,0.323972,0.25361,0.318436,0.337161,0.270353,0.425706,0.321639,0.318267,0.32383,0.344767,0.315774,0.16192,0.362652,0.235413,0.338206,0.276909,0.347351,0.375519,0.37182,0.278326,0.242168,0.334904,0.301419,0.375175,0.344978,0.206876,0.283622,0.44666,0.514194,0.251436,0.34165,0.278885,0.300497,0.34838,0.293133,0.298799,0.330147,0.238386,0.266967,0.276174,0.352551,0.331951,0.278123,0.256413,0.216256,0.289487,0.305844,0.37017,0.267482,0.358609,0.34434,0.326999,0.323561,0.293384,0.36513,0.370989,0.299053,0.307469,0.310026,0.294104,0.311877,0.274911,0.388854,0.394691,0.232425,0.388838,0.291758,0.319486,0.338566,0.329578,0.291677,0.301018,0.325596,0.273545,0.390622,0.310473,0.289884,0.268012,0.273114,0.301057,0.260268,0.19802,0.315817,0.306496,1.0,0.348314,0.343153,0.297755,0.333657,0.28058,0.296705,0.38041,0.247676,0.316973,0.342,0.282353,0.231021,0.254896,0.265778,0.321139,0.309216,0.26839,0.433486,0.345031,0.302521,0.312465,0.423248,0.247532,0.254518,0.35933,0.249975,0.274103,0.275212,0.313798,0.234684,0.497543,0.224249,0.398415,0.216377,0.306572,0.484596,0.36326,0.406733,0.253368,0.453777,0.323503,0.318258,0.303188,0.273753
Razor,0.329265,0.326674,0.213501,0.360313,0.447785,0.199505,0.285056,0.249394,0.365564,0.401089,0.434165,0.44319,0.266251,0.423177,0.41252,0.374562,0.33149,0.357896,0.372253,0.424411,0.417001,0.397021,0.442255,0.250558,0.486783,0.430023,0.257402,0.448864,0.477184,0.380738,0.303123,0.394543,0.450843,0.35501,0.282636,0.38769,0.33906,0.422777,0.49834,0.341208,0.402601,0.513121,0.437612,0.492378,0.309056,0.382862,0.275495,0.270088,0.400634,0.392496,0.440832,0.458126,0.420879,0.464281,0.407559,0.388769,0.381685,0.441247,0.338643,0.441144,0.523196,0.37241,0.408106,0.448934,0.428458,0.428892,0.488798,0.44172,0.386437,0.433335,0.393615,0.515382,0.301034,0.383911,0.368437,0.493415,0.347191,0.314982,0.518095,0.499665,0.306545,0.298885,0.145036,0.401611,0.585448,0.348314,1.0,0.431316,0.429724,0.404203,0.443078,0.256336,0.386,0.389183,0.45221,0.346144,0.499982,0.465113,0.280697,0.269424,0.313037,0.41387,0.424245,0.344089,0.521997,0.502319,0.51394,0.365717,0.415264,0.247108,0.475093,0.269967,0.353827,0.310571,0.517801,0.384598,0.408652,0.326685,0.476505,0.35664,0.409747,0.389129,0.35678,0.503721,0.483002,0.436329,0.454697,0.510826,0.307706,0.19147
Recordplayer,0.338741,0.290395,0.220426,0.327481,0.377517,0.222119,0.2971,0.258369,0.380216,0.384622,0.410225,0.399261,0.259237,0.435957,0.401973,0.376531,0.3872,0.349771,0.386453,0.435852,0.326687,0.383602,0.429601,0.257308,0.449218,0.380186,0.303803,0.367136,0.449301,0.365995,0.375908,0.434091,0.436855,0.339987,0.268151,0.369418,0.337835,0.437323,0.39694,0.337068,0.369173,0.425518,0.401855,0.408688,0.265098,0.331516,0.271787,0.359713,0.446773,0.363304,0.352587,0.413573,0.450405,0.344261,0.364742,0.383757,0.386097,0.408035,0.320075,0.42286,0.416127,0.32951,0.332949,0.398296,0.408164,0.422949,0.416146,0.305196,0.391039,0.396594,0.368397,0.497229,0.283174,0.310291,0.338638,0.365957,0.347275,0.406067,0.311528,0.393796,0.31867,0.259169,0.1769,0.42267,0.430114,0.343153,0.431316,1.0,0.37645,0.429456,0.398068,0.263722,0.360026,0.333263,0.443582,0.310742,0.397974,0.413689,0.253443,0.268242,0.3,0.382411,0.298766,0.416955,0.386251,0.472967,0.468128,0.394321,0.386642,0.221175,0.452722,0.268919,0.330906,0.339634,0.391379,0.399183,0.398819,0.264435,0.449791,0.369991,0.355581,0.35018,0.380477,0.389205,0.392329,0.396417,0.387816,0.335834,0.308006,0.184858
Remotecontrol,0.361316,0.264565,0.189034,0.279335,0.304936,0.196062,0.225465,0.253346,0.270858,0.269112,0.349399,0.329869,0.172325,0.445859,0.320555,0.307401,0.250072,0.283811,0.373291,0.383302,0.286908,0.272621,0.539565,0.27926,0.467997,0.344282,0.261881,0.34202,0.379901,0.311683,0.272368,0.47357,0.507082,0.279529,0.26939,0.299147,0.336663,0.349652,0.342109,0.268535,0.340916,0.357767,0.351882,0.321165,0.279317,0.294049,0.270524,0.248935,0.273585,0.27808,0.36559,0.31526,0.322623,0.369421,0.342247,0.334626,0.294071,0.304349,0.223077,0.329442,0.376311,0.308081,0.325682,0.32857,0.347142,0.278034,0.352659,0.334279,0.334369,0.369783,0.316874,0.369561,0.253944,0.304103,0.295945,0.447599,0.32126,0.369888,0.338704,0.340256,0.314645,0.290033,0.164363,0.401646,0.41166,0.297755,0.429724,0.37645,1.0,0.326411,0.352342,0.267728,0.350112,0.308808,0.369338,0.32455,0.337006,0.300964,0.251023,0.232251,0.317145,0.314013,0.381254,0.289949,0.379076,0.356469,0.335728,0.341369,0.27474,0.247193,0.400183,0.237024,0.297057,0.237162,0.380801,0.301029,0.35445,0.286499,0.320323,0.269323,0.3152,0.330556,0.339832,0.39125,0.320166,0.313039,0.353879,0.355033,0.269226,0.170315
Ring,0.268893,0.329555,0.266297,0.300709,0.333785,0.232752,0.314082,0.275773,0.303618,0.345352,0.411185,0.341538,0.282201,0.330452,0.366962,0.325628,0.302489,0.333514,0.318868,0.377906,0.414944,0.342028,0.358074,0.255766,0.388957,0.390906,0.283551,0.334028,0.370572,0.414684,0.345548,0.316807,0.3722,0.308784,0.266939,0.281668,0.280526,0.460444,0.330901,0.279761,0.349382,0.391962,0.395371,0.40113,0.300128,0.298639,0.290649,0.391268,0.452363,0.434125,0.365665,0.475889,0.315599,0.352882,0.393165,0.358445,0.389414,0.472469,0.283511,0.392444,0.435489,0.348032,0.299945,0.362629,0.362103,0.323817,0.407838,0.292547,0.405843,0.40833,0.39409,0.362797,0.308907,0.338039,0.393019,0.381709,0.358753,0.262562,0.296502,0.357223,0.270374,0.28303,0.202382,0.33019,0.36582,0.333657,0.404203,0.429456,0.326411,1.0,0.378059,0.28375,0.331181,0.315202,0.346347,0.364456,0.476306,0.339878,0.315789,0.311429,0.296972,0.385107,0.280344,0.399884,0.412894,0.390185,0.411592,0.316581,0.337009,0.21656,0.332714,0.275375,0.343718,0.294745,0.382719,0.329003,0.317405,0.300671,0.427275,0.278934,0.352149,0.367798,0.303279,0.353891,0.347338,0.443221,0.368343,0.385927,0.334301,0.246799
Rollerskates,0.328939,0.283531,0.192028,0.412764,0.342556,0.216916,0.267979,0.249507,0.355366,0.355619,0.408751,0.365537,0.381888,0.319013,0.412879,0.311219,0.309131,0.355665,0.317855,0.390099,0.360028,0.390075,0.338736,0.26538,0.400104,0.400559,0.270334,0.332046,0.362834,0.310752,0.329052,0.303726,0.508277,0.341559,0.299109,0.299854,0.241951,0.37749,0.454842,0.281774,0.353229,0.424642,0.329105,0.36983,0.30393,0.304742,0.271734,0.270768,0.346882,0.377596,0.442296,0.432078,0.370057,0.374348,0.404736,0.414309,0.380649,0.41368,0.264009,0.418986,0.43181,0.366425,0.301901,0.361482,0.341727,0.495379,0.369212,0.298323,0.342832,0.361082,0.429509,0.465525,0.339733,0.323764,0.345256,0.38217,0.360664,0.252432,0.305459,0.354065,0.243673,0.291115,0.193134,0.337822,0.400691,0.28058,0.443078,0.398068,0.352342,0.378059,1.0,0.244088,0.311832,0.327162,0.352882,0.35398,0.477621,0.484992,0.300035,0.277593,0.324508,0.485292,0.302759,0.36269,0.367054,0.427548,0.507641,0.300024,0.521388,0.243112,0.415781,0.324343,0.278817,0.288597,0.388521,0.373561,0.295939,0.285124,0.409486,0.375835,0.357941,0.340371,0.316102,0.372203,0.489348,0.385263,0.384573,0.34818,0.30613,0.193496
Rug,0.247726,0.291394,0.237625,0.23508,0.243217,0.250083,0.270073,0.352519,0.246098,0.225925,0.29304,0.277705,0.16028,0.316987,0.184121,0.289015,0.213619,0.277093,0.336934,0.303652,0.262938,0.18133,0.257448,0.301289,0.270543,0.314819,0.207665,0.268395,0.227334,0.259074,0.210437,0.285144,0.244909,0.248116,0.326823,0.233047,0.28215,0.285385,0.19383,0.225607,0.240509,0.283191,0.254307,0.222628,0.28244,0.225735,0.296414,0.302398,0.251354,0.241207,0.304277,0.262347,0.219892,0.295759,0.278535,0.280626,0.318596,0.240698,0.205951,0.250813,0.279954,0.314611,0.232247,0.291739,0.275633,0.178633,0.277662,0.214837,0.235279,0.310352,0.272023,0.210675,0.268634,0.314416,0.266783,0.363355,0.328606,0.22686,0.230083,0.24167,0.290823,0.276929,0.22706,0.251602,0.259733,0.296705,0.256336,0.263722,0.267728,0.28375,0.244088,1.0,0.255708,0.210614,0.252827,0.315059,0.255443,0.184837,0.286861,0.279538,0.344983,0.263794,0.245907,0.293096,0.286634,0.247533,0.250665,0.303078,0.203041,0.208488,0.238938,0.248623,0.246735,0.235879,0.271364,0.203634,0.268041,0.282269,0.246083,0.162463,0.293266,0.297922,0.307801,0.264541,0.211627,0.264497,0.271945,0.296958,0.291694,0.237015
Saltpeppershaker,0.31888,0.343274,0.271139,0.306571,0.34444,0.240799,0.291157,0.275631,0.278705,0.398531,0.320633,0.302038,0.169659,0.35748,0.324783,0.333973,0.253697,0.294578,0.324007,0.374573,0.284085,0.251791,0.364109,0.295666,0.403681,0.340898,0.224534,0.289636,0.478028,0.430574,0.254281,0.344011,0.327832,0.269517,0.263624,0.276542,0.282706,0.362711,0.321404,0.23523,0.3404,0.344542,0.335182,0.355691,0.238062,0.270693,0.276308,0.274571,0.335017,0.258795,0.357583,0.32119,0.321284,0.363322,0.311293,0.323665,0.351994,0.313893,0.331446,0.296409,0.348251,0.267578,0.27935,0.392075,0.384511,0.273255,0.404575,0.414399,0.368944,0.349548,0.312129,0.384088,0.267668,0.338832,0.271012,0.35467,0.275501,0.276829,0.325216,0.297276,0.258344,0.256692,0.173458,0.362914,0.346032,0.38041,0.386,0.360026,0.350112,0.331181,0.311832,0.255708,1.0,0.274167,0.331395,0.302811,0.300644,0.273532,0.233702,0.262061,0.262158,0.31324,0.300574,0.4342,0.383323,0.309846,0.326556,0.323716,0.254845,0.239788,0.369972,0.278672,0.245181,0.226686,0.348066,0.26631,0.398493,0.212919,0.387586,0.254868,0.292088,0.411056,0.314581,0.507809,0.291045,0.423984,0.357803,0.335866,0.292807,0.200466
Saxophone,0.315006,0.260773,0.159113,0.298298,0.319879,0.158893,0.245511,0.180835,0.278394,0.33095,0.336098,0.334438,0.255593,0.33602,0.285274,0.372957,0.289881,0.303138,0.300591,0.338926,0.313205,0.255922,0.29875,0.189036,0.336869,0.365369,0.234477,0.3762,0.322198,0.264922,0.256209,0.288659,0.295437,0.245473,0.22426,0.280504,0.270836,0.310471,0.359536,0.295719,0.257221,0.333069,0.334271,0.404904,0.253189,0.527393,0.267298,0.173881,0.271399,0.278063,0.321437,0.297739,0.288024,0.333198,0.324512,0.330262,0.258967,0.314317,0.286563,0.317627,0.469837,0.295205,0.395604,0.327116,0.373593,0.34384,0.363014,0.313995,0.306609,0.300527,0.290046,0.439946,0.268748,0.284138,0.335418,0.366502,0.263687,0.210185,0.317272,0.342315,0.308008,0.276203,0.150418,0.261719,0.452144,0.247676,0.389183,0.333263,0.308808,0.315202,0.327162,0.210614,0.274167,1.0,0.342576,0.273635,0.377541,0.3837,0.214923,0.260003,0.239847,0.295636,0.440621,0.298169,0.345142,0.313784,0.336175,0.264499,0.344027,0.164776,0.379199,0.209987,0.251647,0.220827,0.370639,0.290069,0.266608,0.312257,0.377908,0.282696,0.326997,0.290249,0.260538,0.359653,0.320073,0.321874,0.410631,0.33018,0.25082,0.151577
Scale,0.346806,0.271744,0.20966,0.318685,0.43926,0.230274,0.296011,0.268974,0.387719,0.375186,0.403748,0.427343,0.246497,0.432446,0.316016,0.408616,0.363713,0.334689,0.377744,0.410893,0.318697,0.337932,0.413243,0.235774,0.443113,0.400435,0.329155,0.420754,0.42701,0.32107,0.362477,0.414998,0.373051,0.34846,0.269236,0.407636,0.340554,0.374076,0.404999,0.366243,0.346457,0.432344,0.414201,0.442144,0.273573,0.331564,0.256442,0.279152,0.352643,0.325077,0.343446,0.369935,0.427801,0.368006,0.355058,0.372815,0.357795,0.358886,0.360115,0.378719,0.454325,0.334977,0.378941,0.430638,0.440945,0.385979,0.427401,0.330971,0.368244,0.406186,0.331272,0.489747,0.258632,0.334426,0.347803,0.391863,0.357346,0.371221,0.381556,0.401281,0.327925,0.262792,0.159188,0.394105,0.531145,0.316973,0.45221,0.443582,0.369338,0.346347,0.352882,0.252827,0.331395,0.342576,1.0,0.305338,0.385704,0.403136,0.24686,0.245918,0.299714,0.344642,0.34993,0.351474,0.40094,0.445014,0.427898,0.379803,0.377504,0.224599,0.447919,0.25343,0.351669,0.332572,0.415587,0.372608,0.385685,0.290271,0.438015,0.337896,0.391416,0.330331,0.364693,0.39658,0.383238,0.359183,0.436402,0.368633,0.279731,0.185556
Scarf,0.30964,0.312211,0.253498,0.390978,0.311519,0.224043,0.329551,0.403993,0.3161,0.294662,0.373126,0.325795,0.201631,0.345561,0.270535,0.310156,0.254576,0.299725,0.360829,0.364652,0.343302,0.244861,0.315173,0.318063,0.340907,0.389714,0.214427,0.305119,0.305501,0.32669,0.235173,0.312757,0.325953,0.320945,0.392834,0.26927,0.291954,0.34797,0.272881,0.261866,0.299179,0.369922,0.318237,0.31762,0.307326,0.243305,0.334227,0.2924,0.282769,0.305798,0.429007,0.374688,0.274915,0.335721,0.353017,0.416466,0.397649,0.35393,0.243482,0.318473,0.346932,0.403727,0.287829,0.351739,0.347829,0.251847,0.333851,0.278921,0.340292,0.363508,0.385057,0.288076,0.368308,0.356694,0.328313,0.478992,0.380738,0.259264,0.285594,0.292092,0.289676,0.298517,0.192434,0.293819,0.338642,0.342,0.346144,0.310742,0.32455,0.364456,0.35398,0.315059,0.302811,0.273635,0.305338,1.0,0.356153,0.256501,0.42441,0.310044,0.473439,0.372979,0.305821,0.327739,0.338705,0.320132,0.353372,0.355933,0.30059,0.423061,0.332298,0.33619,0.267546,0.32041,0.340891,0.260285,0.332593,0.29683,0.336979,0.21371,0.387105,0.353763,0.362734,0.344121,0.283941,0.360594,0.333258,0.360474,0.322003,0.347305
Scissors,0.28513,0.269979,0.193183,0.338618,0.363598,0.169043,0.287597,0.227521,0.329859,0.350499,0.436138,0.400318,0.32984,0.387562,0.369321,0.341142,0.304439,0.328124,0.338284,0.381835,0.505435,0.363672,0.355383,0.231912,0.412668,0.420769,0.272018,0.424868,0.368267,0.398256,0.295596,0.317038,0.433023,0.31632,0.264863,0.347442,0.300921,0.413855,0.44426,0.319206,0.324348,0.516771,0.406496,0.507495,0.309994,0.387415,0.254028,0.269577,0.472428,0.565657,0.398717,0.527704,0.350129,0.417722,0.42801,0.405336,0.354937,0.514209,0.322792,0.413455,0.56476,0.375943,0.365289,0.374888,0.387775,0.42327,0.384112,0.306271,0.440036,0.384939,0.414909,0.426245,0.281075,0.328849,0.439494,0.429595,0.348484,0.244724,0.408595,0.456656,0.287079,0.269916,0.167467,0.329304,0.501093,0.282353,0.499982,0.397974,0.337006,0.476306,0.477621,0.255443,0.300644,0.377541,0.385704,0.356153,1.0,0.465014,0.27571,0.278357,0.305617,0.409889,0.340657,0.29113,0.484544,0.462701,0.556977,0.326932,0.453149,0.23117,0.390304,0.258926,0.364177,0.309391,0.469384,0.343935,0.300705,0.330268,0.468898,0.317852,0.410441,0.325573,0.326636,0.359902,0.439432,0.481858,0.404868,0.512907,0.299515,0.200069
Scooter,0.288066,0.258687,0.180069,0.32371,0.389335,0.172219,0.225778,0.177692,0.344795,0.334422,0.388967,0.390555,0.46381,0.327421,0.412642,0.328299,0.339582,0.315687,0.268037,0.33185,0.334709,0.441203,0.322598,0.185307,0.391001,0.363293,0.263525,0.420415,0.381289,0.295239,0.352189,0.311939,0.435506,0.338853,0.212244,0.344158,0.252311,0.393379,0.491739,0.323925,0.365549,0.439284,0.383276,0.463456,0.27202,0.374254,0.217108,0.234347,0.369729,0.378577,0.324724,0.41853,0.401223,0.341613,0.356479,0.330492,0.315114,0.432157,0.299031,0.391311,0.465217,0.30941,0.338578,0.364473,0.331249,0.570213,0.360295,0.285176,0.323238,0.356474,0.348873,0.510038,0.259717,0.297341,0.340711,0.322681,0.316275,0.240817,0.380462,0.432722,0.240933,0.25091,0.13739,0.323846,0.53203,0.231021,0.465113,0.413689,0.300964,0.339878,0.484992,0.184837,0.273532,0.3837,0.403136,0.256501,0.465014,1.0,0.224994,0.23408,0.237556,0.358778,0.338266,0.279615,0.394825,0.439324,0.496601,0.272306,0.581081,0.184768,0.418549,0.27449,0.308172,0.300971,0.421663,0.396589,0.27239,0.285473,0.396634,0.451823,0.384466,0.267784,0.262842,0.345787,0.494557,0.37088,0.417732,0.372089,0.25942,0.148302
Scrunchie,0.223625,0.279497,0.296744,0.330206,0.250668,0.208846,0.241654,0.428518,0.253993,0.236509,0.336283,0.267357,0.169317,0.267739,0.238408,0.23632,0.20206,0.25878,0.293068,0.303264,0.296015,0.22472,0.248656,0.287441,0.260264,0.327989,0.176064,0.248773,0.21397,0.23015,0.207866,0.254182,0.285027,0.301264,0.35433,0.214072,0.243312,0.327145,0.240777,0.204753,0.282649,0.307393,0.246248,0.237373,0.28566,0.205058,0.3219,0.311467,0.257261,0.264554,0.384431,0.324345,0.213073,0.292477,0.315501,0.340846,0.386869,0.284523,0.204795,0.273862,0.307062,0.320514,0.206916,0.288244,0.235033,0.207052,0.299326,0.213555,0.227778,0.329026,0.334615,0.224868,0.372256,0.326353,0.291468,0.363639,0.338709,0.20636,0.225939,0.237642,0.24833,0.273064,0.201577,0.224524,0.270937,0.254896,0.280697,0.253443,0.251023,0.315789,0.300035,0.286861,0.233702,0.214923,0.24686,0.42441,0.27571,0.224994,1.0,0.304033,0.426706,0.348058,0.213408,0.293189,0.293144,0.269709,0.304009,0.259905,0.242035,0.32864,0.258367,0.290579,0.213272,0.238753,0.280968,0.217655,0.227385,0.266288,0.262105,0.192762,0.300963,0.282381,0.323013,0.254038,0.256122,0.263532,0.277181,0.274003,0.283751,0.347104
Seashell,0.286757,0.396042,0.301095,0.24861,0.244768,0.310353,0.295063,0.314998,0.254246,0.262058,0.315774,0.283119,0.16978,0.237412,0.250188,0.297588,0.237549,0.278377,0.260348,0.308106,0.297741,0.220612,0.226441,0.295034,0.288705,0.334021,0.19687,0.266175,0.231931,0.25599,0.223269,0.224051,0.25809,0.257831,0.277615,0.215358,0.212516,0.326445,0.247242,0.227256,0.282346,0.288732,0.265478,0.240469,0.297603,0.239495,0.401376,0.280196,0.284181,0.265171,0.322521,0.295534,0.229028,0.357843,0.316032,0.267842,0.333537,0.2911,0.210442,0.277928,0.313973,0.292794,0.21984,0.304669,0.263568,0.214456,0.329063,0.212713,0.234915,0.309537,0.307251,0.240842,0.367952,0.368671,0.292035,0.319126,0.345116,0.193739,0.243652,0.262462,0.215226,0.31397,0.28793,0.245354,0.262607,0.265778,0.269424,0.268242,0.232251,0.311429,0.277593,0.279538,0.262061,0.260003,0.245918,0.310044,0.278357,0.23408,0.304033,1.0,0.270305,0.304423,0.220509,0.335648,0.30597,0.266262,0.298639,0.258733,0.228504,0.186446,0.260367,0.276385,0.228034,0.227002,0.298494,0.246539,0.23253,0.268486,0.285065,0.205399,0.297226,0.308257,0.240484,0.259894,0.256807,0.290142,0.293312,0.310895,0.368493,0.332454
Shirt,0.263318,0.239771,0.204843,0.358187,0.293246,0.195382,0.25526,0.373158,0.321438,0.258507,0.354773,0.341098,0.180576,0.396201,0.219757,0.299748,0.260706,0.304952,0.403725,0.353102,0.295829,0.234178,0.300502,0.329595,0.301584,0.371626,0.212332,0.30708,0.264566,0.274043,0.215649,0.338526,0.328827,0.326484,0.436927,0.29667,0.328016,0.31075,0.255751,0.283902,0.272616,0.357873,0.270181,0.270635,0.33583,0.247996,0.300304,0.288702,0.237149,0.292127,0.409728,0.331986,0.269886,0.298072,0.3356,0.378513,0.366991,0.257391,0.203097,0.314189,0.322296,0.450989,0.274115,0.340449,0.307998,0.230808,0.300683,0.237559,0.248199,0.359761,0.341826,0.264253,0.344769,0.323863,0.297902,0.474464,0.411571,0.280441,0.244659,0.29567,0.337177,0.28953,0.177148,0.290035,0.342135,0.321139,0.313037,0.3,0.317145,0.296972,0.324508,0.344983,0.262158,0.239847,0.299714,0.473439,0.305617,0.237556,0.426706,0.270305,1.0,0.354941,0.283653,0.289824,0.302248,0.320683,0.335354,0.366439,0.282388,0.483932,0.304998,0.263224,0.233036,0.34803,0.316916,0.262982,0.320343,0.318621,0.279893,0.212577,0.418189,0.328967,0.377193,0.303372,0.289349,0.302324,0.323342,0.322799,0.302756,0.224655
Shoe,0.33523,0.311102,0.207708,0.403135,0.344561,0.242068,0.30882,0.298507,0.395971,0.350806,0.472295,0.366737,0.21229,0.331795,0.358091,0.333401,0.358418,0.330441,0.346666,0.392942,0.43213,0.36284,0.327167,0.293532,0.383761,0.394204,0.217065,0.334374,0.321159,0.320767,0.266791,0.310903,0.425094,0.418599,0.355857,0.293146,0.237529,0.382115,0.362532,0.293642,0.343541,0.451329,0.312447,0.338103,0.286464,0.312613,0.301372,0.294762,0.365646,0.363486,0.471108,0.442009,0.329862,0.400369,0.398602,0.450821,0.465219,0.374496,0.271365,0.493227,0.380906,0.395524,0.274754,0.368145,0.315791,0.373486,0.337879,0.285316,0.322836,0.351054,0.395067,0.37365,0.35007,0.347489,0.347893,0.390694,0.381854,0.25284,0.284426,0.386327,0.2524,0.272842,0.170165,0.331527,0.374401,0.309216,0.41387,0.382411,0.314013,0.385107,0.485292,0.263794,0.31324,0.295636,0.344642,0.372979,0.409889,0.358778,0.348058,0.304423,0.354941,1.0,0.31365,0.358151,0.388497,0.461265,0.514396,0.343675,0.361787,0.271818,0.378301,0.297163,0.2816,0.33431,0.42381,0.385515,0.306171,0.260744,0.374519,0.314016,0.375827,0.353277,0.377112,0.344144,0.39603,0.396351,0.349606,0.382353,0.346581,0.226807
Skiis,0.319883,0.249426,0.172491,0.288755,0.348353,0.172067,0.217133,0.209353,0.281898,0.272394,0.320996,0.329235,0.214802,0.423246,0.257746,0.350337,0.272295,0.283237,0.353739,0.335543,0.314924,0.222328,0.362909,0.233788,0.346226,0.352791,0.237727,0.412844,0.318984,0.251113,0.248873,0.371827,0.275958,0.250355,0.244698,0.298165,0.339257,0.305228,0.315516,0.286781,0.258003,0.385883,0.344255,0.34125,0.284355,0.379644,0.232537,0.228952,0.243719,0.25082,0.355665,0.296676,0.275094,0.34747,0.311058,0.287713,0.262106,0.284977,0.281851,0.344556,0.38999,0.372526,0.387003,0.33406,0.357263,0.278269,0.351983,0.405996,0.278289,0.372313,0.275792,0.352189,0.250034,0.2955,0.308474,0.437265,0.301353,0.243687,0.466255,0.385109,0.335021,0.251748,0.136328,0.314609,0.510633,0.26839,0.424245,0.298766,0.381254,0.280344,0.302759,0.245907,0.300574,0.440621,0.34993,0.305821,0.340657,0.338266,0.213408,0.220509,0.283653,0.31365,1.0,0.276975,0.393393,0.316639,0.306019,0.284541,0.29476,0.211463,0.350936,0.21695,0.274008,0.249687,0.4353,0.296549,0.297189,0.305989,0.309397,0.24498,0.344192,0.312374,0.277883,0.403664,0.307527,0.285957,0.410046,0.390746,0.272848,0.158503
Snowglobe,0.297767,0.365054,0.322658,0.328625,0.332038,0.356064,0.36619,0.330802,0.30905,0.450438,0.344675,0.278422,0.212718,0.290574,0.302174,0.358261,0.326013,0.388917,0.308624,0.38317,0.294286,0.27727,0.322829,0.306905,0.396103,0.393681,0.289054,0.272092,0.462677,0.447896,0.359843,0.285796,0.31511,0.270759,0.291386,0.243167,0.248376,0.3859,0.302039,0.243569,0.317911,0.36698,0.349799,0.307973,0.267371,0.226668,0.32003,0.411245,0.41909,0.273811,0.361461,0.355651,0.34458,0.34541,0.327864,0.342431,0.428378,0.346838,0.379879,0.353638,0.328715,0.314674,0.260893,0.42524,0.399441,0.307355,0.471596,0.324421,0.339887,0.397522,0.361009,0.380373,0.32285,0.347902,0.316611,0.349902,0.348418,0.279052,0.290558,0.266707,0.248847,0.262894,0.264806,0.333703,0.31837,0.433486,0.344089,0.416955,0.289949,0.399884,0.36269,0.293096,0.4342,0.298169,0.351474,0.327739,0.29113,0.279615,0.293189,0.335648,0.289824,0.358151,0.276975,1.0,0.378634,0.31555,0.334383,0.312956,0.298324,0.202456,0.349392,0.317088,0.288576,0.272588,0.330597,0.301654,0.384529,0.249608,0.451858,0.268539,0.324763,0.485319,0.276611,0.454574,0.298649,0.437966,0.384626,0.29252,0.337464,0.257261
Spoon,0.283732,0.389378,0.302719,0.308619,0.411031,0.252002,0.280343,0.272772,0.303266,0.38504,0.392282,0.381149,0.239623,0.363923,0.332827,0.379252,0.307272,0.333094,0.332815,0.376361,0.450993,0.300039,0.385357,0.287503,0.426172,0.440007,0.247414,0.447625,0.405481,0.368202,0.286672,0.330408,0.389823,0.296426,0.28165,0.33462,0.316032,0.424843,0.391185,0.320225,0.373021,0.521827,0.441258,0.429571,0.332648,0.356782,0.289903,0.322443,0.450359,0.429992,0.418873,0.448904,0.336809,0.492872,0.396836,0.356538,0.383532,0.417693,0.461179,0.414036,0.481609,0.366795,0.360582,0.444153,0.399847,0.354906,0.514993,0.403118,0.337017,0.484525,0.373182,0.389753,0.298312,0.408067,0.399229,0.492643,0.36324,0.248604,0.531886,0.432089,0.283729,0.284269,0.195182,0.335373,0.524941,0.345031,0.521997,0.386251,0.379076,0.412894,0.367054,0.286634,0.383323,0.345142,0.40094,0.338705,0.484544,0.394825,0.293144,0.30597,0.302248,0.388497,0.393393,0.378634,1.0,0.397528,0.434011,0.317505,0.354679,0.234707,0.353704,0.282652,0.401237,0.283361,0.51366,0.31109,0.336802,0.33834,0.493302,0.271084,0.417135,0.39646,0.311257,0.437888,0.389639,0.424692,0.448502,0.586965,0.333067,0.208698
Stapler,0.34699,0.27517,0.205985,0.352246,0.402244,0.201021,0.265574,0.267488,0.446356,0.345145,0.477822,0.457336,0.228428,0.433786,0.346642,0.342801,0.394236,0.342737,0.38088,0.417171,0.421091,0.492403,0.423515,0.252535,0.460091,0.377292,0.244048,0.402592,0.406851,0.336002,0.278478,0.417139,0.452665,0.456724,0.291775,0.386983,0.311812,0.40655,0.434923,0.357645,0.37688,0.493475,0.364258,0.436727,0.291084,0.388555,0.261547,0.291041,0.393603,0.375644,0.40061,0.454072,0.454439,0.392924,0.428176,0.387947,0.42195,0.398107,0.264257,0.511213,0.450434,0.380099,0.345379,0.397662,0.362455,0.44498,0.373269,0.342609,0.355025,0.378835,0.365089,0.471695,0.299868,0.338588,0.320559,0.400833,0.400878,0.388582,0.364908,0.552538,0.299456,0.285188,0.146483,0.430179,0.480585,0.302521,0.502319,0.472967,0.356469,0.390185,0.427548,0.247533,0.309846,0.313784,0.445014,0.320132,0.462701,0.439324,0.269709,0.266262,0.320683,0.461265,0.316639,0.31555,0.397528,1.0,0.603113,0.396579,0.406739,0.236548,0.479031,0.253062,0.292156,0.388586,0.467727,0.487918,0.370964,0.288909,0.401745,0.415389,0.405326,0.319051,0.396131,0.375123,0.483231,0.394627,0.378786,0.389222,0.334223,0.180295
Stapleremover,0.342183,0.300305,0.213059,0.404694,0.411542,0.202784,0.287822,0.26583,0.435625,0.378146,0.465253,0.450812,0.248803,0.402299,0.416814,0.361627,0.374105,0.35137,0.364736,0.430243,0.473243,0.463647,0.377892,0.271735,0.457783,0.405595,0.253052,0.381422,0.411079,0.365657,0.299797,0.374202,0.514307,0.430534,0.304834,0.383669,0.278216,0.429665,0.497038,0.334477,0.409949,0.552422,0.359878,0.450032,0.302011,0.357365,0.274544,0.305551,0.439213,0.429028,0.444229,0.523683,0.44153,0.42266,0.430237,0.430821,0.436534,0.467374,0.318709,0.492335,0.480667,0.382194,0.319448,0.407146,0.363437,0.489836,0.388711,0.326821,0.397636,0.375112,0.427972,0.505828,0.32703,0.358702,0.36303,0.406336,0.372358,0.338175,0.349398,0.471938,0.279423,0.275848,0.155038,0.417386,0.47947,0.312465,0.51394,0.468128,0.335728,0.411592,0.507641,0.250665,0.326556,0.336175,0.427898,0.353372,0.556977,0.496601,0.304009,0.298639,0.335354,0.514396,0.306019,0.334383,0.434011,0.603113,1.0,0.391678,0.456915,0.27147,0.46955,0.301155,0.305882,0.377584,0.459349,0.45307,0.3611,0.277134,0.436144,0.403884,0.416591,0.338665,0.378014,0.375178,0.55477,0.455394,0.390145,0.43753,0.349867,0.19696
Storagebin,0.377537,0.276356,0.200771,0.35885,0.373367,0.200839,0.423334,0.345979,0.416199,0.270557,0.420716,0.448112,0.169888,0.504251,0.25453,0.37829,0.307678,0.31564,0.490627,0.435506,0.296317,0.287957,0.371563,0.302019,0.419011,0.357429,0.230376,0.347726,0.374685,0.370774,0.238582,0.46094,0.319973,0.394462,0.370357,0.421806,0.406626,0.348187,0.275918,0.358521,0.307061,0.407039,0.336421,0.329036,0.273448,0.281909,0.303173,0.257428,0.308114,0.299165,0.371147,0.355011,0.39869,0.338786,0.341894,0.431063,0.357732,0.295897,0.241549,0.338954,0.345074,0.337845,0.34423,0.361432,0.437973,0.28745,0.32709,0.269269,0.34875,0.352269,0.331335,0.317728,0.311569,0.329075,0.283257,0.425006,0.344238,0.40632,0.28262,0.335201,0.393031,0.275617,0.163764,0.411126,0.352009,0.423248,0.365717,0.394321,0.341369,0.316581,0.300024,0.303078,0.323716,0.264499,0.379803,0.355933,0.326932,0.272306,0.259905,0.258733,0.366439,0.343675,0.284541,0.312956,0.317505,0.396579,0.391678,1.0,0.286472,0.277199,0.445978,0.242842,0.296079,0.36272,0.344595,0.3202,0.496505,0.25165,0.32936,0.277997,0.3484,0.357766,0.524406,0.345301,0.309492,0.373777,0.324482,0.341827,0.333936,0.252903
Stroller,0.292612,0.231344,0.165865,0.398879,0.399802,0.158749,0.257673,0.211368,0.362466,0.311652,0.371169,0.384806,0.595274,0.304131,0.363052,0.320892,0.344937,0.334318,0.277711,0.338074,0.310862,0.407379,0.302202,0.207893,0.368019,0.379522,0.289016,0.387051,0.361598,0.288855,0.370403,0.287195,0.375109,0.336432,0.234588,0.359891,0.242112,0.351094,0.431334,0.3749,0.329871,0.426504,0.381951,0.416187,0.284792,0.284915,0.221349,0.230657,0.34391,0.414021,0.363158,0.415374,0.416326,0.317933,0.355517,0.386395,0.346636,0.441727,0.31674,0.381476,0.412631,0.34847,0.376885,0.367696,0.377277,0.582708,0.348888,0.261802,0.32188,0.342795,0.372526,0.463902,0.285034,0.287242,0.338078,0.341747,0.354115,0.238752,0.340996,0.352123,0.22118,0.261899,0.149103,0.304233,0.453291,0.247532,0.415264,0.386642,0.27474,0.337009,0.521388,0.203041,0.254845,0.344027,0.377504,0.30059,0.453149,0.581081,0.242035,0.228504,0.282388,0.361787,0.29476,0.298324,0.354679,0.406739,0.456915,0.286472,1.0,0.241539,0.414168,0.280329,0.322079,0.38691,0.368768,0.371991,0.286755,0.278807,0.42005,0.413596,0.417537,0.273787,0.271878,0.322832,0.452501,0.358192,0.394817,0.354208,0.256493,0.165818
Suit,0.238295,0.202839,0.160811,0.37075,0.243403,0.123333,0.181909,0.287005,0.231676,0.208265,0.249899,0.244822,0.130218,0.291785,0.182638,0.226199,0.228598,0.198163,0.280444,0.281003,0.21908,0.168349,0.240308,0.224028,0.234242,0.264354,0.157245,0.215527,0.239331,0.217451,0.160798,0.262471,0.250284,0.244427,0.310464,0.214486,0.196598,0.239973,0.189466,0.191284,0.242932,0.266734,0.206372,0.214217,0.204712,0.149425,0.230763,0.172438,0.175536,0.196141,0.367707,0.240206,0.202,0.231522,0.23904,0.335265,0.287186,0.222455,0.167218,0.218555,0.229578,0.294465,0.185553,0.255416,0.248612,0.171988,0.216305,0.2109,0.228589,0.237004,0.265376,0.213378,0.248129,0.245044,0.216284,0.35794,0.261712,0.20316,0.198248,0.193525,0.188548,0.184366,0.100838,0.228682,0.23629,0.254518,0.247108,0.221175,0.247193,0.21656,0.243112,0.208488,0.239788,0.164776,0.224599,0.423061,0.23117,0.184768,0.32864,0.186446,0.483932,0.271818,0.211463,0.202456,0.234707,0.236548,0.27147,0.277199,0.241539,1.0,0.26563,0.243207,0.157443,0.290894,0.230167,0.177611,0.261301,0.185139,0.223394,0.174475,0.339651,0.241,0.286971,0.233579,0.198394,0.239063,0.233424,0.284959,0.224445,0.195175
Suitcase,0.467237,0.281108,0.202743,0.484263,0.425427,0.214081,0.342067,0.280506,0.420516,0.368411,0.426835,0.438337,0.221074,0.499826,0.381361,0.363171,0.346228,0.323856,0.435189,0.440859,0.294352,0.399151,0.459216,0.26263,0.493545,0.382386,0.276064,0.390039,0.492147,0.374526,0.30856,0.453182,0.410185,0.397354,0.304745,0.402409,0.372881,0.384409,0.441084,0.358249,0.384075,0.443902,0.411828,0.452248,0.261922,0.321136,0.284966,0.248995,0.336536,0.312392,0.427436,0.385495,0.479765,0.385699,0.367479,0.49438,0.372458,0.396619,0.298477,0.379737,0.433056,0.327852,0.411926,0.40718,0.486412,0.43971,0.416856,0.383001,0.421869,0.378245,0.374587,0.503591,0.321604,0.319108,0.297347,0.410683,0.337747,0.395961,0.377854,0.405829,0.319658,0.267042,0.137112,0.454242,0.495564,0.35933,0.475093,0.452722,0.400183,0.332714,0.415781,0.238938,0.369972,0.379199,0.447919,0.332298,0.390304,0.418549,0.258367,0.260367,0.304998,0.378301,0.350936,0.349392,0.353704,0.479031,0.46955,0.445978,0.414168,0.26563,1.0,0.25526,0.309541,0.366516,0.403742,0.405949,0.477078,0.26548,0.425627,0.441777,0.376944,0.370029,0.462453,0.462474,0.437215,0.404481,0.401472,0.3418,0.291494,0.193119
Teddy Bear,0.255165,0.348475,0.265949,0.318402,0.251301,0.232771,0.284688,0.317513,0.257779,0.251359,0.297727,0.231014,0.201203,0.222349,0.261459,0.249844,0.20561,0.232043,0.220876,0.276663,0.248499,0.221608,0.228875,0.237278,0.282042,0.32558,0.205146,0.232497,0.248584,0.241174,0.226575,0.215612,0.294068,0.272502,0.269804,0.188683,0.167511,0.30465,0.282153,0.188143,0.302673,0.268627,0.263413,0.26033,0.255309,0.207822,0.284846,0.244063,0.250355,0.229846,0.315286,0.287419,0.235548,0.296004,0.282004,0.289958,0.337833,0.307719,0.248427,0.249777,0.287355,0.280878,0.196306,0.282986,0.260068,0.261247,0.281152,0.22713,0.265187,0.301039,0.3132,0.275263,0.264512,0.32528,0.280306,0.313543,0.315122,0.189284,0.228858,0.220604,0.174525,0.233633,0.182364,0.266218,0.269136,0.249975,0.269967,0.268919,0.237024,0.275375,0.324343,0.248623,0.278672,0.209987,0.25343,0.33619,0.258926,0.27449,0.290579,0.276385,0.263224,0.297163,0.21695,0.317088,0.282652,0.253062,0.301155,0.242842,0.280329,0.243207,0.25526,1.0,0.253912,0.206957,0.268723,0.213947,0.226782,0.197868,0.284682,0.228219,0.283445,0.266353,0.228217,0.265731,0.265202,0.277579,0.303768,0.25073,0.28145,0.335234
Tennisracket,0.360146,0.248929,0.205414,0.248903,0.293974,0.242537,0.388712,0.248878,0.241499,0.237165,0.342898,0.303016,0.313584,0.312158,0.26537,0.273718,0.25815,0.216447,0.271054,0.269056,0.347825,0.273745,0.311619,0.194491,0.406156,0.318978,0.292287,0.309704,0.278884,0.269255,0.31534,0.279992,0.282308,0.228504,0.223607,0.268002,0.234643,0.328263,0.296859,0.317943,0.253472,0.361498,0.524004,0.298552,0.228813,0.272471,0.217126,0.330338,0.395769,0.351773,0.273015,0.36615,0.300413,0.42799,0.288494,0.297978,0.295852,0.39471,0.253243,0.313549,0.336781,0.304935,0.317063,0.309289,0.350757,0.312941,0.364113,0.245593,0.261839,0.366723,0.314175,0.272209,0.203353,0.270206,0.32497,0.356209,0.335844,0.226657,0.341307,0.330801,0.225645,0.199015,0.165068,0.257917,0.364792,0.274103,0.353827,0.330906,0.297057,0.343718,0.278817,0.246735,0.245181,0.251647,0.351669,0.267546,0.364177,0.308172,0.213272,0.228034,0.233036,0.2816,0.274008,0.288576,0.401237,0.292156,0.305882,0.296079,0.322079,0.157443,0.309541,0.253912,1.0,0.291742,0.350056,0.286509,0.309566,0.227187,0.311099,0.22242,0.333123,0.264246,0.259634,0.280322,0.295529,0.285842,0.329354,0.441078,0.235653,0.184558
Tent,0.273,0.254048,0.189356,0.359013,0.351163,0.189348,0.281184,0.288125,0.367929,0.261854,0.344645,0.348304,0.222711,0.366682,0.246513,0.31814,0.361497,0.227107,0.337863,0.313665,0.324808,0.335137,0.289801,0.25208,0.313384,0.330609,0.251663,0.31962,0.295915,0.251043,0.258493,0.319431,0.297643,0.333505,0.287734,0.35818,0.284147,0.288055,0.265588,0.372138,0.257125,0.40736,0.329292,0.297373,0.239694,0.246123,0.238769,0.266961,0.270793,0.308572,0.328355,0.358558,0.335846,0.261584,0.297831,0.391896,0.36039,0.330129,0.277116,0.375358,0.286344,0.452468,0.321739,0.37515,0.360439,0.332707,0.2954,0.224982,0.262506,0.332598,0.30637,0.294413,0.296426,0.279427,0.284197,0.339352,0.431662,0.286457,0.259764,0.324415,0.260626,0.217351,0.132121,0.310109,0.331329,0.275212,0.310571,0.339634,0.237162,0.294745,0.288597,0.235879,0.226686,0.220827,0.332572,0.32041,0.309391,0.300971,0.238753,0.227002,0.34803,0.33431,0.249687,0.272588,0.283361,0.388586,0.377584,0.36272,0.38691,0.290894,0.366516,0.206957,0.291742,1.0,0.319053,0.402576,0.311612,0.21708,0.285707,0.313732,0.508098,0.267958,0.343833,0.266435,0.317887,0.295669,0.304728,0.348348,0.280124,0.177547
Toothbrush,0.317853,0.3418,0.234724,0.326224,0.400766,0.227487,0.277352,0.266657,0.370262,0.363293,0.443716,0.426463,0.243089,0.410357,0.342062,0.37769,0.342493,0.360295,0.363076,0.391208,0.43869,0.345583,0.395094,0.273051,0.426982,0.439713,0.237342,0.491138,0.376182,0.329448,0.256612,0.354032,0.382896,0.368465,0.299614,0.354557,0.330877,0.395083,0.427986,0.351812,0.361845,0.529102,0.405506,0.446082,0.350645,0.433657,0.294714,0.279335,0.384507,0.39068,0.424385,0.433659,0.353995,0.459624,0.417848,0.379132,0.388181,0.388149,0.328387,0.463323,0.500147,0.398347,0.397009,0.430293,0.383812,0.392927,0.442183,0.417476,0.325407,0.429831,0.357657,0.43028,0.313495,0.390524,0.391203,0.479019,0.381499,0.260161,0.533855,0.526525,0.306586,0.315609,0.159581,0.37161,0.557101,0.313798,0.517801,0.391379,0.380801,0.382719,0.388521,0.271364,0.348066,0.370639,0.415587,0.340891,0.469384,0.421663,0.280968,0.298494,0.316916,0.42381,0.4353,0.330597,0.51366,0.467727,0.459349,0.344595,0.368768,0.230167,0.403742,0.268723,0.350056,0.319053,1.0,0.380185,0.338032,0.357572,0.421232,0.318785,0.432774,0.359956,0.344392,0.449495,0.432817,0.397327,0.447115,0.550035,0.345917,0.217729
Train,0.319423,0.258552,0.198368,0.293225,0.296635,0.201712,0.249236,0.218887,0.361482,0.282843,0.424514,0.383381,0.239115,0.357727,0.341546,0.291577,0.39556,0.293314,0.306079,0.324403,0.326662,0.519399,0.350751,0.219757,0.374529,0.319314,0.242196,0.340404,0.319943,0.269493,0.271566,0.338197,0.410672,0.337238,0.238752,0.32786,0.26461,0.320248,0.406478,0.312177,0.304029,0.380381,0.310693,0.324795,0.247787,0.335661,0.250206,0.254997,0.314649,0.326982,0.322951,0.415067,0.36769,0.309942,0.350704,0.315434,0.327385,0.328162,0.21651,0.453696,0.362202,0.341764,0.290526,0.327565,0.309161,0.448593,0.326678,0.252545,0.263007,0.328638,0.311443,0.385244,0.296092,0.288174,0.272717,0.316831,0.349767,0.303439,0.275827,0.407165,0.232646,0.237542,0.154509,0.382595,0.391964,0.234684,0.384598,0.399183,0.301029,0.329003,0.373561,0.203634,0.26631,0.290069,0.372608,0.260285,0.343935,0.396589,0.217655,0.246539,0.262982,0.385515,0.296549,0.301654,0.31109,0.487918,0.45307,0.3202,0.371991,0.177611,0.405949,0.213947,0.286509,0.402576,0.380185,1.0,0.301571,0.263688,0.333581,0.489009,0.343537,0.273091,0.294214,0.313661,0.443004,0.317627,0.344265,0.289415,0.313982,0.187453
Trashbin,0.368093,0.281085,0.211845,0.352103,0.38467,0.214121,0.414825,0.292969,0.35688,0.322684,0.358018,0.388967,0.166663,0.454499,0.285799,0.353001,0.303091,0.338519,0.429872,0.410816,0.261222,0.304069,0.404131,0.278437,0.447144,0.339311,0.232327,0.324603,0.502452,0.473698,0.259532,0.438762,0.314092,0.321226,0.310059,0.381518,0.374032,0.338597,0.303086,0.312222,0.310012,0.387768,0.371083,0.336393,0.249092,0.243318,0.262624,0.271364,0.3448,0.275126,0.366186,0.353474,0.422653,0.34256,0.306851,0.387295,0.35098,0.315687,0.27488,0.326109,0.334271,0.304123,0.340967,0.39157,0.463771,0.292917,0.393669,0.336777,0.350948,0.361263,0.328703,0.366163,0.283006,0.317135,0.260628,0.414505,0.294766,0.401916,0.308436,0.318505,0.335141,0.248849,0.147316,0.405478,0.386468,0.497543,0.408652,0.398819,0.35445,0.317405,0.295939,0.268041,0.398493,0.266608,0.385685,0.332593,0.300705,0.27239,0.227385,0.23253,0.320343,0.306171,0.297189,0.384529,0.336802,0.370964,0.3611,0.496505,0.286755,0.261301,0.477078,0.226782,0.309566,0.311612,0.338032,0.301571,1.0,0.233683,0.389913,0.288662,0.319291,0.428926,0.428894,0.45352,0.314744,0.432823,0.342865,0.329485,0.280737,0.216442
Tree,0.192028,0.253771,0.163488,0.223353,0.277332,0.153068,0.196679,0.226711,0.268748,0.238828,0.31438,0.339621,0.19832,0.302603,0.229518,0.302933,0.252805,0.492568,0.301279,0.308624,0.266021,0.245412,0.27757,0.229469,0.274539,0.361433,0.212393,0.415923,0.230761,0.220744,0.19128,0.275554,0.246645,0.264525,0.262262,0.269268,0.315371,0.275153,0.273366,0.27754,0.209278,0.320502,0.276957,0.315287,0.440817,0.309141,0.26485,0.203712,0.236413,0.332022,0.303461,0.312452,0.238886,0.302514,0.31776,0.261644,0.259776,0.255479,0.21777,0.291577,0.396194,0.324506,0.322971,0.297254,0.301431,0.249441,0.308814,0.22182,0.205809,0.342385,0.2817,0.284483,0.280843,0.322729,0.335561,0.390076,0.329878,0.207771,0.322607,0.316528,0.290766,0.345805,0.150342,0.240366,0.406863,0.224249,0.326685,0.264435,0.286499,0.300671,0.285124,0.282269,0.212919,0.312257,0.290271,0.29683,0.330268,0.285473,0.266288,0.268486,0.318621,0.260744,0.305989,0.249608,0.33834,0.288909,0.277134,0.25165,0.278807,0.185139,0.26548,0.197868,0.227187,0.21708,0.357572,0.263688,0.233683,1.0,0.296941,0.216935,0.34171,0.257851,0.24716,0.292634,0.281088,0.259069,0.366581,0.350299,0.274722,0.182557
Trophy,0.290805,0.360244,0.269767,0.355812,0.442333,0.245489,0.336687,0.240608,0.367586,0.513036,0.395132,0.378521,0.25962,0.328321,0.371558,0.389449,0.350294,0.410086,0.318397,0.420488,0.368757,0.355291,0.346253,0.239049,0.434631,0.448114,0.266069,0.383331,0.534029,0.481478,0.332233,0.309222,0.366791,0.331212,0.265609,0.345993,0.279059,0.410252,0.423873,0.315077,0.355475,0.453089,0.41777,0.475312,0.302137,0.276743,0.269963,0.288511,0.475404,0.428199,0.39851,0.457878,0.430243,0.399106,0.375895,0.394154,0.401105,0.469231,0.485744,0.390651,0.47461,0.345447,0.357716,0.485858,0.467743,0.413948,0.555467,0.361747,0.415583,0.4035,0.40712,0.523803,0.300161,0.366016,0.385106,0.406423,0.363787,0.28948,0.419295,0.358931,0.252498,0.294693,0.184895,0.337323,0.47221,0.398415,0.476505,0.449791,0.320323,0.427275,0.409486,0.246083,0.387586,0.377908,0.438015,0.336979,0.468898,0.396634,0.262105,0.285065,0.279893,0.374519,0.309397,0.451858,0.493302,0.401745,0.436144,0.32936,0.42005,0.223394,0.425627,0.284682,0.311099,0.285707,0.421232,0.333581,0.389913,0.296941,1.0,0.330879,0.383229,0.452317,0.295675,0.46645,0.38676,0.529958,0.44934,0.406157,0.293463,0.222754
Truck,0.296322,0.222417,0.166539,0.309401,0.291398,0.148714,0.220066,0.169477,0.318967,0.264603,0.358323,0.32877,0.266095,0.316102,0.358947,0.258494,0.332093,0.270382,0.256462,0.300524,0.250344,0.552907,0.32811,0.179437,0.350989,0.28031,0.218325,0.300299,0.34185,0.281251,0.265406,0.31646,0.385022,0.308507,0.200901,0.298645,0.235703,0.309402,0.418036,0.267647,0.311054,0.324636,0.28555,0.348137,0.218097,0.287568,0.205805,0.201714,0.284291,0.293898,0.290676,0.363034,0.355845,0.268099,0.304945,0.304488,0.276808,0.334547,0.213165,0.345815,0.33819,0.258304,0.272016,0.292957,0.306219,0.504049,0.295626,0.245227,0.292202,0.28814,0.29106,0.403635,0.25368,0.258487,0.247038,0.264078,0.277666,0.287738,0.259894,0.334545,0.209329,0.215726,0.141148,0.34855,0.371451,0.216377,0.35664,0.369991,0.269323,0.278934,0.375835,0.162463,0.254868,0.282696,0.337896,0.21371,0.317852,0.451823,0.192762,0.205399,0.212577,0.314016,0.24498,0.268539,0.271084,0.415389,0.403884,0.277997,0.413596,0.174475,0.441777,0.228219,0.22242,0.313732,0.318785,0.489009,0.288662,0.216935,0.330879,1.0,0.294142,0.246257,0.269451,0.301045,0.427071,0.319158,0.319549,0.229439,0.251736,0.138848
Umbrella,0.292012,0.305861,0.236947,0.36726,0.408331,0.232043,0.287988,0.330323,0.381105,0.340128,0.399012,0.415808,0.284121,0.383382,0.285536,0.376412,0.353249,0.325548,0.354401,0.358053,0.379853,0.32537,0.328932,0.292846,0.359835,0.439985,0.262235,0.444112,0.334587,0.298278,0.269428,0.326502,0.35206,0.358508,0.338714,0.3738,0.313518,0.355755,0.351434,0.388625,0.315085,0.469115,0.391308,0.404681,0.354144,0.337487,0.29652,0.295626,0.323452,0.368784,0.405194,0.392945,0.348519,0.369695,0.379404,0.411607,0.400577,0.374356,0.344792,0.402585,0.429758,0.49477,0.380118,0.443723,0.394217,0.356691,0.389187,0.303477,0.306613,0.431101,0.360015,0.368296,0.328657,0.36989,0.380538,0.456056,0.484533,0.2607,0.399047,0.403069,0.294252,0.29252,0.162873,0.327318,0.486892,0.306572,0.409747,0.355581,0.3152,0.352149,0.357941,0.293266,0.292088,0.326997,0.391416,0.387105,0.410441,0.384466,0.300963,0.297226,0.418189,0.375827,0.344192,0.324763,0.417135,0.405326,0.416591,0.3484,0.417537,0.339651,0.376944,0.283445,0.333123,0.508098,0.432774,0.343537,0.319291,0.34171,0.383229,0.294142,1.0,0.329784,0.335806,0.351092,0.373226,0.35859,0.430131,0.472343,0.319061,0.217279
Vase,0.300176,0.372935,0.3095,0.322413,0.362247,0.307564,0.363527,0.302967,0.313652,0.430752,0.352042,0.315076,0.181134,0.344785,0.281847,0.350747,0.287895,0.366955,0.352058,0.391416,0.312244,0.2634,0.350242,0.318168,0.394454,0.393784,0.225351,0.309236,0.467585,0.493451,0.277463,0.326698,0.315431,0.294546,0.325903,0.281454,0.28856,0.366953,0.287729,0.268999,0.315839,0.402353,0.350442,0.321478,0.284474,0.230727,0.309993,0.333441,0.379615,0.297457,0.394842,0.374146,0.328384,0.359234,0.331155,0.357019,0.40011,0.332158,0.340733,0.344159,0.345513,0.346715,0.303033,0.435923,0.415384,0.273565,0.434878,0.342515,0.33261,0.384067,0.361003,0.347086,0.340479,0.34677,0.302975,0.414595,0.336509,0.272627,0.302906,0.294971,0.28137,0.280446,0.212442,0.325253,0.353806,0.484596,0.389129,0.35018,0.330556,0.367798,0.340371,0.297922,0.411056,0.290249,0.330331,0.353763,0.325573,0.267784,0.282381,0.308257,0.328967,0.353277,0.312374,0.485319,0.39646,0.319051,0.338665,0.357766,0.273787,0.241,0.370029,0.266353,0.264246,0.267958,0.359956,0.273091,0.428926,0.257851,0.452317,0.246257,0.329784,1.0,0.318395,0.482348,0.299711,0.47732,0.378062,0.347923,0.331453,0.250588
Wallet,0.375218,0.256202,0.216365,0.406952,0.343359,0.174221,0.3369,0.360119,0.398754,0.263718,0.449846,0.442293,0.151781,0.537723,0.256845,0.347956,0.270503,0.292666,0.538229,0.454572,0.29655,0.27103,0.389631,0.308861,0.393892,0.347055,0.229419,0.340674,0.321745,0.311316,0.23631,0.500961,0.321414,0.417786,0.395538,0.406219,0.444846,0.356119,0.265347,0.309835,0.317162,0.40074,0.302457,0.325589,0.256602,0.288753,0.283925,0.252968,0.282845,0.294319,0.418404,0.343084,0.366968,0.326905,0.340085,0.503727,0.361669,0.279434,0.21896,0.320724,0.34852,0.333324,0.302759,0.339537,0.410794,0.266807,0.284546,0.288668,0.365042,0.347581,0.333467,0.302743,0.294528,0.305867,0.270743,0.420255,0.342464,0.404228,0.259278,0.335816,0.429647,0.276081,0.1445,0.39159,0.348388,0.36326,0.35678,0.380477,0.339832,0.303279,0.316102,0.307801,0.314581,0.260538,0.364693,0.362734,0.326636,0.262842,0.323013,0.240484,0.377193,0.377112,0.277883,0.276611,0.311257,0.396131,0.378014,0.524406,0.271878,0.286971,0.462453,0.228217,0.259634,0.343833,0.344392,0.294214,0.428894,0.24716,0.295675,0.269451,0.335806,0.318395,1.0,0.32254,0.291635,0.334315,0.29418,0.329617,0.304449,0.201056
Waterbottle,0.307774,0.339408,0.254608,0.353846,0.409265,0.23407,0.299597,0.266479,0.326545,0.501123,0.356619,0.345661,0.206858,0.399131,0.377632,0.369719,0.295421,0.353636,0.358305,0.401751,0.310046,0.294072,0.411804,0.295614,0.458142,0.410066,0.23341,0.370689,0.571253,0.457288,0.277909,0.360067,0.33666,0.296107,0.285904,0.308247,0.325435,0.373798,0.409713,0.283405,0.366186,0.457135,0.397055,0.435997,0.299251,0.306662,0.27684,0.292661,0.362772,0.301193,0.422341,0.386571,0.379643,0.40391,0.343861,0.369545,0.382832,0.367978,0.38199,0.356067,0.425706,0.332336,0.375935,0.479355,0.451466,0.354362,0.494501,0.539671,0.374861,0.405144,0.356697,0.479596,0.304896,0.355088,0.320449,0.455966,0.300842,0.290386,0.448429,0.400365,0.286988,0.292014,0.147056,0.374583,0.481378,0.406733,0.503721,0.389205,0.39125,0.353891,0.372203,0.264541,0.507809,0.359653,0.39658,0.344121,0.359902,0.345787,0.254038,0.259894,0.303372,0.344144,0.403664,0.454574,0.437888,0.375123,0.375178,0.345301,0.322832,0.233579,0.462474,0.265731,0.280322,0.266435,0.449495,0.313661,0.45352,0.292634,0.46645,0.301045,0.351092,0.482348,0.32254,1.0,0.406632,0.471212,0.430391,0.393979,0.299152,0.194627
Watergun,0.299995,0.281144,0.202556,0.365565,0.358326,0.200825,0.237432,0.211953,0.372544,0.319442,0.414284,0.409036,0.276148,0.333625,0.460297,0.295026,0.312349,0.3231,0.296558,0.348445,0.367836,0.414979,0.331423,0.245248,0.401342,0.366954,0.233464,0.353574,0.374636,0.317233,0.283358,0.315466,0.486165,0.375091,0.249603,0.335097,0.246374,0.392421,0.57522,0.291412,0.434125,0.493611,0.333572,0.405652,0.296582,0.348569,0.251306,0.302219,0.356883,0.37143,0.392269,0.503214,0.389132,0.379381,0.386432,0.340782,0.339882,0.431497,0.273286,0.439505,0.448081,0.349442,0.303499,0.373326,0.322538,0.521168,0.408897,0.36144,0.306874,0.378879,0.374804,0.472851,0.319587,0.32228,0.333724,0.363631,0.342343,0.258988,0.368033,0.451434,0.236938,0.278708,0.133832,0.381039,0.471743,0.253368,0.483002,0.392329,0.320166,0.347338,0.489348,0.211627,0.291045,0.320073,0.383238,0.283941,0.439432,0.494557,0.256122,0.256807,0.289349,0.39603,0.307527,0.298649,0.389639,0.483231,0.55477,0.309492,0.452501,0.198394,0.437215,0.265202,0.295529,0.317887,0.432817,0.443004,0.314744,0.281088,0.38676,0.427071,0.373226,0.299711,0.291635,0.406632,1.0,0.392241,0.391502,0.357158,0.293785,0.174195
Wateringcan,0.286357,0.348016,0.283615,0.371444,0.389685,0.233201,0.381139,0.26201,0.350137,0.446488,0.402889,0.361113,0.235846,0.351184,0.357977,0.353744,0.301994,0.374282,0.337298,0.401967,0.416728,0.353697,0.353081,0.294406,0.433424,0.395916,0.2333,0.339421,0.516004,0.586604,0.28434,0.321257,0.373262,0.34999,0.302254,0.323136,0.275707,0.418692,0.373508,0.288022,0.366542,0.462311,0.37434,0.466855,0.28284,0.294777,0.272198,0.31065,0.470434,0.410593,0.413988,0.490911,0.369088,0.360237,0.375931,0.415114,0.409383,0.478966,0.332131,0.385165,0.42473,0.334867,0.311314,0.42507,0.424412,0.378211,0.421439,0.357275,0.471994,0.372516,0.397734,0.408387,0.303746,0.347662,0.350537,0.391593,0.316452,0.267127,0.330848,0.35956,0.264759,0.267611,0.176641,0.360409,0.399851,0.453777,0.436329,0.396417,0.313039,0.443221,0.385263,0.264497,0.423984,0.321874,0.359183,0.360594,0.481858,0.37088,0.263532,0.290142,0.302324,0.396351,0.285957,0.437966,0.424692,0.394627,0.455394,0.373777,0.358192,0.239063,0.404481,0.277579,0.285842,0.295669,0.397327,0.317627,0.432823,0.259069,0.529958,0.319158,0.35859,0.47732,0.334315,0.471212,0.392241,1.0,0.382541,0.416707,0.323687,0.225861
Windchime,0.323367,0.342461,0.240559,0.322416,0.459465,0.231463,0.285361,0.246863,0.360252,0.380763,0.394593,0.429261,0.289694,0.379502,0.331957,0.419412,0.343938,0.390832,0.338417,0.391674,0.331876,0.3122,0.354693,0.255369,0.396363,0.456628,0.290658,0.487232,0.411321,0.33598,0.294768,0.348154,0.360769,0.322987,0.276425,0.390324,0.341906,0.38063,0.401228,0.380933,0.327747,0.424835,0.415097,0.458323,0.361387,0.363732,0.28484,0.269305,0.344993,0.353227,0.384963,0.381778,0.370723,0.392716,0.406017,0.353045,0.34698,0.359788,0.402524,0.37602,0.511087,0.384872,0.427533,0.439159,0.448589,0.382772,0.449292,0.346845,0.322893,0.465999,0.357592,0.463568,0.316475,0.386075,0.408008,0.431055,0.392508,0.269929,0.444395,0.39868,0.314344,0.328341,0.18814,0.343298,0.566665,0.323503,0.454697,0.387816,0.353879,0.368343,0.384573,0.271945,0.357803,0.410631,0.436402,0.333258,0.404868,0.417732,0.277181,0.293312,0.323342,0.349606,0.410046,0.384626,0.448502,0.378786,0.390145,0.324482,0.394817,0.233424,0.401472,0.303768,0.329354,0.304728,0.447115,0.344265,0.342865,0.366581,0.44934,0.319549,0.430131,0.378062,0.29418,0.430391,0.391502,0.382541,1.0,0.436924,0.317298,0.199149
Wishbone,0.248292,0.377254,0.259449,0.334509,0.436769,0.186636,0.301035,0.264366,0.321748,0.333791,0.364659,0.462497,0.24245,0.375802,0.276342,0.39478,0.283509,0.3351,0.355112,0.38653,0.550175,0.289961,0.357012,0.291171,0.389096,0.457678,0.241794,0.544098,0.337372,0.319017,0.232929,0.328632,0.362397,0.290476,0.28925,0.404553,0.358787,0.366069,0.373586,0.38511,0.326067,0.563284,0.4273,0.456889,0.322676,0.428482,0.278641,0.244834,0.393778,0.431631,0.44492,0.401876,0.31739,0.496453,0.400257,0.42061,0.358254,0.419877,0.330239,0.383808,0.502387,0.397277,0.443616,0.419064,0.429258,0.354236,0.398951,0.355482,0.335113,0.435795,0.349642,0.35056,0.277359,0.424741,0.40954,0.510516,0.348622,0.224972,0.607394,0.48109,0.298349,0.277427,0.174612,0.317295,0.52413,0.318258,0.510826,0.335834,0.355033,0.385927,0.34818,0.296958,0.335866,0.33018,0.368633,0.360474,0.512907,0.372089,0.274003,0.310895,0.322799,0.382353,0.390746,0.29252,0.586965,0.389222,0.43753,0.341827,0.354208,0.284959,0.3418,0.25073,0.441078,0.348348,0.550035,0.289415,0.329485,0.350299,0.406157,0.229439,0.472343,0.347923,0.329617,0.393979,0.357158,0.416707,0.436924,1.0,0.363097,0.214042
Wrap,0.250652,0.361162,0.298348,0.285889,0.281454,0.247272,0.296028,0.272285,0.337917,0.25786,0.341094,0.317425,0.180118,0.314241,0.266185,0.332355,0.265946,0.33752,0.327029,0.334549,0.331394,0.270575,0.276702,0.350063,0.313825,0.340338,0.197534,0.304304,0.263345,0.300293,0.224303,0.286044,0.289891,0.335208,0.316004,0.25952,0.267068,0.341108,0.25745,0.246696,0.289877,0.351522,0.261822,0.267445,0.320545,0.26885,0.333812,0.30453,0.292313,0.273662,0.350931,0.33888,0.264503,0.321205,0.337834,0.30688,0.330966,0.291654,0.229663,0.347483,0.31834,0.32399,0.256192,0.329514,0.289095,0.262954,0.317456,0.263876,0.25928,0.352824,0.309214,0.272664,0.387099,0.379387,0.287283,0.353073,0.337194,0.232455,0.27823,0.311209,0.260053,0.321277,0.455295,0.307386,0.285727,0.303188,0.307706,0.308006,0.269226,0.334301,0.30613,0.291694,0.292807,0.25082,0.279731,0.322003,0.299515,0.25942,0.283751,0.368493,0.302756,0.346581,0.272848,0.337464,0.333067,0.334223,0.349867,0.333936,0.256493,0.224445,0.291494,0.28145,0.235653,0.280124,0.345917,0.313982,0.280737,0.274722,0.293463,0.251736,0.319061,0.331453,0.304449,0.299152,0.293785,0.323687,0.317298,0.363097,1.0,0.236979
Yarn,0.226827,0.387599,0.365339,0.191051,0.181114,0.256029,0.411004,0.490446,0.220491,0.183001,0.26899,0.200976,0.142307,0.177305,0.186962,0.201754,0.163987,0.194969,0.196031,0.218395,0.238768,0.177538,0.166167,0.215675,0.212356,0.28053,0.137236,0.172249,0.178786,0.21768,0.176845,0.166603,0.19413,0.20694,0.288938,0.15723,0.158157,0.24737,0.176325,0.171861,0.219795,0.202864,0.209827,0.178247,0.196774,0.139838,0.399502,0.231683,0.207996,0.210134,0.244003,0.24549,0.171952,0.286333,0.235698,0.219163,0.349508,0.253866,0.148394,0.191725,0.202972,0.237606,0.155878,0.240089,0.222044,0.155093,0.245369,0.178409,0.210264,0.236587,0.261465,0.159684,0.308167,0.320994,0.234233,0.286778,0.289177,0.152675,0.258093,0.167119,0.163026,0.209562,0.167269,0.17785,0.170505,0.273753,0.19147,0.184858,0.170315,0.246799,0.193496,0.237015,0.200466,0.151577,0.185556,0.347305,0.200069,0.148302,0.347104,0.332454,0.224655,0.226807,0.158503,0.257261,0.208698,0.180295,0.19696,0.252903,0.165818,0.195175,0.193119,0.335234,0.184558,0.177547,0.217729,0.187453,0.216442,0.182557,0.222754,0.138848,0.217279,0.250588,0.201056,0.194627,0.174195,0.225861,0.199149,0.214042,0.236979,1.0
