,Accordion,Acorn,Apple,Backpack,Barstool,Baseball,Basket,Beanie,Bed,Bell,Belt,Bench,Bike,Binder,Binoculars,Birdfeeder,Boat,Bonzai,Book,Bookend,Boomerang,Car,Cellphone,Cheese,Cheesegrater,Christmasstreeornament,Clock,Coatrack,Coffeemaker,Coffeemug,Compass,Computertower,Controller,Couch,Cushion,Desk,Door,Doorknob,Drill,Dryingrack,Dumbbell,Dustpan,Fan,Faucet,Flower,Flute,Fossils,Frisbee,Fryingpan,Glasses,Glove,Goggles,Grill,Hairbrush,Hairclip,Handbag,Hat,Headphones,Hourglass,Kayak,Key,Kite,Ladder,Lamp,Lantern,Lawnmower,Lightbulb,Lipstick,Lock,Lollipop,Mask,Microscope,Minerals,Mushroom,Necklace,Necktie,Orifan,Oven,Paintbrush,Pen,Pictureframe,Pinecone,Pizza,Plug,Pogostick,Pot,Razor,Recordplayer,Remotecontrol,Ring,Rollerskates,Rug,Saltpeppershaker,Saxophone,Scale,Scarf,Scissors,Scooter,Scrunchie,Seashell,Shirt,Shoe,Skiis,Snowglobe,Spoon,Stapler,Stapleremover,Storagebin,Stroller,Suit,Suitcase,Teddy Bear,Tennisracket,Tent,Toothbrush,Train,Trashbin,Tree,Trophy,Truck,Umbrella,Vase,Wallet,Waterbottle,Watergun,Wateringcan,Windchime,Wishbone,Wrap,Yarn
Accordion,1.0,0.527526,0.446423,0.599286,0.568547,0.526275,0.583175,0.55003,0.602242,0.552694,0.615662,0.600823,0.45085,0.617478,0.596439,0.580364,0.580396,0.475552,0.60021,0.608119,0.56156,0.543888,0.613797,0.48696,0.681713,0.558429,0.509079,0.520412,0.62678,0.579262,0.533975,0.632656,0.622301,0.567734,0.514648,0.577807,0.526111,0.571099,0.609297,0.533995,0.59974,0.609167,0.599502,0.559826,0.440186,0.523734,0.507495,0.476166,0.585015,0.513061,0.597552,0.585108,0.624644,0.661416,0.587914,0.639288,0.572646,0.587938,0.527272,0.554061,0.569256,0.562398,0.512245,0.567156,0.623726,0.583694,0.595865,0.57236,0.583092,0.562763,0.579641,0.610333,0.536687,0.527175,0.53531,0.584172,0.624959,0.579164,0.542173,0.567264,0.528886,0.453643,0.381751,0.598428,0.569051,0.551284,0.619021,0.634978,0.57954,0.543124,0.595466,0.455774,0.566235,0.61565,0.606374,0.568666,0.560686,0.594314,0.483142,0.522178,0.523976,0.611769,0.559288,0.587702,0.54709,0.627043,0.642657,0.630346,0.574136,0.559438,0.662856,0.495133,0.58628,0.582724,0.572469,0.615616,0.640734,0.378257,0.591849,0.558849,0.574508,0.566385,0.619914,0.57834,0.608485,0.59934,0.558414,0.526169,0.514082,0.459885
Acorn,0.527526,1.0,0.702995,0.539343,0.577059,0.545837,0.575616,0.581136,0.558233,0.631147,0.593454,0.590907,0.430268,0.562527,0.553028,0.605707,0.531796,0.574546,0.566881,0.608431,0.616509,0.466931,0.572386,0.568142,0.602438,0.610519,0.485313,0.569697,0.591681,0.603987,0.51474,0.55473,0.543376,0.560804,0.505741,0.544423,0.5357,0.624269,0.548256,0.491458,0.621224,0.634531,0.59403,0.564595,0.520538,0.539347,0.639565,0.550858,0.648144,0.540414,0.626782,0.617766,0.557543,0.657527,0.580201,0.57999,0.651039,0.580389,0.592455,0.619025,0.583637,0.550209,0.488019,0.64852,0.588553,0.51076,0.656614,0.60965,0.564092,0.650341,0.594395,0.573143,0.593272,0.700841,0.571912,0.634668,0.561662,0.497908,0.644191,0.591552,0.492202,0.544034,0.455678,0.541022,0.614454,0.588711,0.62658,0.594064,0.571575,0.605695,0.562432,0.50039,0.604055,0.604584,0.56935,0.573118,0.548868,0.547986,0.534382,0.632617,0.510794,0.617897,0.539784,0.642481,0.671435,0.572924,0.578767,0.565921,0.524408,0.499646,0.56287,0.589444,0.581592,0.515375,0.64238,0.550296,0.587878,0.471614,0.63095,0.46406,0.588925,0.644142,0.566061,0.637907,0.553714,0.645369,0.577518,0.633977,0.635171,0.621322
Apple,0.446423,0.702995,1.0,0.486223,0.48136,0.577638,0.521007,0.549674,0.475052,0.553858,0.499151,0.455236,0.390495,0.485085,0.490439,0.512055,0.459921,0.448143,0.486367,0.514797,0.541669,0.425633,0.510428,0.555894,0.514045,0.518316,0.464968,0.449094,0.52741,0.576729,0.492072,0.475037,0.499617,0.482376,0.456135,0.438077,0.443615,0.570761,0.447427,0.408289,0.562162,0.536051,0.515698,0.470363,0.425999,0.411178,0.522679,0.62766,0.613218,0.471744,0.539911,0.556968,0.487448,0.532083,0.495062,0.523105,0.587588,0.532355,0.523547,0.532441,0.461079,0.492938,0.386597,0.556921,0.494583,0.423798,0.572254,0.533295,0.533474,0.58478,0.533522,0.45901,0.495609,0.560075,0.49466,0.504214,0.500315,0.453554,0.482632,0.472078,0.416046,0.402582,0.496655,0.493018,0.472822,0.541597,0.508956,0.524065,0.477916,0.551792,0.488642,0.476763,0.538465,0.471733,0.491648,0.500238,0.47067,0.458319,0.520392,0.553776,0.454936,0.536762,0.432324,0.624053,0.560852,0.494042,0.512996,0.492171,0.4381,0.441881,0.478796,0.529463,0.544734,0.477612,0.515831,0.473985,0.525698,0.338385,0.532193,0.405181,0.509203,0.596845,0.496512,0.534543,0.468973,0.586999,0.470229,0.500708,0.584732,0.569519
Backpack,0.599286,0.539343,0.486223,1.0,0.589726,0.448164,0.539767,0.548597,0.62122,0.603926,0.595719,0.577039,0.460016,0.577536,0.597798,0.563598,0.552646,0.490413,0.5803,0.614242,0.554935,0.557294,0.572853,0.489817,0.610313,0.581108,0.509118,0.537857,0.626346,0.569036,0.52892,0.56051,0.602734,0.610351,0.531099,0.554715,0.49766,0.574158,0.622498,0.48932,0.614288,0.658242,0.572633,0.606317,0.4492,0.483117,0.50547,0.494375,0.592693,0.534368,0.677204,0.606744,0.614948,0.583177,0.572055,0.711926,0.609347,0.628324,0.585438,0.572213,0.575153,0.582548,0.515158,0.598104,0.610711,0.623427,0.589675,0.594467,0.603576,0.573814,0.620461,0.6359,0.577245,0.545707,0.55058,0.589818,0.545796,0.531254,0.574381,0.540658,0.472586,0.465928,0.371877,0.563031,0.595112,0.548506,0.616624,0.610114,0.519382,0.54753,0.633917,0.451982,0.551773,0.617503,0.589441,0.609037,0.573587,0.614769,0.578386,0.50561,0.596502,0.630405,0.527312,0.599779,0.568765,0.621974,0.654983,0.59097,0.64341,0.683005,0.689804,0.539499,0.572201,0.612874,0.57571,0.583837,0.603269,0.391094,0.638789,0.559716,0.616719,0.578846,0.616377,0.610158,0.626132,0.629458,0.576343,0.565566,0.528198,0.445491
Barstool,0.568547,0.577059,0.48136,0.589726,1.0,0.435546,0.566182,0.504554,0.664355,0.648937,0.601713,0.700971,0.549955,0.632237,0.554071,0.654041,0.59372,0.581994,0.584829,0.645597,0.59453,0.514741,0.606671,0.483189,0.672076,0.629987,0.522826,0.675062,0.700512,0.632479,0.532415,0.61533,0.572139,0.625254,0.484533,0.721239,0.598268,0.602784,0.6094,0.673112,0.579855,0.712873,0.666506,0.69917,0.486548,0.55582,0.468618,0.481756,0.630832,0.597964,0.631659,0.616911,0.681187,0.650782,0.596794,0.643338,0.626018,0.621344,0.710744,0.606896,0.65645,0.583824,0.682778,0.689901,0.710024,0.611427,0.665844,0.652312,0.625339,0.651693,0.586545,0.701853,0.501116,0.597164,0.584252,0.627417,0.56239,0.565732,0.721078,0.632035,0.554892,0.448734,0.336733,0.587113,0.747311,0.599923,0.684136,0.647743,0.5707,0.599729,0.586559,0.444801,0.598458,0.631749,0.654534,0.548162,0.638614,0.644881,0.44117,0.490181,0.520963,0.613236,0.599148,0.602841,0.676596,0.645456,0.659162,0.614065,0.649108,0.523911,0.662676,0.498178,0.615766,0.604387,0.660247,0.57842,0.66114,0.470826,0.721576,0.513497,0.656355,0.614104,0.590267,0.663777,0.614379,0.669898,0.666307,0.708634,0.517705,0.450493
Baseball,0.526275,0.545837,0.577638,0.448164,0.435546,1.0,0.536195,0.55059,0.448349,0.484025,0.483554,0.418661,0.384713,0.446158,0.46961,0.478465,0.467303,0.407815,0.462377,0.469452,0.487519,0.38884,0.462658,0.479808,0.494752,0.492795,0.471783,0.396667,0.481293,0.517062,0.50926,0.440822,0.481263,0.445183,0.460885,0.405251,0.374808,0.517401,0.44731,0.402408,0.513781,0.466484,0.508814,0.42276,0.418568,0.3826,0.484241,0.585166,0.533606,0.402754,0.488329,0.493174,0.459281,0.567499,0.46872,0.486493,0.541995,0.508897,0.459955,0.474816,0.424666,0.493071,0.351942,0.493799,0.452592,0.393406,0.557314,0.465328,0.494677,0.505631,0.50819,0.433938,0.440248,0.487205,0.466826,0.467941,0.580073,0.417891,0.424074,0.438253,0.385579,0.405465,0.464568,0.473273,0.425075,0.519813,0.465245,0.489922,0.456729,0.50274,0.473727,0.467264,0.481833,0.428654,0.476261,0.486888,0.420363,0.42494,0.468536,0.519477,0.463165,0.51594,0.407595,0.595341,0.468684,0.459862,0.476752,0.474937,0.415012,0.426666,0.447326,0.488982,0.546822,0.454087,0.465411,0.462817,0.487206,0.320733,0.470477,0.386439,0.48865,0.534492,0.452469,0.472598,0.443885,0.506156,0.436425,0.420006,0.510928,0.480914
Basket,0.583175,0.575616,0.521007,0.539767,0.566182,0.536195,1.0,0.573755,0.560882,0.554385,0.590539,0.548045,0.491182,0.519,0.522847,0.555179,0.530312,0.493761,0.527736,0.564467,0.556161,0.474985,0.535071,0.47797,0.591768,0.544498,0.480893,0.480079,0.584334,0.618572,0.532557,0.516177,0.518466,0.548565,0.506315,0.530187,0.480675,0.566632,0.518515,0.49785,0.543936,0.56062,0.579635,0.535306,0.410513,0.46381,0.524501,0.524612,0.599389,0.523141,0.551676,0.58088,0.558091,0.602796,0.529845,0.591439,0.613509,0.588619,0.539835,0.536122,0.52553,0.511158,0.475597,0.564615,0.596847,0.500446,0.59374,0.507727,0.583094,0.550662,0.556201,0.526257,0.487433,0.538563,0.535583,0.547099,0.541039,0.498462,0.509487,0.509259,0.471456,0.42486,0.430605,0.534171,0.517853,0.613919,0.555283,0.57143,0.491593,0.577927,0.533571,0.459037,0.549015,0.518432,0.555064,0.549545,0.544442,0.50856,0.479338,0.519386,0.483071,0.591317,0.475153,0.611676,0.538695,0.535946,0.559281,0.598302,0.517628,0.477137,0.554557,0.527515,0.629028,0.506101,0.536871,0.527259,0.621894,0.375145,0.593436,0.468884,0.524433,0.584917,0.556609,0.548312,0.514108,0.616936,0.510918,0.539021,0.544733,0.593457
Beanie,0.55003,0.581136,0.549674,0.548597,0.504554,0.55059,0.573755,1.0,0.543566,0.515759,0.57566,0.517671,0.375651,0.545751,0.478592,0.529788,0.48682,0.452198,0.560322,0.556358,0.535984,0.440463,0.532199,0.519452,0.567334,0.54707,0.449129,0.479181,0.516945,0.527085,0.46517,0.526537,0.516022,0.562644,0.559271,0.489394,0.472457,0.547364,0.473476,0.460618,0.559733,0.577913,0.535176,0.484641,0.449856,0.46192,0.566439,0.539565,0.545554,0.466841,0.586481,0.547935,0.510704,0.592974,0.525233,0.5896,0.641063,0.525946,0.473862,0.525423,0.487444,0.546192,0.431709,0.560773,0.533481,0.447655,0.545815,0.546508,0.53339,0.561952,0.550635,0.484953,0.515942,0.564754,0.518709,0.602994,0.584038,0.495784,0.521716,0.513583,0.460179,0.442217,0.409239,0.51698,0.507371,0.552597,0.539606,0.537213,0.518697,0.52431,0.507009,0.526292,0.513022,0.485308,0.528492,0.615526,0.47931,0.452868,0.595491,0.525738,0.578136,0.580947,0.475038,0.578726,0.542388,0.550677,0.53193,0.57793,0.46521,0.585271,0.534404,0.538539,0.562013,0.541808,0.539901,0.503421,0.561236,0.38396,0.51269,0.420944,0.566683,0.554932,0.594173,0.533198,0.478282,0.548548,0.47489,0.514714,0.528117,0.612336
Bed,0.602242,0.558233,0.475052,0.62122,0.664355,0.448349,0.560882,0.543566,1.0,0.595537,0.646281,0.683952,0.453175,0.644163,0.561107,0.621044,0.606998,0.552159,0.620965,0.643099,0.582326,0.56805,0.591763,0.492555,0.654332,0.593859,0.492142,0.607047,0.63526,0.587006,0.505946,0.629054,0.58254,0.696716,0.529443,0.664805,0.57464,0.580411,0.607999,0.599355,0.596877,0.683867,0.586398,0.620028,0.475523,0.584058,0.500239,0.471213,0.603128,0.556889,0.635471,0.617871,0.666261,0.622171,0.59739,0.658188,0.635539,0.577551,0.59886,0.625956,0.599817,0.585415,0.574889,0.631028,0.648316,0.610376,0.5996,0.589366,0.581143,0.599526,0.581317,0.653809,0.540908,0.584269,0.545211,0.609672,0.581617,0.594794,0.626432,0.642828,0.548618,0.457235,0.346348,0.599408,0.648378,0.570066,0.644738,0.65841,0.545377,0.561741,0.591991,0.458216,0.558991,0.590329,0.634495,0.563802,0.581419,0.605803,0.486936,0.500849,0.566173,0.651169,0.54066,0.593024,0.598098,0.69782,0.688148,0.653011,0.608286,0.564916,0.67042,0.507454,0.555642,0.62667,0.631674,0.634993,0.643066,0.43367,0.643788,0.558759,0.637607,0.580852,0.644287,0.606992,0.633223,0.632539,0.598554,0.597236,0.553847,0.462683
Bell,0.552694,0.631147,0.553858,0.603926,0.648937,0.484025,0.554385,0.515759,0.595537,1.0,0.581776,0.584347,0.453231,0.568335,0.613802,0.619156,0.559711,0.553389,0.568997,0.644633,0.595562,0.515521,0.591751,0.510134,0.652436,0.604308,0.521925,0.556001,0.731326,0.658177,0.573764,0.557387,0.59793,0.568174,0.474822,0.56514,0.521527,0.621917,0.60752,0.494617,0.60313,0.669807,0.619599,0.667549,0.437027,0.50432,0.506341,0.532664,0.673139,0.537085,0.626718,0.607149,0.635721,0.629345,0.569642,0.632236,0.645796,0.621533,0.697874,0.598312,0.62481,0.531189,0.51515,0.687865,0.64472,0.575606,0.716985,0.679093,0.658038,0.600581,0.607306,0.696368,0.524741,0.589855,0.559684,0.588052,0.527999,0.543851,0.631582,0.583139,0.499579,0.447718,0.35715,0.571832,0.648815,0.603598,0.664472,0.658847,0.548944,0.615526,0.610493,0.448381,0.664592,0.62574,0.633535,0.540441,0.607897,0.596827,0.482125,0.525347,0.500062,0.631436,0.540066,0.703777,0.651952,0.626413,0.647727,0.571946,0.578854,0.521401,0.644659,0.509724,0.566614,0.541255,0.631635,0.562407,0.64106,0.412636,0.751714,0.508996,0.589879,0.654431,0.571554,0.721913,0.584734,0.69296,0.604287,0.61611,0.527989,0.460036
Belt,0.615662,0.593454,0.499151,0.595719,0.601713,0.483554,0.590539,0.57566,0.646281,0.581776,1.0,0.651094,0.490482,0.624236,0.597295,0.593762,0.595727,0.539767,0.610811,0.624959,0.637674,0.565614,0.61633,0.501155,0.669642,0.606322,0.508549,0.592302,0.610683,0.605986,0.535787,0.602228,0.623785,0.656636,0.547155,0.60593,0.528525,0.627997,0.62029,0.568214,0.634485,0.664927,0.611075,0.615358,0.488371,0.63166,0.545627,0.513624,0.649027,0.641105,0.639484,0.685536,0.614814,0.658272,0.628734,0.663341,0.652967,0.612481,0.550492,0.667615,0.635901,0.596105,0.530026,0.614366,0.615084,0.599985,0.606569,0.589297,0.595384,0.628856,0.610165,0.616186,0.558881,0.593506,0.588341,0.633145,0.603773,0.549027,0.605524,0.672405,0.522219,0.460493,0.385478,0.599727,0.632631,0.568333,0.662231,0.648467,0.591345,0.624562,0.615364,0.490001,0.5586,0.613109,0.619227,0.572194,0.638083,0.602134,0.52173,0.532497,0.569821,0.685707,0.548398,0.598698,0.640641,0.676014,0.675517,0.641944,0.593437,0.539258,0.626872,0.514887,0.617366,0.592833,0.659768,0.648945,0.610065,0.462035,0.629406,0.553483,0.620685,0.591873,0.649527,0.600283,0.638294,0.653528,0.579233,0.593918,0.566353,0.512409
Bench,0.600823,0.590907,0.455236,0.577039,0.700971,0.418661,0.548045,0.517671,0.683952,0.584347,0.651094,1.0,0.478621,0.668519,0.540843,0.640644,0.599633,0.586867,0.629552,0.66206,0.608241,0.52581,0.596734,0.484495,0.660189,0.620189,0.50055,0.684944,0.617179,0.575389,0.487651,0.648926,0.574973,0.650988,0.5081,0.739511,0.622228,0.586188,0.618537,0.643404,0.590888,0.69478,0.608721,0.661632,0.502786,0.636632,0.513295,0.437798,0.599956,0.599575,0.640227,0.627129,0.661503,0.66411,0.623928,0.633612,0.613074,0.574527,0.583492,0.633192,0.672564,0.579386,0.624407,0.639317,0.671321,0.602138,0.605909,0.60088,0.58091,0.634572,0.576195,0.664851,0.540538,0.619267,0.560928,0.64478,0.572599,0.589427,0.686476,0.678063,0.582949,0.478965,0.335373,0.601267,0.719602,0.558115,0.679764,0.650291,0.580328,0.574561,0.590069,0.462569,0.550602,0.638784,0.640831,0.546466,0.627831,0.621683,0.444901,0.514785,0.54004,0.618167,0.566622,0.552633,0.653296,0.683824,0.674995,0.652873,0.618849,0.528073,0.656096,0.483061,0.56864,0.604559,0.672246,0.623954,0.636028,0.499857,0.6588,0.530746,0.652147,0.574144,0.64889,0.607638,0.635073,0.638449,0.631714,0.679727,0.546403,0.467386
Bike,0.45085,0.430268,0.390495,0.460016,0.549955,0.384713,0.491182,0.375651,0.453175,0.453231,0.490482,0.478621,1.0,0.392641,0.49308,0.469752,0.493143,0.477844,0.379668,0.459576,0.465842,0.494144,0.429706,0.34374,0.473978,0.491226,0.524883,0.480714,0.493613,0.491274,0.593313,0.39327,0.467595,0.408034,0.372533,0.487987,0.369666,0.512989,0.501161,0.500113,0.452197,0.470452,0.568697,0.543575,0.416592,0.394299,0.380777,0.461911,0.533903,0.568381,0.438019,0.52442,0.516755,0.479039,0.475892,0.514875,0.462209,0.611876,0.504856,0.470232,0.524997,0.47994,0.460144,0.480298,0.510731,0.583739,0.500518,0.393344,0.50982,0.51077,0.495968,0.51037,0.391306,0.423514,0.521993,0.401095,0.525739,0.385193,0.455256,0.440433,0.377386,0.347276,0.316791,0.417162,0.510569,0.432854,0.479249,0.515155,0.39205,0.550102,0.576306,0.349397,0.408873,0.503499,0.493377,0.392519,0.603589,0.642106,0.364864,0.403535,0.376436,0.467404,0.383024,0.506037,0.487378,0.444807,0.491067,0.414147,0.705018,0.347803,0.461762,0.443637,0.679324,0.469511,0.462296,0.485189,0.431164,0.407097,0.553659,0.49863,0.498222,0.437544,0.394151,0.41613,0.502495,0.518886,0.520062,0.481304,0.400709,0.399873
Binder,0.617478,0.562527,0.485085,0.577536,0.632237,0.446158,0.519,0.545751,0.644163,0.568335,0.624236,0.668519,0.392641,1.0,0.539381,0.643017,0.587692,0.546674,0.710786,0.675372,0.579744,0.501466,0.697238,0.524525,0.688101,0.603863,0.498418,0.647947,0.632972,0.598305,0.489015,0.762936,0.590735,0.607675,0.525453,0.663306,0.706931,0.59525,0.567232,0.600568,0.598069,0.707453,0.626195,0.619041,0.48243,0.607066,0.50001,0.486314,0.590687,0.549914,0.640843,0.607141,0.643119,0.644021,0.592438,0.656224,0.600335,0.548559,0.56358,0.61522,0.612119,0.589212,0.610946,0.632451,0.672442,0.557861,0.602454,0.668202,0.604675,0.655837,0.568286,0.637367,0.514905,0.580797,0.555511,0.68782,0.549301,0.668105,0.673002,0.65005,0.65236,0.452081,0.337187,0.647317,0.707629,0.583653,0.684525,0.66626,0.672453,0.562255,0.553311,0.500383,0.588713,0.634041,0.646267,0.570742,0.585036,0.581557,0.453799,0.479913,0.588781,0.598331,0.650753,0.564715,0.650272,0.664364,0.631102,0.694918,0.550241,0.562207,0.692258,0.454736,0.55666,0.61277,0.66451,0.60269,0.676796,0.47067,0.607494,0.524049,0.633828,0.606816,0.714927,0.659185,0.584811,0.627958,0.601289,0.632777,0.54557,0.436394
Binoculars,0.596439,0.553028,0.490439,0.597798,0.554071,0.46961,0.522847,0.478592,0.561107,0.613802,0.597295,0.540843,0.49308,0.539381,1.0,0.52681,0.513321,0.468329,0.525654,0.582349,0.585674,0.61542,0.601049,0.472017,0.649011,0.544749,0.513195,0.497703,0.640278,0.591984,0.582303,0.544499,0.69348,0.564119,0.444313,0.520959,0.455635,0.640202,0.673905,0.457982,0.65945,0.616884,0.591103,0.619777,0.430296,0.507608,0.477153,0.525942,0.657863,0.567783,0.595276,0.654451,0.603766,0.594605,0.573048,0.613536,0.578012,0.686266,0.561593,0.576962,0.597036,0.522075,0.469045,0.567143,0.567038,0.627264,0.619714,0.586657,0.633047,0.573125,0.617978,0.651035,0.524408,0.520351,0.541631,0.530874,0.542499,0.532931,0.538554,0.563195,0.447258,0.436812,0.353459,0.582083,0.567369,0.515832,0.645977,0.637352,0.565752,0.614469,0.64332,0.406308,0.580338,0.597833,0.583401,0.511793,0.631502,0.644053,0.488923,0.495183,0.475043,0.616535,0.492414,0.595061,0.585253,0.619917,0.66355,0.536859,0.619804,0.497209,0.634565,0.512171,0.57936,0.528369,0.577767,0.603926,0.568094,0.360868,0.640344,0.596775,0.536792,0.561797,0.546823,0.604422,0.65838,0.648769,0.549607,0.535057,0.514313,0.451785
Birdfeeder,0.580364,0.605707,0.512055,0.563598,0.654041,0.478465,0.555179,0.529788,0.621044,0.619156,0.593762,0.640644,0.469752,0.643017,0.52681,1.0,0.610957,0.583588,0.612407,0.640128,0.590474,0.471017,0.595853,0.513717,0.637309,0.612674,0.508824,0.622142,0.628301,0.595073,0.525892,0.629482,0.553538,0.571755,0.504662,0.626706,0.595011,0.587557,0.555897,0.587293,0.564159,0.663271,0.617244,0.623109,0.482076,0.557044,0.529914,0.485136,0.607335,0.554784,0.60872,0.579834,0.619922,0.634746,0.575395,0.632798,0.603931,0.573343,0.634675,0.599787,0.606913,0.579475,0.576616,0.644755,0.659457,0.566826,0.625441,0.614115,0.595446,0.623925,0.56996,0.639885,0.52421,0.59863,0.593324,0.623524,0.55673,0.562848,0.640396,0.59969,0.572221,0.459358,0.396771,0.565921,0.679835,0.584427,0.62925,0.641055,0.566725,0.578317,0.557631,0.491276,0.583326,0.647042,0.632141,0.551058,0.586548,0.592582,0.450328,0.529044,0.535541,0.598375,0.594999,0.623445,0.641238,0.606813,0.614923,0.616566,0.576199,0.526054,0.614004,0.505372,0.577336,0.590755,0.634036,0.576989,0.622038,0.47673,0.647653,0.489843,0.636689,0.599706,0.600116,0.622493,0.558125,0.63083,0.627173,0.642929,0.562045,0.47269
Boat,0.580396,0.531796,0.459921,0.552646,0.59372,0.467303,0.530312,0.48682,0.606998,0.559711,0.595727,0.599633,0.493143,0.587692,0.513321,0.610957,1.0,0.561553,0.560482,0.577372,0.543488,0.551094,0.560342,0.452476,0.607037,0.566953,0.490279,0.577985,0.594604,0.549132,0.520204,0.588789,0.546878,0.559325,0.475478,0.58607,0.521467,0.537239,0.560637,0.593737,0.535484,0.621924,0.583498,0.563626,0.464777,0.546508,0.481063,0.464163,0.584635,0.541387,0.573823,0.569609,0.619942,0.589486,0.552383,0.598518,0.580139,0.539989,0.571242,0.637557,0.555238,0.583675,0.540409,0.596693,0.602565,0.591626,0.580152,0.54388,0.515778,0.573876,0.543311,0.616689,0.505825,0.531158,0.539128,0.568373,0.568078,0.543728,0.573698,0.61081,0.498211,0.432104,0.375936,0.551632,0.619535,0.542386,0.602247,0.63932,0.519693,0.540689,0.561675,0.445753,0.510224,0.59554,0.610129,0.507929,0.537789,0.60673,0.435855,0.483285,0.516593,0.605074,0.53524,0.591969,0.574842,0.630122,0.617859,0.587472,0.590231,0.511249,0.603313,0.454365,0.552658,0.617754,0.600189,0.654869,0.592315,0.457234,0.602507,0.558983,0.616138,0.555683,0.557362,0.560919,0.580757,0.576186,0.583152,0.53255,0.514179,0.437829
Bonzai,0.475552,0.574546,0.448143,0.490413,0.581994,0.407815,0.493761,0.452198,0.552159,0.553389,0.539767,0.586867,0.477844,0.546674,0.468329,0.583588,0.561553,1.0,0.526703,0.577421,0.524069,0.431408,0.534382,0.456643,0.557207,0.585531,0.447193,0.59292,0.551565,0.543483,0.459693,0.542797,0.484837,0.507299,0.467095,0.546985,0.530388,0.526955,0.513542,0.52528,0.49583,0.607797,0.552665,0.578348,0.597013,0.506939,0.484513,0.423054,0.548794,0.519014,0.565965,0.540782,0.543429,0.598807,0.552581,0.538664,0.55263,0.514511,0.561819,0.57989,0.596038,0.537031,0.514643,0.588119,0.581919,0.541699,0.588166,0.54283,0.497048,0.5842,0.531215,0.591578,0.520871,0.580303,0.537007,0.589296,0.519587,0.480177,0.60072,0.580937,0.496407,0.516308,0.34489,0.485097,0.631146,0.527314,0.591717,0.570522,0.529517,0.536117,0.538916,0.44092,0.505537,0.593525,0.557162,0.495419,0.539525,0.561842,0.405615,0.494207,0.495412,0.564026,0.539439,0.56187,0.603051,0.556284,0.54727,0.526401,0.555841,0.453599,0.532579,0.472199,0.513925,0.481487,0.608967,0.525235,0.540249,0.675312,0.612083,0.453535,0.576223,0.556628,0.508638,0.5768,0.532312,0.577779,0.600287,0.588262,0.524301,0.446294
Book,0.60021,0.566881,0.486367,0.5803,0.584829,0.462377,0.527736,0.560322,0.620965,0.568997,0.610811,0.629552,0.379668,0.710786,0.525654,0.612407,0.560482,0.526703,1.0,0.655241,0.570945,0.475746,0.629247,0.532468,0.645501,0.587405,0.490054,0.581464,0.596527,0.578389,0.496956,0.684866,0.558491,0.590311,0.544102,0.615532,0.638181,0.5792,0.534714,0.546636,0.582917,0.661516,0.572379,0.560869,0.46571,0.565328,0.531311,0.492332,0.572897,0.519218,0.63474,0.583222,0.602739,0.616894,0.571445,0.644417,0.599252,0.525208,0.540984,0.5872,0.573546,0.582169,0.543207,0.606493,0.628247,0.51858,0.580891,0.609996,0.584481,0.609735,0.564233,0.585021,0.543359,0.565144,0.536951,0.658403,0.559544,0.614501,0.600243,0.596599,0.605034,0.451125,0.372659,0.597571,0.617494,0.586275,0.629632,0.631103,0.601403,0.550444,0.546744,0.513562,0.568885,0.588621,0.605563,0.577593,0.552036,0.533496,0.486804,0.502955,0.601405,0.605548,0.590932,0.581432,0.603639,0.62614,0.613051,0.66881,0.520548,0.566547,0.636491,0.464038,0.533047,0.582091,0.613085,0.570557,0.645806,0.439046,0.588594,0.482908,0.597597,0.606452,0.700792,0.615613,0.547688,0.609718,0.55453,0.582535,0.557939,0.448002
Bookend,0.608119,0.608431,0.514797,0.614242,0.645597,0.469452,0.564467,0.556358,0.643099,0.644633,0.624959,0.66206,0.459576,0.675372,0.582349,0.640128,0.577372,0.577421,0.655241,1.0,0.603378,0.530321,0.650417,0.532587,0.677244,0.618753,0.537498,0.607087,0.656279,0.621146,0.549474,0.674164,0.60908,0.616988,0.519708,0.639248,0.626243,0.625916,0.604631,0.547455,0.628714,0.697885,0.619114,0.642422,0.480723,0.548153,0.551748,0.507413,0.627585,0.558521,0.665123,0.621074,0.645891,0.658745,0.60331,0.66108,0.635476,0.609655,0.606989,0.607519,0.641653,0.566185,0.563065,0.645736,0.67825,0.588427,0.639949,0.631134,0.648906,0.632122,0.611389,0.673485,0.555379,0.614729,0.564969,0.65464,0.558371,0.624691,0.629354,0.600783,0.59034,0.489363,0.383041,0.620973,0.669928,0.600703,0.673715,0.67059,0.62065,0.60921,0.618273,0.496213,0.615316,0.636083,0.64343,0.582267,0.614733,0.597679,0.503639,0.536169,0.557541,0.635369,0.571808,0.634255,0.647687,0.659975,0.663617,0.650787,0.595567,0.56027,0.669244,0.517896,0.576066,0.576128,0.639493,0.594485,0.658472,0.461696,0.67547,0.538841,0.608158,0.631388,0.670116,0.652553,0.598662,0.663398,0.604852,0.644152,0.569457,0.483003
Boomerang,0.56156,0.616509,0.541669,0.554935,0.59453,0.487519,0.556161,0.535984,0.582326,0.595562,0.637674,0.608241,0.465842,0.579744,0.585674,0.590474,0.543488,0.524069,0.570945,0.603378,1.0,0.50398,0.586756,0.517594,0.626492,0.598582,0.502849,0.579498,0.580531,0.598641,0.52591,0.542774,0.623443,0.567605,0.506314,0.567252,0.513349,0.627674,0.581719,0.526166,0.604013,0.680043,0.611225,0.616697,0.482569,0.605229,0.535886,0.550731,0.668326,0.627026,0.634369,0.678249,0.550961,0.673044,0.618835,0.625505,0.631881,0.653015,0.57357,0.659488,0.633627,0.604024,0.517159,0.607143,0.579527,0.553799,0.619022,0.582145,0.611046,0.627393,0.605147,0.579953,0.541288,0.598726,0.60155,0.628284,0.586492,0.49947,0.630871,0.644702,0.503756,0.43728,0.413099,0.549662,0.629302,0.554192,0.656222,0.606075,0.575445,0.649335,0.591638,0.483006,0.554228,0.621301,0.579803,0.56593,0.682664,0.57244,0.503624,0.553517,0.535739,0.661108,0.558987,0.587381,0.678131,0.637375,0.673316,0.57422,0.556642,0.524607,0.558654,0.497694,0.621629,0.569229,0.663793,0.57887,0.561748,0.442357,0.618647,0.472097,0.617573,0.59595,0.582356,0.596076,0.598628,0.670843,0.563968,0.69313,0.587693,0.517917
Car,0.543888,0.466931,0.425633,0.557294,0.514741,0.38884,0.474985,0.440463,0.56805,0.515521,0.565614,0.52581,0.494144,0.501466,0.61542,0.471017,0.551094,0.431408,0.475746,0.530321,0.50398,1.0,0.583398,0.402184,0.611895,0.47206,0.462409,0.43578,0.581268,0.52031,0.524389,0.529177,0.64114,0.560828,0.400688,0.510647,0.422779,0.539157,0.659887,0.44147,0.57279,0.581405,0.537018,0.530944,0.366415,0.461398,0.418688,0.464871,0.567912,0.511335,0.522159,0.5912,0.61831,0.512282,0.516182,0.563491,0.530587,0.594182,0.483449,0.590661,0.498912,0.48397,0.423842,0.504928,0.510878,0.679888,0.525387,0.473289,0.544939,0.505151,0.540517,0.593673,0.471051,0.455381,0.453085,0.46586,0.490318,0.55974,0.45502,0.539752,0.406491,0.363252,0.336144,0.563046,0.517277,0.458284,0.591834,0.616085,0.500997,0.524119,0.604737,0.357929,0.478059,0.514161,0.55758,0.44852,0.537306,0.646269,0.438173,0.412083,0.426664,0.570743,0.420295,0.530193,0.501583,0.688017,0.669824,0.516566,0.618789,0.446046,0.640696,0.45039,0.529078,0.571723,0.513861,0.725986,0.5387,0.326132,0.552821,0.786856,0.499928,0.491063,0.522757,0.505333,0.657972,0.557271,0.469575,0.444123,0.467858,0.402536
Cellphone,0.613797,0.572386,0.510428,0.572853,0.606671,0.462658,0.535071,0.532199,0.591763,0.591751,0.61633,0.596734,0.429706,0.697238,0.601049,0.595853,0.560342,0.534382,0.629247,0.650417,0.586756,0.583398,1.0,0.505887,0.729424,0.585458,0.536568,0.586248,0.677204,0.630226,0.556028,0.723573,0.679053,0.567965,0.475272,0.586435,0.621592,0.610994,0.608519,0.535167,0.637309,0.689781,0.644775,0.613001,0.46275,0.539521,0.487151,0.530233,0.632802,0.57844,0.62929,0.635536,0.638988,0.650311,0.590281,0.640768,0.600894,0.603763,0.579482,0.615022,0.596843,0.554205,0.566982,0.613612,0.648625,0.589411,0.635934,0.668741,0.646588,0.654783,0.595322,0.642843,0.49514,0.561193,0.559278,0.650694,0.526075,0.681899,0.640793,0.611599,0.572546,0.448114,0.366188,0.652112,0.663935,0.575551,0.708338,0.670323,0.741974,0.608392,0.604807,0.46525,0.616379,0.615491,0.649963,0.552468,0.600176,0.592525,0.459886,0.47767,0.519593,0.611659,0.600888,0.60877,0.663142,0.676044,0.627964,0.6237,0.571104,0.518742,0.683546,0.465067,0.611388,0.569758,0.649397,0.623786,0.658231,0.437965,0.626753,0.571804,0.58396,0.615768,0.653947,0.677155,0.600342,0.640218,0.575535,0.62433,0.545002,0.449397
Cheese,0.48696,0.568142,0.555894,0.489817,0.483189,0.479808,0.47797,0.519452,0.492555,0.510134,0.501155,0.484495,0.34374,0.524525,0.472017,0.513717,0.452476,0.456643,0.532468,0.532587,0.517594,0.402184,0.505887,1.0,0.522353,0.514417,0.432284,0.458981,0.496366,0.529201,0.444701,0.496575,0.526591,0.493188,0.487525,0.46265,0.459666,0.526246,0.449641,0.421879,0.516345,0.544513,0.483862,0.463293,0.43911,0.448603,0.518682,0.519796,0.528934,0.44572,0.553509,0.521441,0.470339,0.530889,0.506379,0.536791,0.542439,0.484023,0.484093,0.508778,0.478311,0.49552,0.418946,0.536071,0.492686,0.425904,0.524089,0.507912,0.513978,0.54256,0.515864,0.471638,0.531122,0.54794,0.481097,0.541115,0.492302,0.454069,0.479832,0.464788,0.446756,0.441068,0.467168,0.506079,0.480247,0.524825,0.508752,0.517272,0.510324,0.509489,0.501347,0.486542,0.522443,0.484562,0.485229,0.514301,0.477852,0.444449,0.486885,0.524937,0.514363,0.540032,0.462093,0.558466,0.533212,0.489922,0.521387,0.52138,0.437878,0.470971,0.491437,0.473548,0.477644,0.475418,0.512251,0.470848,0.521536,0.369667,0.496767,0.396892,0.513233,0.55647,0.525694,0.52658,0.474748,0.554719,0.4759,0.516777,0.570684,0.449521
Cheesegrater,0.681713,0.602438,0.514045,0.610313,0.672076,0.494752,0.591768,0.567334,0.654332,0.652436,0.669642,0.660189,0.473978,0.688101,0.649011,0.637309,0.607037,0.557207,0.645501,0.677244,0.626492,0.611895,0.729424,0.522353,1.0,0.628609,0.539604,0.615461,0.722248,0.661339,0.573716,0.690648,0.681,0.634829,0.514914,0.639837,0.597057,0.646398,0.670299,0.59406,0.666873,0.736582,0.682312,0.677065,0.477948,0.59554,0.513524,0.524662,0.681796,0.615278,0.664212,0.67637,0.690645,0.70402,0.635881,0.685268,0.656941,0.647447,0.631384,0.655101,0.657816,0.579284,0.59557,0.665462,0.686637,0.642088,0.685636,0.6904,0.666372,0.664546,0.630517,0.703034,0.530063,0.600532,0.594245,0.67337,0.578439,0.644688,0.669184,0.671029,0.567012,0.459436,0.372447,0.65877,0.700347,0.608032,0.740086,0.708444,0.69273,0.636954,0.639766,0.473683,0.642326,0.652622,0.683075,0.585386,0.656438,0.647555,0.488203,0.515599,0.544811,0.668995,0.598363,0.648916,0.690656,0.723394,0.709721,0.669081,0.627159,0.54498,0.711762,0.517558,0.649328,0.603527,0.688643,0.657355,0.695434,0.440652,0.694872,0.586456,0.628013,0.640337,0.672216,0.701951,0.665252,0.697065,0.617396,0.657219,0.566635,0.480872
Christmasstreeornament,0.558429,0.610519,0.518316,0.581108,0.629987,0.492795,0.544498,0.54707,0.593859,0.604308,0.606322,0.620189,0.491226,0.603863,0.544749,0.612674,0.566953,0.585531,0.587405,0.618753,0.598582,0.47206,0.585458,0.514417,0.628609,1.0,0.509229,0.636434,0.591506,0.570463,0.511265,0.565726,0.576206,0.559884,0.524224,0.588447,0.547974,0.594183,0.574674,0.580689,0.578298,0.676286,0.623625,0.629117,0.54902,0.562109,0.532514,0.501728,0.598852,0.588702,0.64451,0.617587,0.582558,0.653424,0.612864,0.644387,0.613878,0.589268,0.609052,0.613828,0.64027,0.614541,0.584279,0.644393,0.632381,0.57934,0.639094,0.62974,0.57625,0.656282,0.602439,0.627196,0.561135,0.612235,0.616721,0.660579,0.591116,0.498649,0.668867,0.611368,0.520664,0.504716,0.388991,0.54802,0.681756,0.560948,0.651916,0.607037,0.590879,0.598515,0.608528,0.49174,0.5571,0.650517,0.60107,0.586647,0.619631,0.597006,0.506593,0.543179,0.570176,0.621065,0.583271,0.609563,0.670006,0.596119,0.610466,0.581838,0.604732,0.539164,0.597997,0.535232,0.611035,0.555971,0.661764,0.560606,0.575463,0.516074,0.656593,0.476523,0.648267,0.610225,0.576041,0.63268,0.585503,0.631173,0.638445,0.664945,0.559019,0.514642
Clock,0.509079,0.485313,0.464968,0.509118,0.522826,0.471783,0.480893,0.449129,0.492142,0.521925,0.508549,0.50055,0.524883,0.498418,0.513195,0.508824,0.490279,0.447193,0.490054,0.537498,0.502849,0.462409,0.536568,0.432284,0.539604,0.509229,1.0,0.478877,0.54535,0.525125,0.598017,0.512242,0.524618,0.454228,0.408075,0.508972,0.479282,0.540084,0.509743,0.457475,0.522329,0.524143,0.546023,0.533792,0.400599,0.430739,0.428351,0.526496,0.559411,0.498656,0.500776,0.529188,0.531644,0.525416,0.500488,0.538229,0.490248,0.565502,0.52353,0.485139,0.535852,0.483126,0.459045,0.516986,0.551209,0.505334,0.549575,0.49077,0.56827,0.546153,0.522397,0.542637,0.432643,0.465341,0.49692,0.473167,0.517216,0.50655,0.475929,0.465076,0.466888,0.387103,0.381019,0.512536,0.526208,0.484792,0.527146,0.55805,0.49026,0.553252,0.538503,0.419542,0.493406,0.522521,0.55174,0.452729,0.547842,0.533706,0.408205,0.450306,0.429655,0.493415,0.449287,0.575439,0.523363,0.511052,0.526469,0.487479,0.543449,0.428837,0.526843,0.442447,0.583916,0.497953,0.493137,0.498711,0.506897,0.364023,0.559586,0.4686,0.506268,0.506554,0.498112,0.505402,0.509338,0.54127,0.51586,0.492737,0.462442,0.400274
Coatrack,0.520412,0.569697,0.449094,0.537857,0.675062,0.396667,0.480079,0.479181,0.607047,0.556001,0.592302,0.684944,0.480714,0.647947,0.497703,0.622142,0.577985,0.59292,0.581464,0.607087,0.579498,0.43578,0.586248,0.458981,0.615461,0.636434,0.478877,1.0,0.560805,0.517931,0.444272,0.59096,0.523488,0.569253,0.470083,0.65821,0.605681,0.552241,0.571224,0.663387,0.541552,0.703881,0.626238,0.667888,0.557176,0.655152,0.476349,0.414216,0.570296,0.604324,0.62696,0.582683,0.589897,0.650198,0.602929,0.602945,0.563472,0.549256,0.591371,0.617647,0.681386,0.586792,0.680751,0.62444,0.643027,0.58458,0.588123,0.644359,0.536792,0.657979,0.544975,0.633624,0.496737,0.598135,0.589218,0.65949,0.534001,0.499146,0.772599,0.680704,0.54131,0.497072,0.316939,0.549288,0.774211,0.499811,0.668586,0.589831,0.597907,0.544948,0.546167,0.448769,0.508235,0.674786,0.605339,0.519212,0.620807,0.616918,0.40779,0.481617,0.513446,0.565501,0.626129,0.511969,0.702416,0.608869,0.585338,0.572568,0.605345,0.491653,0.607291,0.451326,0.585664,0.560254,0.703084,0.550055,0.552425,0.566853,0.627835,0.45434,0.670438,0.543025,0.573606,0.617087,0.576599,0.592763,0.665934,0.741216,0.510777,0.432122
Coffeemaker,0.62678,0.591681,0.52741,0.626346,0.700512,0.481293,0.584334,0.516945,0.63526,0.731326,0.610683,0.617179,0.493613,0.632972,0.640278,0.628301,0.594604,0.551565,0.596527,0.656279,0.580531,0.581268,0.677204,0.496366,0.722248,0.591506,0.54535,0.560805,1.0,0.734021,0.601017,0.644151,0.634468,0.601326,0.476973,0.626007,0.563504,0.627412,0.655439,0.545746,0.633851,0.686889,0.662827,0.684639,0.434388,0.503339,0.469586,0.534366,0.702055,0.579084,0.627654,0.650697,0.711555,0.640614,0.581712,0.651694,0.646058,0.651021,0.714197,0.605632,0.617769,0.548457,0.559289,0.684193,0.696106,0.627405,0.727649,0.707687,0.683467,0.627315,0.622677,0.740302,0.507614,0.567415,0.553274,0.59566,0.543284,0.637657,0.633802,0.610425,0.52485,0.426685,0.350522,0.635428,0.671798,0.649169,0.711396,0.705479,0.598773,0.627878,0.61901,0.43665,0.697063,0.61439,0.673156,0.54257,0.620358,0.63995,0.464177,0.490736,0.502714,0.631786,0.559468,0.69046,0.644436,0.681205,0.687518,0.629301,0.625298,0.530317,0.719495,0.501141,0.599207,0.582372,0.629468,0.613433,0.72917,0.389199,0.762349,0.580273,0.592485,0.670945,0.611864,0.7488,0.637177,0.724316,0.617347,0.597872,0.523045,0.446921
Coffeemug,0.579262,0.603987,0.576729,0.569036,0.632479,0.517062,0.618572,0.527085,0.587006,0.658177,0.605986,0.575389,0.491274,0.598305,0.591984,0.595073,0.549132,0.543483,0.578389,0.621146,0.598641,0.52031,0.630226,0.529201,0.661339,0.570463,0.525125,0.517931,0.734021,1.0,0.58156,0.586511,0.595077,0.571512,0.496783,0.567809,0.528541,0.625101,0.571546,0.496112,0.603618,0.632952,0.624133,0.621149,0.443607,0.48608,0.487738,0.589757,0.706102,0.593002,0.5994,0.661295,0.62063,0.615366,0.570583,0.620309,0.644793,0.634475,0.636879,0.59568,0.58251,0.538841,0.496324,0.638312,0.628683,0.54726,0.681591,0.620114,0.665977,0.616308,0.602234,0.622511,0.508028,0.564337,0.555588,0.574957,0.539376,0.560866,0.568788,0.575432,0.509674,0.422076,0.421464,0.595022,0.598289,0.674118,0.643801,0.648766,0.567425,0.648607,0.575099,0.466519,0.667024,0.565963,0.610408,0.537424,0.61546,0.564991,0.476516,0.510854,0.501955,0.622779,0.522811,0.678716,0.620747,0.611356,0.635155,0.61434,0.553502,0.489739,0.621767,0.494647,0.610086,0.533034,0.597271,0.562111,0.69561,0.381658,0.688033,0.509387,0.555777,0.678325,0.592776,0.679035,0.575502,0.731435,0.565179,0.582429,0.566183,0.487142
Compass,0.533975,0.51474,0.492072,0.52892,0.532415,0.50926,0.532557,0.46517,0.505946,0.573764,0.535787,0.487651,0.593313,0.489015,0.582303,0.525892,0.520204,0.459693,0.496956,0.549474,0.52591,0.524389,0.556028,0.444701,0.573716,0.511265,0.598017,0.444272,0.601017,0.58156,1.0,0.51999,0.561028,0.476749,0.4165,0.488305,0.447601,0.594475,0.546821,0.439329,0.566217,0.540673,0.580929,0.535736,0.381409,0.411219,0.456482,0.585314,0.626915,0.506217,0.511891,0.564119,0.563905,0.536277,0.499874,0.553584,0.539997,0.618677,0.559541,0.514779,0.517534,0.48573,0.425872,0.538132,0.550155,0.549155,0.602231,0.495575,0.600675,0.554703,0.553029,0.571834,0.453218,0.467782,0.510788,0.472086,0.5218,0.519196,0.467343,0.469984,0.445511,0.371857,0.404577,0.521845,0.513336,0.527083,0.54962,0.608632,0.493519,0.59911,0.580665,0.423334,0.539592,0.521826,0.577044,0.463601,0.562624,0.58584,0.425663,0.463503,0.435102,0.545718,0.461818,0.650728,0.535996,0.534951,0.56293,0.498251,0.584266,0.436356,0.549791,0.472255,0.628502,0.499009,0.499301,0.532822,0.541524,0.339176,0.596402,0.523133,0.502573,0.551733,0.502169,0.53419,0.537891,0.580816,0.512153,0.47549,0.496464,0.433138
Computertower,0.632656,0.55473,0.475037,0.56051,0.61533,0.440822,0.516177,0.526537,0.629054,0.557387,0.602228,0.648926,0.39327,0.762936,0.544499,0.629482,0.588789,0.542797,0.684866,0.674164,0.542774,0.529177,0.723573,0.496575,0.690648,0.565726,0.512242,0.59096,0.644151,0.586511,0.51999,1.0,0.594699,0.590998,0.489496,0.653441,0.713548,0.595604,0.564439,0.566776,0.600598,0.66682,0.608051,0.579555,0.444228,0.536658,0.492611,0.47546,0.582705,0.519414,0.608851,0.580978,0.657713,0.624757,0.566524,0.625253,0.581454,0.538315,0.549176,0.580468,0.568215,0.546856,0.557174,0.602946,0.67514,0.560668,0.583977,0.614105,0.594454,0.625226,0.559246,0.631736,0.501661,0.554477,0.51918,0.641318,0.537328,0.73565,0.601237,0.604896,0.66309,0.442726,0.336853,0.639749,0.653853,0.570607,0.659071,0.674642,0.67027,0.552087,0.547115,0.477087,0.582127,0.592917,0.645235,0.540625,0.534777,0.579247,0.439943,0.471137,0.547849,0.586259,0.604046,0.573845,0.609157,0.66361,0.615179,0.673889,0.542813,0.529085,0.682523,0.446379,0.543703,0.595961,0.615663,0.610158,0.674879,0.448808,0.597676,0.561054,0.587891,0.59101,0.70764,0.623384,0.577758,0.598672,0.570618,0.575174,0.527435,0.426357
Controller,0.622301,0.543376,0.499617,0.602734,0.572139,0.481263,0.518466,0.516022,0.58254,0.59793,0.623785,0.574973,0.467595,0.590735,0.69348,0.553538,0.546878,0.484837,0.558491,0.60908,0.623443,0.64114,0.679053,0.526591,0.681,0.576206,0.524618,0.523488,0.634468,0.595077,0.561028,0.594699,1.0,0.581831,0.488557,0.556992,0.47944,0.633624,0.673597,0.497892,0.658316,0.653911,0.601069,0.605306,0.454019,0.52181,0.486684,0.545789,0.652422,0.621822,0.626333,0.682175,0.619595,0.627452,0.608918,0.654825,0.604846,0.658073,0.550406,0.623392,0.603908,0.57486,0.491642,0.588741,0.573758,0.636643,0.614747,0.573266,0.630781,0.612653,0.637846,0.653123,0.539049,0.544591,0.566801,0.58411,0.572964,0.578759,0.545649,0.581086,0.473959,0.423438,0.382569,0.624672,0.597102,0.531241,0.679679,0.667085,0.670298,0.620884,0.689937,0.445778,0.587369,0.603471,0.606608,0.548749,0.66516,0.644422,0.508872,0.506287,0.537743,0.657442,0.503674,0.597106,0.623966,0.672931,0.721592,0.577991,0.613762,0.542144,0.645214,0.518224,0.596449,0.586417,0.60724,0.645218,0.590785,0.383169,0.626674,0.611579,0.590515,0.585825,0.586975,0.601138,0.679843,0.655515,0.564123,0.591789,0.533535,0.452896
Couch,0.567734,0.560804,0.482376,0.610351,0.625254,0.445183,0.548565,0.562644,0.696716,0.568174,0.656636,0.650988,0.408034,0.607675,0.564119,0.571755,0.559325,0.507299,0.590311,0.616988,0.567605,0.560828,0.567965,0.493188,0.634829,0.559884,0.454228,0.569253,0.601326,0.571512,0.476749,0.590998,0.581831,1.0,0.525956,0.616771,0.507204,0.590498,0.600351,0.550838,0.624814,0.662963,0.55625,0.583226,0.467546,0.579222,0.503265,0.472738,0.600536,0.54416,0.628087,0.616146,0.633306,0.605278,0.578555,0.636319,0.647022,0.563849,0.539049,0.616267,0.570658,0.543439,0.516809,0.599911,0.589143,0.572742,0.565062,0.575174,0.559449,0.578586,0.567677,0.616485,0.528048,0.578415,0.520386,0.593546,0.559176,0.552043,0.582912,0.636127,0.486878,0.459706,0.332419,0.596225,0.601757,0.551379,0.626426,0.623537,0.533924,0.551215,0.572059,0.449551,0.546097,0.541403,0.598571,0.553129,0.552652,0.573629,0.511068,0.490191,0.554675,0.658039,0.493187,0.552824,0.581161,0.69271,0.678984,0.634586,0.569064,0.558671,0.653273,0.512403,0.530435,0.594451,0.614608,0.609464,0.622437,0.40691,0.6018,0.539344,0.604331,0.554101,0.641964,0.57945,0.626814,0.615463,0.545753,0.550193,0.544067,0.454289
Cushion,0.514648,0.505741,0.456135,0.531099,0.484533,0.460885,0.506315,0.559271,0.529443,0.474822,0.547155,0.5081,0.372533,0.525453,0.444313,0.504662,0.475478,0.467095,0.544102,0.519708,0.506314,0.400688,0.475272,0.487525,0.514914,0.524224,0.408075,0.470083,0.476973,0.496783,0.4165,0.489496,0.488557,0.525956,1.0,0.479922,0.44894,0.493422,0.445322,0.458611,0.484883,0.536423,0.481117,0.458191,0.464725,0.46675,0.505279,0.446234,0.48482,0.45911,0.567373,0.514027,0.471175,0.535601,0.506802,0.573407,0.550635,0.470295,0.462547,0.509477,0.471319,0.549713,0.432004,0.523505,0.495923,0.430013,0.501046,0.486242,0.473344,0.517111,0.513731,0.452524,0.526424,0.525286,0.49223,0.570717,0.542744,0.440413,0.495414,0.494675,0.454129,0.415142,0.378087,0.462262,0.485639,0.521495,0.503996,0.497488,0.471164,0.479449,0.492641,0.477533,0.472541,0.483853,0.478089,0.56454,0.466487,0.44521,0.524399,0.489204,0.588619,0.56011,0.463228,0.516508,0.506701,0.498956,0.517063,0.549118,0.451984,0.561292,0.492356,0.485048,0.491918,0.509048,0.518038,0.471877,0.517723,0.396847,0.485845,0.395083,0.546989,0.528689,0.553144,0.499538,0.463595,0.527363,0.47559,0.497901,0.51516,0.485425
Desk,0.577807,0.544423,0.438077,0.554715,0.721239,0.405251,0.530187,0.489394,0.664805,0.56514,0.60593,0.739511,0.487987,0.663306,0.520959,0.626706,0.58607,0.546985,0.615532,0.639248,0.567252,0.510647,0.586435,0.46265,0.639837,0.588447,0.508972,0.65821,0.626007,0.567809,0.488305,0.653441,0.556992,0.616771,0.479922,1.0,0.631272,0.561046,0.585592,0.660978,0.556121,0.661354,0.595509,0.637381,0.465794,0.584451,0.470484,0.433339,0.576221,0.582151,0.597873,0.593771,0.670936,0.61889,0.58328,0.61371,0.579672,0.557596,0.594861,0.589248,0.625812,0.563806,0.632246,0.624014,0.678674,0.575336,0.581101,0.570649,0.573892,0.614737,0.550707,0.645684,0.495318,0.569099,0.528943,0.5965,0.557765,0.612676,0.649955,0.630155,0.58452,0.430764,0.327126,0.59817,0.692144,0.551677,0.64354,0.641436,0.552268,0.551915,0.55504,0.439807,0.539577,0.586208,0.631886,0.511765,0.601896,0.597058,0.411469,0.476478,0.51881,0.573493,0.532223,0.536418,0.615464,0.651743,0.648612,0.642193,0.603397,0.506264,0.639696,0.449894,0.554176,0.62487,0.61961,0.605096,0.638126,0.450048,0.64789,0.521479,0.63184,0.554925,0.631351,0.57983,0.602606,0.616163,0.607235,0.644894,0.507577,0.434217
Door,0.526111,0.5357,0.443615,0.49766,0.598268,0.374808,0.480675,0.472457,0.57464,0.521527,0.528525,0.622228,0.369666,0.706931,0.455635,0.595011,0.521467,0.530388,0.638181,0.626243,0.513349,0.422779,0.621592,0.459666,0.597057,0.547974,0.479282,0.605681,0.563504,0.528541,0.447601,0.713548,0.47944,0.507204,0.44894,0.631272,1.0,0.527442,0.479301,0.55314,0.503175,0.612505,0.565325,0.564236,0.43582,0.519503,0.464901,0.412488,0.516569,0.488283,0.55797,0.520823,0.568755,0.571533,0.523646,0.560678,0.514945,0.482471,0.538131,0.522921,0.566486,0.5122,0.58947,0.570408,0.664419,0.475561,0.545299,0.590893,0.551653,0.593815,0.500551,0.559541,0.454619,0.535365,0.488702,0.612229,0.480225,0.632475,0.624273,0.552125,0.663318,0.435083,0.310088,0.551445,0.643132,0.526985,0.598339,0.577999,0.588349,0.511725,0.474248,0.45005,0.526118,0.571543,0.577355,0.501082,0.509982,0.499706,0.385554,0.440223,0.498143,0.500933,0.587875,0.51549,0.593019,0.554748,0.5116,0.605959,0.481124,0.460447,0.597347,0.392029,0.496098,0.526357,0.580196,0.507533,0.605915,0.461364,0.560943,0.444533,0.552598,0.553445,0.637518,0.588826,0.482646,0.548184,0.560871,0.595741,0.480578,0.409361
Doorknob,0.571099,0.624269,0.570761,0.574158,0.602784,0.517401,0.566632,0.547364,0.580411,0.621917,0.627997,0.586188,0.512989,0.59525,0.640202,0.587557,0.537239,0.526955,0.5792,0.625916,0.627674,0.539157,0.610994,0.526246,0.646398,0.594183,0.540084,0.552241,0.627412,0.625101,0.594475,0.595604,0.633624,0.590498,0.493422,0.561046,0.527442,1.0,0.601215,0.513625,0.657139,0.645578,0.631609,0.62382,0.47469,0.542834,0.538847,0.602713,0.690697,0.600832,0.615898,0.661527,0.597278,0.637478,0.598278,0.628363,0.633877,0.674795,0.586836,0.613797,0.622326,0.555622,0.502424,0.61322,0.60696,0.571024,0.651767,0.586854,0.642196,0.644982,0.624163,0.620378,0.547192,0.589528,0.589351,0.600567,0.572118,0.549526,0.572554,0.599742,0.517342,0.461248,0.402871,0.597318,0.609272,0.57407,0.647676,0.653839,0.590349,0.66662,0.609239,0.480602,0.601551,0.607084,0.602408,0.554716,0.639497,0.612092,0.518183,0.541923,0.526894,0.63815,0.539705,0.64777,0.658061,0.625343,0.648813,0.586236,0.589447,0.509947,0.605981,0.529449,0.624943,0.546957,0.620398,0.572123,0.601429,0.436714,0.644802,0.530193,0.587419,0.616026,0.594769,0.611123,0.604533,0.666604,0.577074,0.5977,0.572018,0.517617
Drill,0.609297,0.548256,0.447427,0.622498,0.6094,0.44731,0.518515,0.473476,0.607999,0.60752,0.62029,0.618537,0.501161,0.567232,0.673905,0.555897,0.560637,0.513542,0.534714,0.604631,0.581719,0.659887,0.608519,0.449641,0.670299,0.574674,0.509743,0.571224,0.655439,0.571546,0.546821,0.564439,0.673597,0.600351,0.445322,0.585592,0.479301,0.601215,1.0,0.511998,0.657417,0.667126,0.602153,0.665969,0.443723,0.572835,0.464028,0.469231,0.621891,0.571693,0.613465,0.639848,0.651167,0.634508,0.595212,0.623813,0.573671,0.658545,0.572189,0.610343,0.658537,0.530145,0.532468,0.59398,0.597603,0.703263,0.627334,0.596537,0.613051,0.580145,0.600468,0.719727,0.521858,0.54498,0.551977,0.570055,0.521044,0.545046,0.606775,0.635071,0.458084,0.442866,0.326114,0.610657,0.662214,0.502943,0.695043,0.646087,0.57947,0.57239,0.667837,0.40041,0.55406,0.643775,0.630076,0.516015,0.64338,0.694364,0.463235,0.480376,0.476835,0.61965,0.523947,0.569543,0.601204,0.692238,0.716025,0.560275,0.664592,0.498108,0.693088,0.517808,0.584777,0.541952,0.62618,0.663726,0.586599,0.419723,0.669556,0.65529,0.571822,0.547997,0.561068,0.622943,0.755197,0.635853,0.595838,0.582355,0.500918,0.426997
Dryingrack,0.533995,0.491458,0.408289,0.48932,0.673112,0.402408,0.49785,0.460618,0.599355,0.494617,0.568214,0.643404,0.500113,0.600568,0.457982,0.587293,0.593737,0.52528,0.546636,0.547455,0.526166,0.44147,0.535167,0.421879,0.59406,0.580689,0.457475,0.663387,0.545746,0.496112,0.439329,0.566776,0.497892,0.550838,0.458611,0.660978,0.55314,0.513625,0.511998,1.0,0.493114,0.622661,0.591511,0.584225,0.490771,0.581252,0.440509,0.409595,0.528511,0.57251,0.559245,0.546161,0.598783,0.595532,0.556078,0.575161,0.539722,0.50457,0.549204,0.571434,0.579397,0.576286,0.674387,0.58775,0.622244,0.548141,0.544368,0.546505,0.490163,0.59111,0.512213,0.570915,0.45972,0.52376,0.531687,0.576569,0.549785,0.50878,0.634413,0.619888,0.510862,0.424327,0.308442,0.518238,0.660492,0.488343,0.593421,0.572706,0.519534,0.509615,0.508309,0.417413,0.464246,0.574827,0.572681,0.486937,0.556156,0.565418,0.384,0.451399,0.500912,0.543084,0.533508,0.495269,0.595883,0.583703,0.56958,0.570961,0.576491,0.459373,0.567216,0.414469,0.569347,0.588568,0.606396,0.553923,0.54986,0.481247,0.573956,0.451816,0.635909,0.505399,0.540412,0.535595,0.54189,0.548948,0.595242,0.625486,0.471248,0.427054
Dumbbell,0.59974,0.621224,0.562162,0.614288,0.579855,0.513781,0.543936,0.559733,0.596877,0.60313,0.634485,0.590888,0.452197,0.598069,0.65945,0.564159,0.535484,0.49583,0.582917,0.628714,0.604013,0.57279,0.637309,0.516345,0.666873,0.578298,0.522329,0.541552,0.633851,0.603618,0.566217,0.600598,0.658316,0.624814,0.484883,0.556121,0.503175,0.657139,0.657417,0.493114,1.0,0.667884,0.600391,0.608683,0.460921,0.529376,0.534289,0.568764,0.661751,0.570118,0.644574,0.662402,0.61456,0.645669,0.592656,0.62991,0.635811,0.657002,0.554626,0.609476,0.607536,0.544904,0.489373,0.603126,0.593535,0.601654,0.632394,0.6179,0.6298,0.623472,0.617599,0.639098,0.548761,0.581144,0.550521,0.603789,0.555121,0.562529,0.577658,0.596304,0.474614,0.461878,0.376435,0.629667,0.598303,0.551032,0.662883,0.643397,0.612157,0.614466,0.617232,0.463792,0.600609,0.586926,0.612515,0.558054,0.597384,0.607389,0.523473,0.521902,0.531535,0.634568,0.517713,0.615782,0.630117,0.656538,0.671177,0.596904,0.592296,0.549818,0.646123,0.54217,0.591561,0.554685,0.615869,0.606218,0.609846,0.39847,0.626818,0.562217,0.581148,0.595625,0.610851,0.623664,0.658856,0.654937,0.557574,0.574763,0.554735,0.489048
Dustpan,0.609167,0.634531,0.536051,0.658242,0.712873,0.466484,0.56062,0.577913,0.683867,0.669807,0.664927,0.69478,0.470452,0.707453,0.616884,0.663271,0.621924,0.607797,0.661516,0.697885,0.680043,0.581405,0.689781,0.544513,0.736582,0.676286,0.524143,0.703881,0.686889,0.632952,0.540673,0.66682,0.653911,0.662963,0.536423,0.661354,0.612505,0.645578,0.667126,0.622661,0.667884,1.0,0.690783,0.703941,0.543373,0.627753,0.526814,0.539771,0.696377,0.649817,0.727246,0.71483,0.679475,0.72438,0.657368,0.717482,0.685711,0.672514,0.676532,0.704511,0.692485,0.641489,0.639137,0.709953,0.697005,0.668495,0.690625,0.727698,0.648652,0.708668,0.652776,0.709053,0.57861,0.644172,0.640813,0.731744,0.588889,0.598892,0.780071,0.711407,0.561081,0.495151,0.352772,0.640278,0.774223,0.601234,0.761813,0.692972,0.65687,0.635566,0.645942,0.494987,0.609936,0.68189,0.682522,0.614535,0.699967,0.671547,0.512367,0.535401,0.595973,0.698011,0.648108,0.627425,0.762444,0.741169,0.745564,0.671768,0.660126,0.600965,0.717378,0.523932,0.656556,0.653309,0.75322,0.653756,0.676531,0.520571,0.719379,0.556907,0.709636,0.656594,0.683101,0.725979,0.691622,0.715227,0.660185,0.771033,0.584341,0.48592
Fan,0.599502,0.59403,0.515698,0.572633,0.666506,0.508814,0.579635,0.535176,0.586398,0.619599,0.611075,0.608721,0.568697,0.626195,0.591103,0.617244,0.583498,0.552665,0.572379,0.619114,0.611225,0.537018,0.644775,0.483862,0.682312,0.623625,0.546023,0.626238,0.662827,0.624133,0.580929,0.608051,0.601069,0.55625,0.481117,0.595509,0.565325,0.631609,0.602153,0.591511,0.600391,0.690783,1.0,0.660008,0.500957,0.555064,0.494391,0.544396,0.662648,0.613005,0.619528,0.643071,0.63092,0.675946,0.597018,0.638944,0.62537,0.662298,0.642898,0.619648,0.632297,0.58245,0.597509,0.652413,0.663499,0.601716,0.691507,0.660336,0.624006,0.677787,0.611468,0.655203,0.498653,0.587547,0.613897,0.643367,0.591422,0.551179,0.687261,0.621464,0.522158,0.454615,0.361372,0.584721,0.706328,0.580681,0.691294,0.651568,0.620393,0.634752,0.600548,0.464267,0.593488,0.643491,0.639966,0.561254,0.648824,0.640679,0.470758,0.504191,0.51585,0.606148,0.602028,0.636432,0.702925,0.620804,0.62394,0.591002,0.631216,0.517322,0.645041,0.519161,0.72239,0.577283,0.664653,0.588872,0.628078,0.477037,0.68075,0.522927,0.634017,0.616187,0.575494,0.661201,0.593934,0.654521,0.63224,0.671471,0.525329,0.482452
Faucet,0.559826,0.564595,0.470363,0.606317,0.69917,0.42276,0.535306,0.484641,0.620028,0.667549,0.615358,0.661632,0.543575,0.619041,0.619777,0.623109,0.563626,0.578348,0.560869,0.642422,0.616697,0.530944,0.613001,0.463293,0.677065,0.629117,0.533792,0.667888,0.684639,0.621149,0.535736,0.579555,0.605306,0.583226,0.458191,0.637381,0.564236,0.62382,0.665969,0.584225,0.608683,0.703941,0.660008,1.0,0.485347,0.589664,0.461049,0.471917,0.646976,0.624823,0.628185,0.644315,0.643895,0.652324,0.620353,0.652609,0.598199,0.675815,0.660936,0.604476,0.734904,0.552401,0.619255,0.653916,0.676892,0.650284,0.665676,0.676775,0.675116,0.639454,0.599582,0.737805,0.490124,0.588614,0.606489,0.612238,0.528686,0.529854,0.712691,0.654239,0.532852,0.453695,0.320755,0.585781,0.763662,0.545377,0.705057,0.653768,0.594299,0.623353,0.618505,0.426687,0.594363,0.707879,0.65144,0.531596,0.70062,0.680485,0.43639,0.486076,0.487944,0.603106,0.585843,0.597313,0.683493,0.650398,0.661702,0.578794,0.666224,0.497645,0.676932,0.498394,0.610604,0.549466,0.68284,0.568579,0.602865,0.497201,0.73253,0.533756,0.632437,0.579191,0.578446,0.675622,0.644221,0.688782,0.669084,0.702472,0.505265,0.440566
Flower,0.440186,0.520538,0.425999,0.4492,0.486548,0.418568,0.410513,0.449856,0.475523,0.437027,0.488371,0.502786,0.416592,0.48243,0.430296,0.482076,0.464777,0.597013,0.46571,0.480723,0.482569,0.366415,0.46275,0.43911,0.477948,0.54902,0.400599,0.557176,0.434388,0.443607,0.381409,0.444228,0.454019,0.467546,0.464725,0.465794,0.43582,0.47469,0.443723,0.490771,0.460921,0.543373,0.500957,0.485347,1.0,0.48377,0.447946,0.405397,0.466405,0.496351,0.541366,0.505323,0.438522,0.554872,0.531576,0.487047,0.496023,0.462827,0.457025,0.519786,0.522108,0.549916,0.462543,0.512614,0.478046,0.454006,0.514652,0.521541,0.410283,0.573653,0.498796,0.472428,0.504696,0.546383,0.511516,0.557698,0.564363,0.376859,0.567281,0.531716,0.41146,0.535397,0.316831,0.424372,0.55233,0.440101,0.51598,0.464663,0.492668,0.48125,0.484443,0.423048,0.420837,0.52331,0.461431,0.478917,0.479289,0.478448,0.433648,0.478143,0.512514,0.500464,0.470871,0.461264,0.558411,0.481553,0.477975,0.455501,0.484791,0.450301,0.445507,0.449912,0.489702,0.453651,0.5594,0.44621,0.43625,0.564445,0.492147,0.374977,0.57094,0.481495,0.444062,0.496896,0.487011,0.496423,0.545879,0.54047,0.49038,0.417784
Flute,0.523734,0.539347,0.411178,0.483117,0.55582,0.3826,0.46381,0.46192,0.584058,0.50432,0.63166,0.636632,0.394299,0.607066,0.507608,0.557044,0.546508,0.506939,0.565328,0.548153,0.605229,0.461398,0.539521,0.448603,0.59554,0.562109,0.430739,0.655152,0.503339,0.48608,0.411219,0.536658,0.52181,0.579222,0.46675,0.584451,0.519503,0.542834,0.572835,0.581252,0.529376,0.627753,0.555064,0.589664,0.48377,1.0,0.475904,0.390273,0.553421,0.574175,0.57924,0.575145,0.534761,0.617585,0.596495,0.562579,0.532973,0.500401,0.476123,0.648837,0.639649,0.537628,0.573845,0.550645,0.542151,0.532554,0.526031,0.573532,0.493682,0.581909,0.505181,0.562864,0.487386,0.551415,0.548881,0.607569,0.512525,0.47201,0.653226,0.743856,0.500642,0.448043,0.328838,0.549361,0.649242,0.464192,0.630686,0.575144,0.558872,0.53043,0.521763,0.431535,0.477597,0.638021,0.554794,0.488277,0.601856,0.559619,0.394943,0.475858,0.48696,0.579185,0.568208,0.469851,0.628481,0.633962,0.595946,0.563683,0.511932,0.443974,0.555639,0.415652,0.526316,0.519696,0.676965,0.587989,0.506561,0.486291,0.541916,0.457586,0.584098,0.494058,0.563735,0.556634,0.58695,0.562412,0.561366,0.630504,0.522934,0.416995
Fossils,0.507495,0.639565,0.522679,0.50547,0.468618,0.484241,0.524501,0.566439,0.500239,0.506341,0.545627,0.513295,0.380777,0.50001,0.477153,0.529914,0.481063,0.484513,0.531311,0.551748,0.535886,0.418688,0.487151,0.518682,0.513524,0.532514,0.428351,0.476349,0.469586,0.487738,0.456482,0.492611,0.486684,0.503265,0.505279,0.470484,0.464901,0.538847,0.464028,0.440509,0.534289,0.526814,0.494391,0.461049,0.447946,0.475904,1.0,0.479665,0.514113,0.461832,0.566905,0.520634,0.471073,0.561264,0.511402,0.535062,0.565773,0.490841,0.456072,0.535585,0.493231,0.509634,0.420577,0.530009,0.502545,0.447892,0.528566,0.470004,0.492472,0.534567,0.53076,0.47331,0.600962,0.585146,0.499578,0.561072,0.516966,0.453543,0.488821,0.489967,0.448921,0.495328,0.457718,0.476574,0.489049,0.509548,0.51333,0.517729,0.492935,0.522373,0.50114,0.49318,0.487887,0.532901,0.482799,0.552446,0.468337,0.45861,0.544463,0.592786,0.523767,0.559047,0.465147,0.552842,0.532827,0.494451,0.505939,0.525898,0.456418,0.504206,0.490158,0.511471,0.493408,0.482526,0.525855,0.502756,0.498651,0.421467,0.500536,0.416346,0.521701,0.543735,0.522717,0.504927,0.464953,0.529969,0.480166,0.510704,0.573924,0.591688
Frisbee,0.476166,0.550858,0.62766,0.494375,0.481756,0.585166,0.524612,0.539565,0.471213,0.532664,0.513624,0.437798,0.461911,0.486314,0.525942,0.485136,0.464163,0.423054,0.492332,0.507413,0.550731,0.464871,0.530233,0.519796,0.524662,0.501728,0.526496,0.414216,0.534366,0.589757,0.585314,0.47546,0.545789,0.472738,0.446234,0.433339,0.412488,0.602713,0.469231,0.409595,0.568764,0.539771,0.544396,0.471917,0.405397,0.390273,0.479665,1.0,0.639243,0.498337,0.514777,0.594753,0.498185,0.524042,0.493268,0.529084,0.577905,0.605101,0.505158,0.528362,0.467156,0.511178,0.381183,0.534155,0.478743,0.448863,0.583579,0.490755,0.569819,0.575458,0.550282,0.466711,0.470806,0.480495,0.503725,0.474023,0.538173,0.475539,0.435131,0.454105,0.416898,0.374199,0.463313,0.523308,0.451623,0.54608,0.507983,0.561137,0.48513,0.600501,0.518142,0.481571,0.517475,0.438705,0.514837,0.485409,0.523881,0.47609,0.496484,0.496887,0.478688,0.546326,0.43633,0.639043,0.535861,0.512863,0.546152,0.49649,0.466358,0.442049,0.486164,0.467522,0.610924,0.499389,0.485663,0.495336,0.530724,0.322298,0.522628,0.435779,0.501851,0.57933,0.493905,0.513308,0.50393,0.582975,0.455552,0.464621,0.536933,0.493522
Fryingpan,0.585015,0.648144,0.613218,0.592693,0.630832,0.533606,0.599389,0.545554,0.603128,0.673139,0.649027,0.599956,0.533903,0.590687,0.657863,0.607335,0.584635,0.548794,0.572897,0.627585,0.668326,0.567912,0.632802,0.528934,0.681796,0.598852,0.559411,0.570296,0.702055,0.706102,0.626915,0.582705,0.652422,0.600536,0.48482,0.576221,0.516569,0.690697,0.621891,0.528511,0.661751,0.696377,0.662648,0.646976,0.466405,0.553421,0.514113,0.639243,1.0,0.678028,0.633741,0.727863,0.643202,0.661799,0.61499,0.647993,0.68752,0.706992,0.65538,0.668799,0.635521,0.566893,0.509979,0.646898,0.62322,0.614653,0.690831,0.622168,0.664657,0.655945,0.652769,0.652738,0.531428,0.590616,0.60772,0.597438,0.575863,0.550844,0.601659,0.642964,0.489723,0.444129,0.419316,0.600797,0.637572,0.626539,0.68066,0.695922,0.578753,0.697484,0.62922,0.477284,0.634988,0.610147,0.634528,0.539595,0.693198,0.632086,0.513531,0.538671,0.498281,0.670769,0.524385,0.688413,0.693114,0.673504,0.705665,0.600999,0.6212,0.499837,0.626626,0.515674,0.673012,0.574591,0.650748,0.603101,0.652077,0.408675,0.709334,0.534773,0.601361,0.655948,0.604579,0.652418,0.627947,0.730894,0.586991,0.631268,0.576827,0.507551
Glasses,0.513061,0.540414,0.471744,0.534368,0.597964,0.402754,0.523141,0.466841,0.556889,0.537085,0.641105,0.599575,0.568381,0.549914,0.567783,0.554784,0.541387,0.519014,0.519218,0.558521,0.627026,0.511335,0.57844,0.44572,0.615278,0.588702,0.498656,0.604324,0.579084,0.593002,0.506217,0.519414,0.621822,0.54416,0.45911,0.582151,0.488283,0.600832,0.571693,0.57251,0.570118,0.649817,0.613005,0.624823,0.496351,0.574175,0.461832,0.498337,0.678028,1.0,0.592131,0.734299,0.562572,0.6078,0.606824,0.630931,0.601372,0.641201,0.55961,0.634696,0.639356,0.584281,0.536732,0.577829,0.603377,0.609949,0.580894,0.532296,0.56745,0.634478,0.610531,0.576432,0.505118,0.540319,0.62077,0.567144,0.544371,0.465945,0.584985,0.620009,0.461534,0.406363,0.337365,0.529136,0.629323,0.506149,0.62899,0.601893,0.5437,0.646454,0.59747,0.435858,0.506264,0.592372,0.564278,0.486355,0.736323,0.591867,0.448694,0.481107,0.490931,0.619144,0.479106,0.536033,0.671979,0.602423,0.646488,0.548463,0.61817,0.454046,0.547572,0.444801,0.66248,0.573125,0.62926,0.574024,0.534995,0.468063,0.648412,0.486031,0.606067,0.54898,0.547152,0.549987,0.607186,0.664924,0.573793,0.650073,0.502821,0.464778
Glove,0.597552,0.626782,0.539911,0.677204,0.631659,0.488329,0.551676,0.586481,0.635471,0.626718,0.639484,0.640227,0.438019,0.640843,0.595276,0.60872,0.573823,0.565965,0.63474,0.665123,0.634369,0.522159,0.62929,0.553509,0.664212,0.64451,0.500776,0.62696,0.627654,0.5994,0.511891,0.608851,0.626333,0.628087,0.567373,0.597873,0.55797,0.615898,0.613465,0.559245,0.644574,0.727246,0.619528,0.628185,0.541366,0.57924,0.566905,0.514777,0.633741,0.592131,1.0,0.657124,0.610086,0.680108,0.634532,0.693582,0.666912,0.618002,0.599766,0.64853,0.633877,0.625523,0.566257,0.653369,0.632315,0.598624,0.647197,0.66647,0.605641,0.652456,0.644155,0.64336,0.609781,0.639043,0.594772,0.693005,0.584464,0.547685,0.672868,0.635869,0.517079,0.515444,0.388291,0.592631,0.668258,0.588383,0.691783,0.630924,0.618534,0.597759,0.64447,0.506389,0.595797,0.645051,0.610239,0.633261,0.623335,0.602505,0.578562,0.563807,0.624174,0.683623,0.590389,0.618345,0.681903,0.659203,0.681306,0.624988,0.612953,0.652847,0.659017,0.547347,0.596548,0.589767,0.678636,0.595869,0.627683,0.476212,0.660611,0.515038,0.661055,0.640442,0.645635,0.669286,0.629445,0.676483,0.613217,0.673461,0.588575,0.500536
Goggles,0.585108,0.617766,0.556968,0.606744,0.616911,0.493174,0.58088,0.547935,0.617871,0.607149,0.685536,0.627129,0.52442,0.607141,0.654451,0.579834,0.569609,0.540782,0.583222,0.621074,0.678249,0.5912,0.635536,0.521441,0.67637,0.617587,0.529188,0.582683,0.650697,0.661295,0.564119,0.580978,0.682175,0.616146,0.514027,0.593771,0.520823,0.661527,0.639848,0.546161,0.662402,0.71483,0.643071,0.644315,0.505323,0.575145,0.520634,0.594753,0.727863,0.734299,0.657124,1.0,0.616887,0.657378,0.640887,0.66835,0.669053,0.700185,0.606963,0.682865,0.647377,0.622014,0.524028,0.634732,0.628813,0.640925,0.655211,0.608954,0.632999,0.67026,0.670553,0.629768,0.571454,0.596575,0.618769,0.627753,0.595368,0.538324,0.609879,0.642645,0.49766,0.441492,0.383091,0.605022,0.643894,0.583452,0.689242,0.657966,0.589624,0.685614,0.653264,0.478859,0.581537,0.612659,0.612792,0.570526,0.722905,0.630822,0.529828,0.533723,0.553321,0.693667,0.532873,0.615957,0.688395,0.672361,0.720278,0.614825,0.634717,0.535399,0.622805,0.52289,0.659683,0.608225,0.665094,0.64541,0.623246,0.450905,0.679334,0.558387,0.628066,0.632474,0.614418,0.633147,0.681697,0.724017,0.591432,0.640007,0.569542,0.524494
Grill,0.624644,0.557543,0.487448,0.614948,0.681187,0.459281,0.558091,0.510704,0.666261,0.635721,0.614814,0.661503,0.516755,0.643119,0.603766,0.619922,0.619942,0.543429,0.602739,0.645891,0.550961,0.61831,0.638988,0.470339,0.690645,0.582558,0.531644,0.589897,0.711555,0.62063,0.563905,0.657713,0.619595,0.633306,0.471175,0.670936,0.568755,0.597278,0.651167,0.598783,0.61456,0.679475,0.63092,0.643895,0.438522,0.534761,0.471073,0.498185,0.643202,0.562572,0.610086,0.616887,1.0,0.621881,0.58051,0.651148,0.61586,0.615663,0.632478,0.60904,0.602223,0.549626,0.579473,0.641324,0.66876,0.65231,0.64204,0.619179,0.619941,0.610291,0.591858,0.710202,0.504245,0.55144,0.537238,0.58018,0.562988,0.650794,0.606792,0.616652,0.534108,0.430454,0.344184,0.634538,0.664158,0.579022,0.675568,0.703123,0.571824,0.575477,0.618933,0.432464,0.592078,0.603311,0.667507,0.521601,0.596051,0.659768,0.449784,0.479408,0.501097,0.615309,0.530208,0.624248,0.606945,0.706781,0.69647,0.637615,0.658386,0.513858,0.72356,0.491415,0.586644,0.618715,0.611587,0.653307,0.678809,0.405774,0.69709,0.61428,0.606826,0.592956,0.628384,0.638135,0.654303,0.647335,0.599091,0.575243,0.515169,0.430909
Hairbrush,0.661416,0.657527,0.532083,0.583177,0.650782,0.567499,0.602796,0.592974,0.622171,0.629345,0.658272,0.66411,0.479039,0.644021,0.594605,0.634746,0.589486,0.598807,0.616894,0.658745,0.673044,0.512282,0.650311,0.530889,0.70402,0.653424,0.525416,0.650198,0.640614,0.615366,0.536277,0.624757,0.627452,0.605278,0.535601,0.61889,0.571533,0.637478,0.634508,0.595532,0.645669,0.72438,0.675946,0.652324,0.554872,0.617585,0.561264,0.524042,0.661799,0.6078,0.680108,0.657378,0.621881,1.0,0.644783,0.647836,0.660673,0.640049,0.611615,0.653954,0.676531,0.605283,0.5895,0.663673,0.652605,0.591637,0.699572,0.679037,0.619875,0.675027,0.62954,0.655944,0.556775,0.656481,0.617179,0.703388,0.629704,0.557399,0.719157,0.67851,0.540684,0.528963,0.396356,0.604628,0.708911,0.59318,0.720869,0.64571,0.65618,0.628585,0.621798,0.504969,0.605033,0.673334,0.642828,0.600783,0.651875,0.611486,0.511048,0.573975,0.558645,0.661271,0.607792,0.624035,0.723795,0.666296,0.666269,0.627459,0.597135,0.550829,0.645527,0.540889,0.665819,0.56485,0.712259,0.604277,0.63442,0.52307,0.673629,0.508821,0.654209,0.630753,0.626895,0.677968,0.636573,0.667468,0.631388,0.715774,0.579354,0.534926
Hairclip,0.587914,0.580201,0.495062,0.572055,0.596794,0.46872,0.529845,0.525233,0.59739,0.569642,0.628734,0.623928,0.475892,0.592438,0.573048,0.575395,0.552383,0.552581,0.571445,0.60331,0.618835,0.516182,0.590281,0.506379,0.635881,0.612864,0.500488,0.602929,0.581712,0.570583,0.499874,0.566524,0.608918,0.578555,0.506802,0.58328,0.523646,0.598278,0.595212,0.556078,0.592656,0.657368,0.597018,0.620353,0.531576,0.596495,0.511402,0.493268,0.61499,0.606824,0.634532,0.640887,0.58051,0.644783,1.0,0.630909,0.604669,0.595096,0.557978,0.629686,0.64105,0.589457,0.542254,0.599953,0.596684,0.584481,0.603007,0.581707,0.572116,0.632146,0.597605,0.611169,0.561602,0.591733,0.586053,0.621505,0.591299,0.515787,0.620074,0.640044,0.513151,0.486461,0.397095,0.561962,0.639615,0.536139,0.64428,0.614031,0.582603,0.606114,0.614384,0.466607,0.542647,0.634271,0.588308,0.56001,0.631876,0.594339,0.504378,0.539671,0.546281,0.635456,0.53496,0.579641,0.641225,0.642369,0.650641,0.583976,0.59158,0.524913,0.594958,0.503035,0.584564,0.550855,0.648713,0.586226,0.566072,0.475088,0.622247,0.502353,0.616451,0.580362,0.584926,0.593192,0.623714,0.637983,0.601571,0.631829,0.568367,0.48431
Handbag,0.639288,0.57999,0.523105,0.711926,0.643338,0.486493,0.591439,0.5896,0.658188,0.632236,0.663341,0.633612,0.514875,0.656224,0.613536,0.632798,0.598518,0.538664,0.644417,0.66108,0.625505,0.563491,0.640768,0.536791,0.685268,0.644387,0.538229,0.602945,0.651694,0.620309,0.553584,0.625253,0.654825,0.636319,0.573407,0.61371,0.560678,0.628363,0.623813,0.575161,0.62991,0.717482,0.638944,0.652609,0.487047,0.562579,0.535062,0.529084,0.647993,0.630931,0.693582,0.66835,0.651148,0.647836,0.630909,1.0,0.657767,0.655256,0.627314,0.63082,0.630956,0.632157,0.579421,0.649952,0.66995,0.6379,0.629096,0.628525,0.647372,0.640905,0.650009,0.648529,0.584748,0.585154,0.639416,0.650781,0.604198,0.576134,0.62144,0.613604,0.549655,0.46371,0.396841,0.597825,0.655955,0.597953,0.665373,0.667867,0.598752,0.623154,0.652357,0.49752,0.586914,0.659726,0.640825,0.63424,0.65546,0.635609,0.582528,0.541636,0.61546,0.68514,0.565863,0.632668,0.645855,0.663994,0.694104,0.658888,0.657694,0.649032,0.695314,0.545109,0.648494,0.656706,0.649938,0.616268,0.645163,0.442498,0.679828,0.552058,0.667448,0.624292,0.68692,0.638267,0.634343,0.683447,0.611969,0.657715,0.573614,0.492672
Hat,0.572646,0.651039,0.587588,0.609347,0.626018,0.541995,0.613509,0.641063,0.635539,0.645796,0.652967,0.613074,0.462209,0.600335,0.578012,0.603931,0.580139,0.55263,0.599252,0.635476,0.631881,0.530587,0.600894,0.542439,0.656941,0.613878,0.490248,0.563472,0.646058,0.644793,0.539997,0.581454,0.604846,0.647022,0.550635,0.579672,0.514945,0.633877,0.573671,0.539722,0.635811,0.685711,0.62537,0.598199,0.496023,0.532973,0.565773,0.577905,0.68752,0.601372,0.666912,0.669053,0.61586,0.660673,0.604669,0.657767,1.0,0.6178,0.600097,0.661462,0.581542,0.593308,0.49865,0.658374,0.610948,0.564495,0.651475,0.619828,0.603517,0.640195,0.63204,0.617454,0.564731,0.626967,0.580815,0.641624,0.608432,0.539694,0.605962,0.626264,0.490464,0.469467,0.396426,0.588303,0.62399,0.623502,0.65012,0.65001,0.569094,0.632374,0.607313,0.508661,0.611426,0.564932,0.611342,0.609447,0.597114,0.565144,0.578795,0.552378,0.591698,0.701659,0.518153,0.664742,0.648577,0.664418,0.672676,0.62638,0.575095,0.592706,0.613905,0.551102,0.620988,0.597203,0.644621,0.59526,0.645707,0.430618,0.656571,0.499978,0.634212,0.646252,0.628015,0.637786,0.586318,0.682628,0.564828,0.608801,0.574992,0.564236
Headphones,0.587938,0.580389,0.532355,0.628324,0.621344,0.508897,0.588619,0.525946,0.577551,0.621533,0.612481,0.574527,0.611876,0.548559,0.686266,0.573343,0.539989,0.514511,0.525208,0.609655,0.653015,0.594182,0.603763,0.484023,0.647447,0.589268,0.565502,0.549256,0.651021,0.634475,0.618677,0.538315,0.658073,0.563849,0.470295,0.557596,0.482471,0.674795,0.658545,0.50457,0.657002,0.672514,0.662298,0.675815,0.462827,0.500401,0.490841,0.605101,0.706992,0.641201,0.618002,0.700185,0.615663,0.640049,0.595096,0.655256,0.6178,1.0,0.619601,0.596435,0.642526,0.571571,0.516249,0.607829,0.621591,0.644714,0.655472,0.588935,0.682042,0.627719,0.646291,0.648834,0.520196,0.562402,0.612679,0.570068,0.577681,0.521914,0.592742,0.571866,0.471746,0.442205,0.389276,0.583405,0.624555,0.556053,0.661348,0.641612,0.559646,0.6758,0.647055,0.447257,0.571148,0.621401,0.610097,0.549301,0.710798,0.668687,0.504895,0.519276,0.48565,0.622198,0.525309,0.62931,0.649972,0.62742,0.680136,0.555677,0.673748,0.516612,0.635002,0.548026,0.69919,0.577651,0.610011,0.590741,0.589283,0.416889,0.684943,0.574196,0.596934,0.591541,0.555392,0.607791,0.652826,0.692417,0.587532,0.632576,0.541046,0.506479
Hourglass,0.527272,0.592455,0.523547,0.585438,0.710744,0.459955,0.539835,0.473862,0.59886,0.697874,0.550492,0.583492,0.504856,0.56358,0.561593,0.634675,0.571242,0.561819,0.540984,0.606989,0.57357,0.483449,0.579482,0.484093,0.631384,0.609052,0.52353,0.591371,0.714197,0.636879,0.559541,0.549176,0.550406,0.539049,0.462547,0.594861,0.538131,0.586836,0.572189,0.549204,0.554626,0.676532,0.642898,0.660936,0.457025,0.476123,0.456072,0.505158,0.65538,0.55961,0.599766,0.606963,0.632478,0.611615,0.557978,0.627314,0.600097,0.619601,1.0,0.573565,0.60748,0.561681,0.566093,0.689086,0.675245,0.586393,0.720806,0.655516,0.612373,0.633878,0.589424,0.673224,0.490224,0.571278,0.589035,0.583435,0.534148,0.51913,0.676549,0.555687,0.50702,0.423567,0.360014,0.524589,0.686903,0.603098,0.646589,0.635428,0.526745,0.602102,0.571738,0.432402,0.625481,0.622357,0.634913,0.51858,0.602553,0.612054,0.453133,0.485415,0.478605,0.58363,0.56747,0.665961,0.690654,0.580546,0.610561,0.552731,0.622302,0.497018,0.612875,0.506263,0.587259,0.562883,0.62059,0.54127,0.621681,0.425723,0.758758,0.479677,0.611216,0.63067,0.533526,0.690441,0.570718,0.657854,0.654811,0.637434,0.511383,0.435188
Kayak,0.554061,0.619025,0.532441,0.572213,0.606896,0.474816,0.536122,0.525423,0.625956,0.598312,0.667615,0.633192,0.470232,0.61522,0.576962,0.599787,0.637557,0.57989,0.5872,0.607519,0.659488,0.590661,0.615022,0.508778,0.655101,0.613828,0.485139,0.617647,0.605632,0.59568,0.514779,0.580468,0.623392,0.616267,0.509477,0.589248,0.522921,0.613797,0.610343,0.571434,0.609476,0.704511,0.619648,0.604476,0.519786,0.648837,0.535585,0.528362,0.668799,0.634696,0.64853,0.682865,0.60904,0.653954,0.629686,0.63082,0.661462,0.596435,0.573565,1.0,0.615911,0.619313,0.536677,0.632104,0.589083,0.617017,0.626515,0.604144,0.554824,0.65065,0.60534,0.625792,0.571749,0.605783,0.585254,0.650139,0.583062,0.528413,0.642498,0.724016,0.493979,0.473581,0.392679,0.592009,0.670406,0.566812,0.685005,0.658313,0.599456,0.625455,0.619606,0.475779,0.554615,0.62825,0.608279,0.552098,0.629673,0.614434,0.491941,0.530812,0.558185,0.701403,0.568502,0.604038,0.682338,0.703122,0.694722,0.60786,0.595203,0.527453,0.607337,0.487909,0.597857,0.611538,0.699708,0.677575,0.600035,0.477298,0.63274,0.546759,0.643341,0.615055,0.593663,0.624423,0.64429,0.659685,0.588381,0.63128,0.587728,0.491059
Key,0.569256,0.583637,0.461079,0.575153,0.65645,0.424666,0.52553,0.487444,0.599817,0.62481,0.635901,0.672564,0.524997,0.612119,0.597036,0.606913,0.555238,0.596038,0.573546,0.641653,0.633627,0.498912,0.596843,0.478311,0.657816,0.64027,0.535852,0.681386,0.617769,0.58251,0.517534,0.568215,0.603908,0.570658,0.471319,0.625812,0.566486,0.622326,0.658537,0.579397,0.607536,0.692485,0.632297,0.734904,0.522108,0.639649,0.493231,0.467156,0.635521,0.639356,0.633877,0.647377,0.602223,0.676531,0.64105,0.630956,0.581542,0.642526,0.60748,0.615911,1.0,0.561425,0.6134,0.63024,0.652114,0.625326,0.638073,0.629735,0.637861,0.640625,0.60235,0.699147,0.522297,0.60417,0.613282,0.636533,0.547121,0.507092,0.690254,0.670224,0.543693,0.497712,0.339458,0.572329,0.74527,0.52531,0.700915,0.625495,0.608129,0.623724,0.62842,0.452311,0.553438,0.71985,0.632368,0.53192,0.728637,0.656706,0.447461,0.516133,0.501131,0.607246,0.588496,0.56737,0.689656,0.639623,0.661513,0.574177,0.642064,0.485146,0.631577,0.489917,0.601486,0.519932,0.686422,0.567986,0.571026,0.543452,0.6942,0.506524,0.624194,0.569502,0.583031,0.639173,0.646013,0.662361,0.664607,0.691814,0.518314,0.4591
Kite,0.562398,0.550209,0.492938,0.582548,0.583824,0.493071,0.511158,0.546192,0.585415,0.531189,0.596105,0.579386,0.47994,0.589212,0.522075,0.579475,0.583675,0.537031,0.582169,0.566185,0.604024,0.48397,0.554205,0.49552,0.579284,0.614541,0.483126,0.586792,0.548457,0.538841,0.48573,0.546856,0.57486,0.543439,0.549713,0.563806,0.5122,0.555622,0.530145,0.576286,0.544904,0.641489,0.58245,0.552401,0.549916,0.537628,0.509634,0.511178,0.566893,0.584281,0.625523,0.622014,0.549626,0.605283,0.589457,0.632157,0.593308,0.571571,0.561681,0.619313,0.561425,1.0,0.541,0.599037,0.585119,0.55258,0.572471,0.566689,0.521522,0.621493,0.593506,0.552162,0.571132,0.559305,0.588175,0.636762,0.647027,0.489202,0.603586,0.593366,0.49777,0.456902,0.384677,0.517622,0.609471,0.532812,0.596572,0.576156,0.535933,0.565586,0.58132,0.504951,0.49729,0.595354,0.553848,0.600773,0.584592,0.566949,0.517899,0.525644,0.634215,0.625093,0.572393,0.562128,0.607818,0.587213,0.607438,0.56838,0.584348,0.595327,0.555118,0.50554,0.590275,0.644356,0.613916,0.585882,0.546766,0.480817,0.581715,0.476178,0.67891,0.580664,0.559423,0.562278,0.56559,0.593864,0.588492,0.601721,0.545663,0.485068
Ladder,0.512245,0.488019,0.386597,0.515158,0.682778,0.351942,0.475597,0.431709,0.574889,0.51515,0.530026,0.624407,0.460144,0.610946,0.469045,0.576616,0.540409,0.514643,0.543207,0.563065,0.517159,0.423842,0.566982,0.418946,0.59557,0.584279,0.459045,0.680751,0.559289,0.496324,0.425872,0.557174,0.491642,0.516809,0.432004,0.632246,0.58947,0.502424,0.532468,0.674387,0.489373,0.639137,0.597509,0.619255,0.462543,0.573845,0.420577,0.381183,0.509979,0.536732,0.566257,0.524028,0.579473,0.5895,0.542254,0.579421,0.49865,0.516249,0.566093,0.536677,0.6134,0.541,1.0,0.58619,0.642673,0.551823,0.55546,0.613478,0.524124,0.587915,0.501463,0.603793,0.447765,0.523373,0.532936,0.602218,0.479958,0.49739,0.701154,0.589945,0.524605,0.439423,0.302927,0.51666,0.691649,0.479441,0.622444,0.547856,0.567822,0.502688,0.513422,0.40176,0.482593,0.6352,0.570199,0.496482,0.568437,0.567632,0.374737,0.432141,0.466571,0.507879,0.60613,0.476355,0.612918,0.552935,0.532563,0.539695,0.577415,0.45459,0.60802,0.40306,0.552995,0.525599,0.618604,0.508833,0.545402,0.477245,0.592616,0.442603,0.598201,0.512152,0.528485,0.589148,0.53616,0.547412,0.613551,0.68264,0.464008,0.399555
Lamp,0.567156,0.64852,0.556921,0.598104,0.689901,0.493799,0.564615,0.560773,0.631028,0.687865,0.614366,0.639317,0.480298,0.632451,0.567143,0.644755,0.596693,0.588119,0.606493,0.645736,0.607143,0.504928,0.613612,0.536071,0.665462,0.644393,0.516986,0.62444,0.684193,0.638312,0.538132,0.602946,0.588741,0.599911,0.523505,0.624014,0.570408,0.61322,0.59398,0.58775,0.603126,0.709953,0.652413,0.653916,0.512614,0.550645,0.530009,0.534155,0.646898,0.577829,0.653369,0.634732,0.641324,0.663673,0.599953,0.649952,0.658374,0.607829,0.689086,0.632104,0.63024,0.599037,0.58619,1.0,0.668999,0.586187,0.709547,0.684913,0.610461,0.666763,0.608893,0.675771,0.554802,0.636799,0.597018,0.661872,0.587125,0.549571,0.699963,0.624653,0.535474,0.478192,0.375398,0.583493,0.698765,0.617556,0.682247,0.653474,0.591466,0.609371,0.604006,0.487138,0.627705,0.635717,0.646962,0.583398,0.607763,0.608543,0.498669,0.537972,0.56665,0.635574,0.592134,0.666978,0.693707,0.635545,0.642144,0.615017,0.605379,0.557316,0.647201,0.530668,0.613052,0.596018,0.674081,0.590497,0.654782,0.474107,0.717235,0.502988,0.658563,0.656998,0.599332,0.707369,0.605688,0.676157,0.642284,0.663994,0.561971,0.501626
Lantern,0.623726,0.588553,0.494583,0.610711,0.710024,0.452592,0.596847,0.533481,0.648316,0.64472,0.615084,0.671321,0.510731,0.672442,0.567038,0.659457,0.602565,0.581919,0.628247,0.67825,0.579527,0.510878,0.648625,0.492686,0.686637,0.632381,0.551209,0.643027,0.696106,0.628683,0.550155,0.67514,0.573758,0.589143,0.495923,0.678674,0.664419,0.60696,0.597603,0.622244,0.593535,0.697005,0.663499,0.676892,0.478046,0.542151,0.502545,0.478743,0.62322,0.603377,0.632315,0.628813,0.66876,0.652605,0.596684,0.66995,0.610948,0.621591,0.675245,0.589083,0.652114,0.585119,0.642673,0.668999,1.0,0.608464,0.664708,0.666094,0.644819,0.653127,0.601012,0.679709,0.520823,0.589585,0.589983,0.647255,0.570571,0.616738,0.679204,0.598344,0.604174,0.461845,0.349891,0.603106,0.703806,0.603035,0.673024,0.662291,0.600577,0.607913,0.586116,0.470953,0.606831,0.652059,0.66002,0.566871,0.627421,0.610946,0.447101,0.501542,0.528324,0.597208,0.606892,0.630191,0.665422,0.621416,0.619899,0.645179,0.630051,0.530538,0.683148,0.495931,0.618446,0.608392,0.642769,0.595784,0.677688,0.483621,0.717504,0.528898,0.635303,0.627829,0.63706,0.671284,0.593393,0.662992,0.654385,0.667702,0.52524,0.484079
Lawnmower,0.583694,0.51076,0.423798,0.623427,0.611427,0.393406,0.500446,0.447655,0.610376,0.575606,0.599985,0.602138,0.583739,0.557861,0.627264,0.566826,0.591626,0.541699,0.51858,0.588427,0.553799,0.679888,0.589411,0.425904,0.642088,0.57934,0.505334,0.58458,0.627405,0.54726,0.549155,0.560668,0.636643,0.572742,0.430013,0.575336,0.475561,0.571024,0.703263,0.548141,0.601654,0.668495,0.601716,0.650284,0.454006,0.532554,0.447892,0.448863,0.614653,0.609949,0.598624,0.640925,0.65231,0.591637,0.584481,0.6379,0.564495,0.644714,0.586393,0.617017,0.625326,0.55258,0.551823,0.586187,0.608464,1.0,0.586724,0.552401,0.584631,0.57945,0.590951,0.711616,0.522677,0.523472,0.565815,0.549279,0.514825,0.513613,0.587289,0.597388,0.452151,0.428065,0.324531,0.564959,0.666519,0.482509,0.65325,0.654165,0.540328,0.559755,0.688588,0.396349,0.513632,0.648601,0.619145,0.489358,0.643587,0.746934,0.431196,0.454392,0.469856,0.612382,0.518527,0.564218,0.596277,0.665266,0.68695,0.542752,0.755317,0.482798,0.679948,0.498915,0.594026,0.575156,0.614523,0.668572,0.556328,0.443302,0.659274,0.703645,0.591961,0.525481,0.536188,0.586495,0.716093,0.619624,0.617371,0.588616,0.491385,0.415462
Lightbulb,0.595865,0.656614,0.572254,0.589675,0.665844,0.557314,0.59374,0.545815,0.5996,0.716985,0.606569,0.605909,0.500518,0.602454,0.619714,0.625441,0.580152,0.588166,0.580891,0.639949,0.619022,0.525387,0.635934,0.524089,0.685636,0.639094,0.549575,0.588123,0.727649,0.681591,0.602231,0.583977,0.614747,0.565062,0.501046,0.581101,0.545299,0.651767,0.627334,0.544368,0.632394,0.690625,0.691507,0.665676,0.514652,0.526031,0.528566,0.583579,0.690831,0.580894,0.647197,0.655211,0.64204,0.699572,0.603007,0.629096,0.651475,0.655472,0.720806,0.626515,0.638073,0.572471,0.55546,0.709547,0.664708,0.586724,1.0,0.712085,0.643626,0.678893,0.634072,0.690723,0.551908,0.630866,0.603476,0.65407,0.584799,0.548059,0.703954,0.607098,0.513422,0.483604,0.380038,0.591353,0.687175,0.638434,0.70897,0.670102,0.616112,0.651387,0.623233,0.471351,0.672801,0.657103,0.652991,0.576509,0.616143,0.613825,0.502421,0.544015,0.531835,0.624723,0.597677,0.727479,0.721203,0.621135,0.636423,0.592644,0.603175,0.532504,0.653754,0.538563,0.653237,0.547223,0.672142,0.591088,0.669659,0.458953,0.756892,0.516442,0.622262,0.681399,0.565687,0.751133,0.623671,0.696775,0.641085,0.644256,0.563203,0.514257
Lipstick,0.57236,0.60965,0.533295,0.594467,0.652312,0.465328,0.507727,0.546508,0.589366,0.679093,0.589297,0.60088,0.393344,0.668202,0.586657,0.614115,0.54388,0.54283,0.609996,0.631134,0.582145,0.473289,0.668741,0.507912,0.6904,0.62974,0.49077,0.644359,0.707687,0.620114,0.495575,0.614105,0.573266,0.575174,0.486242,0.570649,0.590893,0.586854,0.596537,0.546505,0.6179,0.727698,0.660336,0.676775,0.521541,0.573532,0.470004,0.490755,0.622168,0.532296,0.66647,0.608954,0.619179,0.679037,0.581707,0.628525,0.619828,0.588935,0.655516,0.604144,0.629735,0.566689,0.613478,0.684913,0.666094,0.552401,0.712085,1.0,0.633519,0.670541,0.584042,0.68685,0.487266,0.602006,0.566236,0.692694,0.547112,0.548022,0.792232,0.6425,0.525116,0.476427,0.306563,0.601351,0.722727,0.578446,0.726237,0.617845,0.658254,0.567364,0.569367,0.457355,0.651446,0.663942,0.630065,0.571849,0.582421,0.576478,0.460243,0.481229,0.527824,0.58983,0.671,0.611003,0.717657,0.625323,0.595023,0.587914,0.558696,0.546539,0.689913,0.484537,0.5764,0.530804,0.707828,0.545937,0.64906,0.473408,0.691025,0.481095,0.627252,0.629215,0.603348,0.791292,0.587136,0.654345,0.630033,0.667593,0.505716,0.441206
Lock,0.583092,0.564092,0.533474,0.603576,0.625339,0.494677,0.583094,0.53339,0.581143,0.658038,0.595384,0.58091,0.50982,0.604675,0.633047,0.595446,0.515778,0.497048,0.584481,0.648906,0.611046,0.544939,0.646588,0.513978,0.666372,0.57625,0.56827,0.536792,0.683467,0.665977,0.600675,0.594454,0.630781,0.559449,0.473344,0.573892,0.551653,0.642196,0.613051,0.490163,0.6298,0.648652,0.624006,0.675116,0.410283,0.493682,0.492472,0.569819,0.664657,0.56745,0.605641,0.632999,0.619941,0.619875,0.572116,0.647372,0.603517,0.682042,0.612373,0.554824,0.637861,0.521522,0.524124,0.610461,0.644819,0.584631,0.643626,0.633519,1.0,0.602211,0.60791,0.655941,0.485411,0.542097,0.562095,0.571088,0.524068,0.582367,0.579791,0.545298,0.53206,0.410824,0.399643,0.617086,0.620675,0.591925,0.650239,0.646084,0.595737,0.643127,0.606703,0.461859,0.627489,0.610399,0.62545,0.547908,0.666963,0.597249,0.479384,0.498836,0.48696,0.597336,0.537752,0.648753,0.619551,0.620009,0.641257,0.593378,0.594484,0.503252,0.659615,0.50868,0.610351,0.535347,0.59094,0.554074,0.633255,0.380083,0.674368,0.544211,0.552786,0.611031,0.613281,0.647412,0.583285,0.688038,0.566216,0.609806,0.530968,0.480496
Lollipop,0.562763,0.650341,0.58478,0.573814,0.651693,0.505631,0.550662,0.561952,0.599526,0.600581,0.628856,0.634572,0.51077,0.655837,0.573125,0.623925,0.573876,0.5842,0.609735,0.632122,0.627393,0.505151,0.654783,0.54256,0.664546,0.656282,0.546153,0.657979,0.627315,0.616308,0.554703,0.625226,0.612653,0.578586,0.517111,0.614737,0.593815,0.644982,0.580145,0.59111,0.623472,0.708668,0.677787,0.639454,0.573653,0.581909,0.534567,0.575458,0.655945,0.634478,0.652456,0.67026,0.610291,0.675027,0.632146,0.640905,0.640195,0.627719,0.633878,0.65065,0.640625,0.621493,0.587915,0.666763,0.653127,0.57945,0.678893,0.670541,0.602211,1.0,0.620156,0.631255,0.555265,0.635225,0.62895,0.685954,0.618979,0.553471,0.714747,0.638316,0.547053,0.495444,0.43082,0.600921,0.716916,0.586117,0.6874,0.649808,0.648865,0.644703,0.606374,0.503528,0.594047,0.640911,0.633236,0.582257,0.631374,0.610506,0.503931,0.547499,0.571669,0.620889,0.608442,0.64148,0.73656,0.627848,0.617654,0.60744,0.600853,0.526032,0.622248,0.534699,0.662169,0.582074,0.689599,0.587035,0.617368,0.513335,0.664814,0.499011,0.662161,0.640282,0.606808,0.664812,0.60593,0.658579,0.65441,0.690171,0.598351,0.52326
Mask,0.579641,0.594395,0.533522,0.620461,0.586545,0.50819,0.556201,0.550635,0.581317,0.607306,0.610165,0.576195,0.495968,0.568286,0.617978,0.56996,0.543311,0.531215,0.564233,0.611389,0.605147,0.540517,0.595322,0.515864,0.630517,0.602439,0.522397,0.544975,0.622677,0.602234,0.553029,0.559246,0.637846,0.567677,0.513731,0.550707,0.500551,0.624163,0.600468,0.512213,0.617599,0.652776,0.611468,0.599582,0.498796,0.505181,0.53076,0.550282,0.652769,0.610531,0.644155,0.670553,0.591858,0.62954,0.597605,0.650009,0.63204,0.646291,0.589424,0.60534,0.60235,0.593506,0.501463,0.608893,0.601012,0.590951,0.634072,0.584042,0.60791,0.620156,1.0,0.615414,0.573323,0.57836,0.585844,0.607143,0.583846,0.525802,0.568321,0.571224,0.485372,0.475177,0.394732,0.563024,0.603355,0.564022,0.641554,0.618827,0.566589,0.623165,0.641538,0.476471,0.566933,0.603178,0.583743,0.586287,0.637663,0.60147,0.562129,0.545128,0.559505,0.646047,0.516672,0.62183,0.628158,0.615395,0.658269,0.575563,0.613327,0.569748,0.609144,0.540799,0.614995,0.568987,0.605711,0.57738,0.591197,0.441124,0.648522,0.525926,0.60681,0.611663,0.580991,0.610538,0.609341,0.656641,0.574426,0.59581,0.549508,0.510505
Microscope,0.610333,0.573143,0.45901,0.6359,0.701853,0.433938,0.526257,0.484953,0.653809,0.696368,0.616186,0.664851,0.51037,0.637367,0.651035,0.639885,0.616689,0.591578,0.585021,0.673485,0.579953,0.593673,0.642843,0.471638,0.703034,0.627196,0.542637,0.633624,0.740302,0.622511,0.571834,0.631736,0.653123,0.616485,0.452524,0.645684,0.559541,0.620378,0.719727,0.570915,0.639098,0.709053,0.655203,0.737805,0.472428,0.562864,0.47331,0.466711,0.652738,0.576432,0.64336,0.629768,0.710202,0.655944,0.611169,0.648529,0.617454,0.648834,0.673224,0.625792,0.699147,0.552162,0.603793,0.675771,0.679709,0.711616,0.690723,0.68685,0.655941,0.631255,0.615414,1.0,0.518797,0.589069,0.575186,0.620299,0.535366,0.594003,0.684296,0.645121,0.522723,0.479387,0.316169,0.629193,0.76013,0.563192,0.733775,0.714037,0.613526,0.603503,0.682349,0.425415,0.624886,0.713955,0.691604,0.537687,0.660814,0.720744,0.446375,0.485324,0.503839,0.63281,0.595044,0.638889,0.65453,0.706391,0.718459,0.598592,0.698898,0.528317,0.739316,0.518295,0.571308,0.567175,0.668833,0.634719,0.65006,0.45988,0.755694,0.619015,0.622978,0.604943,0.585821,0.70681,0.699166,0.672028,0.678245,0.626784,0.503035,0.421499
Minerals,0.536687,0.593272,0.495609,0.577245,0.501116,0.440248,0.487433,0.515942,0.540908,0.524741,0.558881,0.540538,0.391306,0.514905,0.524408,0.52421,0.505825,0.520871,0.543359,0.555379,0.541288,0.471051,0.49514,0.531122,0.530063,0.561135,0.432643,0.496737,0.507614,0.508028,0.453218,0.501661,0.539049,0.528048,0.526424,0.495318,0.454619,0.547192,0.521858,0.45972,0.548761,0.57861,0.498653,0.490124,0.504696,0.487386,0.600962,0.470806,0.531428,0.505118,0.609781,0.571454,0.504245,0.556775,0.561602,0.584748,0.564731,0.520196,0.490224,0.571749,0.522297,0.571132,0.447765,0.554802,0.520823,0.522677,0.551908,0.487266,0.485411,0.555265,0.573323,0.518797,1.0,0.581285,0.527435,0.585775,0.547788,0.455163,0.517003,0.521509,0.448094,0.510858,0.433897,0.486878,0.518874,0.515307,0.54753,0.538718,0.489941,0.529614,0.564775,0.475113,0.492985,0.578076,0.496696,0.577667,0.506232,0.52044,0.565982,0.582115,0.581918,0.604532,0.494188,0.562502,0.544148,0.535288,0.570537,0.540456,0.52756,0.55646,0.534415,0.50099,0.488128,0.534193,0.55447,0.549311,0.518746,0.452444,0.54253,0.472788,0.569175,0.573455,0.528845,0.536772,0.548435,0.569145,0.523839,0.526463,0.594144,0.531511
Mushroom,0.527175,0.700841,0.560075,0.545707,0.597164,0.487205,0.538563,0.564754,0.584269,0.589855,0.593506,0.619267,0.423514,0.580797,0.520351,0.59863,0.531158,0.580303,0.565144,0.614729,0.598726,0.455381,0.561193,0.54794,0.600532,0.612235,0.465341,0.598135,0.567415,0.564337,0.467782,0.554477,0.544591,0.578415,0.525286,0.569099,0.535365,0.589528,0.54498,0.52376,0.581144,0.644172,0.587547,0.588614,0.546383,0.551415,0.585146,0.480495,0.590616,0.540319,0.639043,0.596575,0.55144,0.656481,0.591733,0.585154,0.626967,0.562402,0.571278,0.605783,0.60417,0.559305,0.523373,0.636799,0.589585,0.523472,0.630866,0.602006,0.542097,0.635225,0.57836,0.589069,0.581285,1.0,0.566626,0.654974,0.561771,0.491759,0.658939,0.600536,0.504177,0.54777,0.422431,0.536425,0.642366,0.559819,0.630557,0.582465,0.573839,0.575171,0.568271,0.496275,0.572577,0.606752,0.570659,0.57549,0.559164,0.548147,0.520219,0.584398,0.544172,0.609519,0.547488,0.590871,0.662288,0.58769,0.588445,0.570799,0.540488,0.532106,0.567785,0.559847,0.558378,0.522592,0.650292,0.536148,0.575315,0.492016,0.615128,0.453538,0.61587,0.595817,0.564743,0.621716,0.555865,0.619588,0.592642,0.660871,0.619708,0.551555
Necklace,0.53531,0.571912,0.49466,0.55058,0.584252,0.466826,0.535583,0.518709,0.545211,0.559684,0.588341,0.560928,0.521993,0.555511,0.541631,0.593324,0.539128,0.537007,0.536951,0.564969,0.60155,0.453085,0.559278,0.481097,0.594245,0.616721,0.49692,0.589218,0.553274,0.555588,0.510788,0.51918,0.566801,0.520386,0.49223,0.528943,0.488702,0.589351,0.551977,0.531687,0.550521,0.640813,0.613897,0.606489,0.511516,0.548881,0.499578,0.503725,0.60772,0.62077,0.594772,0.618769,0.537238,0.617179,0.586053,0.639416,0.580815,0.612679,0.589035,0.585254,0.613282,0.588175,0.532936,0.597018,0.589983,0.565815,0.603476,0.566236,0.562095,0.62895,0.585844,0.575186,0.527435,0.566626,1.0,0.611798,0.563505,0.450168,0.613701,0.580957,0.484491,0.453137,0.388916,0.505356,0.63774,0.527745,0.608772,0.579997,0.557522,0.605251,0.579745,0.465163,0.514265,0.638282,0.571913,0.553607,0.639449,0.588884,0.494232,0.521479,0.522782,0.597106,0.556234,0.580718,0.647791,0.552225,0.58206,0.539991,0.591081,0.501368,0.547938,0.512465,0.649575,0.538837,0.629334,0.523969,0.530659,0.486579,0.625227,0.453636,0.616651,0.562695,0.53531,0.576121,0.558939,0.612374,0.601642,0.642717,0.538695,0.496336
Necktie,0.584172,0.634668,0.504214,0.589818,0.627417,0.467941,0.547099,0.602994,0.609672,0.588052,0.633145,0.64478,0.401095,0.68782,0.530874,0.623524,0.568373,0.589296,0.658403,0.65464,0.628284,0.46586,0.650694,0.541115,0.67337,0.660579,0.473167,0.65949,0.59566,0.574957,0.472086,0.641318,0.58411,0.593546,0.570717,0.5965,0.612229,0.600567,0.570055,0.576569,0.603789,0.731744,0.643367,0.612238,0.557698,0.607569,0.561072,0.474023,0.597438,0.567144,0.693005,0.627753,0.58018,0.703388,0.621505,0.650781,0.641624,0.570068,0.583435,0.650139,0.636533,0.636762,0.602218,0.661872,0.647255,0.549279,0.65407,0.692694,0.571088,0.685954,0.607143,0.620299,0.585775,0.654974,0.611798,1.0,0.584035,0.542409,0.732312,0.656253,0.565429,0.525497,0.373739,0.579704,0.720797,0.591333,0.709867,0.610356,0.678832,0.588857,0.589546,0.526932,0.575244,0.672043,0.609044,0.663859,0.604003,0.569663,0.540976,0.540656,0.63447,0.636653,0.672878,0.589252,0.725875,0.627665,0.607627,0.635762,0.563619,0.612658,0.629787,0.525763,0.599749,0.562228,0.711977,0.566069,0.633989,0.535381,0.62769,0.463248,0.666133,0.641023,0.643216,0.688871,0.574219,0.629264,0.620108,0.704112,0.579727,0.525222
Orifan,0.624959,0.561662,0.500315,0.545796,0.56239,0.580073,0.541039,0.584038,0.581617,0.527999,0.603773,0.572599,0.525739,0.549301,0.542499,0.55673,0.568078,0.519587,0.559544,0.558371,0.586492,0.490318,0.526075,0.492302,0.578439,0.591116,0.517216,0.534001,0.543284,0.539376,0.5218,0.537328,0.572964,0.559176,0.542744,0.557765,0.480225,0.572118,0.521044,0.549785,0.555121,0.588889,0.591422,0.528686,0.564363,0.512525,0.516966,0.538173,0.575863,0.544371,0.584464,0.595368,0.562988,0.629704,0.591299,0.604198,0.608432,0.577681,0.534148,0.583062,0.547121,0.647027,0.479958,0.587125,0.570571,0.514825,0.584799,0.547112,0.524068,0.618979,0.583846,0.535366,0.547788,0.561771,0.563505,0.584035,1.0,0.500745,0.557077,0.572454,0.482681,0.474561,0.405415,0.523145,0.553841,0.541446,0.563789,0.584165,0.51995,0.571786,0.570633,0.494083,0.503115,0.540813,0.563692,0.572277,0.545649,0.553804,0.535175,0.546729,0.589615,0.60525,0.493074,0.58964,0.567599,0.583066,0.593041,0.567693,0.5709,0.546063,0.545178,0.52093,0.604732,0.614449,0.576693,0.574161,0.546819,0.450588,0.574057,0.480365,0.640633,0.563214,0.561034,0.521962,0.552184,0.57469,0.564241,0.532038,0.534528,0.491966
Oven,0.579164,0.497908,0.453554,0.531254,0.565732,0.417891,0.498462,0.495784,0.594794,0.543851,0.549027,0.589427,0.385193,0.668105,0.532931,0.562848,0.543728,0.480177,0.614501,0.624691,0.49947,0.55974,0.681899,0.454069,0.644688,0.498649,0.50655,0.499146,0.637657,0.560866,0.519196,0.73565,0.578759,0.552043,0.440413,0.612676,0.632475,0.549526,0.545046,0.50878,0.562529,0.598892,0.551179,0.529854,0.376859,0.47201,0.453543,0.475539,0.550844,0.465945,0.547685,0.538324,0.650794,0.557399,0.515787,0.576134,0.539694,0.521914,0.51913,0.528413,0.507092,0.489202,0.49739,0.549571,0.616738,0.513613,0.548059,0.548022,0.582367,0.553471,0.525802,0.594003,0.455163,0.491759,0.450168,0.542409,0.500745,1.0,0.507547,0.536742,0.587124,0.388175,0.343625,0.626744,0.554545,0.53565,0.608057,0.649328,0.594189,0.524521,0.518465,0.430241,0.550031,0.510814,0.612028,0.485133,0.497742,0.520424,0.416286,0.437534,0.47888,0.540962,0.492743,0.559196,0.526761,0.656569,0.608227,0.627328,0.501752,0.483673,0.653164,0.417221,0.501044,0.568418,0.527185,0.587056,0.644734,0.351193,0.571907,0.560459,0.519401,0.546082,0.655777,0.572987,0.546969,0.560562,0.494474,0.491266,0.493237,0.405131
Paintbrush,0.542173,0.644191,0.482632,0.574381,0.721078,0.424074,0.509487,0.521716,0.626432,0.631582,0.605524,0.686476,0.455256,0.673002,0.538554,0.640396,0.573698,0.60072,0.600243,0.629354,0.630871,0.45502,0.640793,0.479832,0.669184,0.668867,0.475929,0.772599,0.633802,0.568788,0.467343,0.601237,0.545649,0.582912,0.495414,0.649955,0.624273,0.572554,0.606775,0.634413,0.577658,0.780071,0.687261,0.712691,0.567281,0.653226,0.488821,0.435131,0.601659,0.584985,0.672868,0.609879,0.606792,0.719157,0.620074,0.62144,0.605962,0.592742,0.676549,0.642498,0.690254,0.603586,0.701154,0.699963,0.679204,0.587289,0.703954,0.792232,0.579791,0.714747,0.568321,0.684296,0.517003,0.658939,0.613701,0.732312,0.557077,0.507547,1.0,0.714913,0.545877,0.498136,0.321392,0.56242,0.832831,0.55034,0.746982,0.609914,0.657259,0.567928,0.561067,0.450377,0.578448,0.714169,0.64073,0.571373,0.62937,0.627574,0.429483,0.494098,0.541844,0.589041,0.723865,0.564673,0.791691,0.630327,0.586773,0.587699,0.596844,0.545428,0.657065,0.485583,0.617309,0.55447,0.781002,0.558985,0.599805,0.559007,0.694058,0.457332,0.690354,0.601374,0.58039,0.746894,0.60018,0.630661,0.700044,0.822456,0.547604,0.476317
Pen,0.567264,0.591552,0.472078,0.540658,0.632035,0.438253,0.509259,0.513583,0.642828,0.583139,0.672405,0.678063,0.440433,0.65005,0.563195,0.59969,0.61081,0.580937,0.596599,0.600783,0.644702,0.539752,0.611599,0.464788,0.671029,0.611368,0.465076,0.680704,0.610425,0.575432,0.469984,0.604896,0.581086,0.636127,0.494675,0.630155,0.552125,0.599742,0.635071,0.619888,0.596304,0.711407,0.621464,0.654239,0.531716,0.743856,0.489967,0.454105,0.642964,0.620009,0.635869,0.642645,0.616652,0.67851,0.640044,0.613604,0.626264,0.571866,0.555687,0.724016,0.670224,0.593366,0.589945,0.624653,0.598344,0.597388,0.607098,0.6425,0.545298,0.638316,0.571224,0.645121,0.521509,0.600536,0.580957,0.656253,0.572454,0.536742,0.714913,1.0,0.521279,0.477486,0.329535,0.582279,0.718723,0.532271,0.709112,0.644586,0.607291,0.587052,0.572547,0.446411,0.538031,0.647081,0.621894,0.536728,0.638053,0.62414,0.440373,0.499947,0.532119,0.656705,0.591196,0.543422,0.685167,0.733483,0.680678,0.613437,0.575486,0.501852,0.629003,0.458623,0.584738,0.578207,0.736856,0.636964,0.593947,0.515096,0.626922,0.516812,0.647954,0.570523,0.612654,0.63886,0.655854,0.637752,0.602768,0.664969,0.54292,0.458645
Pictureframe,0.528886,0.492202,0.416046,0.472586,0.554892,0.385579,0.471456,0.460179,0.548618,0.499579,0.522219,0.582949,0.377386,0.65236,0.447258,0.572221,0.498211,0.496407,0.605034,0.59034,0.503756,0.406491,0.572546,0.446756,0.567012,0.520664,0.466888,0.54131,0.52485,0.509674,0.445511,0.66309,0.473959,0.486878,0.454129,0.58452,0.663318,0.517342,0.458084,0.510862,0.474614,0.561081,0.522158,0.532852,0.41146,0.500642,0.448921,0.416898,0.489723,0.461534,0.517079,0.49766,0.534108,0.540684,0.513151,0.549655,0.490464,0.471746,0.50702,0.493979,0.543693,0.49777,0.524605,0.535474,0.604174,0.452151,0.513422,0.525116,0.53206,0.547053,0.485372,0.522723,0.448094,0.504177,0.484491,0.565429,0.482681,0.587124,0.545877,0.521279,1.0,0.411989,0.335263,0.511906,0.584761,0.507155,0.551336,0.554162,0.542179,0.50366,0.471999,0.447574,0.494048,0.561671,0.550627,0.482361,0.500294,0.482366,0.389093,0.442536,0.487292,0.498538,0.554532,0.509195,0.541155,0.530357,0.502081,0.580966,0.45742,0.4407,0.544221,0.396445,0.472407,0.496786,0.542671,0.48417,0.559078,0.421313,0.527788,0.426323,0.518359,0.517169,0.609423,0.534895,0.470905,0.527711,0.526554,0.542482,0.484912,0.399893
Pinecone,0.453643,0.544034,0.402582,0.465928,0.448734,0.405465,0.42486,0.442217,0.457235,0.447718,0.460493,0.478965,0.347276,0.452081,0.436812,0.459358,0.432104,0.516308,0.451125,0.489363,0.43728,0.363252,0.448114,0.441068,0.459436,0.504716,0.387103,0.497072,0.426685,0.422076,0.371857,0.442726,0.423438,0.459706,0.415142,0.430764,0.435083,0.461248,0.442866,0.424327,0.461878,0.495151,0.454615,0.453695,0.535397,0.448043,0.495328,0.374199,0.444129,0.406363,0.515444,0.441492,0.430454,0.528963,0.486461,0.46371,0.469467,0.442205,0.423567,0.473581,0.497712,0.456902,0.439423,0.478192,0.461845,0.428065,0.483604,0.476427,0.410824,0.495444,0.475177,0.479387,0.510858,0.54777,0.453137,0.525497,0.474561,0.388175,0.498136,0.477486,0.411989,1.0,0.361359,0.423545,0.494569,0.429666,0.496107,0.4518,0.479558,0.452765,0.47205,0.40538,0.425879,0.528941,0.441707,0.475881,0.420477,0.444274,0.456822,0.492757,0.452409,0.475914,0.453264,0.457418,0.497837,0.459168,0.436809,0.439056,0.45213,0.438227,0.461025,0.432163,0.432326,0.406353,0.506699,0.429413,0.436546,0.458304,0.476043,0.377739,0.492311,0.463095,0.441995,0.489261,0.45374,0.462728,0.494937,0.488864,0.507387,0.41791
Pizza,0.381751,0.455678,0.496655,0.371877,0.336733,0.464568,0.430605,0.409239,0.346348,0.35715,0.385478,0.335373,0.316791,0.337187,0.353459,0.396771,0.375936,0.34489,0.372659,0.383041,0.413099,0.336144,0.366188,0.467168,0.372447,0.388991,0.381019,0.316939,0.350522,0.421464,0.404577,0.336853,0.382569,0.332419,0.378087,0.327126,0.310088,0.402871,0.326114,0.308442,0.376435,0.352772,0.361372,0.320755,0.316831,0.328838,0.457718,0.463313,0.419316,0.337365,0.388291,0.383091,0.344184,0.396356,0.397095,0.396841,0.396426,0.389276,0.360014,0.392679,0.339458,0.384677,0.302927,0.375398,0.349891,0.324531,0.380038,0.306563,0.399643,0.43082,0.394732,0.316169,0.433897,0.422431,0.388916,0.373739,0.405415,0.343625,0.321392,0.329535,0.335263,0.361359,1.0,0.37233,0.311424,0.421942,0.34492,0.391299,0.353302,0.426109,0.385273,0.416971,0.373397,0.364859,0.357875,0.39893,0.351066,0.334272,0.409545,0.503155,0.364833,0.402278,0.327352,0.487183,0.376477,0.352054,0.364567,0.37393,0.333986,0.331453,0.333295,0.406724,0.392342,0.347994,0.358397,0.373251,0.361037,0.239079,0.357949,0.330516,0.355365,0.435839,0.366299,0.347681,0.33755,0.409116,0.351088,0.366372,0.64321,0.427419
Plug,0.598428,0.541022,0.493018,0.563031,0.587113,0.473273,0.534171,0.51698,0.599408,0.571832,0.599727,0.601267,0.417162,0.647317,0.582083,0.565921,0.551632,0.485097,0.597571,0.620973,0.549662,0.563046,0.652112,0.506079,0.65877,0.54802,0.512536,0.549288,0.635428,0.595022,0.521845,0.639749,0.624672,0.596225,0.462262,0.59817,0.551445,0.597318,0.610657,0.518238,0.629667,0.640278,0.584721,0.585781,0.424372,0.549361,0.476574,0.523308,0.600797,0.529136,0.592631,0.605022,0.634538,0.604628,0.561962,0.597825,0.588303,0.583405,0.524589,0.592009,0.572329,0.517622,0.51666,0.583493,0.603106,0.564959,0.591353,0.601351,0.617086,0.600921,0.563024,0.629193,0.486878,0.536425,0.505356,0.579704,0.523145,0.626744,0.56242,0.582279,0.511906,0.423545,0.37233,1.0,0.603187,0.552826,0.64718,0.652053,0.615456,0.566614,0.573252,0.444196,0.592018,0.547201,0.617784,0.514197,0.56708,0.567876,0.438338,0.467325,0.501383,0.592582,0.524712,0.580168,0.589958,0.662654,0.646642,0.624705,0.546273,0.502928,0.662211,0.473759,0.55386,0.564478,0.594185,0.615841,0.642587,0.381494,0.597245,0.565492,0.558728,0.571399,0.620233,0.612567,0.61307,0.619102,0.537797,0.551092,0.529736,0.433227
Pogostick,0.569051,0.614454,0.472822,0.595112,0.747311,0.425075,0.517853,0.507371,0.648378,0.648815,0.632631,0.719602,0.510569,0.707629,0.567369,0.679835,0.619535,0.631146,0.617494,0.669928,0.629302,0.517277,0.663935,0.480247,0.700347,0.681756,0.526208,0.774211,0.671798,0.598289,0.513336,0.653853,0.597102,0.601757,0.485639,0.692144,0.643132,0.609272,0.662214,0.660492,0.598303,0.774223,0.706328,0.763662,0.55233,0.649242,0.489049,0.451623,0.637572,0.629323,0.668258,0.643894,0.664158,0.708911,0.639615,0.655955,0.62399,0.624555,0.686903,0.670406,0.74527,0.609471,0.691649,0.698765,0.703806,0.666519,0.687175,0.722727,0.620675,0.716916,0.603355,0.76013,0.518874,0.642366,0.63774,0.720797,0.553841,0.554545,0.832831,0.718723,0.584761,0.494569,0.311424,0.603187,1.0,0.561507,0.762855,0.663312,0.670437,0.604044,0.622867,0.46001,0.587239,0.762469,0.690189,0.56417,0.687147,0.708206,0.434077,0.49474,0.537802,0.620788,0.703589,0.585265,0.766568,0.67896,0.662455,0.609969,0.673012,0.525596,0.698337,0.496868,0.629115,0.57937,0.761028,0.602292,0.63167,0.574814,0.723132,0.529643,0.699953,0.607676,0.61055,0.715609,0.649593,0.660924,0.738262,0.762187,0.521971,0.447507
Pot,0.551284,0.588711,0.541597,0.548506,0.599923,0.519813,0.613919,0.552597,0.570066,0.603598,0.568333,0.558115,0.432854,0.583653,0.515832,0.584427,0.542386,0.527314,0.586275,0.600703,0.554192,0.458284,0.575551,0.524825,0.608032,0.560948,0.484792,0.499811,0.649169,0.674118,0.527083,0.570607,0.531241,0.551379,0.521495,0.551677,0.526985,0.57407,0.502943,0.488343,0.551032,0.601234,0.580681,0.545377,0.440101,0.464192,0.509548,0.54608,0.626539,0.506149,0.588383,0.583452,0.579022,0.59318,0.536139,0.597953,0.623502,0.556053,0.603098,0.566812,0.52531,0.532812,0.479441,0.617556,0.603035,0.482509,0.638434,0.578446,0.591925,0.586117,0.564022,0.563192,0.515307,0.559819,0.527745,0.591333,0.541446,0.53565,0.55034,0.532271,0.507155,0.429666,0.421942,0.552826,0.561507,1.0,0.596383,0.601921,0.531346,0.583373,0.530652,0.479157,0.611613,0.530338,0.575068,0.553824,0.52849,0.505418,0.488932,0.50761,0.526546,0.592046,0.516599,0.644672,0.586196,0.562403,0.578053,0.615274,0.503897,0.515844,0.576768,0.492199,0.561059,0.524244,0.567966,0.524249,0.672778,0.37804,0.62465,0.450541,0.545801,0.654109,0.588957,0.626677,0.511179,0.65079,0.534626,0.557357,0.559789,0.514559
Razor,0.619021,0.62658,0.508956,0.616624,0.684136,0.465245,0.555283,0.539606,0.644738,0.664472,0.662231,0.679764,0.479249,0.684525,0.645977,0.62925,0.602247,0.591717,0.629632,0.673715,0.656222,0.591834,0.708338,0.508752,0.740086,0.651916,0.527146,0.668586,0.711396,0.643801,0.54962,0.659071,0.679679,0.626426,0.503996,0.64354,0.598339,0.647676,0.695043,0.593421,0.662883,0.761813,0.691294,0.705057,0.51598,0.630686,0.51333,0.507983,0.68066,0.62899,0.691783,0.689242,0.675568,0.720869,0.64428,0.665373,0.65012,0.661348,0.646589,0.685005,0.700915,0.596572,0.622444,0.682247,0.673024,0.65325,0.70897,0.726237,0.650239,0.6874,0.641554,0.733775,0.54753,0.630557,0.608772,0.709867,0.563789,0.608057,0.746982,0.709112,0.551336,0.496107,0.34492,0.64718,0.762855,0.596383,1.0,0.687774,0.6965,0.63643,0.660124,0.465319,0.630891,0.700512,0.67608,0.586336,0.690449,0.675501,0.491426,0.517321,0.544474,0.668658,0.648415,0.621176,0.745302,0.72525,0.714465,0.637897,0.644044,0.552969,0.714206,0.515342,0.637402,0.57666,0.7375,0.646082,0.674781,0.501548,0.719682,0.579524,0.648067,0.647442,0.641258,0.73893,0.688621,0.697732,0.651833,0.706334,0.555759,0.482384
Recordplayer,0.634978,0.594064,0.524065,0.610114,0.647743,0.489922,0.57143,0.537213,0.65841,0.658847,0.648467,0.650291,0.515155,0.66626,0.637352,0.641055,0.63932,0.570522,0.631103,0.67059,0.606075,0.616085,0.670323,0.517272,0.708444,0.607037,0.55805,0.589831,0.705479,0.648766,0.608632,0.674642,0.667085,0.623537,0.497488,0.641436,0.577999,0.653839,0.646087,0.572706,0.643397,0.692972,0.651568,0.653768,0.464663,0.575144,0.517729,0.561137,0.695922,0.601893,0.630924,0.657966,0.703123,0.64571,0.614031,0.667867,0.65001,0.641612,0.635428,0.658313,0.625495,0.576156,0.547856,0.653474,0.662291,0.654165,0.670102,0.617845,0.646084,0.649808,0.618827,0.714037,0.538718,0.582465,0.579997,0.610356,0.584165,0.649328,0.609914,0.644586,0.554162,0.4518,0.391299,0.652053,0.663312,0.601921,0.687774,1.0,0.615937,0.642307,0.646369,0.47328,0.630746,0.633768,0.680171,0.549374,0.630918,0.662257,0.477831,0.515938,0.541695,0.65719,0.553108,0.680068,0.648061,0.713448,0.708619,0.653685,0.640131,0.539768,0.694547,0.515399,0.612878,0.624334,0.645531,0.669391,0.674591,0.430841,0.702507,0.614088,0.621482,0.624457,0.647096,0.651802,0.652398,0.677116,0.614516,0.597922,0.567397,0.465264
Remotecontrol,0.57954,0.571575,0.477916,0.519382,0.5707,0.456729,0.491593,0.518697,0.545377,0.548944,0.591345,0.580328,0.39205,0.672453,0.565752,0.566725,0.519693,0.529517,0.601403,0.62065,0.575445,0.500997,0.741974,0.510324,0.69273,0.590879,0.49026,0.597907,0.598773,0.567425,0.493519,0.67027,0.670298,0.533924,0.471164,0.552268,0.588349,0.590349,0.57947,0.519534,0.612157,0.65687,0.620393,0.594299,0.492668,0.558872,0.492935,0.48513,0.578753,0.5437,0.618534,0.589624,0.571824,0.65618,0.582603,0.598752,0.569094,0.559646,0.526745,0.599456,0.608129,0.535933,0.567822,0.591466,0.600577,0.540328,0.616112,0.658254,0.595737,0.648865,0.566589,0.613526,0.489941,0.573839,0.557522,0.678832,0.51995,0.594189,0.657259,0.607291,0.542179,0.479558,0.353302,0.615456,0.670437,0.531346,0.6965,0.615937,1.0,0.57858,0.591281,0.459414,0.577643,0.627187,0.601773,0.550658,0.582752,0.562823,0.451582,0.476006,0.521029,0.582712,0.618579,0.557137,0.670464,0.615211,0.573321,0.582203,0.53912,0.495425,0.623185,0.457151,0.575854,0.502071,0.657113,0.560906,0.596127,0.464464,0.585333,0.500099,0.574849,0.586113,0.600135,0.653282,0.566516,0.595714,0.575333,0.633138,0.527154,0.443719
Ring,0.543124,0.605695,0.551792,0.54753,0.599729,0.50274,0.577927,0.52431,0.561741,0.615526,0.624562,0.574561,0.550102,0.562255,0.614469,0.578317,0.540689,0.536117,0.550444,0.60921,0.649335,0.524119,0.608392,0.509489,0.636954,0.598515,0.553252,0.544948,0.627878,0.648607,0.59911,0.552087,0.620884,0.551215,0.479449,0.551915,0.511725,0.66662,0.57239,0.509615,0.614466,0.635566,0.634752,0.623353,0.48125,0.53043,0.522373,0.600501,0.697484,0.646454,0.597759,0.685614,0.575477,0.628585,0.606114,0.623154,0.632374,0.6758,0.602102,0.625455,0.623724,0.565586,0.502688,0.609371,0.607913,0.559755,0.651387,0.567364,0.643127,0.644703,0.623165,0.603503,0.529614,0.575171,0.605251,0.588857,0.571786,0.524521,0.567928,0.587052,0.50366,0.452765,0.426109,0.566614,0.604044,0.583373,0.63643,0.642307,0.57858,1.0,0.612078,0.47301,0.587271,0.60376,0.594059,0.547184,0.673369,0.583465,0.502654,0.536226,0.507323,0.635237,0.513024,0.651358,0.656387,0.608135,0.636385,0.565745,0.587307,0.482859,0.566605,0.506243,0.648688,0.54493,0.61631,0.570964,0.586692,0.431799,0.659782,0.495008,0.579173,0.618616,0.563237,0.602552,0.582652,0.681268,0.575359,0.615785,0.571702,0.522196
Rollerskates,0.595466,0.562432,0.488642,0.633917,0.586559,0.473727,0.533571,0.507009,0.591991,0.610493,0.615364,0.590069,0.576306,0.553311,0.64332,0.557631,0.561675,0.538916,0.546744,0.618273,0.591638,0.604737,0.604807,0.501347,0.639766,0.608528,0.538503,0.546167,0.61901,0.575099,0.580665,0.547115,0.689937,0.572059,0.492641,0.55504,0.474248,0.609239,0.667837,0.508309,0.617232,0.645942,0.600548,0.618505,0.484443,0.521763,0.50114,0.518142,0.62922,0.59747,0.64447,0.653264,0.618933,0.621798,0.614384,0.652357,0.607313,0.647055,0.571738,0.619606,0.62842,0.58132,0.513422,0.604006,0.586116,0.688588,0.623233,0.569367,0.606703,0.606374,0.641538,0.682349,0.564775,0.568271,0.579745,0.589546,0.570633,0.518465,0.561067,0.572547,0.471999,0.47205,0.385273,0.573252,0.622867,0.530652,0.660124,0.646369,0.591281,0.612078,1.0,0.452333,0.560387,0.63388,0.601507,0.561544,0.669201,0.69095,0.52657,0.520479,0.542935,0.672289,0.518128,0.624104,0.609114,0.644002,0.695261,0.552647,0.713887,0.54769,0.638415,0.555157,0.599059,0.546509,0.61275,0.623005,0.570349,0.432194,0.666163,0.608404,0.594184,0.587912,0.555367,0.606154,0.67919,0.639773,0.601949,0.577459,0.538637,0.464426
Rug,0.455774,0.50039,0.476763,0.451982,0.444801,0.467264,0.459037,0.526292,0.458216,0.448381,0.490001,0.462569,0.349397,0.500383,0.406308,0.491276,0.445753,0.44092,0.513562,0.496213,0.483006,0.357929,0.46525,0.486542,0.473683,0.49174,0.419542,0.448769,0.43665,0.466519,0.423334,0.477087,0.445778,0.449551,0.477533,0.439807,0.45005,0.480602,0.40041,0.417413,0.463792,0.494987,0.464267,0.426687,0.423048,0.431535,0.49318,0.481571,0.477284,0.435858,0.506389,0.478859,0.432464,0.504969,0.466607,0.49752,0.508661,0.447257,0.432402,0.475779,0.452311,0.504951,0.40176,0.487138,0.470953,0.396349,0.471351,0.457355,0.461859,0.503528,0.476471,0.425415,0.475113,0.496275,0.465163,0.526932,0.494083,0.430241,0.450377,0.446411,0.447574,0.40538,0.416971,0.444196,0.46001,0.479157,0.465319,0.47328,0.459414,0.47301,0.452333,1.0,0.44447,0.456028,0.457885,0.488574,0.450643,0.409954,0.456861,0.479854,0.510071,0.49685,0.457629,0.507031,0.49276,0.45331,0.460589,0.489002,0.413449,0.466865,0.439798,0.430354,0.478096,0.461487,0.47891,0.438695,0.467916,0.386158,0.453334,0.361518,0.496991,0.499585,0.499708,0.460914,0.417683,0.487157,0.446982,0.475948,0.501803,0.441266
Saltpeppershaker,0.566235,0.604055,0.538465,0.551773,0.598458,0.481833,0.549015,0.513022,0.558991,0.664592,0.5586,0.550602,0.408873,0.588713,0.580338,0.583326,0.510224,0.505537,0.568885,0.615316,0.554228,0.478059,0.616379,0.522443,0.642326,0.5571,0.493406,0.508235,0.697063,0.667024,0.539592,0.582127,0.587369,0.546097,0.472541,0.539577,0.526118,0.601551,0.55406,0.464246,0.600609,0.609936,0.593488,0.594363,0.420837,0.477597,0.487887,0.517475,0.634988,0.506264,0.595797,0.581537,0.592078,0.605033,0.542647,0.586914,0.611426,0.571148,0.625481,0.554615,0.553438,0.49729,0.482593,0.627705,0.606831,0.513632,0.672801,0.651446,0.627489,0.594047,0.566933,0.624886,0.492985,0.572577,0.514265,0.575244,0.503115,0.550031,0.578448,0.538031,0.494048,0.425879,0.373397,0.592018,0.587239,0.611613,0.630891,0.630746,0.577643,0.587271,0.560387,0.44447,1.0,0.555119,0.592521,0.525865,0.541551,0.534674,0.457719,0.49325,0.489611,0.587171,0.527511,0.663659,0.619112,0.578878,0.590802,0.577387,0.513582,0.501653,0.610753,0.506166,0.546488,0.498942,0.588855,0.527117,0.650555,0.362027,0.652171,0.478039,0.538477,0.632706,0.571997,0.687811,0.537515,0.664108,0.558858,0.573133,0.53581,0.446539
Saxophone,0.61565,0.604584,0.471733,0.617503,0.631749,0.428654,0.518432,0.485308,0.590329,0.62574,0.613109,0.638784,0.503499,0.634041,0.597833,0.647042,0.59554,0.593525,0.588621,0.636083,0.621301,0.514161,0.615491,0.484562,0.652622,0.650517,0.522521,0.674786,0.61439,0.565963,0.521826,0.592917,0.603471,0.541403,0.483853,0.586208,0.571543,0.607084,0.643775,0.574827,0.586926,0.68189,0.643491,0.707879,0.52331,0.638021,0.532901,0.438705,0.610147,0.592372,0.645051,0.612659,0.603311,0.673334,0.634271,0.659726,0.564932,0.621401,0.622357,0.62825,0.71985,0.595354,0.6352,0.635717,0.652059,0.648601,0.657103,0.663942,0.610399,0.640911,0.603178,0.713955,0.578076,0.606752,0.638282,0.672043,0.540813,0.510814,0.714169,0.647081,0.561671,0.528941,0.364859,0.547201,0.762469,0.530338,0.700512,0.633768,0.627187,0.60376,0.63388,0.456028,0.555119,1.0,0.629316,0.570193,0.660409,0.697104,0.465739,0.54758,0.52321,0.608067,0.694961,0.599316,0.687405,0.623235,0.629751,0.56614,0.66007,0.531465,0.669009,0.502835,0.596405,0.542282,0.692577,0.595044,0.569471,0.540914,0.681277,0.534868,0.647941,0.586303,0.568576,0.659023,0.624276,0.636172,0.694607,0.665731,0.546385,0.466224
Scale,0.606374,0.56935,0.491648,0.589441,0.654534,0.476261,0.555064,0.528492,0.634495,0.633535,0.619227,0.640831,0.493377,0.646267,0.583401,0.632141,0.610129,0.557162,0.605563,0.64343,0.579803,0.55758,0.649963,0.485229,0.683075,0.60107,0.55174,0.605339,0.673156,0.610408,0.577044,0.645235,0.606608,0.598571,0.478089,0.631886,0.577355,0.602408,0.630076,0.572681,0.612515,0.682522,0.639966,0.65144,0.461431,0.554794,0.482799,0.514837,0.634528,0.564278,0.610239,0.612792,0.667507,0.642828,0.588308,0.640825,0.611342,0.610097,0.634913,0.608279,0.632368,0.553848,0.570199,0.646962,0.66002,0.619145,0.652991,0.630065,0.62545,0.633236,0.583743,0.691604,0.496696,0.570659,0.571913,0.609044,0.563692,0.612028,0.64073,0.621894,0.550627,0.441707,0.357875,0.617784,0.690189,0.575068,0.67608,0.680171,0.601773,0.594059,0.601507,0.457885,0.592521,0.629316,1.0,0.534821,0.607855,0.634023,0.451741,0.486805,0.513823,0.608481,0.569861,0.63414,0.641673,0.672368,0.657088,0.624402,0.613257,0.519025,0.674176,0.494878,0.611464,0.58752,0.64001,0.621037,0.648066,0.445912,0.679584,0.563998,0.61315,0.592489,0.619429,0.646587,0.630828,0.63806,0.621982,0.607857,0.525512,0.44834
Scarf,0.568666,0.573118,0.500238,0.609037,0.548162,0.486888,0.549545,0.615526,0.563802,0.540441,0.572194,0.546466,0.392519,0.570742,0.511793,0.551058,0.507929,0.495419,0.577593,0.582267,0.56593,0.44852,0.552468,0.514301,0.585386,0.586647,0.452729,0.519212,0.54257,0.537424,0.463601,0.540625,0.548749,0.553129,0.56454,0.511765,0.501082,0.554716,0.516015,0.486937,0.558054,0.614535,0.561254,0.531596,0.478917,0.488277,0.552446,0.485409,0.539595,0.486355,0.633261,0.570526,0.521601,0.600783,0.56001,0.63424,0.609447,0.549301,0.51858,0.552098,0.53192,0.600773,0.496482,0.583398,0.566871,0.489358,0.576509,0.571849,0.547908,0.582257,0.586287,0.537687,0.577667,0.57549,0.553607,0.663859,0.572277,0.485133,0.571373,0.536728,0.482361,0.475881,0.39893,0.514197,0.56417,0.553824,0.586336,0.549374,0.550658,0.547184,0.561544,0.488574,0.525865,0.570193,0.534821,1.0,0.527208,0.506115,0.619699,0.537025,0.637851,0.606997,0.54705,0.574857,0.577143,0.55575,0.562214,0.577566,0.523029,0.67144,0.568045,0.553621,0.549439,0.550522,0.578322,0.515626,0.571927,0.425551,0.55712,0.438254,0.600283,0.588933,0.581487,0.581508,0.514469,0.578471,0.529933,0.571662,0.548169,0.557709
Scissors,0.560686,0.548868,0.47067,0.573587,0.638614,0.420363,0.544442,0.47931,0.581419,0.607897,0.638083,0.627831,0.603589,0.585036,0.631502,0.586548,0.537789,0.539525,0.552036,0.614733,0.682664,0.537306,0.600176,0.477852,0.656438,0.619631,0.547842,0.620807,0.620358,0.61546,0.562624,0.534777,0.66516,0.552652,0.466487,0.601896,0.509982,0.639497,0.64338,0.556156,0.597384,0.699967,0.648824,0.70062,0.479289,0.601856,0.468337,0.523881,0.693198,0.736323,0.623335,0.722905,0.596051,0.651875,0.631876,0.65546,0.597114,0.710798,0.602553,0.629673,0.728637,0.584592,0.568437,0.607763,0.627421,0.643587,0.616143,0.582421,0.666963,0.631374,0.637663,0.660814,0.506232,0.559164,0.639449,0.604003,0.545649,0.497742,0.62937,0.638053,0.500294,0.420477,0.351066,0.56708,0.687147,0.52849,0.690449,0.630918,0.582752,0.673369,0.669201,0.450643,0.541551,0.660409,0.607855,0.527208,1.0,0.666396,0.453613,0.497369,0.494257,0.638135,0.546279,0.566311,0.688875,0.646379,0.718237,0.564177,0.676841,0.48933,0.60379,0.486978,0.67054,0.555946,0.658766,0.57974,0.561235,0.472608,0.697868,0.518789,0.614592,0.573712,0.568194,0.598423,0.648393,0.704217,0.608531,0.692082,0.518317,0.471639
Scooter,0.594314,0.547986,0.458319,0.614769,0.644881,0.42494,0.50856,0.452868,0.605803,0.596827,0.602134,0.621683,0.642106,0.581557,0.644053,0.592582,0.60673,0.561842,0.533496,0.597679,0.57244,0.646269,0.592525,0.444449,0.647555,0.597006,0.533706,0.616918,0.63995,0.564991,0.58584,0.579247,0.644422,0.573629,0.44521,0.597058,0.499706,0.612092,0.694364,0.565418,0.607389,0.671547,0.640679,0.680485,0.478448,0.559619,0.45861,0.47609,0.632086,0.591867,0.602505,0.630822,0.659768,0.611486,0.594339,0.635609,0.565144,0.668687,0.612054,0.614434,0.656706,0.566949,0.567632,0.608543,0.610946,0.746934,0.613825,0.576478,0.597249,0.610506,0.60147,0.720744,0.52044,0.548147,0.588884,0.569663,0.553804,0.520424,0.627574,0.62414,0.482366,0.444274,0.334272,0.567876,0.708206,0.505418,0.675501,0.662257,0.562823,0.583465,0.69095,0.409954,0.534674,0.697104,0.634023,0.506115,0.666396,1.0,0.439452,0.478707,0.484017,0.61287,0.575128,0.581993,0.627718,0.65725,0.68787,0.549218,0.765025,0.493191,0.678102,0.524149,0.624207,0.577236,0.636849,0.642998,0.569494,0.479311,0.669865,0.665117,0.621241,0.545926,0.539045,0.596519,0.692978,0.629281,0.651378,0.59731,0.501046,0.418539
Scrunchie,0.483142,0.534382,0.520392,0.578386,0.44117,0.468536,0.479338,0.595491,0.486936,0.482125,0.52173,0.444901,0.364864,0.453799,0.488923,0.450328,0.435855,0.405615,0.486804,0.503639,0.503624,0.438173,0.459886,0.486885,0.488203,0.506593,0.408205,0.40779,0.464177,0.476516,0.425663,0.439943,0.508872,0.511068,0.524399,0.411469,0.385554,0.518183,0.463235,0.384,0.523473,0.512367,0.470758,0.43639,0.433648,0.394943,0.544463,0.496484,0.513531,0.448694,0.578562,0.529828,0.449784,0.511048,0.504378,0.582528,0.578795,0.504895,0.453133,0.491941,0.447461,0.517899,0.374737,0.498669,0.447101,0.431196,0.502421,0.460243,0.479384,0.503931,0.562129,0.446375,0.565982,0.520219,0.494232,0.540976,0.535175,0.416286,0.429483,0.440373,0.389093,0.456822,0.409545,0.438338,0.434077,0.488932,0.491426,0.477831,0.451582,0.502654,0.52657,0.456861,0.457719,0.465739,0.451741,0.619699,0.453613,0.439452,1.0,0.523383,0.582742,0.576909,0.401183,0.53072,0.484829,0.49422,0.52122,0.491171,0.46738,0.634691,0.481176,0.531238,0.48128,0.484899,0.476743,0.464596,0.475084,0.334737,0.487245,0.409698,0.50682,0.528317,0.520817,0.483613,0.469734,0.514645,0.431131,0.452583,0.510339,0.551291
Seashell,0.522178,0.632617,0.553776,0.50561,0.490181,0.519477,0.519386,0.525738,0.500849,0.525347,0.532497,0.514785,0.403535,0.479913,0.495183,0.529044,0.483285,0.494207,0.502955,0.536169,0.553517,0.412083,0.47767,0.524937,0.515599,0.543179,0.450306,0.481617,0.490736,0.510854,0.463503,0.471137,0.506287,0.490191,0.489204,0.476478,0.440223,0.541923,0.480376,0.451399,0.521902,0.535401,0.504191,0.486076,0.478143,0.475858,0.592786,0.496887,0.538671,0.481107,0.563807,0.533723,0.479408,0.573975,0.539671,0.541636,0.552378,0.519276,0.485415,0.530812,0.516133,0.525644,0.432141,0.537972,0.501542,0.454392,0.544015,0.481229,0.498836,0.547499,0.545128,0.485324,0.582115,0.584398,0.521479,0.540656,0.546729,0.437534,0.494098,0.499947,0.442536,0.492757,0.503155,0.467325,0.49474,0.50761,0.517321,0.515938,0.476006,0.536226,0.520479,0.479854,0.49325,0.54758,0.486805,0.537025,0.497369,0.478707,0.523383,1.0,0.504081,0.564529,0.455627,0.566178,0.536501,0.506146,0.535525,0.505735,0.47099,0.477367,0.487828,0.506504,0.517386,0.477679,0.533349,0.493594,0.491939,0.415239,0.527991,0.410348,0.534362,0.552465,0.498014,0.511433,0.496785,0.557182,0.502176,0.53687,0.599592,0.539627
Shirt,0.523976,0.510794,0.454936,0.596502,0.520963,0.463165,0.483071,0.578136,0.566173,0.500062,0.569821,0.54004,0.376436,0.588781,0.475043,0.535541,0.516593,0.495412,0.601405,0.557541,0.535739,0.426664,0.519593,0.514363,0.544811,0.570176,0.429655,0.513446,0.502714,0.501955,0.435102,0.547849,0.537743,0.554675,0.588619,0.51881,0.498143,0.526894,0.476835,0.500912,0.531535,0.595973,0.51585,0.487944,0.512514,0.48696,0.523767,0.478688,0.498281,0.490931,0.624174,0.553321,0.501097,0.558645,0.546281,0.61546,0.591698,0.48565,0.478605,0.558185,0.501131,0.634215,0.466571,0.56665,0.528324,0.469856,0.531835,0.527824,0.48696,0.571669,0.559505,0.503839,0.581918,0.544172,0.522782,0.63447,0.589615,0.47888,0.541844,0.532119,0.487292,0.452409,0.364833,0.501383,0.537802,0.526546,0.544474,0.541695,0.521029,0.507323,0.542935,0.510071,0.489611,0.52321,0.513823,0.637851,0.494257,0.484017,0.582742,0.504081,1.0,0.608359,0.521828,0.543092,0.542572,0.542492,0.561435,0.580108,0.501476,0.702104,0.529001,0.49227,0.502541,0.583042,0.554413,0.512822,0.542079,0.438795,0.511011,0.423592,0.627101,0.560461,0.580297,0.540896,0.50669,0.551077,0.522107,0.51804,0.525989,0.459132
Shoe,0.611769,0.617897,0.536762,0.630405,0.613236,0.51594,0.591317,0.580947,0.651169,0.631436,0.685707,0.618167,0.467404,0.598331,0.616535,0.598375,0.605074,0.564026,0.605548,0.635369,0.661108,0.570743,0.611659,0.540032,0.668995,0.621065,0.493415,0.565501,0.631786,0.622779,0.545718,0.586259,0.657442,0.658039,0.56011,0.573493,0.500933,0.63815,0.61965,0.543084,0.634568,0.698011,0.606148,0.603106,0.500464,0.579185,0.559047,0.546326,0.670769,0.619144,0.683623,0.693667,0.615309,0.661271,0.635456,0.68514,0.701659,0.622198,0.58363,0.701403,0.607246,0.625093,0.507879,0.635574,0.597208,0.612382,0.624723,0.58983,0.597336,0.620889,0.646047,0.63281,0.604532,0.609519,0.597106,0.636653,0.60525,0.540962,0.589041,0.656705,0.498538,0.475914,0.402278,0.592582,0.620788,0.592046,0.668658,0.65719,0.582712,0.635237,0.672289,0.49685,0.587171,0.608067,0.608481,0.606997,0.638135,0.61287,0.576909,0.564529,0.608359,1.0,0.553811,0.639756,0.638348,0.693501,0.732129,0.62917,0.602844,0.589047,0.624787,0.545714,0.606134,0.601246,0.665739,0.643766,0.624646,0.45041,0.646449,0.543872,0.633793,0.635244,0.630003,0.625475,0.643204,0.685234,0.57512,0.61173,0.595641,0.520554
Skiis,0.559288,0.539784,0.432324,0.527312,0.599148,0.407595,0.475153,0.475038,0.54066,0.540066,0.548398,0.566622,0.383024,0.650753,0.492414,0.594999,0.53524,0.539439,0.590932,0.571808,0.558987,0.420295,0.600888,0.462093,0.598363,0.583271,0.449287,0.626129,0.559468,0.522811,0.461818,0.604046,0.503674,0.493187,0.463228,0.532223,0.587875,0.539705,0.523947,0.533508,0.517713,0.648108,0.602028,0.585843,0.470871,0.568208,0.465147,0.43633,0.524385,0.479106,0.590389,0.532873,0.530208,0.607792,0.53496,0.565863,0.518153,0.525309,0.56747,0.568502,0.588496,0.572393,0.60613,0.592134,0.606892,0.518527,0.597677,0.671,0.537752,0.608442,0.516672,0.595044,0.494188,0.547488,0.556234,0.672878,0.493074,0.492743,0.723865,0.591196,0.554532,0.453264,0.327352,0.524712,0.703589,0.516599,0.648415,0.553108,0.618579,0.513024,0.518128,0.457629,0.527511,0.694961,0.569861,0.54705,0.546279,0.575128,0.401183,0.455627,0.521828,0.553811,1.0,0.534155,0.64981,0.54018,0.520026,0.543133,0.522638,0.50731,0.592525,0.438862,0.539388,0.491725,0.653852,0.52626,0.561441,0.510908,0.569807,0.447321,0.590628,0.561979,0.536889,0.644165,0.515481,0.553982,0.609607,0.623179,0.501476,0.422093
Snowglobe,0.587702,0.642481,0.624053,0.599779,0.602841,0.595341,0.611676,0.578726,0.593024,0.703777,0.598698,0.552633,0.506037,0.564715,0.595061,0.623445,0.591969,0.56187,0.581432,0.634255,0.587381,0.530193,0.60877,0.558466,0.648916,0.609563,0.575439,0.511969,0.69046,0.678716,0.650728,0.573845,0.597106,0.552824,0.516508,0.536418,0.51549,0.64777,0.569543,0.495269,0.615782,0.627425,0.636432,0.597313,0.461264,0.469851,0.552842,0.639043,0.688413,0.536033,0.618345,0.615957,0.624248,0.624035,0.579641,0.632668,0.664742,0.62931,0.665961,0.604038,0.56737,0.562128,0.476355,0.666978,0.630191,0.564218,0.727479,0.611003,0.648753,0.64148,0.62183,0.638889,0.562502,0.590871,0.580718,0.589252,0.58964,0.559196,0.564673,0.543422,0.509195,0.457418,0.487183,0.580168,0.585265,0.644672,0.621176,0.680068,0.557137,0.651358,0.624104,0.507031,0.663659,0.599316,0.63414,0.574857,0.566311,0.581993,0.53072,0.566178,0.543092,0.639756,0.534155,1.0,0.635341,0.601275,0.616528,0.587027,0.574303,0.526807,0.610989,0.566209,0.637425,0.557384,0.595972,0.592282,0.645693,0.398886,0.692716,0.524572,0.592547,0.682836,0.571085,0.668986,0.570525,0.676717,0.598495,0.561356,0.604846,0.526216
Spoon,0.54709,0.671435,0.560852,0.568765,0.676596,0.468684,0.538695,0.542388,0.598098,0.651952,0.640641,0.653296,0.487378,0.650272,0.585253,0.641238,0.574842,0.603051,0.603639,0.647687,0.678131,0.501583,0.663142,0.533212,0.690656,0.670006,0.523363,0.702416,0.644436,0.620747,0.535996,0.609157,0.623966,0.581161,0.506701,0.615464,0.593019,0.658061,0.601204,0.595883,0.630117,0.762444,0.702925,0.683493,0.558411,0.628481,0.532827,0.535861,0.693114,0.671979,0.681903,0.688395,0.606945,0.723795,0.641225,0.645855,0.648577,0.649972,0.690654,0.682338,0.689656,0.607818,0.612918,0.693707,0.665422,0.596277,0.721203,0.717657,0.619551,0.73656,0.628158,0.65453,0.544148,0.662288,0.647791,0.725875,0.567599,0.526761,0.791691,0.685167,0.541155,0.497837,0.376477,0.589958,0.766568,0.586196,0.745302,0.648061,0.670464,0.656387,0.609114,0.49276,0.619112,0.687405,0.641673,0.577143,0.688875,0.627718,0.484829,0.536501,0.542572,0.638348,0.64981,0.635341,1.0,0.646049,0.642297,0.598485,0.610985,0.529469,0.622064,0.520779,0.674637,0.564179,0.752305,0.581902,0.616206,0.541974,0.705701,0.485742,0.671268,0.648146,0.602732,0.714595,0.613203,0.683461,0.666918,0.782797,0.581011,0.501956
Stapler,0.627043,0.572924,0.494042,0.621974,0.645456,0.459862,0.535946,0.550677,0.69782,0.626413,0.676014,0.683824,0.444807,0.664364,0.619917,0.606813,0.630122,0.556284,0.62614,0.659975,0.637375,0.688017,0.676044,0.489922,0.723394,0.596119,0.511052,0.608869,0.681205,0.611356,0.534951,0.66361,0.672931,0.69271,0.498956,0.651743,0.554748,0.625343,0.692238,0.583703,0.656538,0.741169,0.620804,0.650398,0.481553,0.633962,0.494451,0.512863,0.673504,0.602423,0.659203,0.672361,0.706781,0.666296,0.642369,0.663994,0.664418,0.62742,0.580546,0.703122,0.639623,0.587213,0.552935,0.635545,0.621416,0.665266,0.621135,0.625323,0.620009,0.627848,0.615395,0.706391,0.535288,0.58769,0.552225,0.627665,0.583066,0.656569,0.630327,0.733483,0.530357,0.459168,0.352054,0.662654,0.67896,0.562403,0.72525,0.713448,0.615211,0.608135,0.644002,0.45331,0.578878,0.623235,0.672368,0.55575,0.646379,0.65725,0.49422,0.506146,0.542492,0.693501,0.54018,0.601275,0.646049,1.0,0.786634,0.659304,0.63185,0.558579,0.720757,0.491569,0.576274,0.639967,0.680205,0.708787,0.660031,0.432589,0.662969,0.641509,0.637934,0.596385,0.674043,0.640232,0.712174,0.666863,0.580471,0.611686,0.564516,0.45543
Stapleremover,0.642657,0.578767,0.512996,0.654983,0.659162,0.476752,0.559281,0.53193,0.688148,0.647727,0.675517,0.674995,0.491067,0.631102,0.66355,0.614923,0.617859,0.54727,0.613051,0.663617,0.673316,0.669824,0.627964,0.521387,0.709721,0.610466,0.526469,0.585338,0.687518,0.635155,0.56293,0.615179,0.721592,0.678984,0.517063,0.648612,0.5116,0.648813,0.716025,0.56958,0.671177,0.745564,0.62394,0.661702,0.477975,0.595946,0.505939,0.546152,0.705665,0.646488,0.681306,0.720278,0.69647,0.666269,0.650641,0.694104,0.672676,0.680136,0.610561,0.694722,0.661513,0.607438,0.532563,0.642144,0.619899,0.68695,0.636423,0.595023,0.641257,0.617654,0.658269,0.718459,0.570537,0.588445,0.58206,0.607627,0.593041,0.608227,0.586773,0.680678,0.502081,0.436809,0.364567,0.646642,0.662455,0.578053,0.714465,0.708619,0.573321,0.636385,0.695261,0.460589,0.590802,0.629751,0.657088,0.562214,0.718237,0.68787,0.52122,0.535525,0.561435,0.732129,0.520026,0.616528,0.642297,0.786634,1.0,0.655515,0.667214,0.577849,0.701297,0.533928,0.605277,0.64099,0.659617,0.691313,0.659121,0.414522,0.690632,0.630551,0.64751,0.614192,0.650546,0.625049,0.745151,0.717117,0.59745,0.625978,0.567851,0.457298
Storagebin,0.630346,0.565921,0.492171,0.59097,0.614065,0.474937,0.598302,0.57793,0.653011,0.571946,0.641944,0.652873,0.414147,0.694918,0.536859,0.616566,0.587472,0.526401,0.66881,0.650787,0.57422,0.516566,0.6237,0.52138,0.669081,0.581838,0.487479,0.572568,0.629301,0.61434,0.498251,0.673889,0.577991,0.634586,0.549118,0.642193,0.605959,0.586236,0.560275,0.570961,0.596904,0.671768,0.591002,0.578794,0.455501,0.563683,0.525898,0.49649,0.600999,0.548463,0.624988,0.614825,0.637615,0.627459,0.583976,0.658888,0.62638,0.555677,0.552731,0.60786,0.574177,0.56838,0.539695,0.615017,0.645179,0.542752,0.592644,0.587914,0.593378,0.60744,0.575563,0.598592,0.540456,0.570799,0.539991,0.635762,0.567693,0.627328,0.587699,0.613437,0.580966,0.439056,0.37393,0.624705,0.609969,0.615274,0.637897,0.653685,0.582203,0.565745,0.552647,0.489002,0.577387,0.56614,0.624402,0.577566,0.564177,0.549218,0.491171,0.505735,0.580108,0.62917,0.543133,0.587027,0.598485,0.659304,0.655515,1.0,0.536896,0.568719,0.655183,0.490639,0.563036,0.610355,0.616283,0.602865,0.688709,0.414423,0.60394,0.516549,0.602244,0.607258,0.701597,0.610356,0.58593,0.638689,0.554623,0.585544,0.56442,0.493236
Stroller,0.574136,0.524408,0.4381,0.64341,0.649108,0.415012,0.517628,0.46521,0.608286,0.578854,0.593437,0.618849,0.705018,0.550241,0.619804,0.576199,0.590231,0.555841,0.520548,0.595567,0.556642,0.618789,0.571104,0.437878,0.627159,0.604732,0.543449,0.605345,0.625298,0.553502,0.584266,0.542813,0.613762,0.569064,0.451984,0.603397,0.481124,0.589447,0.664592,0.576491,0.592296,0.660126,0.631216,0.666224,0.484791,0.511932,0.456418,0.466358,0.6212,0.61817,0.612953,0.634717,0.658386,0.597135,0.59158,0.657694,0.575095,0.673748,0.622302,0.595203,0.642064,0.584348,0.577415,0.605379,0.630051,0.755317,0.603175,0.558696,0.594484,0.600853,0.613327,0.698898,0.52756,0.540488,0.591081,0.563619,0.5709,0.501752,0.596844,0.575486,0.45742,0.45213,0.333986,0.546273,0.673012,0.503897,0.644044,0.640131,0.53912,0.587307,0.713887,0.413449,0.513582,0.66007,0.613257,0.523029,0.676841,0.765025,0.46738,0.47099,0.501476,0.602844,0.522638,0.574303,0.610985,0.63185,0.667214,0.536896,1.0,0.529019,0.66314,0.525913,0.637866,0.59747,0.603811,0.621868,0.55678,0.462197,0.686597,0.63378,0.629718,0.539286,0.532065,0.573157,0.666904,0.624919,0.638124,0.597002,0.492583,0.428472
Suit,0.559438,0.499646,0.441881,0.683005,0.523911,0.426666,0.477137,0.585271,0.564916,0.521401,0.539258,0.528073,0.347803,0.562207,0.497209,0.526054,0.511249,0.453599,0.566547,0.56027,0.524607,0.446046,0.518742,0.470971,0.54498,0.539164,0.428837,0.491653,0.530317,0.489739,0.436356,0.529085,0.542144,0.558671,0.561292,0.506264,0.460447,0.509947,0.498108,0.459373,0.549818,0.600965,0.517322,0.497645,0.450301,0.443974,0.504206,0.442049,0.499837,0.454046,0.652847,0.535399,0.513858,0.550829,0.524913,0.649032,0.592706,0.516612,0.497018,0.527453,0.485146,0.595327,0.45459,0.557316,0.530538,0.482798,0.532504,0.546539,0.503252,0.526032,0.569748,0.528317,0.55646,0.532106,0.501368,0.612658,0.546063,0.483673,0.545428,0.501852,0.4407,0.438227,0.331453,0.502928,0.525596,0.515844,0.552969,0.539768,0.495425,0.482859,0.54769,0.466865,0.501653,0.531465,0.519025,0.67144,0.48933,0.493191,0.634691,0.477367,0.702104,0.589047,0.50731,0.526807,0.529469,0.558579,0.577849,0.568719,0.529019,1.0,0.570442,0.515038,0.495547,0.609794,0.537201,0.504147,0.555272,0.380199,0.531283,0.442187,0.62151,0.535335,0.57661,0.543835,0.504636,0.547603,0.501777,0.535096,0.495488,0.455702
Suitcase,0.662856,0.56287,0.478796,0.689804,0.662676,0.447326,0.554557,0.534404,0.67042,0.644659,0.626872,0.656096,0.461762,0.692258,0.634565,0.614004,0.603313,0.532579,0.636491,0.669244,0.558654,0.640696,0.683546,0.491437,0.711762,0.597997,0.526843,0.607291,0.719495,0.621767,0.549791,0.682523,0.645214,0.653273,0.492356,0.639696,0.597347,0.605981,0.693088,0.567216,0.646123,0.717378,0.645041,0.676932,0.445507,0.555639,0.490158,0.486164,0.626626,0.547572,0.659017,0.622805,0.72356,0.645527,0.594958,0.695314,0.613905,0.635002,0.612875,0.607337,0.631577,0.555118,0.60802,0.647201,0.683148,0.679948,0.653754,0.689913,0.659615,0.622248,0.609144,0.739316,0.534415,0.567785,0.547938,0.629787,0.545178,0.653164,0.657065,0.629003,0.544221,0.461025,0.333295,0.662211,0.698337,0.576768,0.714206,0.694547,0.623185,0.566605,0.638415,0.439798,0.610753,0.669009,0.674176,0.568045,0.60379,0.678102,0.481176,0.487828,0.529001,0.624787,0.592525,0.610989,0.622064,0.720757,0.701297,0.655183,0.66314,0.570442,1.0,0.498169,0.584706,0.617113,0.641067,0.656562,0.698119,0.420405,0.688419,0.650149,0.618795,0.607344,0.671236,0.696492,0.685042,0.654038,0.616454,0.600545,0.522046,0.430726
Teddy Bear,0.495133,0.589444,0.529463,0.539499,0.498178,0.488982,0.527515,0.538539,0.507454,0.509724,0.514887,0.483061,0.443637,0.454736,0.512171,0.505372,0.454365,0.472199,0.464038,0.517896,0.497694,0.45039,0.465067,0.473548,0.517558,0.535232,0.442447,0.451326,0.501141,0.494647,0.472255,0.446379,0.518224,0.512403,0.485048,0.449894,0.392029,0.529449,0.517808,0.414469,0.54217,0.523932,0.519161,0.498394,0.449912,0.415652,0.511471,0.467522,0.515674,0.444801,0.547347,0.52289,0.491415,0.540889,0.503035,0.545109,0.551102,0.548026,0.506263,0.487909,0.489917,0.50554,0.40306,0.530668,0.495931,0.498915,0.538563,0.484537,0.50868,0.534699,0.540799,0.518295,0.50099,0.559847,0.512465,0.525763,0.52093,0.417221,0.485583,0.458623,0.396445,0.432163,0.406724,0.473759,0.496868,0.492199,0.515342,0.515399,0.457151,0.506243,0.555157,0.430354,0.506166,0.502835,0.494878,0.553621,0.486978,0.524149,0.531238,0.506504,0.49227,0.545714,0.438862,0.566209,0.520779,0.491569,0.533928,0.490639,0.525913,0.515038,0.498169,1.0,0.543912,0.458542,0.50981,0.469677,0.489244,0.374237,0.534077,0.456,0.517444,0.514397,0.476258,0.503654,0.510786,0.537436,0.514219,0.499688,0.532985,0.538635
Tennisracket,0.58628,0.581592,0.544734,0.572201,0.615766,0.546822,0.629028,0.562013,0.555642,0.566614,0.617366,0.56864,0.679324,0.55666,0.57936,0.577336,0.552658,0.513925,0.533047,0.576066,0.621629,0.529078,0.611388,0.477644,0.649328,0.611035,0.583916,0.585664,0.599207,0.610086,0.628502,0.543703,0.596449,0.530435,0.491918,0.554176,0.496098,0.624943,0.584777,0.569347,0.591561,0.656556,0.72239,0.610604,0.489702,0.526316,0.493408,0.610924,0.673012,0.66248,0.596548,0.659683,0.586644,0.665819,0.584564,0.648494,0.620988,0.69919,0.587259,0.597857,0.601486,0.590275,0.552995,0.613052,0.618446,0.594026,0.653237,0.5764,0.610351,0.662169,0.614995,0.571308,0.488128,0.558378,0.649575,0.599749,0.604732,0.501044,0.617309,0.584738,0.472407,0.432326,0.392342,0.55386,0.629115,0.561059,0.637402,0.612878,0.575854,0.648688,0.599059,0.478096,0.546488,0.596405,0.611464,0.549439,0.67054,0.624207,0.48128,0.517386,0.502541,0.606134,0.539388,0.637425,0.674637,0.576274,0.605277,0.563036,0.637866,0.495547,0.584706,0.543912,1.0,0.581894,0.626271,0.573183,0.582765,0.457247,0.641198,0.507274,0.62533,0.584726,0.556153,0.584863,0.587889,0.641788,0.585399,0.667239,0.53355,0.516199
Tent,0.582724,0.515375,0.477612,0.612874,0.604387,0.454087,0.506101,0.541808,0.62667,0.541255,0.592833,0.604559,0.469511,0.61277,0.528369,0.590755,0.617754,0.481487,0.582091,0.576128,0.569229,0.571723,0.569758,0.475418,0.603527,0.555971,0.497953,0.560254,0.582372,0.533034,0.499009,0.595961,0.586417,0.594451,0.509048,0.62487,0.526357,0.546957,0.541952,0.588568,0.554685,0.653309,0.577283,0.549466,0.453651,0.519696,0.482526,0.499389,0.574591,0.573125,0.589767,0.608225,0.618715,0.56485,0.550855,0.656706,0.597203,0.577651,0.562883,0.611538,0.519932,0.644356,0.525599,0.596018,0.608392,0.575156,0.547223,0.530804,0.535347,0.582074,0.568987,0.567175,0.534193,0.522592,0.538837,0.562228,0.614449,0.568418,0.55447,0.578207,0.496786,0.406353,0.347994,0.564478,0.57937,0.524244,0.57666,0.624334,0.502071,0.54493,0.546509,0.461487,0.498942,0.542282,0.58752,0.550522,0.555946,0.577236,0.484899,0.477679,0.583042,0.601246,0.491725,0.557384,0.564179,0.639967,0.64099,0.610355,0.59747,0.609794,0.617113,0.458542,0.581894,1.0,0.571543,0.659516,0.591003,0.398025,0.576654,0.550726,0.68622,0.53821,0.603299,0.530505,0.578771,0.585436,0.53816,0.572376,0.518167,0.437831
Toothbrush,0.572469,0.64238,0.515831,0.57571,0.660247,0.465411,0.536871,0.539901,0.631674,0.631635,0.659768,0.672246,0.462296,0.66451,0.577767,0.634036,0.600189,0.608967,0.613085,0.639493,0.663793,0.513861,0.649397,0.512251,0.688643,0.661764,0.493137,0.703084,0.629468,0.597271,0.499301,0.615663,0.60724,0.614608,0.518038,0.61961,0.580196,0.620398,0.62618,0.606396,0.615869,0.75322,0.664653,0.68284,0.5594,0.676965,0.525855,0.485663,0.650748,0.62926,0.678636,0.665094,0.611587,0.712259,0.648713,0.649938,0.644621,0.610011,0.62059,0.699708,0.686422,0.613916,0.618604,0.674081,0.642769,0.614523,0.672142,0.707828,0.59094,0.689599,0.605711,0.668833,0.55447,0.650292,0.629334,0.711977,0.576693,0.527185,0.781002,0.736856,0.542671,0.506699,0.358397,0.594185,0.761028,0.567966,0.7375,0.645531,0.657113,0.61631,0.61275,0.47891,0.588855,0.692577,0.64001,0.578322,0.658766,0.636849,0.476743,0.533349,0.554413,0.665739,0.653852,0.595972,0.752305,0.680205,0.659617,0.616283,0.603811,0.537201,0.641067,0.50981,0.626271,0.571543,1.0,0.613711,0.610279,0.546792,0.672139,0.506934,0.673839,0.618621,0.615425,0.699945,0.640359,0.667463,0.655012,0.750106,0.581162,0.495968
Train,0.615616,0.550296,0.473985,0.583837,0.57842,0.462817,0.527259,0.503421,0.634993,0.562407,0.648945,0.623954,0.485189,0.60269,0.603926,0.576989,0.654869,0.525235,0.570557,0.594485,0.57887,0.725986,0.623786,0.470848,0.657355,0.560606,0.498711,0.550055,0.613433,0.562111,0.532822,0.610158,0.645218,0.609464,0.471877,0.605096,0.507533,0.572123,0.663726,0.553923,0.606218,0.653756,0.588872,0.568579,0.44621,0.587989,0.502756,0.495336,0.603101,0.574024,0.595869,0.64541,0.653307,0.604277,0.586226,0.616268,0.59526,0.590741,0.54127,0.677575,0.567986,0.585882,0.508833,0.590497,0.595784,0.668572,0.591088,0.545937,0.554074,0.587035,0.57738,0.634719,0.549311,0.536148,0.523969,0.566069,0.574161,0.587056,0.558985,0.636964,0.48417,0.429413,0.373251,0.615841,0.602292,0.524249,0.646082,0.669391,0.560906,0.570964,0.623005,0.438695,0.527117,0.595044,0.621037,0.515626,0.57974,0.642998,0.464596,0.493594,0.512822,0.643766,0.52626,0.592282,0.581902,0.708787,0.691313,0.602865,0.621868,0.504147,0.656562,0.469677,0.573183,0.659516,0.613711,1.0,0.599755,0.424616,0.60619,0.698317,0.599933,0.565421,0.584375,0.573618,0.685631,0.608879,0.559755,0.529252,0.54487,0.456821
Trashbin,0.640734,0.587878,0.525698,0.603269,0.66114,0.487206,0.621894,0.561236,0.643066,0.64106,0.610065,0.636028,0.431164,0.676796,0.568094,0.622038,0.592315,0.540249,0.645806,0.658472,0.561748,0.5387,0.658231,0.521536,0.695434,0.575463,0.506897,0.552425,0.72917,0.69561,0.541524,0.674879,0.590785,0.622437,0.517723,0.638126,0.605915,0.601429,0.586599,0.54986,0.609846,0.676531,0.628078,0.602865,0.43625,0.506561,0.498651,0.530724,0.652077,0.534995,0.627683,0.623246,0.678809,0.63442,0.566072,0.645163,0.645707,0.589283,0.621681,0.600035,0.571026,0.546766,0.545402,0.654782,0.677688,0.556328,0.669659,0.64906,0.633255,0.617368,0.591197,0.65006,0.518746,0.575315,0.530659,0.633989,0.546819,0.644734,0.599805,0.593947,0.559078,0.436546,0.361037,0.642587,0.63167,0.672778,0.674781,0.674591,0.596127,0.586692,0.570349,0.467916,0.650555,0.569471,0.648066,0.571927,0.561235,0.569494,0.475084,0.491939,0.542079,0.624646,0.561441,0.645693,0.616206,0.660031,0.659121,0.688709,0.55678,0.555272,0.698119,0.489244,0.582765,0.591003,0.610279,0.599755,1.0,0.390553,0.668415,0.536771,0.58803,0.660251,0.665835,0.690602,0.591992,0.680041,0.568845,0.580286,0.540171,0.478384
Tree,0.378257,0.471614,0.338385,0.391094,0.470826,0.320733,0.375145,0.38396,0.43367,0.412636,0.462035,0.499857,0.407097,0.47067,0.360868,0.47673,0.457234,0.675312,0.439046,0.461696,0.442357,0.326132,0.437965,0.369667,0.440652,0.516074,0.364023,0.566853,0.389199,0.381658,0.339176,0.448808,0.383169,0.40691,0.396847,0.450048,0.461364,0.436714,0.419723,0.481247,0.39847,0.520571,0.477037,0.497201,0.564445,0.486291,0.421467,0.322298,0.408675,0.468063,0.476212,0.450905,0.405774,0.52307,0.475088,0.442498,0.430618,0.416889,0.425723,0.477298,0.543452,0.480817,0.477245,0.474107,0.483621,0.443302,0.458953,0.473408,0.380083,0.513335,0.441124,0.45988,0.452444,0.492016,0.486579,0.535381,0.450588,0.351193,0.559007,0.515096,0.421313,0.458304,0.239079,0.381494,0.574814,0.37804,0.501548,0.430841,0.464464,0.431799,0.432194,0.386158,0.362027,0.540914,0.445912,0.425551,0.472608,0.479311,0.334737,0.415239,0.438795,0.45041,0.510908,0.398886,0.541974,0.432589,0.414522,0.414423,0.462197,0.380199,0.420405,0.374237,0.457247,0.398025,0.546792,0.424616,0.390553,1.0,0.471815,0.357392,0.520719,0.418575,0.411256,0.461435,0.436171,0.437802,0.528107,0.529097,0.395577,0.376381
Trophy,0.591849,0.63095,0.532193,0.638789,0.721576,0.470477,0.593436,0.51269,0.643788,0.751714,0.629406,0.6588,0.553659,0.607494,0.640344,0.647653,0.602507,0.612083,0.588594,0.67547,0.618647,0.552821,0.626753,0.496767,0.694872,0.656593,0.559586,0.627835,0.762349,0.688033,0.596402,0.597676,0.626674,0.6018,0.485845,0.64789,0.560943,0.644802,0.669556,0.573956,0.626818,0.719379,0.68075,0.73253,0.492147,0.541916,0.500536,0.522628,0.709334,0.648412,0.660611,0.679334,0.69709,0.673629,0.622247,0.679828,0.656571,0.684943,0.758758,0.63274,0.6942,0.581715,0.592616,0.717235,0.717504,0.659274,0.756892,0.691025,0.674368,0.664814,0.648522,0.755694,0.54253,0.615128,0.625227,0.62769,0.574057,0.571907,0.694058,0.626922,0.527788,0.476043,0.357949,0.597245,0.723132,0.62465,0.719682,0.702507,0.585333,0.659782,0.666163,0.453334,0.652171,0.681277,0.679584,0.55712,0.697868,0.669865,0.487245,0.527991,0.511011,0.646449,0.569807,0.692716,0.705701,0.662969,0.690632,0.60394,0.686597,0.531283,0.688419,0.534077,0.641198,0.576654,0.672139,0.60619,0.668415,0.471815,1.0,0.55302,0.634722,0.663964,0.595187,0.725179,0.654061,0.733431,0.673746,0.668296,0.53319,0.484205
Truck,0.558849,0.46406,0.405181,0.559716,0.513497,0.386439,0.468884,0.420944,0.558759,0.508996,0.553483,0.530746,0.49863,0.524049,0.596775,0.489843,0.558983,0.453535,0.482908,0.538841,0.472097,0.786856,0.571804,0.396892,0.586456,0.476523,0.4686,0.45434,0.580273,0.509387,0.523133,0.561054,0.611579,0.539344,0.395083,0.521479,0.444533,0.530193,0.65529,0.451816,0.562217,0.556907,0.522927,0.533756,0.374977,0.457586,0.416346,0.435779,0.534773,0.486031,0.515038,0.558387,0.61428,0.508821,0.502353,0.552058,0.499978,0.574196,0.479677,0.546759,0.506524,0.476178,0.442603,0.502988,0.528898,0.703645,0.516442,0.481095,0.544211,0.499011,0.525926,0.619015,0.472788,0.453538,0.453636,0.463248,0.480365,0.560459,0.457332,0.516812,0.426323,0.377739,0.330516,0.565492,0.529643,0.450541,0.579524,0.614088,0.500099,0.495008,0.608404,0.361518,0.478039,0.534868,0.563998,0.438254,0.518789,0.665117,0.409698,0.410348,0.423592,0.543872,0.447321,0.524572,0.485742,0.641509,0.630551,0.516549,0.63378,0.442187,0.650149,0.456,0.507274,0.550726,0.506934,0.698317,0.536771,0.357392,0.55302,1.0,0.496271,0.479285,0.515773,0.510986,0.656604,0.536825,0.497996,0.436052,0.457619,0.383484
Umbrella,0.574508,0.588925,0.509203,0.616719,0.656355,0.48865,0.524433,0.566683,0.637607,0.589879,0.620685,0.652147,0.498222,0.633828,0.536792,0.636689,0.616138,0.576223,0.597597,0.608158,0.617573,0.499928,0.58396,0.513233,0.628013,0.648267,0.506268,0.670438,0.592485,0.555777,0.502573,0.587891,0.590515,0.604331,0.546989,0.63184,0.552598,0.587419,0.571822,0.635909,0.581148,0.709636,0.634017,0.632437,0.57094,0.584098,0.521701,0.501851,0.601361,0.606067,0.661055,0.628066,0.606826,0.654209,0.616451,0.667448,0.634212,0.596934,0.611216,0.643341,0.624194,0.67891,0.598201,0.658563,0.635303,0.591961,0.622262,0.627252,0.552786,0.662161,0.60681,0.622978,0.569175,0.61587,0.616651,0.666133,0.640633,0.519401,0.690354,0.647954,0.518359,0.492311,0.355365,0.558728,0.699953,0.545801,0.648067,0.621482,0.574849,0.579173,0.594184,0.496991,0.538477,0.647941,0.61315,0.600283,0.614592,0.621241,0.50682,0.534362,0.627101,0.633793,0.590628,0.592547,0.671268,0.637934,0.64751,0.602244,0.629718,0.62151,0.618795,0.517444,0.62533,0.68622,0.673839,0.599933,0.58803,0.520719,0.634722,0.496271,1.0,0.587955,0.589674,0.614501,0.600696,0.626306,0.643112,0.683276,0.549988,0.477173
Vase,0.566385,0.644142,0.596845,0.578846,0.614104,0.534492,0.584917,0.554932,0.580852,0.654431,0.591873,0.574144,0.437544,0.606816,0.561797,0.599706,0.555683,0.556628,0.606452,0.631388,0.59595,0.491063,0.615768,0.55647,0.640337,0.610225,0.506554,0.543025,0.670945,0.678325,0.551733,0.59101,0.585825,0.554101,0.528689,0.554925,0.553445,0.616026,0.547997,0.505399,0.595625,0.656594,0.616187,0.579191,0.481495,0.494058,0.543735,0.57933,0.655948,0.54898,0.640442,0.632474,0.592956,0.630753,0.580362,0.624292,0.646252,0.591541,0.63067,0.615055,0.569502,0.580664,0.512152,0.656998,0.627829,0.525481,0.681399,0.629215,0.611031,0.640282,0.611663,0.604943,0.573455,0.595817,0.562695,0.641023,0.563214,0.546082,0.601374,0.570523,0.517169,0.463095,0.435839,0.571399,0.607676,0.654109,0.647442,0.624457,0.586113,0.618616,0.587912,0.499585,0.632706,0.586303,0.592489,0.588933,0.573712,0.545926,0.528317,0.552465,0.560461,0.635244,0.561979,0.682836,0.648146,0.596385,0.614192,0.607258,0.539286,0.535335,0.607344,0.514397,0.584726,0.53821,0.618621,0.565421,0.660251,0.418575,0.663964,0.479285,0.587955,1.0,0.595005,0.680797,0.560104,0.681917,0.580585,0.603109,0.588168,0.524355
Wallet,0.619914,0.566061,0.496512,0.616377,0.590267,0.452469,0.556609,0.594173,0.644287,0.571554,0.649527,0.64889,0.394151,0.714927,0.546823,0.600116,0.557362,0.508638,0.700792,0.670116,0.582356,0.522757,0.653947,0.525694,0.672216,0.576041,0.498112,0.573606,0.611864,0.592776,0.502169,0.70764,0.586975,0.641964,0.553144,0.631351,0.637518,0.594769,0.561068,0.540412,0.610851,0.683101,0.575494,0.578446,0.444062,0.563735,0.522717,0.493905,0.604579,0.547152,0.645635,0.614418,0.628384,0.626895,0.584926,0.68692,0.628015,0.555392,0.533526,0.593663,0.583031,0.559423,0.528485,0.599332,0.63706,0.536188,0.565687,0.603348,0.613281,0.606808,0.580991,0.585821,0.528845,0.564743,0.53531,0.643216,0.561034,0.655777,0.58039,0.612654,0.609423,0.441995,0.366299,0.620233,0.61055,0.588957,0.641258,0.647096,0.600135,0.563237,0.555367,0.499708,0.571997,0.568576,0.619429,0.581487,0.568194,0.539045,0.520817,0.498014,0.580297,0.630003,0.536889,0.571085,0.602732,0.674043,0.650546,0.701597,0.532065,0.57661,0.671236,0.476258,0.556153,0.603299,0.615425,0.584375,0.665835,0.411256,0.595187,0.515773,0.589674,0.595005,1.0,0.604862,0.572969,0.625393,0.532398,0.586069,0.557863,0.455615
Waterbottle,0.57834,0.637907,0.534543,0.610158,0.663777,0.472598,0.548312,0.533198,0.606992,0.721913,0.600283,0.607638,0.41613,0.659185,0.604422,0.622493,0.560919,0.5768,0.615613,0.652553,0.596076,0.505333,0.677155,0.52658,0.701951,0.63268,0.505402,0.617087,0.7488,0.679035,0.53419,0.623384,0.601138,0.57945,0.499538,0.57983,0.588826,0.611123,0.622943,0.535595,0.623664,0.725979,0.661201,0.675622,0.496896,0.556634,0.504927,0.513308,0.652418,0.549987,0.669286,0.633147,0.638135,0.677968,0.593192,0.638267,0.637786,0.607791,0.690441,0.624423,0.639173,0.562278,0.589148,0.707369,0.671284,0.586495,0.751133,0.791292,0.647412,0.664812,0.610538,0.70681,0.536772,0.621716,0.576121,0.688871,0.521962,0.572987,0.746894,0.63886,0.534895,0.489261,0.347681,0.612567,0.715609,0.626677,0.73893,0.651802,0.653282,0.602552,0.606154,0.460914,0.687811,0.659023,0.646587,0.581508,0.598423,0.596519,0.483613,0.511433,0.540896,0.625475,0.644165,0.668986,0.714595,0.640232,0.625049,0.610356,0.573157,0.543835,0.696492,0.503654,0.584863,0.530505,0.699945,0.573618,0.690602,0.461435,0.725179,0.510986,0.614501,0.680797,0.604862,1.0,0.615669,0.695681,0.636446,0.66433,0.54481,0.465162
Watergun,0.608485,0.553714,0.468973,0.626132,0.614379,0.443885,0.514108,0.478282,0.633223,0.584734,0.638294,0.635073,0.502495,0.584811,0.65838,0.558125,0.580757,0.532312,0.547688,0.598662,0.598628,0.657972,0.600342,0.474748,0.665252,0.585503,0.509338,0.576599,0.637177,0.575502,0.537891,0.577758,0.679843,0.626814,0.463595,0.602606,0.482646,0.604533,0.755197,0.54189,0.658856,0.691622,0.593934,0.644221,0.487011,0.58695,0.464953,0.50393,0.627947,0.607186,0.629445,0.681697,0.654303,0.636573,0.623714,0.634343,0.586318,0.652826,0.570718,0.64429,0.646013,0.56559,0.53616,0.605688,0.593393,0.716093,0.623671,0.587136,0.583285,0.60593,0.609341,0.699166,0.548435,0.555865,0.558939,0.574219,0.552184,0.546969,0.60018,0.655854,0.470905,0.45374,0.33755,0.61307,0.649593,0.511179,0.688621,0.652398,0.566516,0.582652,0.67919,0.417683,0.537515,0.624276,0.630828,0.514469,0.648393,0.692978,0.469734,0.496785,0.50669,0.643204,0.515481,0.570525,0.613203,0.712174,0.745151,0.58593,0.666904,0.504636,0.685042,0.510786,0.587889,0.578771,0.640359,0.685631,0.591992,0.436171,0.654061,0.656604,0.600696,0.560104,0.572969,0.615669,1.0,0.651745,0.607849,0.588379,0.527673,0.429712
Wateringcan,0.59934,0.645369,0.586999,0.629458,0.669898,0.506156,0.616936,0.548548,0.632539,0.69296,0.653528,0.638449,0.518886,0.627958,0.648769,0.63083,0.576186,0.577779,0.609718,0.663398,0.670843,0.557271,0.640218,0.554719,0.697065,0.631173,0.54127,0.592763,0.724316,0.731435,0.580816,0.598672,0.655515,0.615463,0.527363,0.616163,0.548184,0.666604,0.635853,0.548948,0.654937,0.715227,0.654521,0.688782,0.496423,0.562412,0.529969,0.582975,0.730894,0.664924,0.676483,0.724017,0.647335,0.667468,0.637983,0.683447,0.682628,0.692417,0.657854,0.659685,0.662361,0.593864,0.547412,0.676157,0.662992,0.619624,0.696775,0.654345,0.688038,0.658579,0.656641,0.672028,0.569145,0.619588,0.612374,0.629264,0.57469,0.560562,0.630661,0.637752,0.527711,0.462728,0.409116,0.619102,0.660924,0.65079,0.697732,0.677116,0.595714,0.681268,0.639773,0.487157,0.664108,0.636172,0.63806,0.578471,0.704217,0.629281,0.514645,0.557182,0.551077,0.685234,0.553982,0.676717,0.683461,0.666863,0.717117,0.638689,0.624919,0.547603,0.654038,0.537436,0.641788,0.585436,0.667463,0.608879,0.680041,0.437802,0.733431,0.536825,0.626306,0.681917,0.625393,0.695681,0.651745,1.0,0.617068,0.67331,0.597666,0.512973
Windchime,0.558414,0.577518,0.470229,0.576343,0.666307,0.436425,0.510918,0.47489,0.598554,0.604287,0.579233,0.631714,0.520062,0.601289,0.549607,0.627173,0.583152,0.600287,0.55453,0.604852,0.563968,0.469575,0.575535,0.4759,0.617396,0.638445,0.51586,0.665934,0.617347,0.565179,0.512153,0.570618,0.564123,0.545753,0.47559,0.607235,0.560871,0.577074,0.595838,0.595242,0.557574,0.660185,0.63224,0.669084,0.545879,0.561366,0.480166,0.455552,0.586991,0.573793,0.613217,0.591432,0.599091,0.631388,0.601571,0.611969,0.564828,0.587532,0.654811,0.588381,0.664607,0.588492,0.613551,0.642284,0.654385,0.617371,0.641085,0.630033,0.566216,0.65441,0.574426,0.678245,0.523839,0.592642,0.601642,0.620108,0.564241,0.494474,0.700044,0.602768,0.526554,0.494937,0.351088,0.537797,0.738262,0.534626,0.651833,0.614516,0.575333,0.575359,0.601949,0.446982,0.558858,0.694607,0.621982,0.529933,0.608531,0.651378,0.431131,0.502176,0.522107,0.57512,0.609607,0.598495,0.666918,0.580471,0.59745,0.554623,0.638124,0.501777,0.616454,0.514219,0.585399,0.53816,0.655012,0.559755,0.568845,0.528107,0.673746,0.497996,0.643112,0.580585,0.532398,0.636446,0.607849,0.617068,1.0,0.655741,0.518739,0.440822
Wishbone,0.526169,0.633977,0.500708,0.565566,0.708634,0.420006,0.539021,0.514714,0.597236,0.61611,0.593918,0.679727,0.481304,0.632777,0.535057,0.642929,0.53255,0.588262,0.582535,0.644152,0.69313,0.444123,0.62433,0.516777,0.657219,0.664945,0.492737,0.741216,0.597872,0.582429,0.47549,0.575174,0.591789,0.550193,0.497901,0.644894,0.595741,0.5977,0.582355,0.625486,0.574763,0.771033,0.671471,0.702472,0.54047,0.630504,0.510704,0.464621,0.631268,0.650073,0.673461,0.640007,0.575243,0.715774,0.631829,0.657715,0.608801,0.632576,0.637434,0.63128,0.691814,0.601721,0.68264,0.663994,0.667702,0.588616,0.644256,0.667593,0.609806,0.690171,0.59581,0.626784,0.526463,0.660871,0.642717,0.704112,0.532038,0.491266,0.822456,0.664969,0.542482,0.488864,0.366372,0.551092,0.762187,0.557357,0.706334,0.597922,0.633138,0.615785,0.577459,0.475948,0.573133,0.665731,0.607857,0.571662,0.692082,0.59731,0.452583,0.53687,0.51804,0.61173,0.623179,0.561356,0.782797,0.611686,0.625978,0.585544,0.597002,0.535096,0.600545,0.499688,0.667239,0.572376,0.750106,0.529252,0.580286,0.529097,0.668296,0.436052,0.683276,0.603109,0.586069,0.66433,0.588379,0.67331,0.655741,1.0,0.591168,0.497173
Wrap,0.514082,0.635171,0.584732,0.528198,0.517705,0.510928,0.544733,0.528117,0.553847,0.527989,0.566353,0.546403,0.400709,0.54557,0.514313,0.562045,0.514179,0.524301,0.557939,0.569457,0.587693,0.467858,0.545002,0.570684,0.566635,0.559019,0.462442,0.510777,0.523045,0.566183,0.496464,0.527435,0.533535,0.544067,0.51516,0.507577,0.480578,0.572018,0.500918,0.471248,0.554735,0.584341,0.525329,0.505265,0.49038,0.522934,0.573924,0.536933,0.576827,0.502821,0.588575,0.569542,0.515169,0.579354,0.568367,0.573614,0.574992,0.541046,0.511383,0.587728,0.518314,0.545663,0.464008,0.561971,0.52524,0.491385,0.563203,0.505716,0.530968,0.598351,0.549508,0.503035,0.594144,0.619708,0.538695,0.579727,0.534528,0.493237,0.547604,0.54292,0.484912,0.507387,0.64321,0.529736,0.521971,0.559789,0.555759,0.567397,0.527154,0.571702,0.538637,0.501803,0.53581,0.546385,0.525512,0.548169,0.518317,0.501046,0.510339,0.599592,0.525989,0.595641,0.501476,0.604846,0.581011,0.564516,0.567851,0.56442,0.492583,0.495488,0.522046,0.532985,0.53355,0.518167,0.581162,0.54487,0.540171,0.395577,0.53319,0.457619,0.549988,0.588168,0.557863,0.54481,0.527673,0.597666,0.518739,0.591168,1.0,0.536391
Yarn,0.459885,0.621322,0.569519,0.445491,0.450493,0.480914,0.593457,0.612336,0.462683,0.460036,0.512409,0.467386,0.399873,0.436394,0.451785,0.47269,0.437829,0.446294,0.448002,0.483003,0.517917,0.402536,0.449397,0.449521,0.480872,0.514642,0.400274,0.432122,0.446921,0.487142,0.433138,0.426357,0.452896,0.454289,0.485425,0.434217,0.409361,0.517617,0.426997,0.427054,0.489048,0.48592,0.482452,0.440566,0.417784,0.416995,0.591688,0.493522,0.507551,0.464778,0.500536,0.524494,0.430909,0.534926,0.48431,0.492672,0.564236,0.506479,0.435188,0.491059,0.4591,0.485068,0.399555,0.501626,0.484079,0.415462,0.514257,0.441206,0.480496,0.52326,0.510505,0.421499,0.531511,0.551555,0.496336,0.525222,0.491966,0.405131,0.476317,0.458645,0.399893,0.41791,0.427419,0.433227,0.447507,0.514559,0.482384,0.465264,0.443719,0.522196,0.464426,0.441266,0.446539,0.466224,0.44834,0.557709,0.471639,0.418539,0.551291,0.539627,0.459132,0.520554,0.422093,0.526216,0.501956,0.45543,0.457298,0.493236,0.428472,0.455702,0.430726,0.538635,0.516199,0.437831,0.495968,0.456821,0.478384,0.376381,0.484205,0.383484,0.477173,0.524355,0.455615,0.465162,0.429712,0.512973,0.440822,0.497173,0.536391,1.0
